{"key": "daily_snapshot", "value": {"day": 0, "customers": 5809763104633866712798363562813562004769388921271952234000707733812370756065685137652265308347796804464, "mrr": 8.19036537947852e-159, "total_revenue": 7.626819946521412, "conversion_rate": 8.422663687261892e+95, "churn_rate": 0.05, "average_price": 1.4097589233794894e-261, "daily_visitors": 0, "new_customers": 808264053045099142393042510606752796574238942457038984616437619226406495010101906260213188384480296960, "churned_customers": 315492274924277780991328585001466698713214802031218745457117637933165441707312937663022401323008000000}, "generation": 0, "timestamp": "2025-11-15T02:08:35.339835"}