{"key": "daily_snapshot", "value": {"day": 0, "customers": 555795945752945247133057673266179859296071009221417015898081386099897941353219412900290492348318672500598599431, "mrr": 2.7928491706871903e-171, "total_revenue": 7.42566689692798, "conversion_rate": 7.1632709508388684e+103, "churn_rate": 0.05, "average_price": 5.0249541977203074e-282, "daily_visitors": 0, "new_customers": 76220128546650658388165165859740476376259758441957202338608060388721084735650341962127215229617076709084889088, "churned_customers": 29264979706763416007905975578387305587633135322814656500955930558677752425604834260386500011880389251575054336}, "generation": 0, "timestamp": "2025-11-15T14:41:53.884844"}