{"key": "daily_snapshot", "value": {"day": 0, "customers": 116024362373938379328903945847073195033665027, "mrr": 3.9025166481901667e-63, "total_revenue": 11.37579680016544, "conversion_rate": 1.6689563754386487e+37, "churn_rate": 0.05, "average_price": 3.36353207924783e-107, "daily_visitors": 0, "new_customers": 12198931694281002322618077840985110800760832, "churned_customers": 5484224236321794832049969299491534411923456}, "generation": 0, "timestamp": "2025-11-14T05:31:15.068389"}