{"key": "daily_snapshot", "value": {"day": 0, "customers": 467993098362, "mrr": 6.899173313648512e-06, "total_revenue": 4.323964160767327, "conversion_rate": 72972.4281212997, "churn_rate": 0.05, "average_price": 1.474204072195931e-17, "daily_visitors": 0, "new_customers": 62777904562, "churned_customers": 27760283751}, "generation": 0, "timestamp": "2025-11-14T13:55:48.723374"}