{"key": "daily_snapshot", "value": {"day": 0, "customers": 2759089589293124797681690461659645669814640364524, "mrr": 9.678989901615575e-69, "total_revenue": 3.8452002827692775, "conversion_rate": 4.297760361623246e+41, "churn_rate": 0.05, "average_price": 3.508037556727297e-117, "daily_visitors": 0, "new_customers": 363740407963552991303044055495126745242920812544, "churned_customers": 141985323318671820035716356599091297521644863488}, "generation": 0, "timestamp": "2025-11-13T14:01:00.482241"}