{"key": "daily_snapshot", "value": {"day": 0, "customers": 19909997301618751057260032480659533240483819851678264143842418114455483694261088585049239394392147445550320530, "mrr": 5.50013234394562e-174, "total_revenue": 5.414632391501176, "conversion_rate": 2.7241099056148805e+102, "churn_rate": 0.05, "average_price": 2.7624977847176508e-283, "daily_visitors": 0, "new_customers": 2850126283376299050717444654644807626601432118294441338506455827884974633036945585429409363787061268586692608, "churned_customers": 619558483627176788378470482119688131384897800039035416855995710166771158636807003406768636189666668296798208}, "generation": 0, "timestamp": "2025-11-13T22:51:45.750147"}