{"key": "daily_snapshot", "value": {"day": 0, "customers": 20641249107661022688488175820577719258997563382967657646554065465901723695314294285146404800544468846764656995265075082445202013, "mrr": 2.0396264142693194e-196, "total_revenue": 7.058512489256422, "conversion_rate": 3.0405200848246965e+120, "churn_rate": 0.05, "average_price": 1e-323, "daily_visitors": 0, "new_customers": 2453958636615541002961195011525222063718542582413096725615062192668474281699520202096824983976839705336417482075733850811531264, "churned_customers": 1306447184225770432565680891335075103119302386842418083595775028124360366492128988957165883601135157653104678199493880182734848}, "generation": 0, "timestamp": "2025-11-15T11:46:46.417369"}