{"key": "daily_snapshot", "value": {"day": 0, "customers": 1980142152724105693339, "mrr": 1.5945584757546909e-22, "total_revenue": 13.18914372001125, "conversion_rate": 299802523395817.1, "churn_rate": 0.05, "average_price": 8.052747493714213e-44, "daily_visitors": 0, "new_customers": 256073774454083649536, "churned_customers": 89605514786439659520}, "generation": 0, "timestamp": "2025-11-13T17:55:13.492469"}