{"key": "daily_snapshot", "value": {"day": 0, "customers": 8833540074535266756911361851938358520730369443685266829145752515395, "mrr": 1.8059345490953435e-102, "total_revenue": 3.6902796439842023, "conversion_rate": 1.3869729800338786e+60, "churn_rate": 0.05, "average_price": 2.044406357878389e-169, "daily_visitors": 0, "new_customers": 1184581075629793010222160385061642722467847878286427672957880893440, "churned_customers": 464019778195470074403698716113577144846825840876025820433652645888}, "generation": 0, "timestamp": "2025-11-14T01:31:56.771242"}