{"key": "daily_snapshot", "value": {"day": 0, "customers": 2334474977709934733234190654883265456403453418, "mrr": 1.6308135191754346e-65, "total_revenue": 5.620306961549841, "conversion_rate": 3.206098051012462e+38, "churn_rate": 0.05, "average_price": 6.985782819463863e-111, "daily_visitors": 0, "new_customers": 339406577740123410267161256867733478712541184, "churned_customers": 74146261654397836187269432630978177151270912}, "generation": 0, "timestamp": "2025-11-15T03:02:22.325482"}