{"key": "daily_snapshot", "value": {"day": 0, "customers": 61841284496182093990846334313420448245702514590033033341318165158869575428666063445382127449312878958619188155638727, "mrr": 4.871443640333248e-188, "total_revenue": 4.928703564447977, "conversion_rate": 9.051346345149941e+108, "churn_rate": 0.05, "average_price": 7.877332561929558e-304, "daily_visitors": 0, "new_customers": 8640270046623311066998321400385348787431974803958913312446533539209933442274673631543426338726776564596587462918144, "churned_customers": 4103836068875847289763828319818879466866058191085924689340012299775660535070940243732230336601843300285659540881408}, "generation": 0, "timestamp": "2025-11-15T06:53:12.065042"}