{"key": "daily_snapshot", "value": {"day": 0, "customers": 871009962196344294529692815253303852841925607183340190819393738995830879563495, "mrr": 2.5498623825035175e-118, "total_revenue": 3.180859164035811, "conversion_rate": 1.130412663019446e+71, "churn_rate": 0.05, "average_price": 2.9274778626799725e-196, "daily_visitors": 0, "new_customers": 110809558067125070951066640244400649224503150121930875201433686574959442264064, "churned_customers": 28230856091234839562399427314016799611246377202893836518685776660933659066368}, "generation": 0, "timestamp": "2025-11-14T09:17:27.091067"}