{"key": "daily_snapshot", "value": {"day": 0, "customers": 4959555312886201950591167094569718317938205271424133193732236515372844812767443993054795163938005, "mrr": 3.5336220884554903e-146, "total_revenue": 5.438023679800494, "conversion_rate": 6.027411155255613e+89, "churn_rate": 0.05, "average_price": 7.124876859976196e-243, "daily_visitors": 0, "new_customers": 598616904531691560841886189164472067020787749695085454361635018637950796600063167556076896780288, "churned_customers": 270170278769342360204907233751645314953284398921945552300763059803049939312617396797045651537920}, "generation": 0, "timestamp": "2025-11-14T20:12:40.557668"}