{"key": "daily_snapshot", "value": {"day": 0, "customers": 296983508049771616239921581958031631391061640439985442645780962133, "mrr": 5.317533312060017e-99, "total_revenue": 7.593310615949716, "conversion_rate": 3.5007823982478897e+58, "churn_rate": 0.05, "average_price": 1.7905146810942946e-164, "daily_visitors": 0, "new_customers": 29299635793538644679775166114242296694896853680353562524441903104, "churned_customers": 8539346447402520001157838568201098627074814819247290276921737216}, "generation": 0, "timestamp": "2025-11-14T18:57:59.627806"}