{"key": "daily_snapshot", "value": {"day": 0, "customers": 272445243443636228751486263384083255415652272627495341841252397313393183810, "mrr": 3.162820468924333e-109, "total_revenue": 7.574353924996814, "conversion_rate": 4.3247211503871715e+67, "churn_rate": 0.05, "average_price": 1.1609013352360695e-183, "daily_visitors": 0, "new_customers": 42445627433264175300017983604721655175000932235600297438319455359679332352, "churned_customers": 16249100528524590340052096386758045145634017440579111938862275419824979968}, "generation": 0, "timestamp": "2025-11-14T10:54:13.108589"}