{"key": "daily_snapshot", "value": {"day": 0, "customers": 47172270043918302851989985811022121725902633493564619087752787943141502096396362227963915658245800897749, "mrr": 3.404878265880618e-158, "total_revenue": 5.438023679800494, "conversion_rate": 6.227636717298217e+96, "churn_rate": 0.05, "average_price": 7.217965687702988e-262, "daily_visitors": 0, "new_customers": 5337834542968710567960510518854637124979929230721969901680264451293030433652504434510208494338425487360, "churned_customers": 2892070756931004229791100948510043359081526703693139326504667179223008312395296141993166041846374203392}, "generation": 0, "timestamp": "2025-11-14T20:15:57.478893"}