{"key": "daily_snapshot", "value": {"day": 0, "customers": 27212871870600756416236797912778125768308976088217138494943042883709480280212770930895983969008481973501857845716142, "mrr": 4.31037253029669e-179, "total_revenue": 14.069439877331755, "conversion_rate": 3.381765511742025e+108, "churn_rate": 0.05, "average_price": 1.583946211481403e-294, "daily_visitors": 0, "new_customers": 3702618822859929596218431036994103473714764012688810535731455704585743224045067942439107465603428607902707204751360, "churned_customers": 1403813674988297143304535962037157118843888613339476153282221684643008426986916500651630955544298673135942572703744}, "generation": 0, "timestamp": "2025-11-15T13:42:42.113312"}