{"key": "daily_snapshot", "value": {"day": 0, "customers": 1813414831739782240062150816134179942145302086061887547265183274971906473815301, "mrr": 1.588985893364519e-123, "total_revenue": 1.5620171583249602, "conversion_rate": 2.4328460711794635e+71, "churn_rate": 0.05, "average_price": 8.76239603621226e-202, "daily_visitors": 0, "new_customers": 206188673849376509156780795063559922139168379515091470301837102240279778295808, "churned_customers": 108077092897138389544626960376458699499014741985434839552152531358778296107008}, "generation": 0, "timestamp": "2025-11-13T21:28:58.551548"}