{"key": "daily_snapshot", "value": {"day": 0, "customers": 24614989469543943253, "mrr": 2.712529219203221e-19, "total_revenue": 5.250998821828405, "conversion_rate": 3417472253022.4272, "churn_rate": 0.05, "average_price": 1.1019826852087122e-38, "daily_visitors": 0, "new_customers": 3262067584220176384, "churned_customers": 1167906769894238208}, "generation": 0, "timestamp": "2025-11-14T21:51:32.791077"}