{"key": "daily_snapshot", "value": {"day": 0, "customers": 31850439311506682007343072553740264391, "mrr": 9.848581442408785e-50, "total_revenue": 4.928703564447977, "conversion_rate": 3.9664038165240684e+30, "churn_rate": 0.05, "average_price": 3.0921336268196354e-87, "daily_visitors": 0, "new_customers": 3670138833333039110526583319973330944, "churned_customers": 918981879060012345136551954254659584}, "generation": 0, "timestamp": "2025-11-15T06:15:44.615883"}