{"key": "daily_snapshot", "value": {"day": 0, "customers": 42779247052617873288761879893942368740731160040331753667879627636088600773353319153934984668435739936, "mrr": 7.089221320938533e-157, "total_revenue": 2.640852054669741, "conversion_rate": 5.427522507316841e+93, "churn_rate": 0.05, "average_price": 1.6571636504538963e-257, "daily_visitors": 0, "new_customers": 4182985734854955735770626114813577036995013719907485510169230093910239427315044071078787844243718144, "churned_customers": 2859456576448268198687190062974392845155215323594235752444528379401735086656939682196654604869959680}, "generation": 0, "timestamp": "2025-11-14T02:53:51.019812"}