{"key": "daily_snapshot", "value": {"day": 0, "customers": 125510054736672512818936783720390128034137028395930082401416852231909636097786818742668638707952243175374988604635497227425258, "mrr": 1.2402041250608862e-198, "total_revenue": 5.620306961549841, "conversion_rate": 1.6847354595237364e+118, "churn_rate": 0.05, "average_price": 1e-323, "daily_visitors": 0, "new_customers": 16511665883910468736626660210370336261148332115477733769478736217197265197419675135429372744388457499764074620887383928733696, "churned_customers": 6917073576053336113824022261064883067376945098874642484401778432916970329578981326016823247040988664227120498652970842324992}, "generation": 0, "timestamp": "2025-11-15T03:39:24.068382"}