{"key": "daily_snapshot", "value": {"day": 0, "customers": 1599041239151643651179628721097810621981937499542670402, "mrr": 1.7682033966965489e-75, "total_revenue": 7.574353924996814, "conversion_rate": 2.265405435214962e+47, "churn_rate": 0.05, "average_price": 1.1057897403788364e-129, "daily_visitors": 0, "new_customers": 177919230326616320593128338645022227290628713732898816, "churned_customers": 61358244025244045134835787353999566365718050861219840}, "generation": 0, "timestamp": "2025-11-14T10:44:53.746787"}