{"key": "daily_snapshot", "value": {"day": 0, "customers": 489207343870420759338798333910935105533507367043300746616700285129627123074411128092393555403953945754681, "mrr": 2.580340932368554e-162, "total_revenue": 8.82569014329087, "conversion_rate": 6.696754985848045e+97, "churn_rate": 0.05, "average_price": 5.274534335388114e-267, "daily_visitors": 0, "new_customers": 55461215129764812359080241247096984386041912176130431035733866544939580881586220730874239644374732374016, "churned_customers": 32305561553551910782948944710938794253982106270769850501682136240715581896702031780468926340345970556928}, "generation": 0, "timestamp": "2025-11-13T12:20:29.393408"}