{"key": "daily_snapshot", "value": {"day": 0, "customers": 16521145155194247042608261053523225399549348035051534457467944165189744312946240, "mrr": 3.095378349309033e-117, "total_revenue": 4.61627280770732, "conversion_rate": 2.301342142118422e+72, "churn_rate": 0.05, "average_price": 1.8735858321151825e-196, "daily_visitors": 0, "new_customers": 2030458702082745519668912096146625135265288453832075216306813941511907732094976, "churned_customers": 599963793973169420878044769810999939944420964127479127830859692847007969312768}, "generation": 0, "timestamp": "2025-11-15T17:31:07.352421"}