{"key": "daily_snapshot", "value": {"day": 0, "customers": 1104731814633142653044444804986968251171044175726685237145878607170707741036140665423405699093, "mrr": 2.8236108067196945e-145, "total_revenue": 6.513341788556554, "conversion_rate": 1.677750602598871e+86, "churn_rate": 0.05, "average_price": 2.5559242246113405e-238, "daily_visitors": 0, "new_customers": 143460334620841121649337004581254188298508860083908038108303635912893296221902480893081026560, "churned_customers": 55451993815740468108214927179068659916071348927099281309552186852696135703984896313420414976}, "generation": 0, "timestamp": "2025-11-15T01:03:24.895035"}