{"key": "daily_snapshot", "value": {"day": 0, "customers": 12672947528544535237809146648402472858280903, "mrr": 9.786418780073132e-60, "total_revenue": 4.928703564447977, "conversion_rate": 1.6310084356024775e+36, "churn_rate": 0.05, "average_price": 7.722290933526088e-103, "daily_visitors": 0, "new_customers": 1504085109092380803178123274992876318097408, "churned_customers": 534262435898178686161100702717880228118528}, "generation": 0, "timestamp": "2025-11-15T06:18:26.353095"}