{"key": "daily_snapshot", "value": {"day": 0, "customers": 10354950614726244849387748520641472337696318565270609427833111176061225289932106541091820, "mrr": 2.2224807569812996e-135, "total_revenue": 3.8452002827692775, "conversion_rate": 1.375070412074797e+81, "churn_rate": 0.05, "average_price": 2.1462977851585395e-223, "daily_visitors": 0, "new_customers": 1521746965898136807081816984762504924726626783305728994482098023442458781421167416705024, "churned_customers": 341654319546740583889074621186759492833144241475492814056119213123302399273000784363520}, "generation": 0, "timestamp": "2025-11-13T14:19:23.007983"}