{"key": "daily_snapshot", "value": {"day": 0, "customers": 61179152928525285916798911654185290129810581181405116327983267027663254357540745904358354824591559833742137363949955476003156964671307, "mrr": 6.045303540730447e-190, "total_revenue": 5.241512577835226, "conversion_rate": 8.081885185493037e+126, "churn_rate": 0.05, "average_price": 1e-323, "daily_visitors": 0, "new_customers": 6030924226234364823375038281171453254639262375648027058789432026259479623255309266460734625126359443726330667451909701606935510384640, "churned_customers": 1947663717487065902517847358465208694037280030392916147359851258377211903046682399630824372541392105167355396800272958926773662253056}, "generation": 0, "timestamp": "2025-11-13T20:53:51.341054"}