{"key": "daily_snapshot", "value": {"day": 0, "customers": 611925128943046910918304198269352723609270030792096383858784158446959804379332723310451471742059386218229271830202425949, "mrr": 8.516799593671865e-192, "total_revenue": 7.058512489256422, "conversion_rate": 9.045008841522134e+112, "churn_rate": 0.05, "average_price": 1.391804191533e-311, "daily_visitors": 0, "new_customers": 87953537494371495028995498982573533301095789480254388510335411568631501554695726050466203524935820278398016012934971392, "churned_customers": 24350719978242694849815730083536685651921457511635977218333179149808494626990602834267511615934866924889335333975490560}, "generation": 0, "timestamp": "2025-11-15T11:43:17.167661"}