{"key": "daily_snapshot", "value": {"day": 0, "customers": 948318503784165624819396377822981492276965860368825974396783362920878232622455092025296440223650814745295090242833544288318025840338, "mrr": 9.370631880706568e-192, "total_revenue": 7.180499208388138, "conversion_rate": 1.4577439247084534e+125, "churn_rate": 0.05, "average_price": 1e-323, "daily_visitors": 0, "new_customers": 141332556284092962996296474232520954218122344289793405530254312823907342570726230852735394249055069918601031599564233830735521251328, "churned_customers": 50480757836991464118596156957186378204419903747445288108798733771315226069249349071302420006852238701162209985066894946187006181376}, "generation": 0, "timestamp": "2025-11-15T19:59:29.781540"}