{"key": "daily_snapshot", "value": {"day": 0, "customers": 1738917287972237358573731831835254726511923391441700197160751082039550683472703521468193393695982442090546770848766743408, "mrr": 5.966333432327853e-188, "total_revenue": 7.626819946521412, "conversion_rate": 2.5145059088627933e+113, "churn_rate": 0.05, "average_price": 3.431062232571874e-308, "daily_visitors": 0, "new_customers": 184913531814986666581229952812167930402361110641256449283326730602504728961904326208325080296076987205505399743519391744, "churned_customers": 109444840230416261092726243450670794355714076742304799509606709408056160101852719579608433585623772388695817016127258624}, "generation": 0, "timestamp": "2025-11-15T02:16:39.094749"}