{"key": "daily_snapshot", "value": {"day": 0, "customers": 474451105747725150691168059814758346983565229038, "mrr": 9.920551167689646e-69, "total_revenue": 4.058738603221899, "conversion_rate": 6.561630042249146e+40, "churn_rate": 0.05, "average_price": 2.0909533242745975e-116, "daily_visitors": 0, "new_customers": 58988679523352600975567394379708869720823300096, "churned_customers": 10321953883710124203435613391906466891124703232}, "generation": 0, "timestamp": "2025-11-14T15:14:02.075110"}