{"key": "daily_snapshot", "value": {"day": 0, "customers": 298653348, "mrr": 1.4852724959197912, "total_revenue": 3.329825794365553, "conversion_rate": 50.05702173528997, "churn_rate": 0.05, "average_price": 4.9732323640978945e-09, "daily_visitors": 0, "new_customers": 40152787, "churned_customers": 20710228}, "generation": 0, "timestamp": "2025-11-15T03:45:55.176454"}