{"key": "daily_snapshot", "value": {"day": 0, "customers": 874805012489072744623654494365476514392758937850937835644594521804763264956777859476741, "mrr": 2.905432986809842e-139, "total_revenue": 1.5620171583249602, "conversion_rate": 1.2989827935847723e+80, "churn_rate": 0.05, "average_price": 3.3212349555966153e-226, "daily_visitors": 0, "new_customers": 119353455291860818458795644217083177616033267669214862770582790702121538631602184126464, "churned_customers": 57905768142529157140969918050626890609165581940003499830946903635472287525067120705536}, "generation": 0, "timestamp": "2025-11-13T21:33:11.600057"}