{"key": "daily_snapshot", "value": {"day": 0, "customers": 88556966989797027843494106675412487501257551061, "mrr": 1.2973815649610553e-64, "total_revenue": 5.438023679800494, "conversion_rate": 1.2936609766211325e+40, "churn_rate": 0.05, "average_price": 1.465024841140428e-111, "daily_visitors": 0, "new_customers": 9750106182579641755262312802163479421921525760, "churned_customers": 3812668288327905282821189848826680740960796672}, "generation": 0, "timestamp": "2025-11-14T19:49:58.589492"}