{"key": "daily_snapshot", "value": {"day": 0, "customers": 4016801463379758444271060876475988683982421965821300154956358117089598779195595111491321666221895456122813861534476823443594114119, "mrr": 3.969127218441569e-194, "total_revenue": 8.531929138055917, "conversion_rate": 5.299401528611713e+122, "churn_rate": 0.05, "average_price": 1e-323, "daily_visitors": 0, "new_customers": 411626425559842704269771869465768821973815679619078441153261393850393515237941530669144769188252100589748939831377778996223672320, "churned_customers": 265168304616872788330489295125899589813222845025210367745220011654542794961841332173657187428314398160290949483224584681808723968}, "generation": 0, "timestamp": "2025-11-13T12:03:01.036985"}