{"key": "daily_snapshot", "value": {"day": 0, "customers": 166157279213339331628416603440574963187795229116763893525244243277429581122241958178019344847552849906997334697376509148453864949479550165, "mrr": 1.6418520693152565e-186, "total_revenue": 5.438023679800494, "conversion_rate": 2.234529830938102e+130, "churn_rate": 0.05, "average_price": 1e-323, "daily_visitors": 0, "new_customers": 24786659216385302147643361153269451691468612417025021837209279677606135229319275746182678678526605374135223679439496768553768396999622656, "churned_customers": 7273221275138811403502752428901956890943192715510399350438549130964776252603240223423273916082334849656267032031950135896953644317147136}, "generation": 0, "timestamp": "2025-11-14T20:43:33.824813"}