{"key": "daily_snapshot", "value": {"day": 0, "customers": 426689005045139719150931478552922647397086930, "mrr": 2.407836103612215e-63, "total_revenue": 7.180499208388138, "conversion_rate": 5.306588948390638e+37, "churn_rate": 0.05, "average_price": 5.643070421646998e-108, "daily_visitors": 0, "new_customers": 40975095102715656275210564891524569698926592, "churned_customers": 19540900231024731537520876721350777440829440}, "generation": 0, "timestamp": "2025-11-15T19:18:12.529383"}