{"key": "daily_snapshot", "value": {"day": 0, "customers": 512062808141291905266674828707057416608714902855034698947077294, "mrr": 1.0233933786667226e-90, "total_revenue": 14.069439877331755, "conversion_rate": 7.02580796784933e+55, "churn_rate": 0.05, "average_price": 1.9985700238247743e-153, "daily_visitors": 0, "new_customers": 54750853455318803625027728028369701752847804161642005767651328, "churned_customers": 13810048004871388096905514129484330789835642069039030059663360}, "generation": 0, "timestamp": "2025-11-15T13:18:17.015336"}