{"key": "daily_snapshot", "value": {"day": 0, "customers": 93328673073078282412495952473176025841965981356368370669327008780566, "mrr": 2.7497427579274037e-103, "total_revenue": 6.2331957973706755, "conversion_rate": 1.2232175378509724e+61, "churn_rate": 0.05, "average_price": 2.9463000676911994e-171, "daily_visitors": 0, "new_customers": 12280341705267233179555229160335258309721728377403166234871548870656, "churned_customers": 2039647860125300684487331979908683628126829059373068215433323085824}, "generation": 0, "timestamp": "2025-11-14T08:02:44.797036"}