{"key": "daily_snapshot", "value": {"day": 0, "customers": 134739323523975834253611411918853028095924585182081753309885537623415928454921016, "mrr": 1.280051709560022e-119, "total_revenue": 8.385937104373125, "conversion_rate": 1.864603801757815e+73, "churn_rate": 0.05, "average_price": 9.500208818639692e-200, "daily_visitors": 0, "new_customers": 16987011186241016484620964631760161658018813828300813824318106526773667860316160, "churned_customers": 5108566217566812829526984408064271163571942926626009435209060067474901664006144}, "generation": 0, "timestamp": "2025-11-13T13:10:56.224183"}