{"key": "daily_snapshot", "value": {"day": 0, "customers": 1298898769353413861955903055692498582144573299157, "mrr": 3.13126182620707e-70, "total_revenue": 5.250998821828405, "conversion_rate": 1.6136416949081306e+41, "churn_rate": 0.05, "average_price": 2.4107050526853597e-118, "daily_visitors": 0, "new_customers": 140935627281388729192639874119104408352918077440, "churned_customers": 48045286748525169255515653007722128181609627648}, "generation": 0, "timestamp": "2025-11-14T22:05:18.532145"}