{"key": "daily_snapshot", "value": {"day": 0, "customers": 2746033550165063035295649940432448996348050484512178029043808102039352863542985855334498197662152575980, "mrr": 6.49487186079667e-160, "total_revenue": 3.8452002827692775, "conversion_rate": 3.884770142593249e+95, "churn_rate": 0.05, "average_price": 2.3651829965465156e-262, "daily_visitors": 0, "new_customers": 352709596950355530820288455852822794213419836009762455126841499890898949027679652834248114144349782016, "churned_customers": 129269745002022119406852034270613046080931655381205636421598025909474449153719765186409817335582949376}, "generation": 0, "timestamp": "2025-11-13T14:26:06.755763"}