{"key": "daily_snapshot", "value": {"day": 0, "customers": 1194732047936152989912921146700041549384549823703532085080044082604036043841944964176424679, "mrr": 6.592947332051901e-140, "total_revenue": 3.180859164035811, "conversion_rate": 1.6238299292070274e+83, "churn_rate": 0.05, "average_price": 5.518348104448129e-230, "daily_visitors": 0, "new_customers": 127156236557621734950786526825725919174529114895353470831502423951064115824044108645662720, "churned_customers": 80653624976478244710551240521310847858867773985472196273858473335527908773779049547825152}, "generation": 0, "timestamp": "2025-11-14T09:23:17.084915"}