{"key": "daily_snapshot", "value": {"day": 0, "customers": 1005494541333002598917808982671090372886, "mrr": 1.8175956243334797e-53, "total_revenue": 6.2331957973706755, "conversion_rate": 1.4047144209124602e+32, "churn_rate": 0.05, "average_price": 1.80766334337714e-92, "daily_visitors": 0, "new_customers": 134831145674332304264012188873025126400, "churned_customers": 54180994404511911803914442860155371520}, "generation": 0, "timestamp": "2025-11-14T07:49:07.814023"}