{"key": "daily_snapshot", "value": {"day": 0, "customers": 365272928287616487847834581056422727763079301820605782952039479555591182659546232105285472933119382693463970069669128745100116, "mrr": 3.609376104454892e-198, "total_revenue": 7.997332640408474, "conversion_rate": 4.901515381146907e+118, "churn_rate": 0.05, "average_price": 1e-323, "daily_visitors": 0, "new_customers": 51511310912268300241308618708730033879238036692628661673723845255104151012759385687002331487729967578597486941339337940271104, "churned_customers": 16518334646327388489628697212726714235704411132148402318158052161125469962287072410605826812824498449016434528653950714904576}, "generation": 0, "timestamp": "2025-11-15T16:52:06.666996"}