{"key": "daily_snapshot", "value": {"day": 0, "customers": 1185187621239508726033884926809, "mrr": 2.4859234666650652e-39, "total_revenue": 4.2636659399133805, "conversion_rate": 1.5966591751325844e+23, "churn_rate": 0.05, "average_price": 2.0974936137665727e-69, "daily_visitors": 0, "new_customers": 156190753451130341611957911552, "churned_customers": 74263614606060112956432056320}, "generation": 0, "timestamp": "2025-11-15T15:06:26.225285"}