{"key": "daily_snapshot", "value": {"day": 0, "customers": 211871356333, "mrr": 7.1018261289233e-05, "total_revenue": 3.6905066666234236, "conversion_rate": 27999.822718720352, "churn_rate": 0.05, "average_price": 3.3519519824856834e-16, "daily_visitors": 0, "new_customers": 26422812206, "churned_customers": 14337121761}, "generation": 0, "timestamp": "2025-11-15T03:47:09.477182"}