{"key": "daily_snapshot", "value": {"day": 0, "customers": 2852424809397262604618645811231863601124007991626834961736682165397031876495895576846279195328536225152004, "mrr": 1.8625071072494258e-164, "total_revenue": 4.445436838349596, "conversion_rate": 3.833430104326824e+98, "churn_rate": 0.05, "average_price": 6.529557242362461e-270, "daily_visitors": 0, "new_customers": 333164025764164707748892754185754295831865127777000652328839380825173961043236848729448646718059987337216, "churned_customers": 193730296393995048762917288438105993397112787571489052637637828809459935929035551532779440318730765074432}, "generation": 0, "timestamp": "2025-11-15T18:45:02.478494"}