{"key": "daily_snapshot", "value": {"day": 0, "customers": 5795475607943900660297204604124972730466614118878671403792728205537133214932488868980564575940067069053932, "mrr": 6.348815578280088e-165, "total_revenue": 3.8452002827692775, "conversion_rate": 8.971320816607171e+98, "churn_rate": 0.05, "average_price": 1.0954779223947937e-270, "daily_visitors": 0, "new_customers": 893144169103340323163978549680936446034683159941006421231599186727592915508547476853840564478428678455296, "churned_customers": 294150350707380464896481482733327553521657409057470304879730800683053014358588794230060928800640812974080}, "generation": 0, "timestamp": "2025-11-13T14:27:33.103982"}