{"key": "daily_snapshot", "value": {"day": 0, "customers": 45156559603274831819722071327455805735424404693, "mrr": 3.154539182626532e-64, "total_revenue": 5.438023679800494, "conversion_rate": 6.97424493772898e+39, "churn_rate": 0.05, "average_price": 6.985782819463863e-111, "daily_visitors": 0, "new_customers": 5110865575214847758243405259782813211680571392, "churned_customers": 2422840712171875027800820855154515831496376320}, "generation": 0, "timestamp": "2025-11-14T19:49:51.561402"}