{"key": "daily_snapshot", "value": {"day": 0, "customers": 6988646383352928571244408741764853821174644018034847291620869287, "mrr": 4.4889168820042536e-96, "total_revenue": 7.010218214998832, "conversion_rate": 1.0332013094685239e+57, "churn_rate": 0.05, "average_price": 6.423156410799276e-160, "daily_visitors": 0, "new_customers": 989801606371127963659088016281659837825044771972875382377414656, "churned_customers": 400797807778013576731426166484102838510091268975840977722802176}, "generation": 0, "timestamp": "2025-11-14T23:48:44.050307"}