{"key": "daily_snapshot", "value": {"day": 0, "customers": 351581668255019587242699083899665241350055640655979436899659485529762657663547650883, "mrr": 1.3160661194510272e-128, "total_revenue": 3.6902796439842023, "conversion_rate": 5.313476129447867e+76, "churn_rate": 0.05, "average_price": 3.743272867390854e-212, "daily_visitors": 0, "new_customers": 51845640526695859960490284192289239479831742769848048956832122207252023002678689792, "churned_customers": 16872363431369526751549925097928296718862093970628781166348563645243204688255385600}, "generation": 0, "timestamp": "2025-11-14T01:39:20.085901"}