{"key": "daily_snapshot", "value": {"day": 0, "customers": 1757265208798453483152696559089949560403640794326229917593991619374185306282890494901434531529790485698979058521, "mrr": 1.0082280013589285e-175, "total_revenue": 4.2636659399133805, "conversion_rate": 2.1005230547169437e+104, "churn_rate": 0.05, "average_price": 5.737483427719563e-287, "daily_visitors": 0, "new_customers": 172131517802829742302618798316896805662506201825563608699053278222066903856729477577979166521413684760770772992, "churned_customers": 42796280236134565679933524405122763931888537592229600376542913862800224687693595887927752133667102796466356224}, "generation": 0, "timestamp": "2025-11-15T15:44:06.602928"}