{"key": "daily_snapshot", "value": {"day": 0, "customers": 30709313395231692862752566530835105357522690691053106543014493241, "mrr": 8.158098702396152e-93, "total_revenue": 8.82569014329087, "conversion_rate": 4.2655403041045906e+57, "churn_rate": 0.05, "average_price": 2.6565552272044215e-157, "daily_visitors": 0, "new_customers": 4641672825307082495094693195214986973295616869430448289428275200, "churned_customers": 1790124444673931789375061688128412731288708538182990036270579712}, "generation": 0, "timestamp": "2025-11-13T12:01:33.822310"}