{"key": "daily_snapshot", "value": {"day": 0, "customers": 59067782119052346187, "mrr": 1.8321677183637653e-20, "total_revenue": 5.241512577835226, "conversion_rate": 7638609249563.205, "churn_rate": 0.05, "average_price": 3.1018055065466874e-40, "daily_visitors": 0, "new_customers": 6656250662324315136, "churned_customers": 3331465019983182848}, "generation": 0, "timestamp": "2025-11-13T18:55:45.780017"}