{"key": "daily_snapshot", "value": {"day": 0, "customers": 395347069693140033645028991883733, "mrr": 1.0166427733381034e-42, "total_revenue": 5.250998821828405, "conversion_rate": 5.602602923696025e+25, "churn_rate": 0.05, "average_price": 2.57151968807357e-75, "daily_visitors": 0, "new_customers": 48147062125689972368958898044928, "churned_customers": 9632595444727387455508031995904}, "generation": 0, "timestamp": "2025-11-14T21:57:52.428872"}