{"key": "daily_snapshot", "value": {"day": 0, "customers": 191283840925861817431633620303010030927153055686, "mrr": 4.3364355407735914e-67, "total_revenue": 3.6346456800791516, "conversion_rate": 2.8935724579167626e+40, "churn_rate": 0.05, "average_price": 2.2670161367443034e-114, "daily_visitors": 0, "new_customers": 28865129761211038285679692770771737989934481408, "churned_customers": 9908401043053172215108522778246022880315834368}, "generation": 0, "timestamp": "2025-11-13T15:01:39.461955"}