{"key": "daily_snapshot", "value": {"day": 0, "customers": 106607410478080, "mrr": 1.0592635746595189e-10, "total_revenue": 1.5620171583024651, "conversion_rate": 13472081.728628978, "churn_rate": 0.05, "average_price": 9.936115790724684e-25, "daily_visitors": 0, "new_customers": 15762747704618, "churned_customers": 6982024877395}, "generation": 0, "timestamp": "2025-11-13T20:58:24.326390"}