{"key": "daily_snapshot", "value": {"day": 0, "customers": 5369288843960287278687501730, "mrr": 3.2635360660311183e-34, "total_revenue": 8.401501509864964, "conversion_rate": 7.262548623165767e+20, "churn_rate": 0.05, "average_price": 6.078153291570724e-62, "daily_visitors": 0, "new_customers": 563064924258945567249399808, "churned_customers": 205322371920430013442162688}, "generation": 0, "timestamp": "2025-11-14T13:02:20.106862"}