{"key": "daily_snapshot", "value": {"day": 0, "customers": 1014850356246659979736422627870606990631344842856776958279649591738183694208701160914134798, "mrr": 6.519604404098659e-139, "total_revenue": 5.934471667464104, "conversion_rate": 1.4872551782704563e+83, "churn_rate": 0.05, "average_price": 6.424202705323843e-229, "daily_visitors": 0, "new_customers": 114655517625256170277906232650447063133423243070249200352786920356257902521489627262484480, "churned_customers": 48073599714082426162329291550163835283154894398075928668612877928624715070786856789475328}, "generation": 0, "timestamp": "2025-11-14T18:08:01.934006"}