{"key": "daily_snapshot", "value": {"day": 0, "customers": 66735772263911371889182644897326301186769649550503, "mrr": 1.019699812265369e-71, "total_revenue": 7.010218214998832, "conversion_rate": 1.0771613355538869e+43, "churn_rate": 0.05, "average_price": 1.5279658535049142e-121, "daily_visitors": 0, "new_customers": 8416946544282698750540909356044571390406362660864, "churned_customers": 3103559106522216854776842619835025131397386862592}, "generation": 0, "timestamp": "2025-11-14T23:42:06.184518"}