{"key": "daily_snapshot", "value": {"day": 0, "customers": 448402251216090951482017857764523861866897838341409072440317524429550403, "mrr": 1.7223580263197795e-109, "total_revenue": 3.6902796439842023, "conversion_rate": 6.81004155565283e+64, "churn_rate": 0.05, "average_price": 3.841100310376793e-181, "daily_visitors": 0, "new_customers": 63590605965020479446014043034824073588866524310329575520954998352510976, "churned_customers": 19895300662404222849930325327144822213822787252238943413220943413116928}, "generation": 0, "timestamp": "2025-11-14T01:33:58.508576"}