{"key": "daily_snapshot", "value": {"day": 0, "customers": 46943185255800257038609620388266630532052032786811431056856252217073771030747989, "mrr": 1.2552941296771295e-121, "total_revenue": 7.593310615949716, "conversion_rate": 6.604334496704999e+72, "churn_rate": 0.05, "average_price": 2.6740710559729785e-201, "daily_visitors": 0, "new_customers": 6182613550643906248663140354494837318741201108572096378722205076931382729506816, "churned_customers": 2997438003818505027323145520987312123605648190559060650609053722188412092416000}, "generation": 0, "timestamp": "2025-11-14T19:04:21.267394"}