{"key": "daily_snapshot", "value": {"day": 0, "customers": 122339009730831515512650355794689065398472826948110268795974173573682521230316, "mrr": 9.480012405548317e-117, "total_revenue": 3.8452002827692775, "conversion_rate": 1.5568093630404455e+70, "churn_rate": 0.05, "average_price": 7.748969381398543e-194, "daily_visitors": 0, "new_customers": 13883871163639793115740889649303864699700513627284823092258776929547340218368, "churned_customers": 7347182091475504354775584330496884131392549685998144262391415153322291625984}, "generation": 0, "timestamp": "2025-11-13T14:14:15.587129"}