{"key": "daily_snapshot", "value": {"day": 0, "customers": 5498305873277, "mrr": 1.2542847022174985e-07, "total_revenue": 7.010218185745135, "conversion_rate": 735270.0957133766, "churn_rate": 0.05, "average_price": 2.2812203088111258e-20, "daily_visitors": 0, "new_customers": 775290914722, "churned_customers": 375610564879}, "generation": 0, "timestamp": "2025-11-14T23:24:37.379786"}