{"key": "daily_snapshot", "value": {"day": 0, "customers": 73804618596128633343436037050445699726297030, "mrr": 1.3780321453090127e-61, "total_revenue": 3.6346456800791516, "conversion_rate": 8.592989990651794e+36, "churn_rate": 0.05, "average_price": 1.8671353792231322e-105, "daily_visitors": 0, "new_customers": 9153323993792508418183588351975508200652800, "churned_customers": 3571407694722814168871724350023351861772288}, "generation": 0, "timestamp": "2025-11-13T15:00:07.126559"}