{"key": "daily_snapshot", "value": {"day": 0, "customers": 156466403246264614132230907009102409781885663268178448120070994572892339242248191737326621590963367, "mrr": 4.4353428924394664e-154, "total_revenue": 7.010218214998832, "conversion_rate": 2.253535279838267e+91, "churn_rate": 0.05, "average_price": 2.8346934552196614e-252, "daily_visitors": 0, "new_customers": 19593894722526421093117649946296747841093572039710669591294537064096931458767152632031121588092928, "churned_customers": 9442771781740152609662067552300493353228690460421392813854693610313432016271718703229478174195712}, "generation": 0, "timestamp": "2025-11-15T00:04:41.588179"}