{"key": "daily_snapshot", "value": {"day": 0, "customers": 399221823617283124057233856253792172605121050649356861634374836355, "mrr": 3.174405343919691e-97, "total_revenue": 4.596591164332845, "conversion_rate": 5.648784403311285e+58, "churn_rate": 0.05, "average_price": 7.951482499521012e-163, "daily_visitors": 0, "new_customers": 46205474309112951553390337012533805197474473905825553758793236480, "churned_customers": 20238125228336515789076107189426800350537937063840042096625975296}, "generation": 0, "timestamp": "2025-11-14T12:18:32.403754"}