{"key": "daily_snapshot", "value": {"day": 0, "customers": 87153433639888076043255597469963529446224246675712456102146561900071999, "mrr": 4.2253293574024924e-107, "total_revenue": 2.4762944740981485, "conversion_rate": 1.1255968407598366e+64, "churn_rate": 0.05, "average_price": 4.8481501886216663e-178, "daily_visitors": 0, "new_customers": 12027468776602685293875339955890829600078057074209661525936777147187200, "churned_customers": 3915397260789828951177896669808491833873615320382401323921536154861568}, "generation": 0, "timestamp": "2025-11-13T16:15:59.257012"}