{"key": "daily_snapshot", "value": {"day": 0, "customers": 2422396444788918870730957436230426557453224780813605861784010387589012762905985041559396025796019367, "mrr": 8.500626433494342e-156, "total_revenue": 7.010218214998832, "conversion_rate": 3.0897860162025134e+92, "churn_rate": 0.05, "average_price": 3.509180527316644e-255, "daily_visitors": 0, "new_customers": 243514280062147801296046297291323697351965847397089749172258866839508125605964573255785678836334592, "churned_customers": 85920583344823673463957918899187630662226259347175047220550785945661278762942136144115391954681856}, "generation": 0, "timestamp": "2025-11-15T00:05:11.735083"}