{"key": "daily_snapshot", "value": {"day": 0, "customers": 1315639381608990926262427979435621805400219545351, "mrr": 1.0494005350196433e-67, "total_revenue": 7.42566689692798, "conversion_rate": 1.8136574165177995e+41, "churn_rate": 0.05, "average_price": 7.976353928659807e-116, "daily_visitors": 0, "new_customers": 181530113761756209506817664987709354911262048256, "churned_customers": 40495665579557688739705464071345661514767925248}, "generation": 0, "timestamp": "2025-11-15T14:13:05.901100"}