{"key": "daily_snapshot", "value": {"day": 0, "customers": 24581585101505452203435971044116246504302732688122351693610859383874, "mrr": 1.1537924491526619e-97, "total_revenue": 7.574353924996814, "conversion_rate": 3.281694442282467e+60, "churn_rate": 0.05, "average_price": 4.693726805607829e-165, "daily_visitors": 0, "new_customers": 3578103998350596446596314769170969669987608017187765871751460814848, "churned_customers": 913464506142683262841243243535416913087679384383930238323059064832}, "generation": 0, "timestamp": "2025-11-14T10:51:00.275337"}