{"key": "daily_snapshot", "value": {"day": 0, "customers": 1607194278170413469604531635126206662319559729632529388931762590961942, "mrr": 9.83478474773496e-106, "total_revenue": 6.2331957973706755, "conversion_rate": 2.091369919523941e+62, "churn_rate": 0.05, "average_price": 6.119225834309598e-175, "daily_visitors": 0, "new_customers": 232182673236926146192002269540229520850811596996154648013124428365824, "churned_customers": 105906170453481658018738008009966729731737737040366967781925962383360}, "generation": 0, "timestamp": "2025-11-14T08:03:22.975945"}