{"key": "daily_snapshot", "value": {"day": 0, "customers": 41224318161608691137131102676046892411087989844190953701924722162422528458750978609846350138790083945800736866289038237204779584463453, "mrr": 4.0735038753760457e-190, "total_revenue": 7.058512489256422, "conversion_rate": 5.500132893087455e+126, "churn_rate": 0.05, "average_price": 1e-323, "daily_visitors": 0, "new_customers": 4428133448010861376009399623547154041688128444174908160686974025185113765535093898272528278838490332350648660257227872310075089485824, "churned_customers": 2305125704085876599210773827906890497019310938932823073926909321984213554899310349211143849564204876241789793637561286502657789263872}, "generation": 0, "timestamp": "2025-11-15T11:49:40.268146"}