{"key": "daily_snapshot", "value": {"day": 0, "customers": 1098414237016167746773485472010834976026480211594860554557053822925476074035795192730457, "mrr": 9.656418484610697e-137, "total_revenue": 4.2636659399133805, "conversion_rate": 1.4805608960999392e+80, "churn_rate": 0.05, "average_price": 8.79123572800938e-224, "daily_visitors": 0, "new_customers": 118898247951920861781115915388357917152379468618630067657019903076554072424372619968512, "churned_customers": 64192783894749914706437439690747028576629496492717951896250553542357114808705858142208}, "generation": 0, "timestamp": "2025-11-15T15:33:11.347069"}