{"key": "daily_snapshot", "value": {"day": 0, "customers": 83561723248920144105982548313803666, "mrr": 1.0049547931238474e-45, "total_revenue": 5.414632391501176, "conversion_rate": 1.1370457930203499e+28, "churn_rate": 0.05, "average_price": 1.2026496750554199e-80, "daily_visitors": 0, "new_customers": 9187256912442546077691793549295616, "churned_customers": 5006961508042511776983156592214016}, "generation": 0, "timestamp": "2025-11-13T22:09:09.183892"}