{"key": "daily_snapshot", "value": {"day": 0, "customers": 1322751300467695965444961680874261440668606837613199421981041301479689877859208562945, "mrr": 1.3937005627254599e-129, "total_revenue": 6.966800923949336, "conversion_rate": 1.9343684233245498e+77, "churn_rate": 0.05, "average_price": 1.0536376431704719e-213, "daily_visitors": 0, "new_customers": 185150165833853779314485297646270844657735282027320077093762926177246540156098314240, "churned_customers": 51506328223708433805574479068265675434576285620413837260361468301649295496143962112}, "generation": 0, "timestamp": "2025-11-14T04:48:30.330087"}