{"key": "daily_snapshot", "value": {"day": 0, "customers": 13843345280481951998490970333386724918525936960526850683258642041583535433902765253506563771027380894886750314076279, "mrr": 3.16003020292635e-181, "total_revenue": 8.055065502431749, "conversion_rate": 1.8401016348560518e+108, "churn_rate": 0.05, "average_price": 2.28270706169682e-296, "daily_visitors": 0, "new_customers": 1622388174691944529807795425837600445748941634891311293633765701155302210732411728590775163826002263314862945861632, "churned_customers": 326930450558041477342885875595197580161813201407056443274402547623209953232164099983734818909775514799046614056960}, "generation": 0, "timestamp": "2025-11-13T17:37:42.495085"}