{"key": "daily_snapshot", "value": {"day": 0, "customers": 20037584525646940974364290821653449097350499922684800962677826, "mrr": 2.244684842720619e-87, "total_revenue": 7.574353924996814, "conversion_rate": 2.759760474742578e+54, "churn_rate": 0.05, "average_price": 1.1202372420925053e-148, "daily_visitors": 0, "new_customers": 2445425450674679443557507009039398475904856909236441788186624, "churned_customers": 961010858922887014367533285044810506514041467181760124026880}, "generation": 0, "timestamp": "2025-11-14T10:48:10.543660"}