{"key": "daily_snapshot", "value": {"day": 0, "customers": 96969698866671841402871333849008259155212849899671312091981872539115153262484477099772258435297468, "mrr": 1.3107269798849867e-153, "total_revenue": 7.827191553977371, "conversion_rate": 1.6134182108719418e+91, "churn_rate": 0.05, "average_price": 1.3516871715639401e-251, "daily_visitors": 0, "new_customers": 13200517351022278578475088952743805472596215651842324685953325537510548039894327914396184037294080, "churned_customers": 5918179045334331404917101177662884545529863522090701828867879701577001698774132044460043150557184}, "generation": 0, "timestamp": "2025-11-15T05:43:00.802393"}