{"key": "daily_snapshot", "value": {"day": 0, "customers": 709937565, "mrr": 0.2426267896245229, "total_revenue": 5.187610560521986, "conversion_rate": 92.17747467373377, "churn_rate": 0.05, "average_price": 3.417579257473478e-10, "daily_visitors": 0, "new_customers": 88912424, "churned_customers": 21724027}, "generation": 0, "timestamp": "2025-11-13T18:50:34.407668"}