{"key": "daily_snapshot", "value": {"day": 0, "customers": 1524296282918288288687561557, "mrr": 1.5695362065535897e-32, "total_revenue": 7.593310615949716, "conversion_rate": 2.1146177745944235e+20, "churn_rate": 0.05, "average_price": 1.029679219284514e-59, "daily_visitors": 0, "new_customers": 168594061774342406432358400, "churned_customers": 81665253240638789839224832}, "generation": 0, "timestamp": "2025-11-14T18:39:54.153182"}