{"key": "daily_snapshot", "value": {"day": 0, "customers": 862644441178909728510207220683871245474915222852539503870800360718147165094239277714064780025712362638329288030302949397, "mrr": 1.500790186294104e-191, "total_revenue": 6.513341788556554, "conversion_rate": 1.0912916484196842e+113, "churn_rate": 0.05, "average_price": 1.739755239416e-311, "daily_visitors": 0, "new_customers": 88776491559931422816317576812523569244942162830242107815205020382425162145484140526664486358910432185428214562085142528, "churned_customers": 18679580714401406800859493949660864988190284846240314226590172367244434734046294310156979997929025378042271362596208640}, "generation": 0, "timestamp": "2025-11-15T01:16:03.929092"}