{"key": "daily_snapshot", "value": {"day": 0, "customers": 58636220553731051466145873127222635397351174352683929421368937619914294696607, "mrr": 4.4998652755251856e-120, "total_revenue": 3.5615064647863135, "conversion_rate": 8.746079147586228e+69, "churn_rate": 0.05, "average_price": 7.67420756834379e-197, "daily_visitors": 0, "new_customers": 7778329449113432748441171987548869042014374645991765849996601030722493349888, "churned_customers": 2883430307009855409517838531895398482066610374974759828898062026071905140736}, "generation": 0, "timestamp": "2025-11-13T12:09:18.880640"}