{"key": "daily_snapshot", "value": {"day": 0, "customers": 61675035638372405615825952232107130648639231989597969783168224298015678380673670930126716623831315113048200294869377191488, "mrr": 4.093149810525015e-189, "total_revenue": 4.61627280770732, "conversion_rate": 9.438369176003328e+114, "churn_rate": 0.05, "average_price": 6.636639554657e-311, "daily_visitors": 0, "new_customers": 9820345025575911030704188476015217347933429733251296198062976427577466509849881288146068245146561680132824954043627470848, "churned_customers": 2728255429847132930147770678298937772419145382285554674557966254682578844701762032765607574986752739445100108490903388160}, "generation": 0, "timestamp": "2025-11-15T17:50:56.378526"}