{"key": "daily_snapshot", "value": {"day": 0, "customers": 8299951060669312471476470659981443, "mrr": 3.075920724272776e-43, "total_revenue": 4.596591164332845, "conversion_rate": 1.0470829247243535e+27, "churn_rate": 0.05, "average_price": 3.705950434874892e-77, "daily_visitors": 0, "new_customers": 1018517393510599857557645748600832, "churned_customers": 232142302574846025924547333586944}, "generation": 0, "timestamp": "2025-11-14T12:03:43.471666"}