{"key": "daily_snapshot", "value": {"day": 0, "customers": 279159688251970530979551623848476581997683540, "mrr": 1.1737032083354081e-62, "total_revenue": 7.997332640408474, "conversion_rate": 3.386830912137882e+37, "churn_rate": 0.05, "average_price": 4.2044150990597874e-107, "daily_visitors": 0, "new_customers": 33848902588309670808191398021739054565949440, "churned_customers": 15588840880110304159464794352596565620686848}, "generation": 0, "timestamp": "2025-11-15T16:14:09.855176"}