{"key": "daily_snapshot", "value": {"day": 0, "customers": 7098578353360089993262705257072208093142865625958415626884803636440697310098, "mrr": 9.318491736917425e-116, "total_revenue": 5.414632391501176, "conversion_rate": 8.585857767742012e+68, "churn_rate": 0.05, "average_price": 1.3127264746618662e-191, "daily_visitors": 0, "new_customers": 923721847419777488260642133450847967479937179146067088071375004271252602880, "churned_customers": 322344961639293412897184991155294419132860370631289596309189001863617314816}, "generation": 0, "timestamp": "2025-11-13T22:28:22.438583"}