{"key": "daily_snapshot", "value": {"day": 0, "customers": 74825361201743944950358494274, "mrr": 4.883377981781713e-34, "total_revenue": 7.574353924996814, "conversion_rate": 9.07732716983495e+21, "churn_rate": 0.05, "average_price": 6.526367401842755e-63, "daily_visitors": 0, "new_customers": 8045375621029123508739768320, "churned_customers": 3217396574074466031800156160}, "generation": 0, "timestamp": "2025-11-14T10:00:42.424927"}