{"key": "daily_snapshot", "value": {"day": 0, "customers": 5413677717198734934615485065187834474727341575692436169, "mrr": 7.410790977237047e-78, "total_revenue": 3.6905216285399813, "conversion_rate": 7.476020100647466e+47, "churn_rate": 0.05, "average_price": 1.3689013946459493e-132, "daily_visitors": 0, "new_customers": 760609237220050122561902076058233806501749437585424384, "churned_customers": 346445845309166955344874870324001417157389573762842624}, "generation": 0, "timestamp": "2025-11-15T04:07:16.479943"}