{"key": "daily_snapshot", "value": {"day": 0, "customers": 7811974822419695713038661262529199846036094475757157232570376275111, "mrr": 4.539188863231149e-101, "total_revenue": 7.010218214998832, "conversion_rate": 1.008021594563709e+60, "churn_rate": 0.05, "average_price": 5.810552346129007e-168, "daily_visitors": 0, "new_customers": 1117313881037396488520669945182865889736450419671933586864726867968, "churned_customers": 313962595746404718364154161100495880507701682099740905634845949952}, "generation": 0, "timestamp": "2025-11-14T23:50:07.418325"}