{"key": "daily_snapshot", "value": {"day": 0, "customers": 315885351791502716854739597206931032596672403432229548155523604810148474639180782568610588456797712134521545, "mrr": 5.354793648017839e-166, "total_revenue": 3.6905216285399813, "conversion_rate": 4.620639611050714e+100, "churn_rate": 0.05, "average_price": 1.6951699778571e-273, "daily_visitors": 0, "new_customers": 42863469598894077471510487002168199485324193261968581652978236965767612813553672758354617874129756113338368, "churned_customers": 10045182902590894614224875299363387094198832272938453813797811387756483782023148870557419180069083536162816}, "generation": 0, "timestamp": "2025-11-15T04:31:38.505456"}