{"key": "daily_snapshot", "value": {"day": 0, "customers": 882385812160757932443217332731676422336195469538592, "mrr": 1.6690593312046555e-73, "total_revenue": 2.640852054669741, "conversion_rate": 1.2162410255029562e+44, "churn_rate": 0.05, "average_price": 1.891530108714596e-124, "daily_visitors": 0, "new_customers": 130477999638502344457523509499539101547777029570560, "churned_customers": 37243091336970458233701226746971278098040142954496}, "generation": 0, "timestamp": "2025-11-14T02:30:52.003910"}