{"key": "daily_snapshot", "value": {"day": 0, "customers": 835353059189155812679361117, "mrr": 8.010730946555918e-32, "total_revenue": 7.058512489256422, "conversion_rate": 9.718581492785734e+19, "churn_rate": 0.05, "average_price": 9.589635015321088e-59, "daily_visitors": 0, "new_customers": 92331185853982741306015744, "churned_customers": 18200387466440301852229632}, "generation": 0, "timestamp": "2025-11-15T07:11:59.446750"}