{"key": "daily_snapshot", "value": {"day": 0, "customers": 141861299590109269256846624772147193741075989173890331200005984970258370095623565304151174978355930182724214355208152687184230771129326, "mrr": 1.401775892037318e-189, "total_revenue": 4.058738603221899, "conversion_rate": 1.9113411087793438e+127, "churn_rate": 0.05, "average_price": 1e-323, "daily_visitors": 0, "new_customers": 19471148367932211498276706386500241391422228615281835070969578088091411840186237927099702826753927763617808927510092508278618226425856, "churned_customers": 5214314018906820609705408580706644286682316323526949846274592115104993796853873137291201534715852817926172624510684210449452275597312}, "generation": 0, "timestamp": "2025-11-14T15:56:29.850744"}