{"key": "daily_snapshot", "value": {"day": 0, "customers": 132988612991236200402203813896046550879536086331758275994205, "mrr": 3.154748738528223e-87, "total_revenue": 7.058512489256422, "conversion_rate": 1.8357604746735958e+52, "churn_rate": 0.05, "average_price": 2.372194631984106e-146, "daily_visitors": 0, "new_customers": 19810800102217458681516261510126556288388729124001127858176, "churned_customers": 7648338275580386841052107132446490985856003188898763112448}, "generation": 0, "timestamp": "2025-11-15T09:36:47.901908"}