{"key": "daily_snapshot", "value": {"day": 0, "customers": 17518761541132999218442318556027941222388241255473069562527, "mrr": 3.604574285485007e-86, "total_revenue": 3.5615064647863135, "conversion_rate": 2.5235937305020014e+51, "churn_rate": 0.05, "average_price": 2.0575508588444928e-144, "daily_visitors": 0, "new_customers": 2200608752328784297630501935673885277691465022345647751168, "churned_customers": 868963461506434526309706919671426432110100054478531067904}, "generation": 0, "timestamp": "2025-11-13T12:00:15.736274"}