{"key": "daily_snapshot", "value": {"day": 0, "customers": 319588695089393453894738525, "mrr": 3.5678257012390767e-31, "total_revenue": 7.058512489256422, "conversion_rate": 4.35424310469453e+19, "churn_rate": 0.05, "average_price": 1.1163804465114467e-57, "daily_visitors": 0, "new_customers": 32828069966415129787498496, "churned_customers": 12884717810087537949016064}, "generation": 0, "timestamp": "2025-11-15T07:11:48.395141"}