{"key": "daily_snapshot", "value": {"day": 0, "customers": 4409623065629916728935110635877304671230040231464691922626210069508, "mrr": 2.5871957482217137e-98, "total_revenue": 4.445436838349596, "conversion_rate": 5.717682674994478e+59, "churn_rate": 0.05, "average_price": 5.867158507009786e-165, "daily_visitors": 0, "new_customers": 492530712390312431477410675238664115913139385481784054140136062976, "churned_customers": 215389155713228703029887826516438760318752295709444616057046171648}, "generation": 0, "timestamp": "2025-11-15T18:26:52.617524"}