{"key": "daily_snapshot", "value": {"day": 0, "customers": 197052265813000319743716012117900304713266017995588208930831386431180465346068768099075353372208877415603672256433945582, "mrr": 3.681030839703718e-193, "total_revenue": 4.058738603221899, "conversion_rate": 2.4652788130439694e+112, "churn_rate": 0.05, "average_price": 1.868047964085e-312, "daily_visitors": 0, "new_customers": 23874080856899848767185933666707793088026969860557628493060524483171722561663227240676406120068534023681707141605883904, "churned_customers": 7707523425314786733453591945284712453943227895666646571282879259110877784830988047319583564223103164403209880792465408}, "generation": 0, "timestamp": "2025-11-14T15:49:35.951948"}