{"key": "daily_snapshot", "value": {"day": 0, "customers": 5068680055594358065733169486717951864548111535051772001274454351430935657272, "mrr": 1.3122287993575129e-112, "total_revenue": 8.385937104373125, "conversion_rate": 7.752279596887445e+68, "churn_rate": 0.05, "average_price": 2.5888964877733634e-188, "daily_visitors": 0, "new_customers": 677905690856136980056054274678161563940829067980723382902111964950266118144, "churned_customers": 189864284391105921073212395559375632060900014701581659278217796481456275456}, "generation": 0, "timestamp": "2025-11-13T13:08:57.679647"}