{"key": "daily_snapshot", "value": {"day": 0, "customers": 33952535017506724713152400418017297916451737878, "mrr": 4.272745755432777e-66, "total_revenue": 6.2331957973706755, "conversion_rate": 4.070963760600638e+39, "churn_rate": 0.05, "average_price": 1.2584467561051476e-112, "daily_visitors": 0, "new_customers": 3077411844132226520127651141171590957392461824, "churned_customers": 1767185742705508822885308356329762004915978240}, "generation": 0, "timestamp": "2025-11-14T07:52:36.779909"}