{"key": "daily_snapshot", "value": {"day": 0, "customers": 287102340285316199205093072412179440997085898726008672186098813328856711118646397712868387829572548050621348694666094022671778, "mrr": 2.8369480635119616e-198, "total_revenue": 8.401501509864964, "conversion_rate": 3.3929664654455797e+118, "churn_rate": 0.05, "average_price": 1e-323, "daily_visitors": 0, "new_customers": 33068170747604977552418258652860021305500243908636447065422826838487761717315232874985626154970191879516109771017228575047680, "churned_customers": 7671074056990174130893680211818481632405944645261528789088560705889797877350703268954329032507803483635733755353129247834112}, "generation": 0, "timestamp": "2025-11-14T13:48:06.294389"}