{"key": "daily_snapshot", "value": {"day": 0, "customers": 1809896502683129015725303494274329728447826797730378106267802601961370273816207961731987305526547984992171553863, "mrr": 1.285508032613755e-178, "total_revenue": 8.531929138055917, "conversion_rate": 2.177472938278331e+104, "churn_rate": 0.05, "average_price": 7.102660459910385e-290, "daily_visitors": 0, "new_customers": 233362416206107170844190639107254643270199360147322401842651596694240065252958601334595762109082496533243363328, "churned_customers": 103928065214364785571222480752619960778033154093879617472278813250651437196850076778167570683144351044610293760}, "generation": 0, "timestamp": "2025-11-13T11:54:20.290407"}