{"key": "daily_snapshot", "value": {"day": 0, "customers": 204794383422385053409712981, "mrr": 5.581749150588832e-31, "total_revenue": 7.593310615949716, "conversion_rate": 2.5590730012408267e+19, "churn_rate": 0.05, "average_price": 2.725538199490836e-57, "daily_visitors": 0, "new_customers": 28079222554595329482686464, "churned_customers": 7938202262805184677675008}, "generation": 0, "timestamp": "2025-11-14T18:39:29.070451"}