{"key": "daily_snapshot", "value": {"day": 0, "customers": 1748870633336085066231858640227902559118161235215776187530060624134491821077250866180, "mrr": 5.62340067235804e-129, "total_revenue": 4.445436838349596, "conversion_rate": 2.8437968715157155e+77, "churn_rate": 0.05, "average_price": 3.215446909089574e-213, "daily_visitors": 0, "new_customers": 199480434298987206043487726601256490835248620447915776682910566742902297837409665024, "churned_customers": 100009181735637529800113994918382933223500577302536385670867926786855434215862829056}, "generation": 0, "timestamp": "2025-11-15T18:35:14.000036"}