{"key": "daily_snapshot", "value": {"day": 0, "customers": 441699279924554207935455568525824437505145617826, "mrr": 7.388580621503541e-69, "total_revenue": 8.401501509864964, "conversion_rate": 6.217272470952201e+40, "churn_rate": 0.05, "average_price": 1.672762659419678e-116, "daily_visitors": 0, "new_customers": 65588446025599104990166332071547454331063107584, "churned_customers": 23421714286180523345587226381860923668034486272}, "generation": 0, "timestamp": "2025-11-14T13:11:45.738268"}