{"key": "daily_snapshot", "value": {"day": 0, "customers": 2283338392898481927373070743744774125480539572903819961426241658271319921972152203621689260201878791098477773234810069, "mrr": 3.303619585668633e-182, "total_revenue": 5.438023679800494, "conversion_rate": 3.208833033780927e+110, "churn_rate": 0.05, "average_price": 1.4468374884525988e-299, "daily_visitors": 0, "new_customers": 229638594998300142823532955576850696926716530683629658192450383179254847603937131022620665007130020438908440953225216, "churned_customers": 113373163584492221459195728947111291455290508481999299972380568686669122688600310355373848241720472281321315340648448}, "generation": 0, "timestamp": "2025-11-14T20:22:28.688840"}