{"key": "daily_snapshot", "value": {"day": 0, "customers": 425073504903927820914093677220800907154223632820195420175075695128946371337488789005604813441258701903591494633911260519253, "mrr": 9.066536308148376e-195, "total_revenue": 7.593310615949716, "conversion_rate": 5.8260359100002065e+115, "churn_rate": 0.05, "average_price": 2.132934e-317, "daily_visitors": 0, "new_customers": 57177589467091881947064511661171128756957689557915815143292317304488264132303594283035721875126113800872468569340386476032, "churned_customers": 11402728747636789892907419939257573869757790384617924026099177758084210575349483079071858464415772958551947768569209552896}, "generation": 0, "timestamp": "2025-11-14T19:24:25.970157"}