{"key": "daily_snapshot", "value": {"day": 0, "customers": 341291342, "mrr": 2.6520642931575042, "total_revenue": 7.80610544309376, "conversion_rate": 45.22979746710029, "churn_rate": 0.05, "average_price": 7.770675568902959e-09, "daily_visitors": 0, "new_customers": 35413168, "churned_customers": 8984799}, "generation": 0, "timestamp": "2025-11-13T12:37:55.905996"}