{"key": "daily_snapshot", "value": {"day": 0, "customers": 1120914196298439944, "mrr": 6.923692599333547e-16, "total_revenue": 7.626819946521412, "conversion_rate": 140945476272.53467, "churn_rate": 0.05, "average_price": 6.1768265779820095e-34, "daily_visitors": 0, "new_customers": 116680789779823184, "churned_customers": 70805267433024104}, "generation": 0, "timestamp": "2025-11-15T01:29:14.217881"}