{"key": "daily_snapshot", "value": {"day": 0, "customers": 742124921197369708520669088206095698309044572511474627977971336253085828585175907613011610762523618233901253455511371, "mrr": 5.391950832717607e-189, "total_revenue": 5.241512577835226, "conversion_rate": 1.091153256507941e+110, "churn_rate": 0.05, "average_price": 7.265556887670676e-306, "daily_visitors": 0, "new_customers": 105686831283296695246802516113750953621790660720693660727750956398890297276345829982611217822383097964593301015232512, "churned_customers": 31065965676922436925667342725841897382188037236851137969737489889139345395616931600534443057012455598109978360020992}, "generation": 0, "timestamp": "2025-11-13T20:45:52.377416"}