{"key": "daily_snapshot", "value": {"day": 0, "customers": 250918109613466763084436261982393938710080, "mrr": 4.491993870685483e-54, "total_revenue": 4.61627280770732, "conversion_rate": 3.512468255887966e+34, "churn_rate": 0.05, "average_price": 1.7902230642520343e-95, "daily_visitors": 0, "new_customers": 26284605331606918548701179663424671449088, "churned_customers": 13449499045202987439998364741931282464768}, "generation": 0, "timestamp": "2025-11-15T17:13:37.014093"}