{"key": "daily_snapshot", "value": {"day": 0, "customers": 28504852923058905835459365837089, "mrr": 3.826479805918175e-38, "total_revenue": 9.426328809042326, "conversion_rate": 4.3986704246708894e+24, "churn_rate": 0.05, "average_price": 1.3423959128106066e-69, "daily_visitors": 0, "new_customers": 4629678109093370166897356570624, "churned_customers": 1879203930764623105936144203776}, "generation": 0, "timestamp": "2025-11-15T12:02:35.814360"}