{"key": "daily_snapshot", "value": {"day": 0, "customers": 596115617530580051209436857032076549, "mrr": 1.8612261983047175e-48, "total_revenue": 1.5620171583249602, "conversion_rate": 8.861379883867736e+28, "churn_rate": 0.05, "average_price": 3.1222570648540988e-84, "daily_visitors": 0, "new_customers": 77099268414690358437999029157625856, "churned_customers": 19557127885524965721178087941472256}, "generation": 0, "timestamp": "2025-11-13T21:08:40.612693"}