{"key": "daily_snapshot", "value": {"day": 0, "customers": 1395031612008449207, "mrr": 4.737173466421269e-17, "total_revenue": 7.010218214998832, "conversion_rate": 196994144117.98474, "churn_rate": 0.05, "average_price": 3.395746322623532e-35, "daily_visitors": 0, "new_customers": 204995302104915520, "churned_customers": 45790091099373944}, "generation": 0, "timestamp": "2025-11-14T23:27:11.089563"}