{"key": "daily_snapshot", "value": {"day": 0, "customers": 97876955733902, "mrr": 1.7689976910618202e-09, "total_revenue": 13.18914371963914, "conversion_rate": 13421079.560808836, "churn_rate": 0.05, "average_price": 1.8073689335732843e-23, "daily_visitors": 0, "new_customers": 11262847485767, "churned_customers": 3610655151960}, "generation": 0, "timestamp": "2025-11-13T17:51:42.444241"}