{"key": "daily_snapshot", "value": {"day": 0, "customers": 49229661567799285383928021978772593333353506170135977420099687296229731188555187520854687400584575599451663904487, "mrr": 8.536659440243598e-177, "total_revenue": 3.180859164035811, "conversion_rate": 5.982009730736035e+105, "churn_rate": 0.05, "average_price": 1.7340479638453085e-289, "daily_visitors": 0, "new_customers": 5297312750963749976331990919480144895146649482140847740772420019032685628081906376225632235190643458767608348672, "churned_customers": 2715889746942840073226138884763771115896202000613723042017701137694669951414612125852115818688732376792874090496}, "generation": 0, "timestamp": "2025-11-14T09:33:34.014966"}