{"key": "daily_snapshot", "value": {"day": 0, "customers": 541613792690094916398738270021755053888680889516873081038124868500534187211441392100489279248609114106598616107178660323368273890981586, "mrr": 5.351855365639175e-189, "total_revenue": 7.180499208388138, "conversion_rate": 7.568244960741972e+127, "churn_rate": 0.05, "average_price": 1e-323, "daily_visitors": 0, "new_customers": 61148135636460419672610711351159942619075524195916714191061101948603264237205180092513575981640130289139789978258488205874737721638912, "churned_customers": 30800967625142633122145640061092543813118451523134765262432774427483985456503952273786613347281907754466384507827073530420389648269312}, "generation": 0, "timestamp": "2025-11-15T20:00:47.914374"}