{"key": "daily_snapshot", "value": {"day": 0, "customers": 241137321779705064567, "mrr": 1.1686891758284524e-19, "total_revenue": 8.055065502431749, "conversion_rate": 31707138373708.21, "churn_rate": 0.05, "average_price": 4.8465711039791986e-40, "daily_visitors": 0, "new_customers": 27556401998012469248, "churned_customers": 14590219087492282368}, "generation": 0, "timestamp": "2025-11-13T16:53:15.752585"}