{"key": "daily_snapshot", "value": {"day": 0, "customers": 17391637875642380508760300419111584950138702587611078, "mrr": 1.334453015538286e-75, "total_revenue": 3.6346456800791516, "conversion_rate": 2.274934079870303e+45, "churn_rate": 0.05, "average_price": 7.672957688517859e-128, "daily_visitors": 0, "new_customers": 2050060995098179916842483697566325848839601241718784, "churned_customers": 573207655851230860974780706354719516640922983989248}, "generation": 0, "timestamp": "2025-11-13T15:03:59.053217"}