{"key": "daily_snapshot", "value": {"day": 0, "customers": 15206920337675496419792700883548260742462911290801308438, "mrr": 4.026549779838682e-80, "total_revenue": 8.73321624443256, "conversion_rate": 2.117277354669595e+48, "churn_rate": 0.05, "average_price": 2.6478403847903454e-135, "daily_visitors": 0, "new_customers": 1732258797974542735876692401565662115590633892576493568, "churned_customers": 353477008921466590808985500142669177700409994339418112}, "generation": 0, "timestamp": "2025-11-14T16:20:05.180194"}