{"key": "daily_snapshot", "value": {"day": 0, "customers": 4200387661792811282673301806904797644796374229, "mrr": 9.708782949873259e-63, "total_revenue": 5.438023679800494, "conversion_rate": 6.54350906802045e+38, "churn_rate": 0.05, "average_price": 2.3114016447066107e-108, "daily_visitors": 0, "new_customers": 473068720006408453094234845933938960637100032, "churned_customers": 96379424306807623366009513780500080929800192}, "generation": 0, "timestamp": "2025-11-14T19:49:25.435226"}