{"key": "daily_snapshot", "value": {"day": 0, "customers": 11530485819817019777156890298731769460449170256060, "mrr": 7.286712022007756e-70, "total_revenue": 7.827191553977371, "conversion_rate": 1.6404857396843205e+42, "churn_rate": 0.05, "average_price": 6.319518653311513e-119, "daily_visitors": 0, "new_customers": 1358844378032528944678090471490708411836952215552, "churned_customers": 715795649197468117988439614882027762392091328512}, "generation": 0, "timestamp": "2025-11-15T05:06:04.811538"}