{"key": "daily_snapshot", "value": {"day": 0, "customers": 175998177723061201694167552515843446564089928640587497406187557569897416362381643566600075304279331615555, "mrr": 1.2459544854119199e-163, "total_revenue": 3.6902796439842023, "conversion_rate": 2.272810093045443e+97, "churn_rate": 0.05, "average_price": 7.07936014753783e-268, "daily_visitors": 0, "new_customers": 23187079766850234895336009647084063135462379026743082722201570072972327756778603763243375430011780595712, "churned_customers": 9380201321755103947308823294702073330686603243390264379431905930192783504327363825203957846547533660160}, "generation": 0, "timestamp": "2025-11-14T01:54:31.059282"}