{"key": "daily_snapshot", "value": {"day": 0, "customers": 67946617441036644720188063, "mrr": 2.50980743026721e-29, "total_revenue": 3.5615064647863135, "conversion_rate": 9.52385433422855e+18, "churn_rate": 0.05, "average_price": 3.693793046350238e-55, "daily_visitors": 0, "new_customers": 7703026642073671669121024, "churned_customers": 2154185000523631314337792}, "generation": 0, "timestamp": "2025-11-13T11:44:50.281036"}