{"key": "daily_snapshot", "value": {"day": 0, "customers": 210373348058688511, "mrr": 1.1270842658374066e-14, "total_revenue": 4.596591164332845, "conversion_rate": 27618328771.7871, "churn_rate": 0.05, "average_price": 5.357543035931436e-32, "daily_visitors": 0, "new_customers": 23895386921573668, "churned_customers": 8579513901676341}, "generation": 0, "timestamp": "2025-11-14T11:55:55.511649"}