{"key": "daily_snapshot", "value": {"day": 0, "customers": 17007138321257652733198282304384467002291271, "mrr": 9.690743914478048e-62, "total_revenue": 8.531929138055917, "conversion_rate": 2.1106700836664635e+36, "churn_rate": 0.05, "average_price": 5.698044980539343e-105, "daily_visitors": 0, "new_customers": 2276318145130567016881247548836037814910976, "churned_customers": 444613393009231557094832919238541723041792}, "generation": 0, "timestamp": "2025-11-13T11:22:26.486372"}