{"key": "daily_snapshot", "value": {"day": 0, "customers": 162673572700340491967266907175002999286864122884997778088172262480414713225561949470412738236895118102, "mrr": 3.5832893861301105e-160, "total_revenue": 8.73321624443256, "conversion_rate": 2.4575596543214586e+94, "churn_rate": 0.05, "average_price": 2.202748317780452e-261, "daily_visitors": 0, "new_customers": 20556921681510257346464353407489308651098982513823250708548976583013413655970338947477687323380940800, "churned_customers": 6715974841576862164299792253609179196585450681008171318768537035540660473831541037573323047024197632}, "generation": 0, "timestamp": "2025-11-14T16:41:52.057831"}