{"key": "daily_snapshot", "value": {"day": 0, "customers": 4484772935453074841153796209098443444858780582505892714159351677595031304995313921451714088366283255450292581937657333072662, "mrr": 1.3737787868196994e-198, "total_revenue": 8.73321624443256, "conversion_rate": 6.574197330179382e+116, "churn_rate": 0.05, "average_price": 3.06e-322, "daily_visitors": 0, "new_customers": 652555139720455731407338167102693179102309706080136342332295795028562251118845706330514408824508034194832109826589461577728, "churned_customers": 297129877164054630643093882464547868194210650493681508886351825733844745386118253019975241045193149494718968687388061073408}, "generation": 0, "timestamp": "2025-11-14T17:05:52.319940"}