{"key": "daily_snapshot", "value": {"day": 0, "customers": 103267107147740462876466142754905120758297182744076351531079009279818144498, "mrr": 3.3744042839459624e-111, "total_revenue": 10.298721371422412, "conversion_rate": 1.2989702915626978e+67, "churn_rate": 0.05, "average_price": 3.2676467629894246e-185, "daily_visitors": 0, "new_customers": 11963196099475022653656241484092672300424511800994827520469357289946480640, "churned_customers": 2829863740510043368042674107884315247446967226120251555779086618271416320}, "generation": 0, "timestamp": "2025-11-14T03:42:27.001447"}