{"key": "daily_snapshot", "value": {"day": 0, "customers": 290980159562763777866318827278905017950047854951621331162808777832246456927620500235011671615470962247012161136424951418868726945, "mrr": 2.875266009227317e-195, "total_revenue": 4.323965768575599, "conversion_rate": 3.8522552610028243e+121, "churn_rate": 0.05, "average_price": 1e-323, "daily_visitors": 0, "new_customers": 41941884949463419364537084549699332861685646727128432759185081843607822708874699515947610379322914902530415722229705986776498176, "churned_customers": 9058422662839039640648258448112489444482222739540297009742774967214421003920237558497895232466387762154327237116691574931062784}, "generation": 0, "timestamp": "2025-11-14T14:49:52.861888"}