{"key": "daily_snapshot", "value": {"day": 0, "customers": 174492120316439905680395221364196024064798765985663044728789308425610758421005897188026655589516026767628633470272095585434051758, "mrr": 1.7242112423670075e-195, "total_revenue": 14.069439877331755, "conversion_rate": 2.172136894380608e+121, "churn_rate": 0.05, "average_price": 1e-323, "daily_visitors": 0, "new_customers": 23385832734235209317408659059033986613576460161654928014726579072488840920495499495226999022447094642000942113699501062462898176, "churned_customers": 3750816692066105269726784219022798674539891867273703966729085743489609679264386175367442685051954299823296543086136095169052672}, "generation": 0, "timestamp": "2025-11-15T13:48:48.435972"}