{"key": "daily_snapshot", "value": {"day": 0, "customers": 134131419347612693732868927891838912074610678946338197850672477465917100206235, "mrr": 3.4058412412376816e-117, "total_revenue": 13.18914372001125, "conversion_rate": 1.9734363288741045e+70, "churn_rate": 0.05, "average_price": 2.5391822868966753e-194, "daily_visitors": 0, "new_customers": 20744253535610855627490496555988047101322361188008841059172105922977659355136, "churned_customers": 6862875043825800665609302280486025647180023943332213986568702697939576815616}, "generation": 0, "timestamp": "2025-11-13T18:21:15.230836"}