{"key": "daily_snapshot", "value": {"day": 0, "customers": 8086777937526557887248341317378274469038, "mrr": 3.2917197084417535e-54, "total_revenue": 14.069439877331755, "conversion_rate": 1.0197221256796696e+33, "churn_rate": 0.05, "average_price": 4.0704959798223013e-94, "daily_visitors": 0, "new_customers": 910712871597247014712562806489268355072, "churned_customers": 372028672578588448248550860954659717120}, "generation": 0, "timestamp": "2025-11-15T13:08:01.684491"}