{"key": "daily_snapshot", "value": {"day": 0, "customers": 40307112349278508786843763577325250547809860967347061308144833847727947234886955324249, "mrr": 4.1653563113976376e-134, "total_revenue": 4.2636659399133805, "conversion_rate": 5.291411112280248e+78, "churn_rate": 0.05, "average_price": 1.0334047935022061e-219, "daily_visitors": 0, "new_customers": 4976375020114899946381201687271895750945752296678214158664688949534696299636826570752, "churned_customers": 1493762191154892570369169298426811697624028034849092490515287005373154146492404989952}, "generation": 0, "timestamp": "2025-11-15T15:32:29.163002"}