{"key": "daily_snapshot", "value": {"day": 0, "customers": 338610900267, "mrr": 9.080059827529862e-05, "total_revenue": 8.401482712933067, "conversion_rate": 41245.12794104351, "churn_rate": 0.05, "average_price": 2.681561585988547e-16, "daily_visitors": 0, "new_customers": 31832415200, "churned_customers": 12587909817}, "generation": 0, "timestamp": "2025-11-14T12:54:25.687512"}