{"key": "daily_snapshot", "value": {"day": 0, "customers": 22, "mrr": 6.192449487634438, "total_revenue": 1.9021171503311542, "conversion_rate": 0.1097085107113423, "churn_rate": 0.05, "average_price": 0.28147497671065624, "daily_visitors": 75, "new_customers": 4, "churned_customers": 0}, "generation": 0, "timestamp": "2025-11-15T02:24:45.277487"}