{"key": "daily_snapshot", "value": {"day": 0, "customers": 898542178017975827921647637573299943650766933078966630827142791926132012320, "mrr": 4.878463535754965e-114, "total_revenue": 2.640852054669741, "conversion_rate": 1.301254114291933e+68, "churn_rate": 0.05, "average_price": 5.429309447126887e-189, "daily_visitors": 0, "new_customers": 108432298923086726478370115386078006300038391407637219220965599033549651968, "churned_customers": 27032056328181135047241761341986541478421936365863692805664397494662987776}, "generation": 0, "timestamp": "2025-11-14T02:42:00.820718"}