{"key": "daily_snapshot", "value": {"day": 0, "customers": 58147493340341431905435114765055583044402658110773048484692, "mrr": 3.1363281679043515e-86, "total_revenue": 7.997332640408474, "conversion_rate": 7.565966838127324e+51, "churn_rate": 0.05, "average_price": 5.393746123409309e-145, "daily_visitors": 0, "new_customers": 7566582527577518251753824942796668156850501552955967143936, "churned_customers": 1472962743800539167601666579452515687535103956717651623936}, "generation": 0, "timestamp": "2025-11-15T16:20:46.390074"}