{"key": "daily_snapshot", "value": {"day": 0, "customers": 496052392237376115517182809, "mrr": 1.673706995591404e-33, "total_revenue": 4.2636659399133805, "conversion_rate": 7.40875639449967e+19, "churn_rate": 0.05, "average_price": 3.374052865751496e-60, "daily_visitors": 0, "new_customers": 62248255001187178795499520, "churned_customers": 23657069169367324047704064}, "generation": 0, "timestamp": "2025-11-15T15:04:47.363109"}