{"key": "daily_snapshot", "value": {"day": 0, "customers": 93881339392788143748129632257999437523412587020651139291707327673042817209068998974400245729291488581296510825543, "mrr": 4.8726996372686964e-182, "total_revenue": 8.531929138055917, "conversion_rate": 1.2414140113801714e+106, "churn_rate": 0.05, "average_price": 5.190274945782263e-295, "daily_visitors": 0, "new_customers": 12529886181947021822133217557079025928678132233485349987075218771057010163854758705450769195597361013490542706688, "churned_customers": 6228573374232271189113675640453157710510050933247514820636308088454029603586869600718435954143141695792663756800}, "generation": 0, "timestamp": "2025-11-13T11:55:13.447317"}