{"key": "daily_snapshot", "value": {"day": 0, "customers": 12611549712672855606364846733414235361215006312850917274210029683013468055833400176, "mrr": 1.3680152669520168e-122, "total_revenue": 7.626819946521412, "conversion_rate": 1.879864737712571e+75, "churn_rate": 0.05, "average_price": 1.084732089330268e-204, "daily_visitors": 0, "new_customers": 1378487777206813104935737526956886275898085343544733363048633461377142812074573824, "churned_customers": 501419608994186951496252409729516333055716695552842940354574846260830480466182144}, "generation": 0, "timestamp": "2025-11-15T01:58:44.950271"}