{"key": "daily_snapshot", "value": {"day": 0, "customers": 32339226303, "mrr": 0.002295449413162076, "total_revenue": 3.690031435358271, "conversion_rate": 4002.3414761143717, "churn_rate": 0.05, "average_price": 7.098034416949347e-14, "daily_visitors": 0, "new_customers": 3242661433, "churned_customers": 1049547500}, "generation": 0, "timestamp": "2025-11-15T03:46:45.376756"}