{"key": "daily_snapshot", "value": {"day": 0, "customers": 7327670363405636070945710587459308770492255229622268742778463406, "mrr": 1.1602855328998659e-92, "total_revenue": 14.069439877331755, "conversion_rate": 9.81488203841595e+56, "churn_rate": 0.05, "average_price": 1.583430306437266e-156, "daily_visitors": 0, "new_customers": 860762108402201994554290000902051870688903949904209278572429312, "churned_customers": 431189815967765424572112020327184908318650450627752091988262912}, "generation": 0, "timestamp": "2025-11-15T13:18:49.189953"}