{"key": "daily_snapshot", "value": {"day": 0, "customers": 1311577367088999078047770476625876939617914278334051312743064284133225976549335899903285791869055264342772984513186065072899717844321447, "mrr": 1.2960106378831761e-188, "total_revenue": 7.010218214998832, "conversion_rate": 1.9037301992608144e+128, "churn_rate": 0.05, "average_price": 1e-323, "daily_visitors": 0, "new_customers": 162293174841582873287327783156936877467860213550756178334008469430387137072676149332256381921699870805198935064603344005671455303925760, "churned_customers": 59184314091914792303761210996554080435461555433953261271795972396350663395335743808751588475559495895270095637934331963508031452348416}, "generation": 0, "timestamp": "2025-11-15T00:22:02.212169"}