{"key": "daily_snapshot", "value": {"day": 0, "customers": 4831928587269252955775534563404343568972901426056645469609953537, "mrr": 7.056822387731418e-95, "total_revenue": 6.966800923949336, "conversion_rate": 5.685751603897761e+56, "churn_rate": 0.05, "average_price": 1.4604566810701887e-158, "daily_visitors": 0, "new_customers": 583072105565672429462412252940345045138700027393576830553292800, "churned_customers": 207384748049869910928686791705633666849521819761975665513988096}, "generation": 0, "timestamp": "2025-11-14T04:38:58.443660"}