{"key": "daily_snapshot", "value": {"day": 0, "customers": 88358099206608596967871279272773183068761504553800996176956306, "mrr": 6.736368119677103e-91, "total_revenue": 5.414632391501176, "conversion_rate": 1.0961941599744234e+55, "churn_rate": 0.05, "average_price": 7.623939605044454e-153, "daily_visitors": 0, "new_customers": 10757228241304295493327191571622762326241425055643729861279744, "churned_customers": 1970636491488252910109070472242415967535900216598067712884736}, "generation": 0, "timestamp": "2025-11-13T22:21:38.858575"}