{"key": "daily_snapshot", "value": {"day": 0, "customers": 4807018236919891039938346737770627, "mrr": 6.795719652391357e-43, "total_revenue": 4.596591164332845, "conversion_rate": 7.417259202628732e+26, "churn_rate": 0.05, "average_price": 1.4137078990459025e-76, "daily_visitors": 0, "new_customers": 654835497557583948826765921615872, "churned_customers": 234085723905675530901768141537280}, "generation": 0, "timestamp": "2025-11-14T12:03:37.445517"}