{"key": "daily_snapshot", "value": {"day": 0, "customers": 661614028190299117012142324718, "mrr": 9.629319556361318e-38, "total_revenue": 4.058738603221899, "conversion_rate": 9.368134817055329e+22, "churn_rate": 0.05, "average_price": 1.45542856500492e-67, "daily_visitors": 0, "new_customers": 92228009580003706991269642240, "churned_customers": 39123655779204098603962335232}, "generation": 0, "timestamp": "2025-11-14T15:05:35.802993"}