{"key": "daily_snapshot", "value": {"day": 0, "customers": 93411025514180682300557260928549163504818140652359213094454515944974518720711967030274005255348550708151062, "mrr": 5.138672311068398e-170, "total_revenue": 8.73321624443256, "conversion_rate": 1.2863844510945437e+100, "churn_rate": 0.05, "average_price": 5.501141094193745e-277, "daily_visitors": 0, "new_customers": 13534965823843451976117145224063826155288407391929997935047894578984796670561223937071216185671742830673920, "churned_customers": 2819338207498028997797946700998895006086708549113785516295492201407276228820489212281243144816853702934528}, "generation": 0, "timestamp": "2025-11-14T16:50:33.706263"}