{"key": "daily_snapshot", "value": {"day": 0, "customers": 487517534523675524795078274833819230556075730, "mrr": 1.7607012986270866e-63, "total_revenue": 7.180499208388138, "conversion_rate": 6.541181385125708e+37, "churn_rate": 0.05, "average_price": 3.611565069854079e-108, "daily_visitors": 0, "new_customers": 55225555573513048073832651512782429605593088, "churned_customers": 13585024023023949414659195123005420644335616}, "generation": 0, "timestamp": "2025-11-15T19:18:14.539006"}