{"key": "daily_snapshot", "value": {"day": 0, "customers": 321634623954711452026508327240340430624823003884132873083859130577161274854135549522233425968156542648337157132628001077345153165070, "mrr": 3.1781723641818196e-192, "total_revenue": 5.934471667464104, "conversion_rate": 4.8782813019947315e+124, "churn_rate": 0.05, "average_price": 1e-323, "daily_visitors": 0, "new_customers": 43503876976488034277580976788198734050363667438996110692586684632249363358337801060403887586793761647931247138232754678867555254272, "churned_customers": 21484583117469195976142705912502334986970439451483652236340978455773923348776864834003345227269647512472336968692970173775728345088}, "generation": 0, "timestamp": "2025-11-14T18:27:24.955230"}