{"key": "daily_snapshot", "value": {"day": 0, "customers": 3670900852975591038046992184067464021, "mrr": 2.4036499516465044e-48, "total_revenue": 7.593310615949716, "conversion_rate": 4.583411453165724e+29, "churn_rate": 0.05, "average_price": 6.547847648072904e-85, "daily_visitors": 0, "new_customers": 465527065941709758292957972681195520, "churned_customers": 202287003372329974377374001215307776}, "generation": 0, "timestamp": "2025-11-14T18:44:15.147045"}