{"key": "daily_snapshot", "value": {"day": 0, "customers": 6021360760317162456936539211492487008328406774132879912109270475604, "mrr": 1.334664607725144e-100, "total_revenue": 7.997332640408474, "conversion_rate": 7.263548747730533e+59, "churn_rate": 0.05, "average_price": 2.2165498146549242e-167, "daily_visitors": 0, "new_customers": 790010778995230540054738363239293403497504641314004353491069304832, "churned_customers": 249837331964047430403833393318972441121879440181396949322682073088}, "generation": 0, "timestamp": "2025-11-15T16:24:41.022155"}