{"key": "daily_snapshot", "value": {"day": 0, "customers": 1605062986873103734, "mrr": 2.2324784067598275e-17, "total_revenue": 8.73321624443256, "conversion_rate": 220909470289.95602, "churn_rate": 0.05, "average_price": 1.390897693746599e-35, "daily_visitors": 0, "new_customers": 178535310232623488, "churned_customers": 105861601256395712}, "generation": 0, "timestamp": "2025-11-14T16:02:52.324778"}