{"key": "daily_snapshot", "value": {"day": 0, "customers": 4982707662878176845912473355654880502172774848552837205863021090738081130856855218695259238944522969066197633732932304403667797, "mrr": 4.923569358996069e-197, "total_revenue": 7.593310615949716, "conversion_rate": 7.260055644302268e+119, "churn_rate": 0.05, "average_price": 1e-323, "daily_visitors": 0, "new_customers": 664543058652049469696444282543011095660133765979367542495476496228151633719813033212823188536504883329969207175776646954221568, "churned_customers": 130661968446830529733764141832369234073135091628634358473793797447639774033558369578085284136652314896277659559072917153120256}, "generation": 0, "timestamp": "2025-11-14T19:26:19.647219"}