{"key": "daily_snapshot", "value": {"day": 0, "customers": 199069553169654414886535908467915003390677246115527916119512132213280829453502411295639340258323966469927511614288112407385, "mrr": 6.178774553080395e-194, "total_revenue": 4.2636659399133805, "conversion_rate": 2.666849797247302e+115, "churn_rate": 0.05, "average_price": 3.103827e-316, "daily_visitors": 0, "new_customers": 28012219892123376462869707862711139933801254171256405306087030829815548570658823420251793771228001777438634535555891724288, "churned_customers": 5961415870234470751785113054985017426412260306240141117377580459002150701843304067348042136167793159768406082610119311360}, "generation": 0, "timestamp": "2025-11-15T15:49:10.428055"}