{"key": "daily_snapshot", "value": {"day": 0, "customers": 2294295918819, "mrr": 1.859417311476499e-06, "total_revenue": 8.531928727705212, "conversion_rate": 276278.8504148031, "churn_rate": 0.05, "average_price": 8.104522595470784e-19, "daily_visitors": 0, "new_customers": 289116643934, "churned_customers": 96199498220}, "generation": 0, "timestamp": "2025-11-13T11:07:34.397890"}