{"key": "daily_snapshot", "value": {"day": 0, "customers": 21808161378656217270359336198709681964853555647321, "mrr": 1.9861534782833655e-71, "total_revenue": 4.2636659399133805, "conversion_rate": 2.5864519829089316e+42, "churn_rate": 0.05, "average_price": 9.10738619270869e-121, "daily_visitors": 0, "new_customers": 2452953816505151179247001206761717962160889397248, "churned_customers": 796956308783936340921084429553852073823881396224}, "generation": 0, "timestamp": "2025-11-15T15:15:22.967809"}