{"key": "daily_snapshot", "value": {"day": 0, "customers": 251443943597790059440469494847, "mrr": 6.721599721010814e-34, "total_revenue": 2.4762944740981485, "conversion_rate": 3.3706922740982504e+22, "churn_rate": 0.05, "average_price": 2.673200087794793e-63, "daily_visitors": 0, "new_customers": 31949188413990394537063743488, "churned_customers": 16695165578811829809076764672}, "generation": 0, "timestamp": "2025-11-13T15:56:10.700626"}