{"key": "daily_snapshot", "value": {"day": 0, "customers": 8701379531258266803128057151156086984288780866742336303548675116491218318603021984807293281806142884258990, "mrr": 4.233133475249399e-163, "total_revenue": 14.069439877331755, "conversion_rate": 1.0545918989442132e+99, "churn_rate": 0.05, "average_price": 4.8648992496449176e-269, "daily_visitors": 0, "new_customers": 1014659643536443801801705952914506204391351220509425590662681108814624235309611022417231942121887711100928, "churned_customers": 401223930229842340602722776233291851896230831349410739721639979788669993563098412777727605239070131748864}, "generation": 0, "timestamp": "2025-11-15T13:38:17.219811"}