{"key": "daily_snapshot", "value": {"day": 0, "customers": 2215897730236130639475444742713722560974986678669027011060591422701875148704263642454328437322772280567335702602580, "mrr": 6.855200810229996e-180, "total_revenue": 7.997332640408474, "conversion_rate": 3.144464083092699e+107, "churn_rate": 0.05, "average_price": 3.0936449442996142e-294, "daily_visitors": 0, "new_customers": 306209260748822292885484648313338088421349560756824471830101386321109516608277208764392574058316137929128196177920, "churned_customers": 149761760864621980158689608811334170894764295368798120955841142919390303963443911093853604471523192411735789142016}, "generation": 0, "timestamp": "2025-11-15T16:46:47.490292"}