{"key": "daily_snapshot", "value": {"day": 0, "customers": 1490099342619124745187949887408530460623286124711500529530110956602711973654180268978995019, "mrr": 2.4852150660913004e-142, "total_revenue": 5.241512577835226, "conversion_rate": 2.026043805999546e+83, "churn_rate": 0.05, "average_price": 1.6678183762721995e-232, "daily_visitors": 0, "new_customers": 204700487649694576248636111718647896385373523886463872566869394268704196303213999907930112, "churned_customers": 89547012506447846681015719006896707428067022906936675606575904947879431931573330727927808}, "generation": 0, "timestamp": "2025-11-13T20:23:44.846523"}