{"key": "daily_snapshot", "value": {"day": 0, "customers": 491663693261794899334814649631346643903636999899016484148034097932097717976385153537764820670740047391683389245924186783, "mrr": 9.861796398684039e-194, "total_revenue": 3.5615064647863135, "conversion_rate": 7.159846840041396e+112, "churn_rate": 0.05, "average_price": 2.00580122833e-313, "daily_visitors": 0, "new_customers": 54259830631093472625698162745733545004701413668430926594163100162136253678274918999067108809893826538102280682479812608, "churned_customers": 32747564326304484685415198801801799536087330391906469814327495809230330973592457131856523986199346419565549781616951296}, "generation": 0, "timestamp": "2025-11-13T12:29:26.558500"}