{"key": "daily_snapshot", "value": {"day": 0, "customers": 22999, "mrr": 0.009920829014364805, "total_revenue": 1.1188546765575815, "conversion_rate": 4.888620173248845, "churn_rate": 0.05, "average_price": 4.313591466744121e-07, "daily_visitors": 2, "new_customers": 8324, "churned_customers": 958}, "generation": 0, "timestamp": "2025-11-13T20:55:21.773104"}