{"key": "daily_snapshot", "value": {"day": 0, "customers": 34208902213969070444018700319652959179249633325024035672767227925276878794503, "mrr": 1.021065409199675e-113, "total_revenue": 7.42566689692798, "conversion_rate": 3.630901300355221e+69, "churn_rate": 0.05, "average_price": 2.984794433955051e-190, "daily_visitors": 0, "new_customers": 3659758319796396102074978073174606799674984052146824021106277214514736791552, "churned_customers": 895148294395305237431980937595058373653186757498207628513411646930093604864}, "generation": 0, "timestamp": "2025-11-15T14:25:57.916381"}