{"key": "daily_snapshot", "value": {"day": 0, "customers": 1175706302078540473929437972257809679095548210258902951937770003355073866297617179022011881253754393674666841, "mrr": 1.8205030964528836e-170, "total_revenue": 4.2636659399133805, "conversion_rate": 1.3437941887101645e+101, "churn_rate": 0.05, "average_price": 1.548433561370218e-278, "daily_visitors": 0, "new_customers": 141259806641708730366898570719063938948855082001030526770758318219482994650553843931037089139178006770614272, "churned_customers": 67346299841617103593769324781894241434301328126675519210942636410559270224668237814113501220014176950288384}, "generation": 0, "timestamp": "2025-11-15T15:42:39.090154"}