{"key": "daily_snapshot", "value": {"day": 0, "customers": 4884294321413774138460172476, "mrr": 2.5749792581781095e-32, "total_revenue": 7.827191553977371, "conversion_rate": 6.079188628876974e+20, "churn_rate": 0.05, "average_price": 5.271957602736712e-60, "daily_visitors": 0, "new_customers": 610210802263415031540482048, "churned_customers": 295267131334377727961595904}, "generation": 0, "timestamp": "2025-11-15T04:55:53.532455"}