{"key": "daily_snapshot", "value": {"day": 0, "customers": 266504949141412034139308821, "mrr": 2.0445481536342806e-32, "total_revenue": 2.963987135955569, "conversion_rate": 3.84369081351476e+19, "churn_rate": 0.05, "average_price": 7.671708012256871e-59, "daily_visitors": 0, "new_customers": 31317846944577050539720704, "churned_customers": 13171565114673065634037760}, "generation": 0, "timestamp": "2025-11-14T00:21:46.158014"}