{"key": "daily_snapshot", "value": {"day": 0, "customers": 171377852604553, "mrr": 4.463867166574739e-11, "total_revenue": 5.414632391491511, "conversion_rate": 21457834.550414227, "churn_rate": 0.05, "average_price": 2.6046931378437326e-25, "daily_visitors": 0, "new_customers": 22347884353985, "churned_customers": 10178794600653}, "generation": 0, "timestamp": "2025-11-13T21:59:36.138404"}