{"key": "daily_snapshot", "value": {"day": 0, "customers": 78722196936119610197, "mrr": 7.451811033444473e-20, "total_revenue": 7.593310615949716, "conversion_rate": 12237908421130.232, "churn_rate": 0.05, "average_price": 9.46595918745937e-40, "daily_visitors": 0, "new_customers": 12301036131839045632, "churned_customers": 5291315185655317504}, "generation": 0, "timestamp": "2025-11-14T18:36:27.277255"}