{"key": "daily_snapshot", "value": {"day": 0, "customers": 319288479910720036671293550562175724753875963124732896746866296774895430760276637286548370550130714838715250753790056728806166, "mrr": 3.1549893807351955e-198, "total_revenue": 8.73321624443256, "conversion_rate": 4.352883075974863e+118, "churn_rate": 0.05, "average_price": 1e-323, "daily_visitors": 0, "new_customers": 43928195618011228960149972072937937449175843494187936640391307005401614578597337308701081811538098342148059879338707762806784, "churned_customers": 11796704837267833029399792105275057581052455955164788821426220793206975536968483532068453519949253690710929730514029308280832}, "generation": 0, "timestamp": "2025-11-14T17:06:44.927279"}