{"key": "daily_snapshot", "value": {"day": 0, "customers": 4090866080237385811585305066318600497359756295246569107788756679841, "mrr": 1.2288900978535711e-98, "total_revenue": 4.323965768575599, "conversion_rate": 5.740020461644619e+59, "churn_rate": 0.05, "average_price": 3.0039851555890107e-165, "daily_visitors": 0, "new_customers": 432601421359662082801307070719229708571776794720285725827084058624, "churned_customers": 275936891776350028943875170228654996314128255434424301139456425984}, "generation": 0, "timestamp": "2025-11-14T14:21:20.297317"}