{"key": "daily_snapshot", "value": {"day": 0, "customers": 5304181942550960161643003224171150817297914501131301737819613281244250893089796, "mrr": 4.693012318228561e-120, "total_revenue": 4.445436838349596, "conversion_rate": 8.01708870287846e+71, "churn_rate": 0.05, "average_price": 8.84775893636019e-199, "daily_visitors": 0, "new_customers": 815778858072643526551845328895948720723635498866425273940575706675189502705664, "churned_customers": 351510812256727580431688697040591796913395888574975401784484090498678018539520}, "generation": 0, "timestamp": "2025-11-15T18:32:43.799201"}