{"key": "daily_snapshot", "value": {"day": 0, "customers": 9779325140094462857076431863191577246167865834585322597831227280159400386274394828062902316861290233945883562690300406085140249604, "mrr": 9.663257182464619e-194, "total_revenue": 4.445436838349596, "conversion_rate": 1.378914560029819e+123, "churn_rate": 0.05, "average_price": 1e-323, "daily_visitors": 0, "new_customers": 1106493837053537079995563321914647277436263411799696230301275760089990060732098495333454903351057754156687515938818309617187028992, "churned_customers": 672396201676360817797556303843714692688425882714144872950906437739847531928016377325640358760697466511313799148157408635638513664}, "generation": 0, "timestamp": "2025-11-15T18:56:06.739634"}