{"key": "daily_snapshot", "value": {"day": 0, "customers": 6550573403406834355764429130990149839467698080597940380253, "mrr": 4.788396499614442e-85, "total_revenue": 7.058512489256422, "conversion_rate": 7.76521067843541e+50, "churn_rate": 0.05, "average_price": 7.3098890810445435e-143, "daily_visitors": 0, "new_customers": 731886199145107776986132594014746598239051672598360358912, "churned_customers": 229489901354895850338107976967150485913864138875406909440}, "generation": 0, "timestamp": "2025-11-15T09:36:11.705410"}