{"key": "daily_snapshot", "value": {"day": 0, "customers": 21762306561932311687147130891064024996246511882829473614736482206977405763, "mrr": 3.6409103663248204e-112, "total_revenue": 3.6902796439842023, "conversion_rate": 2.7647618676206504e+66, "churn_rate": 0.05, "average_price": 1.6730351426505858e-185, "daily_visitors": 0, "new_customers": 2702268432747084463690673218451850849271625427483567261616274189806731264, "churned_customers": 1390414031128376227480664158037220069108684648055240535031987441653252096}, "generation": 0, "timestamp": "2025-11-14T01:34:43.759932"}