{"key": "daily_snapshot", "value": {"day": 0, "customers": 92, "mrr": 0.7288990951312331, "total_revenue": 2.173750873495424, "conversion_rate": 0.2948791035449763, "churn_rate": 0.05, "average_price": 0.007922816251426447, "daily_visitors": 46, "new_customers": 11, "churned_customers": 3}, "generation": 0, "timestamp": "2025-11-13T21:55:43.280394"}