{"key": "daily_snapshot", "value": {"day": 0, "customers": 23165523432933515312898850415931346839593419236701047938161341728, "mrr": 7.618343953805711e-96, "total_revenue": 2.640852054669741, "conversion_rate": 3.4850521850373645e+57, "churn_rate": 0.05, "average_price": 3.2886560823292296e-160, "daily_visitors": 0, "new_customers": 3545605300823838670485227642310304177664130074904006608660987904, "churned_customers": 1304369165370066832743823688441910395646996730000308785739988992}, "generation": 0, "timestamp": "2025-11-14T02:37:02.549881"}