{"key": "daily_snapshot", "value": {"day": 0, "customers": 69196458570291554012991038616513322268232401755912303162269039374664432494918757039161, "mrr": 1.6417420623293485e-129, "total_revenue": 8.82569014329087, "conversion_rate": 8.303181129662116e+78, "churn_rate": 0.05, "average_price": 2.3725810485830343e-215, "daily_visitors": 0, "new_customers": 7211917056063234550481556449605747239237642529235783489315668414393053593470253400064, "churned_customers": 4020224562998123266875061737778673731507227854428938081813356097665099061556240449536}, "generation": 0, "timestamp": "2025-11-13T12:11:34.748215"}