{"key": "daily_snapshot", "value": {"day": 0, "customers": 1067297534581591356838090577344903712860310171902697951014009579203639404498072014349885950949105615436259933, "mrr": 6.769210665016636e-171, "total_revenue": 7.058512489256422, "conversion_rate": 1.4999496024927886e+101, "churn_rate": 0.05, "average_price": 6.342383867372413e-279, "daily_visitors": 0, "new_customers": 132815225814292574407049730078853693560405470399972633481387079921723781686149860959305210011817163158978560, "churned_customers": 69834588124718955374536650076230051130012886277325431198741205245660325120247076736091716580542045805871104}, "generation": 0, "timestamp": "2025-11-15T11:37:38.095656"}