{"key": "daily_snapshot", "value": {"day": 0, "customers": 718352517212906094823458111787649726440688496003014, "mrr": 6.47919375886503e-73, "total_revenue": 3.6346456800791516, "conversion_rate": 8.846994534258233e+43, "churn_rate": 0.05, "average_price": 9.019518416951157e-124, "daily_visitors": 0, "new_customers": 91094407878463828098907143666304471198356568276992, "churned_customers": 40207550056842688071548872116834544807783992131584}, "generation": 0, "timestamp": "2025-11-13T15:03:16.872480"}