{"key": "daily_snapshot", "value": {"day": 0, "customers": 748264826598994013968531895222184456021103447531885798055487081021143086298215211578872272658338223741958121616628954842279, "mrr": 8.77412074143566e-196, "total_revenue": 7.010218214998832, "conversion_rate": 9.296173510972132e+115, "churn_rate": 0.05, "average_price": 1.172596e-318, "daily_visitors": 0, "new_customers": 104907750807983912621113498262997326258254282209934968333501458928763279912746708134997157969538708824891305283272143011840, "churned_customers": 45036251983746360601367692177154721649791565640234856734616207267852122448800762028100413361132852666151755023954883903488}, "generation": 0, "timestamp": "2025-11-15T00:16:10.252981"}