{"key": "daily_snapshot", "value": {"day": 0, "customers": 1062422522049527920795, "mrr": 4.079542303895887e-22, "total_revenue": 13.18914372001125, "conversion_rate": 153773633104262.8, "churn_rate": 0.05, "average_price": 3.839849230630022e-43, "daily_visitors": 0, "new_customers": 135496917959504887808, "churned_customers": 61461701941342175232}, "generation": 0, "timestamp": "2025-11-13T17:55:06.463525"}