{"key": "daily_snapshot", "value": {"day": 0, "customers": 2613708740335, "mrr": 1.694628923521959e-06, "total_revenue": 10.29872094420253, "conversion_rate": 414225.0839143458, "churn_rate": 0.05, "average_price": 6.4836180763766275e-19, "daily_visitors": 0, "new_customers": 318682368549, "churned_customers": 162809958430}, "generation": 0, "timestamp": "2025-11-14T03:13:44.446064"}