{"key": "daily_snapshot", "value": {"day": 0, "customers": 9664262642182562590893640776939605614879458471, "mrr": 3.4566369243415237e-65, "total_revenue": 7.010218214998832, "conversion_rate": 1.3657081930507673e+39, "churn_rate": 0.05, "average_price": 3.576720803565498e-111, "daily_visitors": 0, "new_customers": 1177175702810968966239906782765737822333698048, "churned_customers": 496826833523830436299674307473400617437757440}, "generation": 0, "timestamp": "2025-11-14T23:40:18.687167"}