{"key": "daily_snapshot", "value": {"day": 0, "customers": 27131241755888472579575255378223165466129293981855529584311850820214249720345212626, "mrr": 7.047115746744369e-128, "total_revenue": 7.180499208388138, "conversion_rate": 3.62327087587345e+75, "churn_rate": 0.05, "average_price": 2.5974173280199706e-210, "daily_visitors": 0, "new_customers": 3192674120493222409436773940320477398600397889377234186822395313831795792738779136, "churned_customers": 1002107181428222880707476339311641743992986287549328983633420387052679606835347456}, "generation": 0, "timestamp": "2025-11-15T19:36:08.691677"}