{"key": "daily_snapshot", "value": {"day": 0, "customers": 424956358945343755146626723688907087847555, "mrr": 1.0963803246164937e-55, "total_revenue": 4.596591164332845, "conversion_rate": 5.645951573101241e+34, "churn_rate": 0.05, "average_price": 2.5799833360241725e-97, "daily_visitors": 0, "new_customers": 60553364655253116037812584830852847894528, "churned_customers": 27625956110468089315091741092990421041152}, "generation": 0, "timestamp": "2025-11-14T12:07:12.491270"}