{"key": "daily_snapshot", "value": {"day": 0, "customers": 26977292239693853174125765817752841614451812166875196995822963730512806775662012000892506068373210125168, "mrr": 5.4809136715737246e-160, "total_revenue": 7.626819946521412, "conversion_rate": 4.480893594701112e+96, "churn_rate": 0.05, "average_price": 2.0316767238445143e-263, "daily_visitors": 0, "new_customers": 4360799992283723382233169214845468247855093279881514695080994847948090429859484002825362234147470311424, "churned_customers": 1290553355785780421910105793977201407572125288052536649316651603379027524133568902659506087330668609536}, "generation": 0, "timestamp": "2025-11-15T02:08:54.449381"}