{"key": "daily_snapshot", "value": {"day": 0, "customers": 226495069916710966929328325142099368208593928980441734113230586748625367303818011344490916271170111594450732237841259308830920256, "mrr": 2.238068659965162e-195, "total_revenue": 4.61627280770732, "conversion_rate": 2.7463045765738625e+121, "churn_rate": 0.05, "average_price": 1e-323, "daily_visitors": 0, "new_customers": 23662423552092611670389506250321705000353121845576907070030482280329058815221127378688720171984561313280336631096498243789389824, "churned_customers": 8414162483922508531296026920156188556478052827196515107823267961353669007656808489114378461653572407474023751030109743662235648}, "generation": 0, "timestamp": "2025-11-15T17:53:57.481080"}