{"key": "daily_snapshot", "value": {"day": 0, "customers": 599517058788, "mrr": 5.656387132263661e-06, "total_revenue": 4.263664750659425, "conversion_rate": 73856.0833092253, "churn_rate": 0.05, "average_price": 9.43490606205396e-18, "daily_visitors": 0, "new_customers": 64411915641, "churned_customers": 14379308451}, "generation": 0, "timestamp": "2025-11-15T14:57:24.933926"}