{"key": "daily_snapshot", "value": {"day": 0, "customers": 4955877251430967255183651398160162769986, "mrr": 6.6746455741587366e-52, "total_revenue": 7.574353924996814, "conversion_rate": 7.850144608304344e+32, "churn_rate": 0.05, "average_price": 1.3468141431936172e-91, "daily_visitors": 0, "new_customers": 814363074829032238277568927942307741696, "churned_customers": 192578171840819893873292067673961660416}, "generation": 0, "timestamp": "2025-11-14T10:38:19.133473"}