{"key": "daily_snapshot", "value": {"day": 0, "customers": 373975395888235088926867307521580619855626683577632, "mrr": 6.588042911524484e-73, "total_revenue": 2.640852054669741, "conversion_rate": 5.429536205620455e+43, "churn_rate": 0.05, "average_price": 1.7616246908107727e-123, "daily_visitors": 0, "new_customers": 48248234272368587173851365658711642032270827585536, "churned_customers": 9603851269189054397480638614125695119599731736576}, "generation": 0, "timestamp": "2025-11-14T02:30:41.963058"}