{"key": "daily_snapshot", "value": {"day": 0, "customers": 11378917051007790495671407197851954956912841045761698675602350328226290936433671560760092178968900185261061963595, "mrr": 5.122613104533943e-181, "total_revenue": 5.241512577835226, "conversion_rate": 1.6004662526029747e+105, "churn_rate": 0.05, "average_price": 4.501845897611365e-293, "daily_visitors": 0, "new_customers": 1340370674404926552385118618116628617389700577149041198185453988365400187114575066862278475718382129081156108288, "churned_customers": 482150565074508084613782764387107257457000187408630726916560599496405127089288059198524399496093833112435294208}, "generation": 0, "timestamp": "2025-11-13T20:43:39.861724"}