{"key": "daily_snapshot", "value": {"day": 0, "customers": 1845303774772194944357974827834649377563810319239928329750413639041526002028225234795502, "mrr": 4.950714255922818e-136, "total_revenue": 4.058738603221899, "conversion_rate": 2.426140257295146e+80, "churn_rate": 0.05, "average_price": 2.6828722314481743e-223, "daily_visitors": 0, "new_customers": 234836081756168668290211764057833267321261353909232428496494701104916557908679994638336, "churned_customers": 111775396091368990943832427056077582484236876882785674486491604290665851540529823612928}, "generation": 0, "timestamp": "2025-11-14T15:32:29.753537"}