{"key": "daily_snapshot", "value": {"day": 0, "customers": 1435117297459867562110724930591685087233875459, "mrr": 4.780491714720988e-65, "total_revenue": 11.37579680016544, "conversion_rate": 1.6782100617728808e+38, "churn_rate": 0.05, "average_price": 3.331080827457361e-110, "daily_visitors": 0, "new_customers": 121126227370506407661478479866226424915427328, "churned_customers": 57085420825317982094965378799272301189660672}, "generation": 0, "timestamp": "2025-11-14T05:31:46.221730"}