{"key": "daily_snapshot", "value": {"day": 0, "customers": 1005375049004358563504141226670834637826270203307076053542010938336768509129110805411134185903139574588669831915278, "mrr": 3.620834831936877e-179, "total_revenue": 5.934471667464104, "conversion_rate": 1.2223709000751274e+107, "churn_rate": 0.05, "average_price": 3.601476718089092e-293, "daily_visitors": 0, "new_customers": 124032118730547920079722587531021937340711798592693718289717617169107384336370982019471702169390253856489893527552, "churned_customers": 62709266170429522787909013387265818769076667344851842334772353177675526475285938989489963610042008582654712086528}, "generation": 0, "timestamp": "2025-11-14T18:19:07.953241"}