{"key": "daily_snapshot", "value": {"day": 0, "customers": 5797168437523824537788, "mrr": 1.9121411524980382e-22, "total_revenue": 7.827191553977371, "conversion_rate": 689495176459677.6, "churn_rate": 0.05, "average_price": 3.298405373425343e-44, "daily_visitors": 0, "new_customers": 755763198113574027264, "churned_customers": 293228902618099089408}, "generation": 0, "timestamp": "2025-11-15T04:53:09.469555"}