{"key": "daily_snapshot", "value": {"day": 0, "customers": 453696507313775306103680207974017026207281654618465891352693828174904021872, "mrr": 1.273474917423162e-111, "total_revenue": 7.626819946521412, "conversion_rate": 6.237564652171907e+67, "churn_rate": 0.05, "average_price": 2.8068871963839698e-186, "daily_visitors": 0, "new_customers": 59519122223495212219891699844477788209855206802065172503856398570251878400, "churned_customers": 29107530909600131195653873603110457276251435594337656129855132739599073280}, "generation": 0, "timestamp": "2025-11-15T01:55:33.900821"}