{"key": "daily_snapshot", "value": {"day": 0, "customers": 14941926731801, "mrr": 2.9279502198194266e-08, "total_revenue": 5.25099881555053, "conversion_rate": 1903870.9147801907, "churn_rate": 0.05, "average_price": 1.959553324262962e-21, "daily_visitors": 0, "new_customers": 1822221328308, "churned_customers": 972855000658}, "generation": 0, "timestamp": "2025-11-14T21:48:33.987110"}