{"key": "daily_snapshot", "value": {"day": 0, "customers": 1092481258461716851097843282525819670275082352114499203678110766618640259743, "mrr": 7.342740843799598e-117, "total_revenue": 3.5615064647863135, "conversion_rate": 1.4343178360543945e+68, "churn_rate": 0.05, "average_price": 6.7211595502687564e-192, "daily_visitors": 0, "new_customers": 122596192502355989395260945829844732669678424698669473662174037849430556672, "churned_customers": 58196124792865419776102356070237472079908659292874452590083726075741863936}, "generation": 0, "timestamp": "2025-11-13T12:08:27.659688"}