{"key": "daily_snapshot", "value": {"day": 0, "customers": 2698333863626549220549795187809182376591218306179886051835758188878506566373009170618391376388776017364475817938015492385, "mrr": 1.790786925101436e-190, "total_revenue": 9.426328809042326, "conversion_rate": 4.28250566119429e+113, "churn_rate": 0.05, "average_price": 6.636639554657e-311, "daily_visitors": 0, "new_customers": 395355407152206234300617163462216768220980368979681404910727031877379906097862801610180660976504857839079301389941211136, "churned_customers": 164190325761480943717317227367934345993133671292560829451586937747303074154019290460798874553467611694942404599636557824}, "generation": 0, "timestamp": "2025-11-15T12:44:21.016182"}