{"key": "daily_snapshot", "value": {"day": 0, "customers": 209342703168606728229612859868772197862815358673567917929511386684500446759838984136719882210845874278873585163900105249439896626084296, "mrr": 2.068580756863001e-189, "total_revenue": 4.843910136547377, "conversion_rate": 2.873874357683657e+127, "churn_rate": 0.05, "average_price": 1e-323, "daily_visitors": 0, "new_customers": 29835018212691910667611340553134193464854587224143396427522439682969951230425156338253830158054552669752652116453302850344029696032768, "churned_customers": 9152840230887764781494097521218203532170316281814163980503318373678641144668463187422331607594333448037655596305173820356199572307968}, "generation": 0, "timestamp": "2025-11-14T07:32:24.692251"}