{"key": "daily_snapshot", "value": {"day": 0, "customers": 16440449142932568942984009173974333471203844667647997509722625128943561447567741741173689018257617960041633, "mrr": 3.021601611452438e-165, "total_revenue": 4.323965768575599, "conversion_rate": 2.410317259910173e+99, "churn_rate": 0.05, "average_price": 1.83790697272487e-271, "daily_visitors": 0, "new_customers": 1899636957986475744634319935626112453793345730227067527144820847643166648036661433873184030454041800605696, "churned_customers": 845327099016465492488108374160357159501506040407823908893302082158728341667943167876049008920345542918144}, "generation": 0, "timestamp": "2025-11-14T14:39:41.874639"}