{"key": "daily_snapshot", "value": {"day": 0, "customers": 415039000519809494668101990670620652791634102608911922775207, "mrr": 5.8117768162892654e-89, "total_revenue": 7.010218214998832, "conversion_rate": 5.102689300629773e+52, "churn_rate": 0.05, "average_price": 1.4002965526156316e-148, "daily_visitors": 0, "new_customers": 60097733356571561033241171175452090868113805253008607412224, "churned_customers": 23016074824737366356499064808609696322107213143676500836352}, "generation": 0, "timestamp": "2025-11-14T23:46:46.515280"}