{"key": "daily_snapshot", "value": {"day": 0, "customers": 1283011072861611148778, "mrr": 6.612329088892112e-23, "total_revenue": 5.620306961549841, "conversion_rate": 164616660839978.28, "churn_rate": 0.05, "average_price": 5.153758395977097e-44, "daily_visitors": 0, "new_customers": 172578210345117024256, "churned_customers": 33591934075765788672}, "generation": 0, "timestamp": "2025-11-15T02:32:08.453375"}