{"key": "daily_snapshot", "value": {"day": 0, "customers": 123194158822196013124883832460975686823, "mrr": 6.862275284742639e-51, "total_revenue": 7.010218214998832, "conversion_rate": 1.5769630578059704e+31, "churn_rate": 0.05, "average_price": 5.570292739809882e-89, "daily_visitors": 0, "new_customers": 12205828966808073352465183908189700096, "churned_customers": 5185885245955398619912397697836908544}, "generation": 0, "timestamp": "2025-11-14T23:36:28.646010"}