{"key": "daily_snapshot", "value": {"day": 0, "customers": 2334047466104991256771830131530874506306201451734380726574001147994887597857057, "mrr": 4.0727092549006e-117, "total_revenue": 9.426328809042326, "conversion_rate": 3.292225677458603e+71, "churn_rate": 0.05, "average_price": 1.7449127809285945e-195, "daily_visitors": 0, "new_customers": 269649524392746668848302297295727441662808944257529719755333495644392167309312, "churned_customers": 134502166856779788428981049578350576025590130505155872419661072006382104870912}, "generation": 0, "timestamp": "2025-11-15T12:24:20.718520"}