{"key": "daily_snapshot", "value": {"day": 0, "customers": 1878659725129432300334248361781123589363860280294169963259738829828565221515094228404373851963965752086, "mrr": 6.403576852026612e-162, "total_revenue": 8.73321624443256, "conversion_rate": 2.2133713462756885e+95, "churn_rate": 0.05, "average_price": 3.408587923811179e-264, "daily_visitors": 0, "new_customers": 226859262299005926652566387850193535905670253534997875860503880581922841424581054109791443544465997824, "churned_customers": 98181070092098954074095020890633930517282712054722273591807402351493180507824069028084431085579010048}, "generation": 0, "timestamp": "2025-11-14T16:42:21.182311"}