{"key": "daily_snapshot", "value": {"day": 0, "customers": 327973173113144819900, "mrr": 4.166897640906517e-20, "total_revenue": 7.827191553977371, "conversion_rate": 51316612853293.07, "churn_rate": 0.05, "average_price": 1.2704995354815234e-40, "daily_visitors": 0, "new_customers": 41813933334270771200, "churned_customers": 14103667039385493504}, "generation": 0, "timestamp": "2025-11-15T04:52:32.308377"}