{"key": "daily_snapshot", "value": {"day": 0, "customers": 2638806509565448739427818, "mrr": 8.454352787027286e-29, "total_revenue": 5.620306961549841, "conversion_rate": 3.585863668364802e+17, "churn_rate": 0.05, "average_price": 3.2038547564518193e-53, "daily_visitors": 0, "new_customers": 331400907244683743199232, "churned_customers": 106646007112163716497408}, "generation": 0, "timestamp": "2025-11-15T02:33:43.947296"}