{"key": "daily_snapshot", "value": {"day": 0, "customers": 3242758645456313537037322644960993400346396108487027648459293660650, "mrr": 5.3036131134688e-103, "total_revenue": 5.620306961549841, "conversion_rate": 4.402968063579876e+59, "churn_rate": 0.05, "average_price": 1.6355250863027113e-169, "daily_visitors": 0, "new_customers": 411832571088203908905548451004533097571625692145121650020701962240, "churned_customers": 207301240176514771932989074314202232870407900413799906747499937792}, "generation": 0, "timestamp": "2025-11-15T03:12:30.478046"}