{"key": "daily_snapshot", "value": {"day": 0, "customers": 309321137523402553982468550627469841211779177943592611521895719309194152920238838517482663, "mrr": 1.017416544507746e-139, "total_revenue": 7.010218214998832, "conversion_rate": 4.852380688837529e+82, "churn_rate": 0.05, "average_price": 3.289191785125808e-229, "daily_visitors": 0, "new_customers": 40300108997249128165273594278140794562588580738675760757173592713838742446489702936608768, "churned_customers": 16414087482371379026573202718380654138429873685773585704746330379392820763913259969413120}, "generation": 0, "timestamp": "2025-11-15T00:00:42.434674"}