{"key": "daily_snapshot", "value": {"day": 0, "customers": 2256387792355046664397239287519718033464738890282845018031226672102436769119039832854, "mrr": 1.2172365391951851e-129, "total_revenue": 8.73321624443256, "conversion_rate": 3.1886902404707814e+77, "churn_rate": 0.05, "average_price": 5.3946247330328166e-214, "daily_visitors": 0, "new_customers": 262757857017669840167015855878255626740538165435841023472493073586963489763539025920, "churned_customers": 118490964317017962755320546475238097528646931570199615847062043723873275752415756288}, "generation": 0, "timestamp": "2025-11-14T16:33:40.907179"}