{"key": "daily_snapshot", "value": {"day": 0, "customers": 97179674015233648834543664279561498281782616942949895664109966213638945827563742551997466923378509310794213531, "mrr": 3.6031907942517506e-174, "total_revenue": 13.18914372001125, "conversion_rate": 1.2936490369351547e+103, "churn_rate": 0.05, "average_price": 3.7077617626983633e-284, "daily_visitors": 0, "new_customers": 9733658781432261681738785308671003519095645272647649159045725568815945012528202524250896476127607090298486784, "churned_customers": 3463430833986088687336024681542003564959277853269400461179438848821679693565923640067309293073739433713336320}, "generation": 0, "timestamp": "2025-11-13T18:36:46.950799"}