{"key": "daily_snapshot", "value": {"day": 0, "customers": 309092899570890986991476785897126857112773436380148982708041064878295727219942526454616718945243839160378195559413079818305326143, "mrr": 3.0542436610287164e-195, "total_revenue": 2.4762944740981485, "conversion_rate": 4.295467593780257e+121, "churn_rate": 0.05, "average_price": 1e-323, "daily_visitors": 0, "new_customers": 48054685707786428055279678589321833742821149223626110570008095915322450571732928645126504489193045577940408718541892847113601024, "churned_customers": 9043179488493545748635559295245546061427445559819322213928906329571035282461805603522684038182856900764257117770359842151596032}, "generation": 0, "timestamp": "2025-11-13T16:42:39.482948"}