{"key": "daily_snapshot", "value": {"day": 0, "customers": 15431768940759092420269865329693561117079661154815813498934218032357996876827399182096053912883000210109495049198, "mrr": 2.6501253394639117e-180, "total_revenue": 4.058738603221899, "conversion_rate": 1.9440062803175945e+105, "churn_rate": 0.05, "average_price": 1.717317923588319e-292, "daily_visitors": 0, "new_customers": 1904810961750455676357548127393955524115809322381684703430002734920631991923352746785987134635695728419093348352, "churned_customers": 947176911081881751031540170730809616884222632895083252238919014212348356045608424019524227328476788822198190080}, "generation": 0, "timestamp": "2025-11-14T15:46:08.586439"}