{"key": "daily_snapshot", "value": {"day": 0, "customers": 95505961069778963097219187864448657444732353763199646649190272684892824748858110591162837, "mrr": 1.6083836036160627e-140, "total_revenue": 5.250998821828405, "conversion_rate": 1.2457711183959972e+82, "churn_rate": 0.05, "average_price": 1.684066193984414e-229, "daily_visitors": 0, "new_customers": 13485494634646433172061215303433441932639586063976226353248561788591586111525877736013824, "churned_customers": 5944195766903256843153527170681346007061828410156961333452771607619152702634491230814208}, "generation": 0, "timestamp": "2025-11-14T22:24:31.693704"}