{"key": "daily_snapshot", "value": {"day": 0, "customers": 34394109277059846268542990034, "mrr": 6.31822921561774e-36, "total_revenue": 7.180499208388138, "conversion_rate": 4.524884515091244e+21, "churn_rate": 0.05, "average_price": 1.8370091124388757e-64, "daily_visitors": 0, "new_customers": 4553763786294051625022521344, "churned_customers": 1282020590977146972564094976}, "generation": 0, "timestamp": "2025-11-15T19:10:40.869669"}