{"key": "daily_snapshot", "value": {"day": 0, "customers": 1264142129069886448438969787309365818247714204577450352884713584947388, "mrr": 5.7634496498432646e-105, "total_revenue": 7.827191553977371, "conversion_rate": 1.7680093196417227e+62, "churn_rate": 0.05, "average_price": 4.5591785269302105e-174, "daily_visitors": 0, "new_customers": 163912748911689504536826689291580246678439958401694448260525416513536, "churned_customers": 79176256798126792779117342258359098698266810909662637362386411978752}, "generation": 0, "timestamp": "2025-11-15T05:15:36.967778"}