{"key": "daily_snapshot", "value": {"day": 0, "customers": 1752127671313720332595695712074307409245349190186373992890214158961436223172536392265270972957908907859035828344332886713518, "mrr": 3.2414801624133725e-192, "total_revenue": 14.069439877331755, "conversion_rate": 2.2858058239894954e+116, "churn_rate": 0.05, "average_price": 1.850025095e-315, "daily_visitors": 0, "new_customers": 235962905139933499220378233452305243604164108664679333697058117745011143995835773811310667048867159756634011818681807405056, "churned_customers": 43090273782654958346507102934663138768258687903603776685802169594264283907802103261644973729196463847604472693498163757056}, "generation": 0, "timestamp": "2025-11-15T13:46:25.550115"}