{"key": "daily_snapshot", "value": {"day": 0, "customers": 868651995948966601867692342433, "mrr": 1.8397417850103567e-36, "total_revenue": 4.323965768575599, "conversion_rate": 1.225902066255778e+23, "churn_rate": 0.05, "average_price": 2.1179273098895196e-66, "daily_visitors": 0, "new_customers": 101524948530050684075676532736, "churned_customers": 58662194792063982731375149056}, "generation": 0, "timestamp": "2025-11-14T14:04:15.565821"}