{"key": "daily_snapshot", "value": {"day": 0, "customers": 4627354063, "mrr": 0.044513435904110964, "total_revenue": 6.956207636405209, "conversion_rate": 645.7271012538653, "churn_rate": 0.05, "average_price": 9.619630419041691e-12, "daily_visitors": 0, "new_customers": 618290080, "churned_customers": 316653341}, "generation": 0, "timestamp": "2025-11-14T04:13:36.360879"}