{"key": "daily_snapshot", "value": {"day": 0, "customers": 276599522539889555401944229432593850079443240366692063011125215335593152787318393312972796346689958723, "mrr": 1.1082722866806172e-158, "total_revenue": 3.6902796439842023, "conversion_rate": 3.542353878079601e+94, "churn_rate": 0.05, "average_price": 4.006775848721101e-260, "daily_visitors": 0, "new_customers": 29725166381892071054745552399082996669788289230106727076699376226217879486129641454728055541720940544, "churned_customers": 10590045499174308016076703457073755611819419741610996276523426410893205028434224864103811406909931520}, "generation": 0, "timestamp": "2025-11-14T01:53:10.644649"}