{"key": "daily_snapshot", "value": {"day": 0, "customers": 1008583680574554278445935151038948707387279505121875907776100791279940492440922328642430373074726451893368320201611652346798075101897, "mrr": 9.966130950560173e-192, "total_revenue": 3.6905216285399813, "conversion_rate": 1.3501877203081928e+125, "churn_rate": 0.05, "average_price": 1e-323, "daily_visitors": 0, "new_customers": 105980054330944258817503595348552590907807096011508598486337337626747706276410871918130779394816573792011966748718797709526685450240, "churned_customers": 65858906744673523517145670996299664558660016207493810859828184112574673966953322149974067878230266999803452077897321295434351640576}, "generation": 0, "timestamp": "2025-11-15T04:43:15.523884"}