{"key": "daily_snapshot", "value": {"day": 0, "customers": 5848520, "mrr": 3.941894682044113, "total_revenue": 2.989035393607762, "conversion_rate": 10.76899024424478, "churn_rate": 0.05, "average_price": 6.739986666787689e-07, "daily_visitors": 4, "new_customers": 2845416, "churned_customers": 360653}, "generation": 0, "timestamp": "2025-11-13T11:05:31.002842"}