{"key": "daily_snapshot", "value": {"day": 0, "customers": 68438733107994523984041191623043557191807954337957290647950163624771520605111880651880718419986272986286, "mrr": 1.7380672633114924e-159, "total_revenue": 14.069439877331755, "conversion_rate": 9.194899706118163e+96, "churn_rate": 0.05, "average_price": 2.5395959048056425e-263, "daily_visitors": 0, "new_customers": 8472888043987229240352690007277440805666287970770324763173858993322524210587436224824614016752688300032, "churned_customers": 1871369103748503796085248075087772951432942835686301384377479179068287257432653303890371024899373268992}, "generation": 0, "timestamp": "2025-11-15T13:37:17.878995"}