{"key": "daily_snapshot", "value": {"day": 0, "customers": 118851570783042707970540329785841978369990148734480718717388822295938755303884263825925674169787877906971809, "mrr": 1.0315449068163688e-166, "total_revenue": 4.323965768575599, "conversion_rate": 1.6659547610631213e+100, "churn_rate": 0.05, "average_price": 8.679270286628352e-274, "daily_visitors": 0, "new_customers": 13312622705632631243696943364874574995749258664538874062679561217096098011915905138882785985375899855355904, "churned_customers": 3963882762181360168570348471596994543242427850127821363151648338809787340406168531651754047332159468863488}, "generation": 0, "timestamp": "2025-11-14T14:40:05.982015"}