{"key": "daily_snapshot", "value": {"day": 0, "customers": 1271021230899925110890394845061575845779618616, "mrr": 8.965577891720908e-63, "total_revenue": 8.385937104373125, "conversion_rate": 1.8056363202161333e+38, "churn_rate": 0.05, "average_price": 7.053838027058747e-108, "daily_visitors": 0, "new_customers": 180222634784591890582026945831166701727645696, "churned_customers": 79953515629908611834578162336208589095436288}, "generation": 0, "timestamp": "2025-11-13T12:55:03.150989"}