{"key": "daily_snapshot", "value": {"day": 0, "customers": 175559985999722303702495481658122221121372271026992199, "mrr": 1.5380755819458766e-79, "total_revenue": 8.531929138055917, "conversion_rate": 2.926969016811453e+46, "churn_rate": 0.05, "average_price": 8.760968925734076e-133, "daily_visitors": 0, "new_customers": 24467211830319110940094020176810856290899962791723008, "churned_customers": 9054883296885626314457556672879426829501831317553152}, "generation": 0, "timestamp": "2025-11-13T11:27:14.327326"}