{"key": "daily_snapshot", "value": {"day": 0, "customers": 166811659522402121312204692235989330286161512076010154471382901378111, "mrr": 4.577238147543132e-102, "total_revenue": 2.4762944740981485, "conversion_rate": 2.3434893744412898e+61, "churn_rate": 0.05, "average_price": 2.7439557646319246e-170, "daily_visitors": 0, "new_customers": 22285882644303388250661346724403041065527371590630160331699587645440, "churned_customers": 11043557108704605770057875445014839220463246122528640553713278124032}, "generation": 0, "timestamp": "2025-11-13T16:14:38.966126"}