{"key": "daily_snapshot", "value": {"day": 0, "customers": 21346378234338660458321151138334600662632551104904045992947858150026890949102134740778105049979169, "mrr": 1.1114012316641386e-150, "total_revenue": 9.426328809042326, "conversion_rate": 2.7830332739298135e+90, "churn_rate": 0.05, "average_price": 5.206509598318149e-248, "daily_visitors": 0, "new_customers": 2806876171797021991709928228033799521307779364202037300931095081456360219272689539443988098973696, "churned_customers": 945906392187847208262282827132916201337483159677833939048744980938216337080647062576312791072768}, "generation": 0, "timestamp": "2025-11-15T12:33:27.868089"}