{"key": "daily_snapshot", "value": {"day": 0, "customers": 14205669478053157812400603259055445892960690339088707074249705268644809645089688268282144005635, "mrr": 3.595831037182897e-147, "total_revenue": 11.37579680016544, "conversion_rate": 2.413079781751788e+87, "churn_rate": 0.05, "average_price": 2.531264748020657e-241, "daily_visitors": 0, "new_customers": 1957565681548875517811953808598172661507721160385809297706569773755672694730384463718581796864, "churned_customers": 612425833118067908253585450571165182735490460277646262376405218650807643208028775876013326336}, "generation": 0, "timestamp": "2025-11-14T06:12:37.223918"}