{"key": "daily_snapshot", "value": {"day": 0, "customers": 5933928939789612519905037984969296014726670035135267781170848796036105931752813883856443240430959777, "mrr": 9.929288809771726e-155, "total_revenue": 4.323965768575599, "conversion_rate": 7.0362420893745e+92, "churn_rate": 0.05, "average_price": 1.6733076702674113e-254, "daily_visitors": 0, "new_customers": 598180990854579004108553149506660926965786871803432603974072969048245491810244801923756864873431040, "churned_customers": 232505708366627503232783474708747216343772248065820504314136693952981728017429537057932636778921984}, "generation": 0, "timestamp": "2025-11-14T14:36:45.951831"}