{"key": "daily_snapshot", "value": {"day": 0, "customers": 181454963247993489386903354077408954625, "mrr": 2.4676691024969895e-50, "total_revenue": 6.966800923949336, "conversion_rate": 2.6324447083465403e+31, "churn_rate": 0.05, "average_price": 1.3599347509301468e-88, "daily_visitors": 0, "new_customers": 24072119924968396466621994084390141952, "churned_customers": 6974083974949053641097034321406984192}, "generation": 0, "timestamp": "2025-11-14T04:26:52.761444"}