{"key": "daily_snapshot", "value": {"day": 0, "customers": 1647210455304842241947077754362281891366230815511836058688356502956345287400377549510644061040, "mrr": 3.400928132332714e-142, "total_revenue": 7.626819946521412, "conversion_rate": 2.1877000989269682e+86, "churn_rate": 0.05, "average_price": 2.0646591462432884e-235, "daily_visitors": 0, "new_customers": 184477213111745289310803987443199633116372003928273429784233572433894891400841748439503994880, "churned_customers": 86326764927345828190082281756954544423834525792865122292406807238202593070961849314798731264}, "generation": 0, "timestamp": "2025-11-15T02:04:03.767578"}