{"key": "daily_snapshot", "value": {"day": 0, "customers": 148308525988330907966412201464956728458202168317827318003120432053031500525020112902999103, "mrr": 1.878995745565237e-136, "total_revenue": 2.4762944740981485, "conversion_rate": 1.9818433000682464e+82, "churn_rate": 0.05, "average_price": 1.266950590361257e-225, "daily_visitors": 0, "new_customers": 21220002441475764667447756812280218208454485763677245160072244626058741220673174361866240, "churned_customers": 4308041339675056994632388149779891587917407417478445063423589682882803552234364286795776}, "generation": 0, "timestamp": "2025-11-13T16:24:12.682675"}