{"key": "daily_snapshot", "value": {"day": 0, "customers": 77080305053801129580263142036309385474481192496123968933733461981824385269968463390230451985475672917, "mrr": 1.4726805911141645e-158, "total_revenue": 7.593310615949716, "conversion_rate": 1.0850848129360278e+94, "churn_rate": 0.05, "average_price": 1.910579609261083e-259, "daily_visitors": 0, "new_customers": 10571221838052967624551077962761474231872551770613870226769069758214307010518520361415421199040643072, "churned_customers": 2212847431154044328417986190989731381056993246451252519240509454139703558310753723280695990002122752}, "generation": 0, "timestamp": "2025-11-14T19:14:24.432821"}