{"key": "daily_snapshot", "value": {"day": 0, "customers": 104296019343034773446949070455002280143391689129126835488362490678179542553999020915471535193227935788436208599251699321209523090, "mrr": 1.0305816031077524e-195, "total_revenue": 5.414632391501176, "conversion_rate": 1.4857347624393127e+121, "churn_rate": 0.05, "average_price": 1e-323, "daily_visitors": 0, "new_customers": 13302420549306872790039479747450684055727655431094004698578819491248714349551560148689464478448602638162242790718025247016091648, "churned_customers": 4423946571014964850068340348480249649894985269508448270373642235182084126656709684741088863289503335417172792833939969903951872}, "generation": 0, "timestamp": "2025-11-14T00:08:12.884255"}