{"key": "daily_snapshot", "value": {"day": 0, "customers": 171514011298816, "mrr": 1.0157722687701564e-09, "total_revenue": 3.6905216283106657, "conversion_rate": 23269762.501552474, "churn_rate": 0.05, "average_price": 5.9223865215329405e-24, "daily_visitors": 0, "new_customers": 20264052837308, "churned_customers": 8353252460164}, "generation": 0, "timestamp": "2025-11-15T03:48:29.832948"}