{"key": "daily_snapshot", "value": {"day": 0, "customers": 4460093453195110046422947900967048092238613, "mrr": 4.667780273128907e-58, "total_revenue": 2.963987135955569, "conversion_rate": 5.677065780972624e+35, "churn_rate": 0.05, "average_price": 1.0465655758367609e-100, "daily_visitors": 0, "new_customers": 595414022162653550851787013126610495733760, "churned_customers": 249912362143319127313224265651469470924800}, "generation": 0, "timestamp": "2025-11-14T00:28:59.748615"}