{"key": "daily_snapshot", "value": {"day": 0, "customers": 1354890304797443092991663155469431, "mrr": 1.141678766150984e-42, "total_revenue": 3.0646080228541357, "conversion_rate": 1.6769814766639023e+26, "churn_rate": 0.05, "average_price": 8.426355713879477e-76, "daily_visitors": 0, "new_customers": 160661488730395776340876433817600, "churned_customers": 32266353485993453043908721246208}, "generation": 0, "timestamp": "2025-11-14T20:56:48.571057"}