{"key": "daily_snapshot", "value": {"day": 0, "customers": 6309155621223507743444516412981073290632817516704924561930717136913991937, "mrr": 6.821292624706887e-110, "total_revenue": 6.966800923949336, "conversion_rate": 8.808885038966613e+65, "churn_rate": 0.05, "average_price": 1.0811736204066025e-182, "daily_visitors": 0, "new_customers": 805242725585716781933512637954334502615120330313397042289328149969764352, "churned_customers": 406649589072762304186010089060265402764660246028149971356567772472541184}, "generation": 0, "timestamp": "2025-11-14T04:43:08.613259"}