{"key": "daily_snapshot", "value": {"day": 0, "customers": 9708455818903636631438025, "mrr": 3.888060294149594e-28, "total_revenue": 3.6905216285399813, "conversion_rate": 1.3206125307192315e+18, "churn_rate": 0.05, "average_price": 4.0048184455647736e-53, "daily_visitors": 0, "new_customers": 1095963161807312312598528, "churned_customers": 608727225930097121820672}, "generation": 0, "timestamp": "2025-11-15T03:53:32.338723"}