{"key": "daily_snapshot", "value": {"day": 0, "customers": 1916519607048870921949479927067459, "mrr": 3.3867486339516727e-43, "total_revenue": 3.6902796439842023, "conversion_rate": 2.5675258786174506e+26, "churn_rate": 0.05, "average_price": 1.767134873807378e-76, "daily_visitors": 0, "new_customers": 249934839331891175508479355912192, "churned_customers": 67332682118051754067779662118912}, "generation": 0, "timestamp": "2025-11-14T01:15:53.484975"}