{"key": "daily_snapshot", "value": {"day": 0, "customers": 36736826996164235310143643902425168457359477648178449298, "mrr": 6.225488264287992e-80, "total_revenue": 5.414632391501176, "conversion_rate": 4.872149897678876e+48, "churn_rate": 0.05, "average_price": 1.6946178462658215e-135, "daily_visitors": 0, "new_customers": 5408698799720609922645943150699571127751269692693544960, "churned_customers": 2117745884353548457501197277173068637497852848959913984}, "generation": 0, "timestamp": "2025-11-13T22:18:37.250616"}