{"key": "daily_snapshot", "value": {"day": 0, "customers": 268926650129751326394348377961966831694096456076349874784879936013332282239031428506567, "mrr": 4.300450336512852e-136, "total_revenue": 4.928703564447977, "conversion_rate": 3.2970833086419493e+79, "churn_rate": 0.05, "average_price": 1.5991164633322795e-222, "daily_visitors": 0, "new_customers": 33670038306067401190414433795793579741973396952903864837651321576443476003856677076992, "churned_customers": 16190756204885459044543249975740327539119212681563485095053813461766734134341049253888}, "generation": 0, "timestamp": "2025-11-15T06:39:07.969473"}