{"key": "daily_snapshot", "value": {"day": 0, "customers": 609176931524168111198602172833793388125194185504253023339381335794269, "mrr": 5.0519636448484025e-104, "total_revenue": 7.058512489256422, "conversion_rate": 7.760175972346405e+61, "churn_rate": 0.05, "average_price": 8.293097429359854e-173, "daily_visitors": 0, "new_customers": 78966229915245515722811896694330393624506443645025525837435542437888, "churned_customers": 36427007174095346588371530151841216607737111345781666246815310151680}, "generation": 0, "timestamp": "2025-11-15T10:24:16.856795"}