{"key": "daily_snapshot", "value": {"day": 0, "customers": 4392157372891163703323352958962842431108005879797336791529702173093401761972867166054293951451648256986542579947692645495, "mrr": 3.874588664696452e-194, "total_revenue": 3.0646080228541357, "conversion_rate": 6.533331861536824e+113, "churn_rate": 0.05, "average_price": 8.821607096e-315, "daily_visitors": 0, "new_customers": 590292730691031755346881778270352476343724240617719770474457706028670580291147073787479609551053416030223770917242142720, "churned_customers": 125230947324045923242594380184462959713359688817759175118638622943070934444014351443363196471841213211014244031612846080}, "generation": 0, "timestamp": "2025-11-14T21:38:07.372073"}