{"key": "daily_snapshot", "value": {"day": 0, "customers": 2455947259599412591686727, "mrr": 2.795452157493507e-27, "total_revenue": 8.531929138055917, "conversion_rate": 3.3518283256508966e+17, "churn_rate": 0.05, "average_price": 1.1382378618136413e-51, "daily_visitors": 0, "new_customers": 330396520342159238365184, "churned_customers": 125982273022239669485568}, "generation": 0, "timestamp": "2025-11-13T11:13:14.534470"}