{"key": "daily_snapshot", "value": {"day": 0, "customers": 665076666222758138360508135, "mrr": 1.4501534875041152e-30, "total_revenue": 3.180859164035811, "conversion_rate": 1.0721529370138924e+20, "churn_rate": 0.05, "average_price": 2.180430559592669e-57, "daily_visitors": 0, "new_customers": 92646472907169015294590976, "churned_customers": 37999520436043500828491776}, "generation": 0, "timestamp": "2025-11-14T08:44:11.272654"}