{"key": "daily_snapshot", "value": {"day": 0, "customers": 1163394862764926764623008339354618902317610522737615116962367077356744900914510130168984506369471451212528486698457111199, "mrr": 2.00449460430129e-194, "total_revenue": 3.5615064647863135, "conversion_rate": 1.7028776641723335e+113, "churn_rate": 0.05, "average_price": 1.7229701355e-314, "daily_visitors": 0, "new_customers": 148722181420671964494477338268164254518384863903253666075417283496043450875098172882508641802656590172793538461814489088, "churned_customers": 49885966977883385905611273607010228586506696645541994697566999099511222602359241946511124243672637746067940453059133440}, "generation": 0, "timestamp": "2025-11-13T12:29:37.595915"}