{"key": "daily_snapshot", "value": {"day": 0, "customers": 19600345944139705046256065842464217091168150098932692130645, "mrr": 6.766034557035835e-87, "total_revenue": 7.593310615949716, "conversion_rate": 2.7354113698900823e+51, "churn_rate": 0.05, "average_price": 3.4519975189819585e-145, "daily_visitors": 0, "new_customers": 2330364102610661917179336310100243730799733530625950351360, "churned_customers": 1056178585841225070523456580626908985933652252193321910272}, "generation": 0, "timestamp": "2025-11-14T18:54:39.889137"}