{"key": "daily_snapshot", "value": {"day": 0, "customers": 174406959551754344298171709545613744406060964678673065749717, "mrr": 6.527465109941998e-84, "total_revenue": 5.438023679800494, "conversion_rate": 2.4202052292450745e+52, "churn_rate": 0.05, "average_price": 3.7426632094948065e-143, "daily_visitors": 0, "new_customers": 19968689948017509763823469462741605734450033731904049512448, "churned_customers": 4755593452210949160639536755971947310269358961771180720128}, "generation": 0, "timestamp": "2025-11-14T19:55:26.091052"}