{"key": "daily_snapshot", "value": {"day": 0, "customers": 5042280802468, "mrr": 1.4378191711648077e-07, "total_revenue": 3.1808591315738086, "conversion_rate": 704541.1812379308, "churn_rate": 0.05, "average_price": 2.851525386013907e-20, "daily_visitors": 0, "new_customers": 594417834168, "churned_customers": 194999023470}, "generation": 0, "timestamp": "2025-11-14T08:37:46.520250"}