{"key": "daily_snapshot", "value": {"day": 0, "customers": 51284654, "mrr": 4.639341587869463, "total_revenue": 2.901388553121453, "conversion_rate": 16.89866936789718, "churn_rate": 0.05, "average_price": 9.04625697166537e-08, "daily_visitors": 0, "new_customers": 15360069, "churned_customers": 2851567}, "generation": 0, "timestamp": "2025-11-15T16:58:27.717536"}