{"key": "daily_snapshot", "value": {"day": 0, "customers": 255781037473609092890917632138193955465645953213580129957159494366891582142456503059832606989084135653632687161, "mrr": 8.225843186881712e-172, "total_revenue": 8.82569014329087, "conversion_rate": 3.80853502777735e+103, "churn_rate": 0.05, "average_price": 3.2159706865409973e-282, "daily_visitors": 0, "new_customers": 37060122446603667532059392788476874109777778948823007553674331269386117471870331053837673143663561997836877824, "churned_customers": 14067058041014598237487532007007649178090349385871302485419328534631623441559265706015201280653513284321804288}, "generation": 0, "timestamp": "2025-11-13T12:23:06.905497"}