{"key": "daily_snapshot", "value": {"day": 0, "customers": 229311374623373359657366155268448797004506457893510081809122802864562574519633000286250090226684880270742275016611856560145722859882753, "mrr": 2.2658974480408197e-189, "total_revenue": 6.966800923949336, "conversion_rate": 3.061996878982824e+127, "churn_rate": 0.05, "average_price": 1e-323, "daily_visitors": 0, "new_customers": 27507981899732529953764066694173538867469251065131922307022984118165536436941266502915373228082794590171812842698798512546772942848000, "churned_customers": 5595205812161138203157738081733554031486284129047796220722727269144679373850876272917531406475385991063201884118903709026438657081344}, "generation": 0, "timestamp": "2025-11-14T05:11:41.068956"}