{"key": "daily_snapshot", "value": {"day": 0, "customers": 3637786299768433483103650, "mrr": 7.459160921259751e-29, "total_revenue": 8.401501509864964, "conversion_rate": 4.903041121270617e+17, "churn_rate": 0.05, "average_price": 2.0504670441291646e-53, "daily_visitors": 0, "new_customers": 421457808349381275942912, "churned_customers": 209007051010417075683328}, "generation": 0, "timestamp": "2025-11-14T13:00:51.763304"}