{"key": "daily_snapshot", "value": {"day": 0, "customers": 101118917466409794504, "mrr": 6.126000293229489e-20, "total_revenue": 4.843910136547377, "conversion_rate": 13462007178219.072, "churn_rate": 0.05, "average_price": 6.0582138799739974e-40, "daily_visitors": 0, "new_customers": 13214669855766925312, "churned_customers": 5270073315642906624}, "generation": 0, "timestamp": "2025-11-14T06:38:56.551398"}