{"key": "daily_snapshot", "value": {"day": 0, "customers": 251194725399874494920819002705775781028125540718537375502522039714, "mrr": 3.901114185525562e-97, "total_revenue": 8.401501509864964, "conversion_rate": 2.9629714219534026e+58, "churn_rate": 0.05, "average_price": 1.5530239256876974e-162, "daily_visitors": 0, "new_customers": 30674839284022880841969961313421220679138525343404544464408018944, "churned_customers": 7119720868585226704188833554291882221559927545571482172909420544}, "generation": 0, "timestamp": "2025-11-14T13:19:42.801307"}