{"key": "daily_snapshot", "value": {"day": 0, "customers": 646840128237758130384972526744647, "mrr": 3.248754149998882e-42, "total_revenue": 8.531929138055917, "conversion_rate": 9.15932110948799e+25, "churn_rate": 0.05, "average_price": 5.022499390768691e-75, "daily_visitors": 0, "new_customers": 81891368793355122488065388445696, "churned_customers": 39993525619525028769673445900288}, "generation": 0, "timestamp": "2025-11-13T11:17:16.321853"}