{"key": "daily_snapshot", "value": {"day": 0, "customers": 1723722400983218772547703, "mrr": 2.2840757156436027e-26, "total_revenue": 8.055065502431749, "conversion_rate": 2.4653924234445533e+17, "churn_rate": 0.05, "average_price": 1.3250832699863714e-50, "daily_visitors": 0, "new_customers": 236448346300829394796544, "churned_customers": 118131627411418455736320}, "generation": 0, "timestamp": "2025-11-13T16:55:05.159881"}