{"key": "daily_snapshot", "value": {"day": 0, "customers": 8883708929812772231125443207207463267196530721219461833890727815481381111378030947857999641251211656639773166658, "mrr": 1.0898493769088881e-169, "total_revenue": 7.574353924996814, "conversion_rate": 1.0885528145110868e+105, "churn_rate": 0.05, "average_price": 1.226795458427809e-281, "daily_visitors": 0, "new_customers": 959640006390559631987885590100947963528798694214413361325317511729026676882538049163952682033654344949002403840, "churned_customers": 283534374565076429722564729991191100535855636695249222584322839281490968868924363841355386822824862065664983040}, "generation": 0, "timestamp": "2025-11-14T11:35:59.673099"}