{"key": "daily_snapshot", "value": {"day": 0, "customers": 16118195411207126868224253926037859296659917890, "mrr": 2.3843598965226686e-62, "total_revenue": 7.574353924996814, "conversion_rate": 2.101202836189176e+39, "churn_rate": 0.05, "average_price": 1.4792970526122309e-108, "daily_visitors": 0, "new_customers": 1794421485253858749502168840426063709238984704, "churned_customers": 1064123357452560728166164310485176559064842240}, "generation": 0, "timestamp": "2025-11-14T10:41:14.833279"}