{"key": "daily_snapshot", "value": {"day": 0, "customers": 33844082990921476469663619141236497781722327118012, "mrr": 9.4064677165651e-71, "total_revenue": 7.827191553977371, "conversion_rate": 4.8869559979138927e+42, "churn_rate": 0.05, "average_price": 2.779353696505337e-120, "daily_visitors": 0, "new_customers": 3724397119842230047480204053571626517829500534784, "churned_customers": 1719360863442423689910607808875475502901091106816}, "generation": 0, "timestamp": "2025-11-15T05:06:18.886545"}