{"key": "daily_snapshot", "value": {"day": 0, "customers": 59840554075499758738105760750, "mrr": 2.8816872080692847e-36, "total_revenue": 4.058738603221899, "conversion_rate": 8.589341310269605e+21, "churn_rate": 0.05, "average_price": 4.815609167711768e-65, "daily_visitors": 0, "new_customers": 7463357902645599831129587712, "churned_customers": 3535970969465048251284586496}, "generation": 0, "timestamp": "2025-11-14T15:05:09.665806"}