{"key": "daily_snapshot", "value": {"day": 0, "customers": 26270670778327781702175046000381191796721751704378975979598572563441255229808998642338658733886479859120261671207650922920942, "mrr": 2.5958871849554557e-199, "total_revenue": 4.058738603221899, "conversion_rate": 3.434662893672277e+117, "churn_rate": 0.05, "average_price": 1e-323, "daily_visitors": 0, "new_customers": 3224230322675659078483551077250939580102150236271553806024008585434824662165119158436591124977642011906150528004983047061504, "churned_customers": 1626837340202933338258255888153834268984840313560471396387068037147180870836384318336159097196771066581249820688031896567808}, "generation": 0, "timestamp": "2025-11-14T15:52:04.641307"}