{"key": "daily_snapshot", "value": {"day": 0, "customers": 1308432372, "mrr": 0.22894957231892593, "total_revenue": 5.199654969620097, "conversion_rate": 182.29073061698267, "churn_rate": 0.05, "average_price": 1.749800579826421e-10, "daily_visitors": 0, "new_customers": 143274594, "churned_customers": 69192041}, "generation": 0, "timestamp": "2025-11-14T21:46:40.506760"}