{"key": "daily_snapshot", "value": {"day": 0, "customers": 705337102070344788828716971424223393238079072827623053465574011255955587, "mrr": 2.937397028827369e-107, "total_revenue": 4.596591164332845, "conversion_rate": 9.034332671457879e+64, "churn_rate": 0.05, "average_price": 4.16452930124526e-179, "daily_visitors": 0, "new_customers": 76886805006767240462674194747090355358394317286766282293869160651816960, "churned_customers": 36034432486161742704852901261715079359849736251829336765589973358346240}, "generation": 0, "timestamp": "2025-11-14T12:21:21.180494"}