{"key": "daily_snapshot", "value": {"day": 0, "customers": 14592846602020207505223517067623315655833693943745744477101562822424752129929783704642995094496455703536823709520002052, "mrr": 8.5646439872188e-185, "total_revenue": 4.445436838349596, "conversion_rate": 2.0138068156634162e+111, "churn_rate": 0.05, "average_price": 5.869070114142861e-303, "daily_visitors": 0, "new_customers": 2054901609676990640287161733391611092124280576782627839949498388869125578703122535560089408466433016169557573259755520, "churned_customers": 611832392067614035831541330383941229120352896533176451968910825424247141569236507827877989385881372210847671023304704}, "generation": 0, "timestamp": "2025-11-15T18:50:45.291051"}