{"key": "daily_snapshot", "value": {"day": 0, "customers": 38598641969820765994520662683458168706154957236067642126830622195359235, "mrr": 3.619659561777373e-110, "total_revenue": 11.37579680016544, "conversion_rate": 5.458048358093625e+63, "churn_rate": 0.05, "average_price": 9.377686304630841e-181, "daily_visitors": 0, "new_customers": 5080156053031210165221026932963529808125091790182652666605651275808768, "churned_customers": 2531432592529974734839448554216925038723719666341555725521334789210112}, "generation": 0, "timestamp": "2025-11-14T06:02:08.905156"}