{"key": "daily_snapshot", "value": {"day": 0, "customers": 1467816152832502165829918472326033457428523115166649182136939057501056046397471567967257741116535961920340, "mrr": 6.133881338357804e-165, "total_revenue": 7.997332640408474, "conversion_rate": 2.1966212259785944e+98, "churn_rate": 0.05, "average_price": 4.178916635111975e-270, "daily_visitors": 0, "new_customers": 214067218745515071606423198846823902831468190716134367681479241839809129155176173534483864992294776078336, "churned_customers": 37551575769298382161000897062058187576717997007121439044038579639203647355801823673591783303366750240768}, "generation": 0, "timestamp": "2025-11-15T16:42:33.956974"}