{"key": "daily_snapshot", "value": {"day": 0, "customers": 48691909328839560869309594424, "mrr": 6.664356674188803e-35, "total_revenue": 8.385937104373125, "conversion_rate": 6.350681858340917e+21, "churn_rate": 0.05, "average_price": 1.3686784449509343e-63, "daily_visitors": 0, "new_customers": 7214814150778491904104333312, "churned_customers": 3201293885961735314910216192}, "generation": 0, "timestamp": "2025-11-13T12:47:23.367097"}