{"key": "daily_snapshot", "value": {"day": 0, "customers": 4095397356287072677976391799425795274030932035297539454099745833339801784673986937181279984444065066727, "mrr": 3.1740278181697093e-160, "total_revenue": 3.180859164035811, "conversion_rate": 5.547407029203309e+95, "churn_rate": 0.05, "average_price": 7.750231643083625e-263, "daily_visitors": 0, "new_customers": 552230075583696591677076756741127979746954860308311453563744133341776782906538809916589570502651019264, "churned_customers": 235888718295498097898982820076356522013354338750662125521282810230738856473211639436760511585097613312}, "generation": 0, "timestamp": "2025-11-14T09:28:57.668628"}