{"key": "daily_snapshot", "value": {"day": 0, "customers": 2307055413578293709084374801468147223836823821166834554587424974912077537976948337307279993861476143763752766470483990886856, "mrr": 7.614109976979374e-197, "total_revenue": 4.843910136547377, "conversion_rate": 3.423856061223658e+116, "churn_rate": 0.05, "average_price": 3.3004e-320, "daily_visitors": 0, "new_customers": 287462247481435214343417639479168577164284943540825846493959210735916265459720823794034722869512032030578648032553755213824, "churned_customers": 113508589930563247932392625704538066360551691575487989763778909948936101961666416085834209288140700471370401410694472794112}, "generation": 0, "timestamp": "2025-11-14T07:27:22.242405"}