{"key": "daily_snapshot", "value": {"day": 0, "customers": 50855186222776195391437839578866570990758759009324147836279737217375073268288576609940852572682775459650581957231573998, "mrr": 6.591944149326793e-192, "total_revenue": 4.058738603221899, "conversion_rate": 6.50840957497698e+111, "churn_rate": 0.05, "average_price": 1.29621866301897e-310, "daily_visitors": 0, "new_customers": 6324202283798546149326460667031026595676328870261973241104948517169001540742604371167392786195125946384928127930335232, "churned_customers": 2827726578635777523029987161385366471040394110647963395884694136167621927375252525876794688348816692471154343449460736}, "generation": 0, "timestamp": "2025-11-14T15:49:16.867459"}