{"key": "daily_snapshot", "value": {"day": 0, "customers": 94171647540557319653721119288323081835648446185683667817501067985479976534205469798409780659134628028956306380266, "mrr": 2.7132559689712725e-180, "total_revenue": 5.620306961549841, "conversion_rate": 1.163990807617886e+106, "churn_rate": 0.05, "average_price": 2.8811813744712736e-293, "daily_visitors": 0, "new_customers": 11162514402961131345948915141393897248972120771389214220307039143235734761745100757514201082164210038619554971648, "churned_customers": 3935353617762669633915911659726568341250107133957364117059056897859414534050843026806173209041980261339825700864}, "generation": 0, "timestamp": "2025-11-15T03:33:54.377933"}