{"key": "daily_snapshot", "value": {"day": 0, "customers": 264044798037800232410997237169593916280435501217060316255352425665752409741968124156193, "mrr": 4.96338834621537e-132, "total_revenue": 9.426328809042326, "conversion_rate": 3.4953558684661154e+79, "churn_rate": 0.05, "average_price": 1.8797523689540057e-218, "daily_visitors": 0, "new_customers": 34318185909447966888097596644516343490794133060429061243033102058196187042916323033088, "churned_customers": 11892192181110436682380933834541187302658675666238937006109451872927282248953991528448}, "generation": 0, "timestamp": "2025-11-15T12:28:18.941634"}