{"key": "daily_snapshot", "value": {"day": 0, "customers": 4233276377441341127439796166, "mrr": 1.917071845209126e-33, "total_revenue": 3.6346456800791516, "conversion_rate": 5.751110598097657e+20, "churn_rate": 0.05, "average_price": 4.52857709793055e-61, "daily_visitors": 0, "new_customers": 508917705563384046143143936, "churned_customers": 244253689203587806444650496}, "generation": 0, "timestamp": "2025-11-13T14:52:27.202164"}