{"key": "daily_snapshot", "value": {"day": 0, "customers": 5739990153830624271590478635265710118643006859154608732535507831016428, "mrr": 1.071908448425387e-104, "total_revenue": 3.8452002827692775, "conversion_rate": 8.988468065740425e+62, "churn_rate": 0.05, "average_price": 1.8674395246306147e-174, "daily_visitors": 0, "new_customers": 704924047746717643521261917288451969705430101875742099105332890435584, "churned_customers": 168433221852418255806656461089547765875472200679346919540480762970112}, "generation": 0, "timestamp": "2025-11-13T14:10:54.330041"}