{"key": "daily_snapshot", "value": {"day": 0, "customers": 187200364451309706399, "mrr": 2.972974700967011e-20, "total_revenue": 3.5615064647863135, "conversion_rate": 24997891381344.64, "churn_rate": 0.05, "average_price": 1.5881244193519042e-40, "daily_visitors": 0, "new_customers": 20851929424832008192, "churned_customers": 5460010684230760448}, "generation": 0, "timestamp": "2025-11-13T11:42:18.818836"}