{"key": "daily_snapshot", "value": {"day": 0, "customers": 3187608230388694970494936691352746314193867016295545157943071924029936997242637903843094827435660987455, "mrr": 1.7142330730546433e-158, "total_revenue": 2.4762944740981485, "conversion_rate": 3.9518989701001376e+95, "churn_rate": 0.05, "average_price": 5.37780351020618e-261, "daily_visitors": 0, "new_customers": 401816634451454284698717730637493305914945116967642191852615770493219999547401296285166529121632649216, "churned_customers": 166608880274560919732675776340614391490405476447654231959918149657540762343709986945396925979976269824}, "generation": 0, "timestamp": "2025-11-13T16:30:19.063396"}