{"key": "daily_snapshot", "value": {"day": 0, "customers": 1616938272323012044795240894551613526210067705575, "mrr": 1.5014400636828564e-66, "total_revenue": 3.180859164035811, "conversion_rate": 2.1038530034065938e+41, "churn_rate": 0.05, "average_price": 9.285698096104667e-115, "daily_visitors": 0, "new_customers": 195417492553405960917455689909871074017972060160, "churned_customers": 109527632507611328763998627869942640934064750592}, "generation": 0, "timestamp": "2025-11-14T08:54:05.721012"}