{"key": "daily_snapshot", "value": {"day": 0, "customers": 45975026696412386351618489027002860235672880075887791184263614248658, "mrr": 4.133795906608413e-103, "total_revenue": 7.180499208388138, "conversion_rate": 6.317728724297955e+60, "churn_rate": 0.05, "average_price": 8.991394249545895e-171, "daily_visitors": 0, "new_customers": 6011302300875920387404640255705105708667390631045654771806259642368, "churned_customers": 2429198856964070526723747745694006633457632952530496005671225393152}, "generation": 0, "timestamp": "2025-11-15T19:29:11.694781"}