{"key": "daily_snapshot", "value": {"day": 0, "customers": 666066274977913227805128669749170844626867823444, "mrr": 1.1141707934818128e-68, "total_revenue": 7.997332640408474, "conversion_rate": 8.842888244382271e+40, "churn_rate": 0.05, "average_price": 1.672762659419678e-116, "daily_visitors": 0, "new_customers": 86036119663929551512576742937510773767547125760, "churned_customers": 29945438093183706021253922670666866285418119168}, "generation": 0, "timestamp": "2025-11-15T16:15:47.247370"}