{"key": "daily_snapshot", "value": {"day": 0, "customers": 88576958442317789552950441729597413720131021409346148539931826701819237954052846716560212, "mrr": 2.0216231748353232e-138, "total_revenue": 7.997332640408474, "conversion_rate": 1.2675882493881402e+82, "churn_rate": 0.05, "average_price": 2.282335282659118e-227, "daily_visitors": 0, "new_customers": 9852705078357427062777147675117928735582789943471303110038693820889870759774396629385216, "churned_customers": 3957720392256045406270180595338159065952041576099931255843697754801613078643617164165120}, "generation": 0, "timestamp": "2025-11-15T16:35:08.243271"}