{"key": "daily_snapshot", "value": {"day": 0, "customers": 10839286281783744968662461617719406499168717549996165373886503457298368427322313740910236899572520220577236698872369714703103974519, "mrr": 1.07106379545353e-193, "total_revenue": 3.0646080228541357, "conversion_rate": 1.4289141544852175e+123, "churn_rate": 0.05, "average_price": 1e-323, "daily_visitors": 0, "new_customers": 1536950734770384808609499552263587007097282858452368637132214229658807552151738516876675810901377180755695531305668163361346420736, "churned_customers": 501868663016945930982786286596758023593090509483290363468604569402928777778414861125080878876532339902159471416895005867531829248}, "generation": 0, "timestamp": "2025-11-14T21:42:28.990074"}