{"key": "daily_snapshot", "value": {"day": 0, "customers": 219258210128780868627669, "mrr": 7.690407635205748e-25, "total_revenue": 5.438023679800494, "conversion_rate": 3.281410799513056e+16, "churn_rate": 0.05, "average_price": 3.507466211043501e-48, "daily_visitors": 0, "new_customers": 32921654871980129648640, "churned_customers": 13232601520931008937984}, "generation": 0, "timestamp": "2025-11-14T19:39:02.179188"}