{"key": "daily_snapshot", "value": {"day": 0, "customers": 648139628098968407373247732705343973765321107877353114063705, "mrr": 4.989516074537611e-90, "total_revenue": 4.2636659399133805, "conversion_rate": 8.863264395550924e+52, "churn_rate": 0.05, "average_price": 7.698211709677674e-150, "daily_visitors": 0, "new_customers": 75918529133705079289912135820533026066992328212774675021824, "churned_customers": 23779775743090614676079564630511211006182914371201934557184}, "generation": 0, "timestamp": "2025-11-15T15:20:24.318469"}