{"key": "daily_snapshot", "value": {"day": 0, "customers": 2744224784104476121369088504858864350789816330886472655339911019524, "mrr": 6.141968455202357e-98, "total_revenue": 4.445436838349596, "conversion_rate": 3.595255060181259e+59, "churn_rate": 0.05, "average_price": 2.238143351367868e-164, "daily_visitors": 0, "new_customers": 367130225533862955201613921746468389775342505861573221862386696192, "churned_customers": 156947476641643570256843490216116935120894707765094460908902547456}, "generation": 0, "timestamp": "2025-11-15T18:26:46.571083"}