{"key": "daily_snapshot", "value": {"day": 0, "customers": 52228906668458217571459924, "mrr": 1.23470574253073e-29, "total_revenue": 7.997332640408474, "conversion_rate": 7.978893406872699e+18, "churn_rate": 0.05, "average_price": 2.364027549664153e-55, "daily_visitors": 0, "new_customers": 6810552885194297909968896, "churned_customers": 1351246756073745617518592}, "generation": 0, "timestamp": "2025-11-15T16:05:13.910533"}