{"key": "daily_snapshot", "value": {"day": 0, "customers": 2150819017945463810696365363822113425701115884911601445144431598758903523669261079665546419543555, "mrr": 1.6295612820508926e-150, "total_revenue": 11.37579680016544, "conversion_rate": 3.030989190341071e+89, "churn_rate": 0.05, "average_price": 7.576468631040401e-247, "daily_visitors": 0, "new_customers": 254086819069429931657624753860575577817339632389067751640968134975842001320149227895718613614592, "churned_customers": 47053352448445610468383751006693583292456573114715138403296663264588222894846083352734765940736}, "generation": 0, "timestamp": "2025-11-14T06:13:34.511663"}