{"key": "daily_snapshot", "value": {"day": 0, "customers": 31264196722671868834696866010946968712220018489796338196948256141914995694, "mrr": 4.4930597624881847e-113, "total_revenue": 4.058738603221899, "conversion_rate": 3.963502717089793e+66, "churn_rate": 0.05, "average_price": 1.4371262445485928e-186, "daily_visitors": 0, "new_customers": 3711637908734118296255321495320594060892362334086697371352953987155361792, "churned_customers": 1494422987257747560048598991019014076366838411763086594072290467118055424}, "generation": 0, "timestamp": "2025-11-14T15:26:09.175758"}