{"key": "daily_snapshot", "value": {"day": 0, "customers": 1549938717517436642774571570518981247938075203084029892627278331723, "mrr": 2.1987304813054498e-101, "total_revenue": 5.241512577835226, "conversion_rate": 1.9246739041424961e+59, "churn_rate": 0.05, "average_price": 1.4185918813791517e-167, "daily_visitors": 0, "new_customers": 191191888377941900023876894811356152795078640955143530146823143424, "churned_customers": 77061906253030386094173031804082267925272580789960941477063294976}, "generation": 0, "timestamp": "2025-11-13T19:17:46.613102"}