{"key": "daily_snapshot", "value": {"day": 0, "customers": 1691335290424427469024673020442105584469, "mrr": 4.777132509156823e-53, "total_revenue": 7.593310615949716, "conversion_rate": 2.147956964181093e+32, "churn_rate": 0.05, "average_price": 2.8244739740267813e-92, "daily_visitors": 0, "new_customers": 222192860377730086415850833627349778432, "churned_customers": 68061822830079368065835960177103208448}, "generation": 0, "timestamp": "2025-11-14T18:45:31.454050"}