{"key": "daily_snapshot", "value": {"day": 0, "customers": 1777918368784479349931107386572172014248388883724744, "mrr": 2.0044959338859214e-72, "total_revenue": 4.843910136547377, "conversion_rate": 2.3313055061253652e+44, "churn_rate": 0.05, "average_price": 1.1274398021188946e-123, "daily_visitors": 0, "new_customers": 211904393235456617169226875600181090540936476229632, "churned_customers": 69534731437378175451862923494404272183187863502848}, "generation": 0, "timestamp": "2025-11-14T06:53:24.329799"}