{"key": "daily_snapshot", "value": {"day": 0, "customers": 41904585844482009742136, "mrr": 8.760626252728245e-25, "total_revenue": 8.385937104373125, "conversion_rate": 5753771536670844.0, "churn_rate": 0.05, "average_price": 2.0906127757093302e-47, "daily_visitors": 0, "new_customers": 5644452574917111578624, "churned_customers": 1589260062718209032192}, "generation": 0, "timestamp": "2025-11-13T12:44:35.796674"}