{"key": "daily_snapshot", "value": {"day": 0, "customers": 7758278050074898369893928145525949205007917827494203214359786865184105888750, "mrr": 4.4791891472344656e-117, "total_revenue": 4.058738603221899, "conversion_rate": 1.0735570486889743e+69, "churn_rate": 0.05, "average_price": 5.773432091920479e-193, "daily_visitors": 0, "new_customers": 852068815124038543468268838115780997910048624428033498146175668894734221312, "churned_customers": 226382631656328625321435689385004873624518746367353146033156650343728152576}, "generation": 0, "timestamp": "2025-11-14T15:27:15.416557"}