{"key": "daily_snapshot", "value": {"day": 0, "customers": 7182591424387777932160689749666428962126183224, "mrr": 4.673006364304254e-64, "total_revenue": 8.385937104373125, "conversion_rate": 8.964722785039412e+38, "churn_rate": 0.05, "average_price": 6.506017241127657e-110, "daily_visitors": 0, "new_customers": 802337124621184990196233454976991900622389248, "churned_customers": 346344130839246799281379177949999947979948032}, "generation": 0, "timestamp": "2025-11-13T12:55:24.239030"}