{"key": "daily_snapshot", "value": {"day": 0, "customers": 16272417817967421148809525585849407340605663663336455244243685239287373097879385749960, "mrr": 2.2789922313342707e-132, "total_revenue": 4.843910136547377, "conversion_rate": 2.3704689628520694e+78, "churn_rate": 0.05, "average_price": 1.4005246527150312e-217, "daily_visitors": 0, "new_customers": 2615442418970571627044694707892417980757890455529007532269250358202023034590718853120, "churned_customers": 977893507242688651897432089208877500600228720757659640231314444959215126833038098432}, "generation": 0, "timestamp": "2025-11-14T07:09:37.963453"}