{"key": "daily_snapshot", "value": {"day": 0, "customers": 9804466182287736866900884905938502023712367709072728506913664968452242396906406478483647367109362621955, "mrr": 1.7110725134520874e-161, "total_revenue": 11.37579680016544, "conversion_rate": 1.4579826667210958e+96, "churn_rate": 0.05, "average_price": 1.745197016991324e-264, "daily_visitors": 0, "new_customers": 1077564982745897020580379008967861800300311599980502144337483885891847118527286563641735808464122281984, "churned_customers": 386640705704956667518388037067602726413829818016131981653881291850705874975653689516484620000566444032}, "generation": 0, "timestamp": "2025-11-14T06:16:37.494156"}