{"key": "daily_snapshot", "value": {"day": 0, "customers": 86997643131237671533401187343367924845373456008650243, "mrr": 7.09838837464224e-79, "total_revenue": 11.37579680016544, "conversion_rate": 1.259106025794901e+46, "churn_rate": 0.05, "average_price": 8.159288136040858e-132, "daily_visitors": 0, "new_customers": 11682061564463780830354240325900238313607071528910848, "churned_customers": 2674851071256385680674757217211065639916214054551552}, "generation": 0, "timestamp": "2025-11-14T05:35:30.388059"}