{"key": "daily_snapshot", "value": {"day": 0, "customers": 6076977509044494164273630429580966390673471800101036787350263416375110945645402868906212433762967878315530709691490871054, "mrr": 1.4190106829445945e-191, "total_revenue": 5.934471667464104, "conversion_rate": 7.653185164465359e+113, "churn_rate": 0.05, "average_price": 2.335059955105e-312, "daily_visitors": 0, "new_customers": 649027511610960127400444769763976242096535300443119295546483492056163896984730953385877045083543263398262644341496348672, "churned_customers": 325097482658128010743979340416400546809564239349094383289826405172030291570312629963277554004891472473180259200918355968}, "generation": 0, "timestamp": "2025-11-14T18:22:26.770361"}