{"key": "daily_snapshot", "value": {"day": 0, "customers": 297068345620841236936, "mrr": 6.332144022329175e-21, "total_revenue": 4.843910136547377, "conversion_rate": 31046462059990.188, "churn_rate": 0.05, "average_price": 2.1315445134673194e-41, "daily_visitors": 0, "new_customers": 33150971900210757632, "churned_customers": 17598942759582517248}, "generation": 0, "timestamp": "2025-11-14T06:39:11.603695"}