{"key": "daily_snapshot", "value": {"day": 0, "customers": 1309340282389066007183779825782308756903222412647154, "mrr": 4.195619422043322e-71, "total_revenue": 10.298721371422412, "conversion_rate": 1.7590361541438204e+44, "churn_rate": 0.05, "average_price": 3.2043766456095397e-122, "daily_visitors": 0, "new_customers": 177435734225313691936993358761143038467907461840896, "churned_customers": 66540838802495934152865099830050946755576874401792}, "generation": 0, "timestamp": "2025-11-14T03:31:34.306281"}