{"key": "daily_snapshot", "value": {"day": 0, "customers": 997979806019086020618368427529715792542702, "mrr": 3.187412446166454e-58, "total_revenue": 4.058738603221899, "conversion_rate": 1.3725127014217446e+35, "churn_rate": 0.05, "average_price": 3.1938646723533957e-100, "daily_visitors": 0, "new_customers": 135832636466820855422927567440133593497600, "churned_customers": 62221675644568665726513946712459247091712}, "generation": 0, "timestamp": "2025-11-14T15:11:14.394808"}