{"key": "daily_snapshot", "value": {"day": 0, "customers": 159957206767965055862191174993728679474120198508416757716167536388604725585175294873077387866954956404330319926907095030196653323285575, "mrr": 1.5805872133755293e-189, "total_revenue": 8.531929138055917, "conversion_rate": 2.2595912696918366e+127, "churn_rate": 0.05, "average_price": 1e-323, "daily_visitors": 0, "new_customers": 18091724734463026837237675995656826702723425514221433099245968144731978114125532995945176314076657538951124739687125322872169078718464, "churned_customers": 8494952133896013692289239735614538885315761005543856418071712189408289786726885658031702066866346942563915617301924715687408870359040}, "generation": 0, "timestamp": "2025-11-13T12:05:04.430097"}