{"key": "daily_snapshot", "value": {"day": 0, "customers": 19806490594679322065079625307901188218462800549119582728543069764252731678407469570337, "mrr": 7.342578784980354e-130, "total_revenue": 9.426328809042326, "conversion_rate": 2.6815875482172243e+78, "churn_rate": 0.05, "average_price": 3.7071578884109904e-215, "daily_visitors": 0, "new_customers": 2031207593522147605991697723463354207643498789340959837520577613172152728852675690496, "churned_customers": 1114413276905617683425790795459092284224355387905031100310899999748460183990992633856}, "generation": 0, "timestamp": "2025-11-15T12:27:44.731305"}