{"key": "daily_snapshot", "value": {"day": 0, "customers": 2189065979882509972385258195476937281724361384278189686253640161608533366863852279885961280930, "mrr": 3.5808555310427316e-145, "total_revenue": 8.401501509864964, "conversion_rate": 3.221800236928267e+86, "churn_rate": 0.05, "average_price": 1.635791503751258e-238, "daily_visitors": 0, "new_customers": 259707091273597202394399772263683445019819051444190276006685894219935845538356666330867826688, "churned_customers": 78512487795475225935073915388268632447996281322541030893304890309611105751309497206677962752}, "generation": 0, "timestamp": "2025-11-14T13:32:51.108229"}