{"key": "daily_snapshot", "value": {"day": 0, "customers": 32250208776025081369011052500686534050369247274596300418977850442334976104787870828506626572337411535600713651314434877801522656313130041, "mrr": 3.186744045488374e-187, "total_revenue": 8.82569014329087, "conversion_rate": 4.428227026826706e+129, "churn_rate": 0.05, "average_price": 1e-323, "daily_visitors": 0, "new_customers": 4099864564819185750388860198318690722095942089008685408422192700611225141365911479438843396703458346278654232797432096056301375776096256, "churned_customers": 731409419495178085297091008087552018324626704811579138896999915779501554129102030458329029568832891533163895712428252466845865702588416}, "generation": 0, "timestamp": "2025-11-13T12:35:16.377206"}