{"key": "daily_snapshot", "value": {"day": 0, "customers": 3314993080671941384917228274895935, "mrr": 5.081039650902479e-41, "total_revenue": 2.4762944740981485, "conversion_rate": 5.504319814655871e+26, "churn_rate": 0.05, "average_price": 1.5327451754054838e-74, "daily_visitors": 0, "new_customers": 411259383456187255779496638283776, "churned_customers": 129673167382396468201371499233280}, "generation": 0, "timestamp": "2025-11-13T15:58:07.106614"}