{"key": "daily_snapshot", "value": {"day": 0, "customers": 8525651803862727264255127852608628962778362118279298433003807687, "mrr": 8.556499225034888e-96, "total_revenue": 4.928703564447977, "conversion_rate": 9.748697749500181e+56, "churn_rate": 0.05, "average_price": 1.0036181891873868e-159, "daily_visitors": 0, "new_customers": 1074887132022636792244995211042933523007941162328594548082606080, "churned_customers": 329659117753913269805648649592087213473049498905598035543195648}, "generation": 0, "timestamp": "2025-11-15T06:28:16.380990"}