{"key": "daily_snapshot", "value": {"day": 0, "customers": 789516734984402804004152862451169594274308231728918340091959658087006203993647002435, "mrr": 3.9666392893438906e-129, "total_revenue": 3.6902796439842023, "conversion_rate": 1.1024153309429623e+77, "churn_rate": 0.05, "average_price": 5.024135795452459e-213, "daily_visitors": 0, "new_customers": 88416390268532292949047229096581103462162832374763809422912358263936219116325568512, "churned_customers": 24133178707094970132910290918041616794798161407192032887716046115414034708441333760}, "generation": 0, "timestamp": "2025-11-14T01:39:29.130121"}