{"key": "daily_snapshot", "value": {"day": 0, "customers": 149019303705692109431903767416224415426633867480758002193841796723776490546350, "mrr": 4.10248198666614e-115, "total_revenue": 14.069439877331755, "conversion_rate": 1.9199552047090706e+70, "churn_rate": 0.05, "average_price": 2.7529869517900834e-192, "daily_visitors": 0, "new_customers": 15252577084820286828106950560388496472502414113556852765580894344512683376640, "churned_customers": 4497523238989005001611360795780637520264578727024114897802125175023728590848}, "generation": 0, "timestamp": "2025-11-15T13:25:00.086581"}