{"key": "daily_snapshot", "value": {"day": 0, "customers": 247969918854719710014035607638508488067996413143622028665025991303582336125955505302700758089934555968817371550902054461186357718059922, "mrr": 2.450268362163172e-189, "total_revenue": 5.414632391501176, "conversion_rate": 3.0872259374210147e+127, "churn_rate": 0.05, "average_price": 1e-323, "daily_visitors": 0, "new_customers": 34191509164890457609622373337046334355952335428255701798027478516673216858256340629464703925841612563142052095426495128536343119921152, "churned_customers": 14188929632999476568482891092101158468373151629195177359608589986201073201436114599297000568715836897631784225845801504851976593080320}, "generation": 0, "timestamp": "2025-11-14T00:11:10.547860"}