{"key": "daily_snapshot", "value": {"day": 0, "customers": 5560579964877741060446105812544689787663648, "mrr": 3.435233299833776e-60, "total_revenue": 2.640852054669741, "conversion_rate": 8.360506575987277e+35, "churn_rate": 0.05, "average_price": 6.177832746820871e-103, "daily_visitors": 0, "new_customers": 743601994394896052048725191237241371885568, "churned_customers": 306256953346769753807327433449492891828224}, "generation": 0, "timestamp": "2025-11-14T02:27:09.012924"}