{"key": "daily_snapshot", "value": {"day": 0, "customers": 1043831951941064430678683756058255377097, "mrr": 1.6366220498360055e-51, "total_revenue": 3.6905216285399813, "conversion_rate": 1.4041114240413057e+32, "churn_rate": 0.05, "average_price": 1.5678980192095234e-90, "daily_visitors": 0, "new_customers": 126839236930756946153761850322791170048, "churned_customers": 24541854606828671626769668278721708032}, "generation": 0, "timestamp": "2025-11-15T04:00:00.269558"}