{"key": "daily_snapshot", "value": {"day": 0, "customers": 271139449188236734521, "mrr": 4.306031803054636e-20, "total_revenue": 8.82569014329087, "conversion_rate": 37402824963438.72, "churn_rate": 0.05, "average_price": 1.5881244193519042e-40, "daily_visitors": 0, "new_customers": 30257536030197489664, "churned_customers": 12698009845442340864}, "generation": 0, "timestamp": "2025-11-13T11:41:25.338957"}