{"key": "daily_snapshot", "value": {"day": 0, "customers": 4961081229, "mrr": 0.019547655332587583, "total_revenue": 4.612179058376318, "conversion_rate": 614.25420603786, "churn_rate": 0.05, "average_price": 3.940200619639478e-12, "daily_visitors": 0, "new_customers": 658435466, "churned_customers": 244233987}, "generation": 0, "timestamp": "2025-11-15T16:59:12.898189"}