{"key": "daily_snapshot", "value": {"day": 0, "customers": 45026696281194325408960465286742139847, "mrr": 5.702801886235674e-50, "total_revenue": 4.928703564447977, "conversion_rate": 6.072638452214565e+30, "churn_rate": 0.05, "average_price": 1.266537933545323e-87, "daily_visitors": 0, "new_customers": 5850337689410035595603392198715899904, "churned_customers": 1615450572648894697159011841471414272}, "generation": 0, "timestamp": "2025-11-15T06:15:48.631856"}