{"key": "daily_snapshot", "value": {"day": 0, "customers": 1461833749041, "mrr": 9.477971719939642e-07, "total_revenue": 4.445436593775026, "conversion_rate": 244703.69082392266, "churn_rate": 0.05, "average_price": 6.4836180763766275e-19, "daily_visitors": 0, "new_customers": 249623836171, "churned_customers": 84690948584}, "generation": 0, "timestamp": "2025-11-15T18:01:36.983877"}