{"key": "daily_snapshot", "value": {"day": 0, "customers": 115894070164716037650122828408529945698940982824121702630565468772674773, "mrr": 9.518479519408527e-105, "total_revenue": 5.438023679800494, "conversion_rate": 1.6123082299037577e+64, "churn_rate": 0.05, "average_price": 8.213085885999393e-176, "daily_visitors": 0, "new_customers": 14676443172562190196929367540847938316664401053191073753554127054438400, "churned_customers": 4462530140056750428404095921018024924806003554395724891684729312509952}, "generation": 0, "timestamp": "2025-11-14T20:01:04.891879"}