{"key": "daily_snapshot", "value": {"day": 0, "customers": 134078749552794992913672307654060659902474414496804183364547957617495982161882373, "mrr": 6.868187246252591e-127, "total_revenue": 1.5620171583249602, "conversion_rate": 1.9496435827766624e+73, "churn_rate": 0.05, "average_price": 5.122502461546426e-207, "daily_visitors": 0, "new_customers": 19668491444354616084716394274451055748164755687496706259132730446719935798312960, "churned_customers": 5138281353568436425903629430157749029697324686638489410768767308346899585564672}, "generation": 0, "timestamp": "2025-11-13T21:29:52.767759"}