{"key": "daily_snapshot", "value": {"day": 0, "customers": 518481664855708236984449382395093, "mrr": 2.2586740167974685e-40, "total_revenue": 5.438023679800494, "conversion_rate": 6.569530070221229e+25, "churn_rate": 0.05, "average_price": 4.356323800622825e-73, "daily_visitors": 0, "new_customers": 65002281058740211150289933172736, "churned_customers": 28810923968934684464958912069632}, "generation": 0, "timestamp": "2025-11-14T19:43:19.993649"}