{"key": "daily_snapshot", "value": {"day": 0, "customers": 90783297916700459964595627320646018779327992623884418241027809578313455923211753601179537876142, "mrr": 2.1401472550407142e-145, "total_revenue": 14.069439877331755, "conversion_rate": 1.3588045942199125e+88, "churn_rate": 0.05, "average_price": 2.3574240021599981e-240, "daily_visitors": 0, "new_customers": 10826320751652376265170950453224625765816980521682260860207475443056364414987877780046368210944, "churned_customers": 4198616198055594257219030214020884742166274086414696971689118941075395057544543526483899973632}, "generation": 0, "timestamp": "2025-11-15T13:33:18.845560"}