{"key": "daily_snapshot", "value": {"day": 0, "customers": 210398237170724029797778433366602619086192607455680998924177695631934886038954213825773632227431918134538617874121263361, "mrr": 1.4099403229612713e-188, "total_revenue": 6.966800923949336, "conversion_rate": 2.8541311252060973e+112, "churn_rate": 0.05, "average_price": 6.70129342299194e-308, "daily_visitors": 0, "new_customers": 24048383028917180336763708025860084278224360739856626401737500229633780963404229483253270200426345389066688356459479040, "churned_customers": 4567988646158100659348236824549346890756687439585722631958428262532031527298973160441820180632142842895581711618277376}, "generation": 0, "timestamp": "2025-11-14T05:04:47.654098"}