{"key": "daily_snapshot", "value": {"day": 0, "customers": 81983173298199375414355416305924598139387432672022064903, "mrr": 1.4917511112837925e-80, "total_revenue": 7.42566689692798, "conversion_rate": 1.0091795811748696e+49, "churn_rate": 0.05, "average_price": 1.8195820572324154e-136, "daily_visitors": 0, "new_customers": 10034677090475887001925284538204835700742618332270690304, "churned_customers": 3128851501181127154111400559482826422738628306515525632}, "generation": 0, "timestamp": "2025-11-15T14:16:39.983705"}