{"key": "daily_snapshot", "value": {"day": 0, "customers": 9689218890490060546712586944376029971003472575622392274148325094284569720783320786, "mrr": 4.577840634944968e-127, "total_revenue": 7.180499208388138, "conversion_rate": 1.4034791591822876e+75, "churn_rate": 0.05, "average_price": 4.7246745962547137e-209, "daily_visitors": 0, "new_customers": 1444825350875193351388957976420936106957400294343536339944303024599594274673131520, "churned_customers": 394803169554941240248472320283588286278607718290063201762727695121764161979154432}, "generation": 0, "timestamp": "2025-11-15T19:35:55.629659"}