{"key": "daily_snapshot", "value": {"day": 0, "customers": 4521901944899323790548636216125296032470557495129479774065773740063512015780305431585469478516706501575, "mrr": 1.5264593324563055e-164, "total_revenue": 4.928703564447977, "conversion_rate": 6.410859074218369e+95, "churn_rate": 0.05, "average_price": 3.375701974648393e-267, "daily_visitors": 0, "new_customers": 582742211893847747103548220478206879119733939186355667910498255044021225366072902396536709066652647424, "churned_customers": 305098132544305530274481023774134158163711050985287789416808189425057834037855935815301404162896429056}, "generation": 0, "timestamp": "2025-11-15T06:46:51.640724"}