{"key": "daily_snapshot", "value": {"day": 0, "customers": 23780869138469919916873439959440829356984481808195827258389945801717941411800347405418223478760743691202379070046915308914365908448450849, "mrr": 2.3498620939128617e-187, "total_revenue": 9.426328809042326, "conversion_rate": 3.165218368720809e+129, "churn_rate": 0.05, "average_price": 1e-323, "daily_visitors": 0, "new_customers": 2843752524828434651142227248587880598308742580652443045487169337781347312275255030870909542576227621761044347402631354383534774907043840, "churned_customers": 1152676467914339137401040748746018124772289881619908772204584882995223525285506198980874977611176065363464783454749749814142094045872128}, "generation": 0, "timestamp": "2025-11-15T12:51:40.641871"}