{"key": "daily_snapshot", "value": {"day": 0, "customers": 255206168694466124816257102997681457494453410935, "mrr": 1.7656143268647562e-66, "total_revenue": 3.0646080228541357, "conversion_rate": 3.351781215274699e+40, "churn_rate": 0.05, "average_price": 6.918384206372993e-114, "daily_visitors": 0, "new_customers": 31038185533044158879489300718782722652585852928, "churned_customers": 6257814593746207512596010752044795070150344704}, "generation": 0, "timestamp": "2025-11-14T21:03:23.248063"}