{"key": "daily_snapshot", "value": {"day": 0, "customers": 165896111852217031667775629119903703881717941424681011380861124028980603677554001799979061064782298962224023085060034382499392, "mrr": 1.670909330779245e-194, "total_revenue": 4.61627280770732, "conversion_rate": 2.0007556127389102e+118, "churn_rate": 0.05, "average_price": 1.0072e-319, "daily_visitors": 0, "new_customers": 15482406030518521105852308124551851817906375423970018392816337994023102861648527135518703225564688185998323842369642521690112, "churned_customers": 7736133403352559554305815781493174001642727144944117809209163045919595590933904973834488493631473625327873744614315408752640}, "generation": 0, "timestamp": "2025-11-15T17:52:27.948258"}