{"key": "daily_snapshot", "value": {"day": 0, "customers": 424901827497540655772214907733382390374737732465393589540817405134930609236359939375792880102953323727120451898205114585366, "mrr": 3.9859084455270043e-196, "total_revenue": 6.2331957973706755, "conversion_rate": 5.546904386248269e+115, "churn_rate": 0.05, "average_price": 9.38078e-319, "daily_visitors": 0, "new_customers": 60541438328650054404512979816941828580275999017177443943987737387513675905163303360456925129954534499928753814991280275456, "churned_customers": 14123009787497966625915888586504644280490870510383142906817300519871486341562444549050548100498479544822431814529671233536}, "generation": 0, "timestamp": "2025-11-14T08:28:13.845007"}