{"key": "daily_snapshot", "value": {"day": 0, "customers": 21722299023085411116166003784951426803650979080444378270317582228082406370517, "mrr": 6.4836597216812576e-114, "total_revenue": 5.438023679800494, "conversion_rate": 3.0699825006281676e+69, "churn_rate": 0.05, "average_price": 2.984794433955051e-190, "daily_visitors": 0, "new_customers": 2446440164969219123437578691660013768997765051671738535794535305738297802752, "churned_customers": 843275204390538619096960965809413747103134870031763623303572380411607646208}, "generation": 0, "timestamp": "2025-11-14T20:03:34.801353"}