{"key": "daily_snapshot", "value": {"day": 0, "customers": 681676741212474017152412040220213174458548643781796956011502, "mrr": 2.5022944790920183e-89, "total_revenue": 4.058738603221899, "conversion_rate": 7.760748072962449e+52, "churn_rate": 0.05, "average_price": 3.670793394888722e-149, "daily_visitors": 0, "new_customers": 66124314942107847021565224251642725559183019048552330428416, "churned_customers": 19070916807591073978711036078356165573205563630743382392832}, "generation": 0, "timestamp": "2025-11-14T15:19:41.511187"}