{"key": "daily_snapshot", "value": {"day": 0, "customers": 137913997775208858306924753941384414790370103852309756569747193509728157543616960062618606, "mrr": 1.107484347011904e-139, "total_revenue": 4.058738603221899, "conversion_rate": 1.939503071070186e+82, "churn_rate": 0.05, "average_price": 8.030253381654803e-229, "daily_visitors": 0, "new_customers": 15657495123090545892413450833180445875364391444747844743451816131231427659732378290487296, "churned_customers": 9368519224470817680613375655294333798632726150559226394379922672121480724099518578032640}, "generation": 0, "timestamp": "2025-11-14T15:33:27.019235"}