{"key": "daily_snapshot", "value": {"day": 0, "customers": 465230286239005945930212327902986449158422032712011693143521335616833686390988842158, "mrr": 9.66717765597508e-127, "total_revenue": 14.069439877331755, "conversion_rate": 5.998396073759177e+76, "churn_rate": 0.05, "average_price": 2.0779338624159767e-210, "daily_visitors": 0, "new_customers": 46165329541650843589191224226484944387125589735959110148811511225061935016820342784, "churned_customers": 10376632123625713325841642234679267592336366848959274639016731138077098946810871808}, "generation": 0, "timestamp": "2025-11-15T13:28:08.074317"}