{"key": "daily_snapshot", "value": {"day": 0, "customers": 112051413812031322036872356114330230921738987938561081, "mrr": 1.954881002162258e-73, "total_revenue": 8.82569014329087, "conversion_rate": 1.4978231852620997e+46, "churn_rate": 0.05, "average_price": 1.74462859115871e-126, "daily_visitors": 0, "new_customers": 13780758719061977418253085375063694842069300801437696, "churned_customers": 4198886031896329696171853362761524978527841369980928}, "generation": 0, "timestamp": "2025-11-13T11:56:14.886046"}