{"key": "daily_snapshot", "value": {"day": 0, "customers": 635116699126382660189858475325362309509370389618526446930861613793874858182049117201604657554663957300699353799465486147000991, "mrr": 6.275786842768738e-198, "total_revenue": 3.5615064647863135, "conversion_rate": 8.0186661730942465e+118, "churn_rate": 0.05, "average_price": 1e-323, "daily_visitors": 0, "new_customers": 84658029489387043188621276047952989382259578096882521860604682338718063933096449603385244051909534527933771486609816919474176, "churned_customers": 19681089740021386615521590679446915128999460259468545786568741450956301423625330600199730698808888053346654001844320785661952}, "generation": 0, "timestamp": "2025-11-13T12:32:19.220653"}