{"key": "daily_snapshot", "value": {"day": 0, "customers": 1065532919456655735131787021472898314850271367852858260498755477209960826890473444027745135136584484486630024354340076797073607743, "mrr": 1.052886420032923e-194, "total_revenue": 2.4762944740981485, "conversion_rate": 1.4544125353805836e+122, "churn_rate": 0.05, "average_price": 1e-323, "daily_visitors": 0, "new_customers": 129913259198154584786237352660837976701008067598180710677626532382408219616375239322483410836179466725420848620106223223436214272, "churned_customers": 51646021350411627683530275059872092602991678617415585928843470632666228641133882353426665270796931526869286995820452856767447040}, "generation": 0, "timestamp": "2025-11-13T16:42:54.542660"}