{"key": "daily_snapshot", "value": {"day": 0, "customers": 1623149115829777317278137435806402781479092014877560422779105621364643583372415254, "mrr": 7.142174424132558e-127, "total_revenue": 6.2331957973706755, "conversion_rate": 2.015244286238137e+74, "churn_rate": 0.05, "average_price": 4.4001961092042825e-208, "daily_visitors": 0, "new_customers": 205741244445525575065728047717140840895094637381234375789618629701584628943421440, "churned_customers": 50182299086885930011176645144756793199367978865053780087227513090641863064420352}, "generation": 0, "timestamp": "2025-11-14T08:09:06.528924"}