{"key": "daily_snapshot", "value": {"day": 0, "customers": 55461861479155464303965461420278181946302587654556441846885028493151805136350597595279277335620345214429917838961170064692739233, "mrr": 5.48036008225134e-196, "total_revenue": 4.323965768575599, "conversion_rate": 8.447611792630426e+120, "churn_rate": 0.05, "average_price": 1e-323, "daily_visitors": 0, "new_customers": 8147758943784544660936627592534405495814635098598953572404212013052638051409460930975845408620452316090580758939507637708914688, "churned_customers": 1699113805525603331964693994598598547995736625983814309482687775816491957970905789045125321120588163732418035596062637433028608}, "generation": 0, "timestamp": "2025-11-14T14:49:33.751877"}