{"key": "daily_snapshot", "value": {"day": 0, "customers": 1230605913893709429916268670332321059401213936473816245201935540361382373738438, "mrr": 2.6582286308082913e-120, "total_revenue": 3.6346456800791516, "conversion_rate": 1.746042195900755e+71, "churn_rate": 0.05, "average_price": 2.160097396572311e-198, "daily_visitors": 0, "new_customers": 137457699017855996564616588887470828162950858401815866297389494070909580869632, "churned_customers": 42768931999686152929407612810908677974810546825817048879854834978464590725120}, "generation": 0, "timestamp": "2025-11-13T15:16:13.657060"}