{"key": "daily_snapshot", "value": {"day": 0, "customers": 149225361024061363553596979556612209668, "mrr": 8.312289451078376e-51, "total_revenue": 4.445436838349596, "conversion_rate": 2.040386265093321e+31, "churn_rate": 0.05, "average_price": 5.570292739809882e-89, "daily_visitors": 0, "new_customers": 17446669763674550387335183366889668608, "churned_customers": 3619090815807764533651645058781282304}, "generation": 0, "timestamp": "2025-11-15T18:13:44.002952"}