{"key": "daily_snapshot", "value": {"day": 0, "customers": 223476504211231623764757201622506, "mrr": 2.3538656477226532e-43, "total_revenue": 5.620306961549841, "conversion_rate": 2.803183320834839e+25, "churn_rate": 0.05, "average_price": 1.0532944642349345e-75, "daily_visitors": 0, "new_customers": 24543050385559952618601486221312, "churned_customers": 5560664877591570045362036015104}, "generation": 0, "timestamp": "2025-11-15T02:37:37.177814"}