{"key": "daily_snapshot", "value": {"day": 0, "customers": 30613624731493504112353724358, "mrr": 6.546907545595624e-35, "total_revenue": 3.6346456800791516, "conversion_rate": 4.1292795990958114e+21, "churn_rate": 0.05, "average_price": 2.1385600702358348e-63, "daily_visitors": 0, "new_customers": 3263693179390516736785645568, "churned_customers": 1808880287625388920970149888}, "generation": 0, "timestamp": "2025-11-13T14:52:51.292471"}