{"key": "daily_snapshot", "value": {"day": 0, "customers": 41651072676370661904116545530272143189639336505948513764498777324344, "mrr": 5.908587354943244e-100, "total_revenue": 8.385937104373125, "conversion_rate": 5.268987970395036e+60, "churn_rate": 0.05, "average_price": 1.4185918813791517e-167, "daily_visitors": 0, "new_customers": 4329140245676320725522027274850040791571326316548353264558924627968, "churned_customers": 1360571259485806273464102489093081101119412012914113605568877821952}, "generation": 0, "timestamp": "2025-11-13T13:05:22.639686"}