{"key": "daily_snapshot", "value": {"day": 0, "customers": 48557407451038861173588512379045599931030485077032506858, "mrr": 2.136273167015746e-83, "total_revenue": 5.620306961549841, "conversion_rate": 6.417240308876011e+48, "churn_rate": 0.05, "average_price": 4.3994794597915495e-139, "daily_visitors": 0, "new_customers": 5277984004837449100085731667609018621798425031832764416, "churned_customers": 2467016115377707996952389842562474926358110836470317056}, "generation": 0, "timestamp": "2025-11-15T03:07:14.669975"}