{"key": "daily_snapshot", "value": {"day": 0, "customers": 3223161177009687598432575818707560940970805344595422695684415575007219711523897, "mrr": 1.3730798663957654e-116, "total_revenue": 8.82569014329087, "conversion_rate": 4.42816333748052e+71, "churn_rate": 0.05, "average_price": 4.260040969063951e-195, "daily_visitors": 0, "new_customers": 415501028785373546617383392432997458761735086923045742347209927335019188060160, "churned_customers": 160521592562148987594000265522927811599298111460730386738741818059970058387456}, "generation": 0, "timestamp": "2025-11-13T12:08:04.949762"}