{"key": "daily_snapshot", "value": {"day": 0, "customers": 2611942880478246954236085432863638414317915138352148053016696498315463772655709804376974533460, "mrr": 3.6701302759112962e-146, "total_revenue": 7.997332640408474, "conversion_rate": 3.7712305581291937e+86, "churn_rate": 0.05, "average_price": 1.4051342023372636e-239, "daily_visitors": 0, "new_customers": 341893022404654773621053390332583961787802234284318592127279611353576715324777939010144174080, "churned_customers": 114815477149527629300891710148945970821266350171041038328622214251684497645694378937285607424}, "generation": 0, "timestamp": "2025-11-15T16:37:14.928081"}