{"key": "daily_snapshot", "value": {"day": 0, "customers": 7954585789686860668310837231185123419739797887452691707307480166650816204043579985464066596154041153962269377536043561795, "mrr": 1.8574434736948234e-191, "total_revenue": 3.6902796439842023, "conversion_rate": 1.175490972429277e+114, "churn_rate": 0.05, "average_price": 2.335059955105e-312, "daily_visitors": 0, "new_customers": 907732135731715530158140459080983414177983446735223163138180155483114395843666038225559009304760598679596726251688034304, "churned_customers": 253008832337270344736078415685831816165406520812915915498420773340451044071597622408095110026315073290571825888712720384}, "generation": 0, "timestamp": "2025-11-14T02:02:12.582841"}