{"key": "daily_snapshot", "value": {"day": 0, "customers": 125727124978014771624918846539115931719400299991067241300806659621918304478036, "mrr": 5.750990236117756e-119, "total_revenue": 7.997332640408474, "conversion_rate": 1.7347676007841674e+70, "churn_rate": 0.05, "average_price": 4.574184160437456e-196, "daily_visitors": 0, "new_customers": 14131949428048987086594985336110752445476523905565327813671839300077708378112, "churned_customers": 5094664052154544437703160184465619382833663181295223043212410577678459994112}, "generation": 0, "timestamp": "2025-11-15T16:29:43.438572"}