{"key": "daily_snapshot", "value": {"day": 0, "customers": 3962107353836218770478753974909297054401763790587981358093989463436573845303271016091225569338780322049, "mrr": 3.838406223374474e-160, "total_revenue": 6.966800923949336, "conversion_rate": 5.089415616757056e+95, "churn_rate": 0.05, "average_price": 9.68778955385453e-263, "daily_visitors": 0, "new_customers": 449921630531889438569008000488557033228151448019586945113618826734418576681038548209997591524400955392, "churned_customers": 134508173097513280732782870809840249687004335751414169127375473097176922819941644472719888272362307584}, "generation": 0, "timestamp": "2025-11-14T04:56:59.097789"}