{"key": "daily_snapshot", "value": {"day": 0, "customers": 143783359, "mrr": 16.25876517204018, "total_revenue": 9.523251231321751, "conversion_rate": 31.817810697572924, "churn_rate": 0.05, "average_price": 1.1307821214581711e-07, "daily_visitors": 0, "new_customers": 31702919, "churned_customers": 8053657}, "generation": 0, "timestamp": "2025-11-15T12:53:05.164254"}