{"key": "daily_snapshot", "value": {"day": 0, "customers": 1207415611428840774462651337675489465992433838983684600903268788797142830862570953697938498, "mrr": 1.2357108366849726e-132, "total_revenue": 7.574353924996814, "conversion_rate": 1.6896860820530592e+83, "churn_rate": 0.05, "average_price": 1.023434536532659e-222, "daily_visitors": 0, "new_customers": 153485543894764857592310328380898646073682312209863630658234570393569384393764379266383872, "churned_customers": 31758113400175441032045578719756093183448631477707953793262674796986351934961531263909888}, "generation": 0, "timestamp": "2025-11-14T11:06:55.776177"}