{"key": "daily_snapshot", "value": {"day": 0, "customers": 1135564345240343859317066455236377642661118498136192569006433355718, "mrr": 3.411218436318147e-99, "total_revenue": 3.6346456800791516, "conversion_rate": 1.7460820456200484e+59, "churn_rate": 0.05, "average_price": 3.0039851555890107e-165, "daily_visitors": 0, "new_customers": 141908785079013418980162244615124318047316973603745822929552670720, "churned_customers": 54517260172610775649823068372137623311768754740363118498990260224}, "generation": 0, "timestamp": "2025-11-13T15:10:26.850369"}