{"key": "daily_snapshot", "value": {"day": 0, "customers": 774871762184476103882805097155002318501331321810620719137114193911180310833616181717, "mrr": 7.530275053736051e-132, "total_revenue": 5.250998821828405, "conversion_rate": 9.765558924354384e+76, "churn_rate": 0.05, "average_price": 9.71809197499611e-216, "daily_visitors": 0, "new_customers": 113711348596124466464239985751357105982414678204047889730571088922519114832953737216, "churned_customers": 50101005028584134558468274300257148346224350839699002103521186971229782673784307712}, "generation": 0, "timestamp": "2025-11-14T22:22:08.846869"}