{"key": "daily_snapshot", "value": {"day": 0, "customers": 541752341993529727774316510028384315826104383845070904290013471088200715196047198334604959081746804334434423, "mrr": 1.1368774686494099e-168, "total_revenue": 8.055065502431749, "conversion_rate": 6.435698251798306e+100, "churn_rate": 0.05, "average_price": 2.0985187889838193e-276, "daily_visitors": 0, "new_customers": 63378299909705450520855650745907035697047126705795928866314487058415933567215527442158466871432777880829952, "churned_customers": 20474808698875959531316100769556728821063857643229907183546835385301280629016882537473326645584971591319552}, "generation": 0, "timestamp": "2025-11-13T17:34:12.852086"}