{"key": "daily_snapshot", "value": {"day": 0, "customers": 82141094395518356000022107306135946023402016547064783519757898736004007321101667238041138689857422124611740718712777874592624, "mrr": 8.883639025440396e-196, "total_revenue": 7.626819946521412, "conversion_rate": 1.2296458790675498e+118, "churn_rate": 0.05, "average_price": 1.0815e-320, "daily_visitors": 0, "new_customers": 10503208131687879257302157529909040485377337467040751530796661231130545249779175906468797706574727257702124561526349866467328, "churned_customers": 2986867447008432183811056578342707945394964517306342878463246569414918855681552345866042856837807312779077561823277837451264}, "generation": 0, "timestamp": "2025-11-15T02:18:48.907798"}