{"key": "daily_snapshot", "value": {"day": 0, "customers": 16819372029229137480080904722437802532027592892, "mrr": 1.5770110614530034e-65, "total_revenue": 7.827191553977371, "conversion_rate": 2.5550561953468065e+39, "churn_rate": 0.05, "average_price": 9.37615898329874e-112, "daily_visitors": 0, "new_customers": 2182384689485256554416204477674692624420700160, "churned_customers": 961046133940226710631462446065000322082799616}, "generation": 0, "timestamp": "2025-11-15T05:04:50.414948"}