{"key": "daily_snapshot", "value": {"day": 0, "customers": 35413264632277250668846937195175666995422607651702253693530166804304994111998221994776353771802606010443931, "mrr": 2.6402134242463365e-168, "total_revenue": 13.18914372001125, "conversion_rate": 4.447223069179322e+99, "churn_rate": 0.05, "average_price": 7.455436406842669e-275, "daily_visitors": 0, "new_customers": 4630275809822726392775808672362352593843116722705708900796053977330753893730595443381487609816700604645376, "churned_customers": 1035037143101670546225431128362600587911522939800613106412980109745612130297155092920585459056549310758912}, "generation": 0, "timestamp": "2025-11-13T18:35:10.433190"}