{"key": "daily_snapshot", "value": {"day": 0, "customers": 9266949604193759163645569770554706913125794588488775, "mrr": 3.1272271108780444e-77, "total_revenue": 8.531929138055917, "conversion_rate": 1.178086665637407e+45, "churn_rate": 0.05, "average_price": 3.37460247918346e-129, "daily_visitors": 0, "new_customers": 1168485239547581955805799220496154999094906986692608, "churned_customers": 548891216413905220208273582973954653691856197517312}, "generation": 0, "timestamp": "2025-11-13T11:26:37.194536"}