{"key": "daily_snapshot", "value": {"day": 0, "customers": 195452696268855229568171426, "mrr": 1.117181789862353e-31, "total_revenue": 8.401501509864964, "conversion_rate": 2.635960906854933e+19, "churn_rate": 0.05, "average_price": 5.7158678861386085e-58, "daily_visitors": 0, "new_customers": 26884283850903582716985344, "churned_customers": 5214023996204721813585920}, "generation": 0, "timestamp": "2025-11-14T13:01:38.944663"}