{"key": "daily_snapshot", "value": {"day": 0, "customers": 17357485002564262812615710264932208446500247697299778195236661142388015658272, "mrr": 5.973116215993933e-116, "total_revenue": 2.640852054669741, "conversion_rate": 2.464806818016694e+69, "churn_rate": 0.05, "average_price": 3.441233689737604e-192, "daily_visitors": 0, "new_customers": 2541094704930832016625486679813807517816586603519851566496931189455027437568, "churned_customers": 682953973240315568420709376359333125251644089966697084605164235053963673600}, "generation": 0, "timestamp": "2025-11-14T02:42:33.970083"}