{"key": "daily_snapshot", "value": {"day": 0, "customers": 11841221254890325213889913549697831411788661663286805471676695603154974715537881717177373139773278150, "mrr": 6.430012683251328e-158, "total_revenue": 3.6346456800791516, "conversion_rate": 1.7783132649178735e+93, "churn_rate": 0.05, "average_price": 5.43019384980733e-258, "daily_visitors": 0, "new_customers": 1259120963239121515298722496219240635609135451372912070326778185081350170913523054111304601982468096, "churned_customers": 533100681494439535017510873162266296610110656989949379452855110542982569130499127425165779496075264}, "generation": 0, "timestamp": "2025-11-13T15:26:31.718039"}