{"key": "daily_snapshot", "value": {"day": 0, "customers": 1864777645892913248914480878086811037628762602496856562545809180640256449372203590823279130569966191410198571437119, "mrr": 2.3629659899738314e-180, "total_revenue": 2.4762944740981485, "conversion_rate": 2.580505465578608e+107, "churn_rate": 0.05, "average_price": 1.2671569691851224e-294, "daily_visitors": 0, "new_customers": 244080458621083757822498402352812570960282521064263767112037026136870790550274123104101756494240411739481478004736, "churned_customers": 68580557293174831231883248127352372409144460066539205441026464620607920020104383726710913258435073707007824363520}, "generation": 0, "timestamp": "2025-11-13T16:36:07.593263"}