{"key": "daily_snapshot", "value": {"day": 0, "customers": 1013289770017592096032, "mrr": 6.079499912198941e-22, "total_revenue": 2.640852054669741, "conversion_rate": 140809312326275.47, "churn_rate": 0.05, "average_price": 5.9997644228594085e-43, "daily_visitors": 0, "new_customers": 161358910107967651840, "churned_customers": 42608192707275038720}, "generation": 0, "timestamp": "2025-11-14T02:16:47.335906"}