{"key": "daily_snapshot", "value": {"day": 0, "customers": 1129246989873819080081015263976127986231456579, "mrr": 6.84233418257029e-64, "total_revenue": 3.6902796439842023, "conversion_rate": 1.549213029836845e+38, "churn_rate": 0.05, "average_price": 6.059200727499699e-109, "daily_visitors": 0, "new_customers": 145185138095136776534315248754754155481923584, "churned_customers": 47012411083052749917016301200674610737053696}, "generation": 0, "timestamp": "2025-11-14T01:21:30.113782"}