{"key": "daily_snapshot", "value": {"day": 0, "customers": 1775728457762632546433118895017984228889489969655527, "mrr": 2.3306661064699196e-71, "total_revenue": 3.180859164035811, "conversion_rate": 2.4216782641744862e+44, "churn_rate": 0.05, "average_price": 1.3125126740416678e-122, "daily_visitors": 0, "new_customers": 236720510047342309433437628354070595947616553402368, "churned_customers": 54333711077685600926061190988183935099420155052032}, "generation": 0, "timestamp": "2025-11-14T08:55:27.052290"}