{"key": "daily_snapshot", "value": {"day": 0, "customers": 128620452735576075503535891199716753500144782640640970260651381750963224012536603985876307869848314931799719915313893738862518001777721, "mrr": 1.2709389409839184e-189, "total_revenue": 8.82569014329087, "conversion_rate": 1.711378906880345e+127, "churn_rate": 0.05, "average_price": 1e-323, "daily_visitors": 0, "new_customers": 16380510884420742563495117475132650166489867878496796177786089947636664040158684073036274143875342957700494303888686010411992729255936, "churned_customers": 8525442070847364195237598765921700398237799487564261699903315528951794590320045367171511424272243357046729577747052119108854898229248}, "generation": 0, "timestamp": "2025-11-13T12:34:09.092095"}