{"key": "daily_snapshot", "value": {"day": 0, "customers": 1897308315295527078262578719367613647612123199220802796272658728191132627621512387279704806256, "mrr": 2.5070687785077477e-142, "total_revenue": 7.626819946521412, "conversion_rate": 2.679433348498704e+86, "churn_rate": 0.05, "average_price": 1.3213818535957049e-235, "daily_visitors": 0, "new_customers": 264084052832844018126009409884282580998383329830327464225976248731412609879588611412637777920, "churned_customers": 130300844667388576755014858794332299515555370644479217265148675597947173233231968584545075200}, "generation": 0, "timestamp": "2025-11-15T02:04:05.779919"}