{"key": "daily_snapshot", "value": {"day": 0, "customers": 1523568863764056177049837726456131542532201375540222695196170208095418628000189945249822973818228776909624, "mrr": 3.0655350815779753e-161, "total_revenue": 8.385937104373125, "conversion_rate": 2.099914050733835e+98, "churn_rate": 0.05, "average_price": 2.012075170665021e-266, "daily_visitors": 0, "new_customers": 219025254685624634390929324487468106683256632019370174588985780401218994521174532916897148359961735069696, "churned_customers": 51096576377166621371351570895321009500002712801240790936385410953925472843077986124644946466783679741952}, "generation": 0, "timestamp": "2025-11-13T13:23:40.080651"}