{"key": "daily_snapshot", "value": {"day": 0, "customers": 85694605535290592811697903183726537492608097774476286030879517323818465188017911118648, "mrr": 2.5414674632353653e-129, "total_revenue": 8.385937104373125, "conversion_rate": 1.19646185995112e+79, "churn_rate": 0.05, "average_price": 2.9657263107287927e-215, "daily_visitors": 0, "new_customers": 10991680697069619283279694907533458692995465050458579552099950931241219713817779372032, "churned_customers": 2955252273109362009235399821641642499563686635731877683423109303939435103804570206208}, "generation": 0, "timestamp": "2025-11-13T13:13:37.716610"}