{"key": "daily_snapshot", "value": {"day": 0, "customers": 5922787468809709579106569493308492884069875111517926741463552702311747972097020351111141274337631379837374683616877117670111656392, "mrr": 5.852491631915822e-194, "total_revenue": 4.843910136547377, "conversion_rate": 7.497090585396029e+122, "churn_rate": 0.05, "average_price": 1e-323, "daily_visitors": 0, "new_customers": 544607090704684397094416207247545517125774742932928235318249583971873518697335495902942256023933365978920810436547502280441593856, "churned_customers": 226330671504852519569444687687051442506263825676540219301455404990300468721882770920043075205804158536510497841355476996494196736}, "generation": 0, "timestamp": "2025-11-14T07:30:15.062930"}