{"key": "daily_snapshot", "value": {"day": 0, "customers": 685294916345829378554862, "mrr": 6.24022896234588e-28, "total_revenue": 4.058738603221899, "conversion_rate": 8.303913615068763e+16, "churn_rate": 0.05, "average_price": 9.10590289450913e-52, "daily_visitors": 0, "new_customers": 70101598916511931564032, "churned_customers": 33193577552426735501312}, "generation": 0, "timestamp": "2025-11-14T15:02:52.009052"}