{"key": "daily_snapshot", "value": {"day": 0, "customers": 15608006952137892058408781944083438599046643013128995605, "mrr": 9.396788103449387e-79, "total_revenue": 2.963987135955569, "conversion_rate": 1.9497568376326247e+48, "churn_rate": 0.05, "average_price": 6.020492002768022e-134, "daily_visitors": 0, "new_customers": 1684350683826962055283796220082757727091280778375462912, "churned_customers": 745521910085518357803835160210843158069491122462261248}, "generation": 0, "timestamp": "2025-11-14T00:34:43.969899"}