{"key": "daily_snapshot", "value": {"day": 0, "customers": 26162873099932404164571723040, "mrr": 4.4760700587330143e-35, "total_revenue": 2.640852054669741, "conversion_rate": 3.2153629593764123e+21, "churn_rate": 0.05, "average_price": 1.710848056188668e-63, "daily_visitors": 0, "new_customers": 2441331966333340500789035008, "churned_customers": 1359408875169176212176109568}, "generation": 0, "timestamp": "2025-11-14T02:20:20.221828"}