{"key": "daily_snapshot", "value": {"day": 0, "customers": 22149458700166021756498388292307321610071662131475963528504280654525475832149285717, "mrr": 1.635140388147927e-126, "total_revenue": 7.593310615949716, "conversion_rate": 2.8601153531789398e+75, "churn_rate": 0.05, "average_price": 7.382304056647988e-209, "daily_visitors": 0, "new_customers": 2260070240791996525516304658006788277528713788154404799937150779332923418480738304, "churned_customers": 714162331043053851160841428808741084339251172523437933464097596333486868942290944}, "generation": 0, "timestamp": "2025-11-14T19:05:39.662530"}