{"key": "daily_snapshot", "value": {"day": 0, "customers": 162370264082, "mrr": 0.0005068791365124131, "total_revenue": 8.82556673714065, "conversion_rate": 24239.68718386406, "churn_rate": 0.05, "average_price": 3.121748550316022e-15, "daily_visitors": 0, "new_customers": 26846534206, "churned_customers": 10834086852}, "generation": 0, "timestamp": "2025-11-13T11:37:03.666804"}