{"key": "daily_snapshot", "value": {"day": 0, "customers": 7510066135147270646317716955047758613892964179419563503807671040451909546044096389563772044360564398549, "mrr": 2.7221229006097945e-165, "total_revenue": 5.250998821828405, "conversion_rate": 1.0785397464901396e+96, "churn_rate": 0.05, "average_price": 3.624632395539369e-268, "daily_visitors": 0, "new_customers": 943773026554035456253579410624125343953942074715356908116585394135445747060232627525018277140685127680, "churned_customers": 450327247931053770546235109891041811875102277114278474166876667057193491013125393958516021623265427456}, "generation": 0, "timestamp": "2025-11-14T23:06:17.819336"}