{"key": "daily_snapshot", "value": {"day": 0, "customers": 4766874485337968127751284701937450516020150746243992022875250601099868869093927725444839, "mrr": 3.1222937469511813e-135, "total_revenue": 3.180859164035811, "conversion_rate": 6.86891412543406e+80, "churn_rate": 0.05, "average_price": 6.549981033809018e-223, "daily_visitors": 0, "new_customers": 651607844692624688883287492775241142607900980481352268329842828953575999666030077018112, "churned_customers": 128074109963761286940698233763585450267410023269858973844957083371467366738102811885568}, "generation": 0, "timestamp": "2025-11-14T09:22:03.740927"}