{"key": "daily_snapshot", "value": {"day": 0, "customers": 43256643615662368854762027428038274919971036564523460014394412435729382089431109373483990483368278074196, "mrr": 1.0879452323172479e-162, "total_revenue": 7.997332640408474, "conversion_rate": 6.026598348289489e+96, "churn_rate": 0.05, "average_price": 2.5150939633312758e-266, "daily_visitors": 0, "new_customers": 6539554528871743070214628931420021753674100878484665353352463135259440869992431690810369471220209942528, "churned_customers": 2393424139920872001174843424445664871340112282881433438181558356372004091312921377428469661269045018624}, "generation": 0, "timestamp": "2025-11-15T16:41:54.781533"}