{"key": "daily_snapshot", "value": {"day": 0, "customers": 19056430378485729425693775734899531066072091922245420829162553, "mrr": 1.3662542727246524e-87, "total_revenue": 8.82569014329087, "conversion_rate": 3.060768261858547e+54, "churn_rate": 0.05, "average_price": 7.169518349392035e-149, "daily_visitors": 0, "new_customers": 2212017666617631717248294862792130220533154677803901339566080, "churned_customers": 705701803308046823281101013711195028531623638106051920789504}, "generation": 0, "timestamp": "2025-11-13T12:00:06.553151"}