{"key": "daily_snapshot", "value": {"day": 0, "customers": 249524404439952013842469741908813645462418325315251680860692966445836556556438909297580047775090372316088262, "mrr": 1.7158361940860504e-169, "total_revenue": 3.6346456800791516, "conversion_rate": 3.6347925098486454e+100, "churn_rate": 0.05, "average_price": 6.876426367742181e-277, "daily_visitors": 0, "new_customers": 33666048600828023426871286173026672011277840847693114598692373698466204648881191290313079792671787216535552, "churned_customers": 14023135264164596685715069620260489709457917827312471794856661948735725376889457927729769902459021351190528}, "generation": 0, "timestamp": "2025-11-13T15:29:47.581148"}