{"key": "daily_snapshot", "value": {"day": 0, "customers": 1236909294256607993005301928926959281662453336979211080376968938656766478278, "mrr": 1.89026302812385e-115, "total_revenue": 3.6346456800791516, "conversion_rate": 1.6670662714683879e+68, "churn_rate": 0.05, "average_price": 1.5282147501849865e-190, "daily_visitors": 0, "new_customers": 133494674782673632164217936302354343810345262793725150460703376570593574912, "churned_customers": 74500704296959117555655249780357420017170290441101491988224035833490964480}, "generation": 0, "timestamp": "2025-11-13T15:14:52.269554"}