{"key": "daily_snapshot", "value": {"day": 0, "customers": 190535621428021996999551758346733047927064482812677284795281937982319030077988428109175469903235948824451318372426224666607669978286, "mrr": 1.8827420971319787e-192, "total_revenue": 14.069439877331755, "conversion_rate": 2.6115343169909766e+124, "churn_rate": 0.05, "average_price": 1e-323, "daily_visitors": 0, "new_customers": 23092355673081877198363939866978839533858530320835812159245977312408741884626306394219786131222252041349609696981029633529542082560, "churned_customers": 8603454247664214733243779741403844873672492587341197900744675827216166854617154257690448412321944530356766554484236392254995955712}, "generation": 0, "timestamp": "2025-11-15T13:50:13.934857"}