{"key": "daily_snapshot", "value": {"day": 0, "customers": 422091907, "mrr": 2.0991611325161985, "total_revenue": 7.130382503090987, "conversion_rate": 63.429545821882925, "churn_rate": 0.05, "average_price": 4.9732323640978945e-09, "daily_visitors": 0, "new_customers": 53441312, "churned_customers": 24400802}, "generation": 0, "timestamp": "2025-11-15T01:24:56.092298"}