{"key": "daily_snapshot", "value": {"day": 0, "customers": 18401237099671163938599507866981575850143239667829062990531712435010978, "mrr": 9.672380205327212e-106, "total_revenue": 8.401501509864964, "conversion_rate": 2.3776978794715795e+63, "churn_rate": 0.05, "average_price": 5.256374967039612e-176, "daily_visitors": 0, "new_customers": 2295073406719474215269602173664289725471483356114537187641887207456768, "churned_customers": 527068016731501642595927615525432448045296608591570397159235646390272}, "generation": 0, "timestamp": "2025-11-14T13:22:02.411366"}