{"key": "daily_snapshot", "value": {"day": 0, "customers": 10861274376113907284051841685576343404584164377405611454266559810107931010827667133273, "mrr": 3.1900790997436804e-133, "total_revenue": 4.2636659399133805, "conversion_rate": 1.4795047929842227e+78, "churn_rate": 0.05, "average_price": 2.9371130764906336e-218, "daily_visitors": 0, "new_customers": 1306998325983397983852537910039886033705728557541441652445444191948796103522319859712, "churned_customers": 576379336416320596754525189788043065005301368058186156095786337868892635821902921728}, "generation": 0, "timestamp": "2025-11-15T15:32:13.880352"}