{"key": "daily_snapshot", "value": {"day": 0, "customers": 308178772440084677157006437579572978469418735065105328339479225362577364268020198378791483038159811410954487619087920680455148, "mrr": 3.0452108848034596e-198, "total_revenue": 3.8452002827692775, "conversion_rate": 3.896342181123119e+118, "churn_rate": 0.05, "average_price": 1e-323, "daily_visitors": 0, "new_customers": 42087102542735799926038863468581789173470369827683885732211700478435702932103068337212857554157437061939678027953942609002496, "churned_customers": 12739332459343041917765677915268446260759262390234842892168825634524863887589685129955918868167964782006924552993984839942144}, "generation": 0, "timestamp": "2025-11-13T14:36:43.969944"}