{"key": "daily_snapshot", "value": {"day": 0, "customers": 3935543612085203775624616422905718486860221682104776, "mrr": 3.8114300090463034e-73, "total_revenue": 4.843910136547377, "conversion_rate": 5.3656346391484355e+44, "churn_rate": 0.05, "average_price": 9.684634156618734e-125, "daily_visitors": 0, "new_customers": 471435326045708326843464374450618710712299368218624, "churned_customers": 260795099191121391740460796716230136422336737312768}, "generation": 0, "timestamp": "2025-11-14T06:53:35.388616"}