{"key": "daily_snapshot", "value": {"day": 0, "customers": 63879406037873000675849000370640558500253111519153919115064499248198040332509803365142, "mrr": 1.8762103879229152e-132, "total_revenue": 8.73321624443256, "conversion_rate": 8.64704643380894e+78, "churn_rate": 0.05, "average_price": 2.9371130764906336e-218, "daily_visitors": 0, "new_customers": 8712227841074212244762443525273022811996756386809325310227937377126610747369963126784, "churned_customers": 2409364220056948926690416123734000245649261339134670443362682105300387729271305535488}, "generation": 0, "timestamp": "2025-11-14T16:34:25.099641"}