{"key": "daily_snapshot", "value": {"day": 0, "customers": 132537212596722679628695106324248526640570022389105983650911227499070805022703442616172499380618407, "mrr": 5.8703495175154154e-154, "total_revenue": 7.010218214998832, "conversion_rate": 1.8622655712926977e+91, "churn_rate": 0.05, "average_price": 4.42920852378072e-252, "daily_visitors": 0, "new_customers": 14372635569152945253725052381446124527129685950103954376631207749940477926928656227653325892354048, "churned_customers": 3892330265978825064531139244299344498083873955957272043192639111605093208278924152228062284480512}, "generation": 0, "timestamp": "2025-11-15T00:04:39.578492"}