{"key": "daily_snapshot", "value": {"day": 0, "customers": 22944765793893005758809296091656634413376644634855435525, "mrr": 2.295224153839625e-82, "total_revenue": 1.5620171583249602, "conversion_rate": 3.051389010145547e+48, "churn_rate": 0.05, "average_price": 1.0003258148098087e-137, "daily_visitors": 0, "new_customers": 2681391066343044202779149962871454750400769784775966720, "churned_customers": 879928763377302808790587236543594807035399746000781312}, "generation": 0, "timestamp": "2025-11-13T21:17:54.726209"}