{"key": "daily_snapshot", "value": {"day": 0, "customers": 2220337874056808600944607220250669220306197188084643661012361226775260029056891074399298, "mrr": 2.1577447675651395e-128, "total_revenue": 7.574353924996814, "conversion_rate": 3.388413623868978e+80, "churn_rate": 0.05, "average_price": 9.71809197499611e-216, "daily_visitors": 0, "new_customers": 277930169106439892756080858843416657921687759831325137845777143657469850480033648345088, "churned_customers": 146542751888048168158077723562857120220060092385197195241761510682892411162892953452544}, "generation": 0, "timestamp": "2025-11-14T11:05:43.413902"}