{"key": "daily_snapshot", "value": {"day": 0, "customers": 32469012265502240, "mrr": 1.0368474158442846e-14, "total_revenue": 6.513341788556554, "conversion_rate": 4010725271.19472, "churn_rate": 0.05, "average_price": 3.19334449525561e-31, "daily_visitors": 0, "new_customers": 4005305949854326, "churned_customers": 1524475024321182}, "generation": 0, "timestamp": "2025-11-15T00:27:37.800502"}