{"key": "daily_snapshot", "value": {"day": 0, "customers": 9838955369039160771531975693569784544687584064544969949043843766862592483228533983237798064759417988804859192227908427761951572, "mrr": 9.722179677615066e-197, "total_revenue": 7.997332640408474, "conversion_rate": 1.3872499791127533e+120, "churn_rate": 0.05, "average_price": 1e-323, "daily_visitors": 0, "new_customers": 1231484198224889513571976727632647161652430204965338815873805900865570956181611836259462340859443722088426982009898864667000832, "churned_customers": 570242600341769186879844676456912740640734974248330107583598772033187408730048740814763503724123234983319874903817456227188736}, "generation": 0, "timestamp": "2025-11-15T16:52:46.901196"}