{"key": "daily_snapshot", "value": {"day": 0, "customers": 92271425780646804729723790331973039502054546967109389681397312, "mrr": 7.103249704132296e-88, "total_revenue": 4.61627280770732, "conversion_rate": 1.473956518973665e+55, "churn_rate": 0.05, "average_price": 7.698211709677674e-150, "daily_visitors": 0, "new_customers": 12924756646262840978721644750507451463435027330792232482504704, "churned_customers": 3643994717859005167141534486300323344970202194300164299030528}, "generation": 0, "timestamp": "2025-11-15T17:23:01.317082"}