{"key": "daily_snapshot", "value": {"day": 0, "customers": 358267672918977357371232251438484356902193409, "mrr": 1.1222854357403227e-61, "total_revenue": 6.966800923949336, "conversion_rate": 5.182123106397079e+37, "churn_rate": 0.05, "average_price": 3.132533355846841e-106, "daily_visitors": 0, "new_customers": 55677605129816845413017215243265359000633344, "churned_customers": 18066433899131757797467774584789457401020416}, "generation": 0, "timestamp": "2025-11-14T04:29:55.650605"}