{"key": "daily_snapshot", "value": {"day": 0, "customers": 1555075564330100549381369011338372770066895458559275076422782725009956093494135077634220265483758066471890695, "mrr": 4.748806954065119e-167, "total_revenue": 7.42566689692798, "conversion_rate": 1.9679774226161175e+101, "churn_rate": 0.05, "average_price": 3.053746752242758e-275, "daily_visitors": 0, "new_customers": 174442921647545765402517219891077940320138785129724034199608374404836793803377797125479408710634042529153024, "churned_customers": 37908097933176636446040524315402225211995728164085961112617862496596715635867732634754800829319076399546368}, "generation": 0, "timestamp": "2025-11-15T14:40:41.251493"}