{"key": "daily_snapshot", "value": {"day": 0, "customers": 1716726179319219688486323353704696003455970700474306999065620755962289445774567126977519747, "mrr": 2.8910805229195233e-139, "total_revenue": 4.596591164332845, "conversion_rate": 2.3793369164497988e+83, "churn_rate": 0.05, "average_price": 1.684066193984414e-229, "daily_visitors": 0, "new_customers": 189826951414200896174837636711399973942206615673778777761380461854993189244123961167446016, "churned_customers": 59702557593494601671829754550846059283795691487973734666333036105685156009244626723536896}, "generation": 0, "timestamp": "2025-11-14T12:30:04.632715"}