{"key": "daily_snapshot", "value": {"day": 0, "customers": 4952709288326441412529147648195911018859898689751329075923667402042587034152302066719605466901651838559527363952194314767128429499325170, "mrr": 4.8939270264018875e-188, "total_revenue": 10.298721371422412, "conversion_rate": 8.24321418900353e+128, "churn_rate": 0.05, "average_price": 1e-323, "daily_visitors": 0, "new_customers": 749763117207741272289001252098422403677696400326223696442834908331425824681853067655998466276763707825186048377669229984658543165308928, "churned_customers": 250816397853025485718924213950349789150240316892965327100617431032575829967123961249524038101341864099781900723436596614543980619628544}, "generation": 0, "timestamp": "2025-11-14T04:10:59.538784"}