{"key": "daily_snapshot", "value": {"day": 0, "customers": 1031962337630519748611957284775071938571018775020988858729705899200191587517439679478959264071183020867, "mrr": 1.1638544912529464e-159, "total_revenue": 3.6902796439842023, "conversion_rate": 1.330060641179204e+95, "churn_rate": 0.05, "average_price": 1.1278071387035917e-261, "daily_visitors": 0, "new_customers": 124256266709768028186278183940912599859650231738823717761617788831851319559712123947796250239172608000, "churned_customers": 58856405226755422383322827858956527523634406800095898258988652447915909195193426076044193115368587264}, "generation": 0, "timestamp": "2025-11-14T01:53:26.721176"}