{"key": "daily_snapshot", "value": {"day": 0, "customers": 22918586389808310377181266048766010922063833777031527210007854191601114172488523413898006, "mrr": 7.089042128128199e-137, "total_revenue": 8.73321624443256, "conversion_rate": 2.928873379619005e+81, "churn_rate": 0.05, "average_price": 3.093141089749162e-225, "daily_visitors": 0, "new_customers": 2832665398108813643889192243534022373804571646274980292155352131722746492216820801470464, "churned_customers": 988301103963741221984397187685339134793221758412395298244542836038888571715150015365120}, "generation": 0, "timestamp": "2025-11-14T16:35:37.411461"}