{"key": "daily_snapshot", "value": {"day": 0, "customers": 309254355031654327, "mrr": 8.483038802592294e-15, "total_revenue": 6.966800923949336, "conversion_rate": 43816880709.16375, "churn_rate": 0.05, "average_price": 2.7430620343968953e-32, "daily_visitors": 0, "new_customers": 42173123067610672, "churned_customers": 14369285101813100}, "generation": 0, "timestamp": "2025-11-14T04:17:09.179677"}