{"key": "daily_snapshot", "value": {"day": 0, "customers": 9802505162054261560003677275303, "mrr": 2.0560691976322676e-38, "total_revenue": 7.010218214998832, "conversion_rate": 1.4449006472712187e+24, "churn_rate": 0.05, "average_price": 2.0974936137665727e-69, "daily_visitors": 0, "new_customers": 1421346182095460736505915375616, "churned_customers": 384027911210933376595385122816}, "generation": 0, "timestamp": "2025-11-14T23:33:05.718492"}