{"key": "daily_snapshot", "value": {"day": 0, "customers": 23114803451378587699551090772094865418863156762824835313323251831, "mrr": 3.1136415318925673e-96, "total_revenue": 8.055065502431749, "conversion_rate": 3.458440733834507e+57, "churn_rate": 0.05, "average_price": 1.3470335313220527e-160, "daily_visitors": 0, "new_customers": 2665781849299566985030871726452008280028208233934197041217404928, "churned_customers": 1329602774888401916616020992993552642180074039420484823623401472}, "generation": 0, "timestamp": "2025-11-13T17:14:09.111514"}