{"key": "daily_snapshot", "value": {"day": 0, "customers": 4688928629463514335475550520539134082788217664471370101987948174394036884915037037425597417340661060758092997796688003857569, "mrr": 1.0001174191027431e-193, "total_revenue": 4.323965768575599, "conversion_rate": 5.997345270723886e+116, "churn_rate": 0.05, "average_price": 2.132934e-317, "daily_visitors": 0, "new_customers": 575614944749885607495373332956103729120018375135233073228273530697034876541111244690327843841313999206791320253632820019200, "churned_customers": 171634689191296436398881728007495770325385307087196762536983600391646001350103373259332241837982141365862756129624192712704}, "generation": 0, "timestamp": "2025-11-14T14:47:38.129129"}