{"key": "daily_snapshot", "value": {"day": 0, "customers": 110746301395220066338596437156485850463622899315851006417188009091221925100847528964, "mrr": 7.022811578566083e-127, "total_revenue": 4.445436838349596, "conversion_rate": 1.3491774598792262e+76, "churn_rate": 0.05, "average_price": 6.341350898486254e-210, "daily_visitors": 0, "new_customers": 12066572036947238448671805941077110244125146538080508479503870233943942370250719232, "churned_customers": 4669064556553402652603476878094852311341879154375563898705475614417097509094555648}, "generation": 0, "timestamp": "2025-11-15T18:34:39.823756"}