{"key": "daily_snapshot", "value": {"day": 0, "customers": 562135722799959762615115962026595359117831729263088011406560549057478676320713042872993961764545240149574563362982446748528, "mrr": 2.0311820186212835e-192, "total_revenue": 7.626819946521412, "conversion_rate": 8.764967508198635e+115, "churn_rate": 0.05, "average_price": 3.61333026e-315, "daily_visitors": 0, "new_customers": 67710585074134680245390680922244006290112660077215165712426337319311668257653551557042423919072376844595260007426694316032, "churned_customers": 19430680746913182292178508971281725551687503157433234683676360928642460854807315757250039592676665274485490843318361260032}, "generation": 0, "timestamp": "2025-11-15T02:17:51.555035"}