{"key": "daily_snapshot", "value": {"day": 0, "customers": 843064434721803400108739057777892546021383299005103331401066678123855593919198760953744394481986568722230474722502841834, "mrr": 2.291759011675813e-191, "total_revenue": 5.620306961549841, "conversion_rate": 1.1222948820833873e+113, "churn_rate": 0.05, "average_price": 2.7183675615875e-311, "daily_visitors": 0, "new_customers": 121116955287493440704275396357550835987180175187704922975676059790805858778622610317111448693932995781950225186870525952, "churned_customers": 35657246776573419697749695211546796159371780998651937639435115657262379647703855813224126558981663484560540016427663360}, "generation": 0, "timestamp": "2025-11-15T03:37:01.370436"}