{"key": "daily_snapshot", "value": {"day": 0, "customers": 1346286432634825252230036493744509043817344253510751454373475962340966964739, "mrr": 9.048605914100811e-117, "total_revenue": 11.37579680016544, "conversion_rate": 2.0743908485624374e+68, "churn_rate": 0.05, "average_price": 6.7211595502687564e-192, "daily_visitors": 0, "new_customers": 178793581161285114991108540335165420914560929372605151527267986491186348032, "churned_customers": 92241108394388574079889016170750588560374854490708978344576713467078115328}, "generation": 0, "timestamp": "2025-11-14T06:04:04.557086"}