{"key": "daily_snapshot", "value": {"day": 0, "customers": 49454748983050589368495231433087948856481519723135002024914412237131286900796936470, "mrr": 2.3140327503984838e-129, "total_revenue": 6.2331957973706755, "conversion_rate": 6.500808473895583e+75, "churn_rate": 0.05, "average_price": 4.6790910842385673e-212, "daily_visitors": 0, "new_customers": 5789901281921434836543559832772892136187820658961788550284147510486626570566893568, "churned_customers": 2052990094799190829994610490655313448388146985793112334441590006892525179243593728}, "generation": 0, "timestamp": "2025-11-14T08:09:47.713837"}