{"key": "daily_snapshot", "value": {"day": 0, "customers": 22101260205756010423903051360296001434152426600005849971226524368547136163244123569002975715654817, "mrr": 2.2474692069569456e-150, "total_revenue": 4.323965768575599, "conversion_rate": 3.1510442655182294e+90, "churn_rate": 0.05, "average_price": 1.0168964059215134e-247, "daily_visitors": 0, "new_customers": 2929856789242466509629667086570746369612160545565851657342292224115415877820511359226462074830848, "churned_customers": 1394960162040732257346171996997660862313680212080199077944570060565969743071479422007721265725440}, "generation": 0, "timestamp": "2025-11-14T14:35:35.636273"}