{"key": "daily_snapshot", "value": {"day": 0, "customers": 34653280240106781047016280998940236223233338438568325076665725431569660482786776405746563061170777805010088762988778420803830902972, "mrr": 3.424199056469213e-193, "total_revenue": 7.827191553977371, "conversion_rate": 4.327481741518815e+123, "churn_rate": 0.05, "average_price": 1e-323, "daily_visitors": 0, "new_customers": 3640624465224502415505700491730791418530323171410993839972798634427881023282414376359900322669300274179764544686342599135201329152, "churned_customers": 1344860521664569871868454109971924488955375208393873909577396842433272444120598269887325709629227710525303147278632049605840207872}, "generation": 0, "timestamp": "2025-11-15T05:58:27.781163"}