{"key": "daily_snapshot", "value": {"day": 0, "customers": 465343138122931831271876952682777169716621255917146778579271542458134498267271528668080719901140144541717, "mrr": 9.272719292340891e-165, "total_revenue": 6.513341788556554, "conversion_rate": 6.144421716946981e+97, "churn_rate": 0.05, "average_price": 1.992662732654559e-269, "daily_visitors": 0, "new_customers": 65045588008385702094322550588100795088921756417079156821401788295714177626714620491213218494711242686464, "churned_customers": 16020661501403874110135299660296988026206718492352104700893038198165033992009702471263318089043720273920}, "generation": 0, "timestamp": "2025-11-15T01:08:47.582702"}