{"key": "daily_snapshot", "value": {"day": 0, "customers": 1804004787909318334630774424605936836300255658949543551204090701317524419418785582352292990627101408312220360384875410, "mrr": 9.765550056238039e-188, "total_revenue": 5.414632391501176, "conversion_rate": 2.3324150373754773e+110, "churn_rate": 0.05, "average_price": 5.413261717312539e-305, "daily_visitors": 0, "new_customers": 225626856303456372205543168893764200991744330479556890974177094820283499500011864191515842887278294865356252902326272, "churned_customers": 100514757910838474418738606110738830725064028671349804288089100631544160274242102154611528412330825998429607772028928}, "generation": 0, "timestamp": "2025-11-14T00:03:11.733527"}