{"key": "daily_snapshot", "value": {"day": 0, "customers": 1359044116697082546085743596, "mrr": 1.6290921311055576e-31, "total_revenue": 3.8452002827692775, "conversion_rate": 1.8167127128710595e+20, "churn_rate": 0.05, "average_price": 1.198704376915136e-58, "daily_visitors": 0, "new_customers": 176475205072986063727755264, "churned_customers": 53015259443257260520767488}, "generation": 0, "timestamp": "2025-11-13T13:50:53.914091"}