{"key": "daily_snapshot", "value": {"day": 0, "customers": 833205843991396542966142702518629392615231781143425774327274, "mrr": 6.887189422456244e-91, "total_revenue": 5.620306961549841, "conversion_rate": 1.0937194895502293e+53, "churn_rate": 0.05, "average_price": 8.265891882687466e-151, "daily_visitors": 0, "new_customers": 77398666081098871624920045992570577007415487590715438923776, "churned_customers": 39582054897947395401845286640378141501726296076879256354816}, "generation": 0, "timestamp": "2025-11-15T03:09:16.362277"}