{"key": "daily_snapshot", "value": {"day": 0, "customers": 14237052796231758024298503596893147100541144974101, "mrr": 3.432133511122413e-69, "total_revenue": 2.963987135955569, "conversion_rate": 2.0190151917927357e+42, "churn_rate": 0.05, "average_price": 2.4107050526853597e-118, "daily_visitors": 0, "new_customers": 1606069670182622172886003563440570795436487475200, "churned_customers": 707518840456547355085223456336607354635551768576}, "generation": 0, "timestamp": "2025-11-14T00:32:02.398839"}