{"key": "daily_snapshot", "value": {"day": 0, "customers": 139075803024201995986, "mrr": 5.7899661111777214e-21, "total_revenue": 7.180499208388138, "conversion_rate": 18783846634479.54, "churn_rate": 0.05, "average_price": 4.1631728778658577e-41, "daily_visitors": 0, "new_customers": 19685892688314290176, "churned_customers": 6459263564315315200}, "generation": 0, "timestamp": "2025-11-15T19:06:38.182196"}