{"key": "daily_snapshot", "value": {"day": 0, "customers": 98219079334967124607612875097697443440842519442438818631830893384126210581726548374505832007113525039377917102, "mrr": 5.351040519978511e-170, "total_revenue": 14.069439877331755, "conversion_rate": 1.2760702288908494e+103, "churn_rate": 0.05, "average_price": 5.448066257808506e-280, "daily_visitors": 0, "new_customers": 10607649859427617610231376087897817182676916213244822841391445793132300021690799272039581683610284282796310528, "churned_customers": 2663275724153602575318679930643521992038838863099377937190060869142392265006871447171686235878912192042500096}, "generation": 0, "timestamp": "2025-11-15T13:40:10.848457"}