{"key": "daily_snapshot", "value": {"day": 0, "customers": 26067855412238009300, "mrr": 2.29810602438484e-19, "total_revenue": 7.997332640408474, "conversion_rate": 3158972269395.776, "churn_rate": 0.05, "average_price": 8.815861481669698e-39, "daily_visitors": 0, "new_customers": 3182007312206211072, "churned_customers": 869938684228382464}, "generation": 0, "timestamp": "2025-11-15T16:02:22.064893"}