{"key": "daily_snapshot", "value": {"day": 0, "customers": 3700240220962742958177535876515226498493117432116573734420198597558782455959703563286149973614618473004126608401236, "mrr": 3.0008225175373045e-180, "total_revenue": 7.997332640408474, "conversion_rate": 4.575933447209596e+107, "churn_rate": 0.05, "average_price": 8.109804602784785e-295, "daily_visitors": 0, "new_customers": 512344365994435626237423459254191350342735999769230832521996913552978436660123580099526720883189116143020789465088, "churned_customers": 138266862156394980334058131015866133017937053165489602834737920038661042171454255983631758021351858706924429115392}, "generation": 0, "timestamp": "2025-11-15T16:46:53.518308"}