{"key": "daily_snapshot", "value": {"day": 0, "customers": 535197155355833337942665077190283562489525695939137509969922158358621395970431891798362583471998874372480171023709650404687427282, "mrr": 5.288450564265555e-195, "total_revenue": 7.180499208388138, "conversion_rate": 7.122539194147132e+121, "churn_rate": 0.05, "average_price": 1e-323, "daily_visitors": 0, "new_customers": 76625567324196924671509233084592594964670621928532458835731977533389499452076488694756197520292964591166264248672558847103074304, "churned_customers": 33441055712592440487036194599145842907674158615832614518566412806818908634954933053886327347298358990035608209374416642670329856}, "generation": 0, "timestamp": "2025-11-15T19:57:52.654790"}