{"key": "daily_snapshot", "value": {"day": 0, "customers": 832153293591860522222681070, "mrr": 6.85480762936563e-33, "total_revenue": 4.058738603221899, "conversion_rate": 1.1657233675154276e+20, "churn_rate": 0.05, "average_price": 8.237433754276112e-60, "daily_visitors": 0, "new_customers": 124154098687712688934486016, "churned_customers": 44356560424158757728026624}, "generation": 0, "timestamp": "2025-11-14T15:04:15.408054"}