{"key": "daily_snapshot", "value": {"day": 0, "customers": 106584020195412481613866532167038144310928282196956893039605697510626682105360856631882932951711, "mrr": 1.175111517049254e-150, "total_revenue": 3.5615064647863135, "conversion_rate": 1.560764108311849e+88, "churn_rate": 0.05, "average_price": 1.102521292492805e-245, "daily_visitors": 0, "new_customers": 12319591778613124205002979267554650247215642366552789798607182083227232315783862605010062802944, "churned_customers": 6974421238758134844997692596716100576795840064633032545315463578166793557223868347258637385728}, "generation": 0, "timestamp": "2025-11-13T12:17:44.914042"}