{"key": "daily_snapshot", "value": {"day": 0, "customers": 747791801065945463398727333098554201736615947638708175777511, "mrr": 5.812740739335333e-87, "total_revenue": 3.180859164035811, "conversion_rate": 1.0010424443763816e+53, "churn_rate": 0.05, "average_price": 7.773207370085521e-147, "daily_visitors": 0, "new_customers": 84762448355342121498888528111049014339623939015283568541696, "churned_customers": 28697115617047053781728229517226672370173852168839619411968}, "generation": 0, "timestamp": "2025-11-14T09:08:54.476281"}