{"key": "daily_snapshot", "value": {"day": 0, "customers": 671993930692862325823004234145938222966770137275221, "mrr": 1.5888709409737733e-73, "total_revenue": 7.593310615949716, "conversion_rate": 9.195527670640488e+43, "churn_rate": 0.05, "average_price": 2.364412635893245e-124, "daily_visitors": 0, "new_customers": 79475609146237738071698596878623015018516933771264, "churned_customers": 26020683948348633834918568815538104074542912634880}, "generation": 0, "timestamp": "2025-11-14T18:51:03.963701"}