{"key": "daily_snapshot", "value": {"day": 0, "customers": 4537823560439593073575991443280617014735745920807003605866147927785140994197038467986, "mrr": 9.24822782117807e-132, "total_revenue": 5.414632391501176, "conversion_rate": 5.985717390886876e+77, "churn_rate": 0.05, "average_price": 2.0380316021547047e-216, "daily_visitors": 0, "new_customers": 477392243184745868776358101877169408095783672861719399600298825275311690637834715136, "churned_customers": 155875610971250740944760360519333862400415515005003720416017621252348097304641667072}, "generation": 0, "timestamp": "2025-11-13T22:32:40.414993"}