{"key": "daily_snapshot", "value": {"day": 0, "customers": 751008757331274365494658786274221991278901040466822989800093788336867918207599626860740659246354686619834234355688160056, "mrr": 1.7879848876537406e-186, "total_revenue": 8.385937104373125, "conversion_rate": 9.424499387027409e+112, "churn_rate": 0.05, "average_price": 2.380777680951928e-306, "daily_visitors": 0, "new_customers": 82010296799127261736796553809618217813792105376655174965751281847183870338358466843782996917342105724336032216130781184, "churned_customers": 30510623063345744167882605014335469904218537919078762292275579870790337813301217241546326306970324339348453139387777024}, "generation": 0, "timestamp": "2025-11-13T13:30:33.949063"}