{"key": "daily_snapshot", "value": {"day": 0, "customers": 11343703452819454259852465555747827165850328530895672832506142791125605958820724401155285, "mrr": 1.0069668957869867e-132, "total_revenue": 5.438023679800494, "conversion_rate": 1.6442080804175964e+81, "churn_rate": 0.05, "average_price": 8.876879583243224e-221, "daily_visitors": 0, "new_customers": 1484387742402212400395882302667619323483595752349371066037787272935991697544484833198080, "churned_customers": 490936097377166578146447328050882272466587689061811119149144072829299014999694561509376}, "generation": 0, "timestamp": "2025-11-14T20:08:51.496660"}