{"key": "daily_snapshot", "value": {"day": 0, "customers": 984360324036844242525162103129932104651397679925835772412624027848729070482, "mrr": 5.3443968066701224e-114, "total_revenue": 5.414632391501176, "conversion_rate": 1.243481647037027e+68, "churn_rate": 0.05, "average_price": 5.429309447126887e-189, "daily_visitors": 0, "new_customers": 102683503283338054797780815586777662202802416882939961014620345917574742016, "churned_customers": 60658817161983306024718609291388976666060621227464489249469984463554347008}, "generation": 0, "timestamp": "2025-11-13T22:27:55.319462"}