{"key": "daily_snapshot", "value": {"day": 0, "customers": 2318606626884947484558377270939232642266322777539489953027562, "mrr": 8.429010816205346e-92, "total_revenue": 5.620306961549841, "conversion_rate": 2.73261947193833e+53, "churn_rate": 0.05, "average_price": 3.635377695581651e-152, "daily_visitors": 0, "new_customers": 293294290502077468301900425894110736549098970046484807942144, "churned_customers": 110126418780506645492473634343666710524670094321726905122816}, "generation": 0, "timestamp": "2025-11-15T03:09:30.443943"}