{"key": "daily_snapshot", "value": {"day": 0, "customers": 2156176835409013813094704555836290655824079683451692702712451732603711433037501246629682901770428499720095370183403617335029624420050, "mrr": 2.130585801468579e-191, "total_revenue": 7.180499208388138, "conversion_rate": 2.846680124933067e+125, "churn_rate": 0.05, "average_price": 1e-323, "daily_visitors": 0, "new_customers": 302890976387644930322541889550046634035243181983117594433323230299494456681605386231104268799285348516675961553362117323204832788480, "churned_customers": 142862259405825910100783307519427034148038710187443244722382442502877416123282459254456089552919829440148036846077924169210734313472}, "generation": 0, "timestamp": "2025-11-15T19:59:38.818609"}