{"key": "daily_snapshot", "value": {"day": 0, "customers": 127877014570226310604748899052033727351035144733057388755560202689917650295761745105246308212193350512, "mrr": 5.173660651229059e-156, "total_revenue": 7.626819946521412, "conversion_rate": 1.749990099711641e+94, "churn_rate": 0.05, "average_price": 4.0458096934909565e-257, "daily_visitors": 0, "new_customers": 18966754833687516857537480524769011913985458081291495273365246555080843735973399725548062107248885760, "churned_customers": 8242846220396308537750322347285465377443043682621334200480795376907523118920455052880486467842867200}, "generation": 0, "timestamp": "2025-11-15T02:07:49.055591"}