{"key": "daily_snapshot", "value": {"day": 0, "customers": 4310616586129615545681654037970731061129232858253095896069765579828167509730309247880258, "mrr": 8.785172827304384e-129, "total_revenue": 7.574353924996814, "conversion_rate": 6.054852762768362e+80, "churn_rate": 0.05, "average_price": 2.0380316021547047e-216, "daily_visitors": 0, "new_customers": 555950635900773661844233371292961519647531433954810084833544570424283069877286126747648, "churned_customers": 240464310101089133460884508407055179902170220614610566709672661671504495737060896800768}, "generation": 0, "timestamp": "2025-11-14T11:05:50.447220"}