{"key": "daily_snapshot", "value": {"day": 0, "customers": 612119543039900, "mrr": 3.343664699504998e-11, "total_revenue": 8.73321624442503, "conversion_rate": 83791432.66339388, "churn_rate": 0.05, "average_price": 5.462437423415261e-26, "daily_visitors": 0, "new_customers": 69445104140878, "churned_customers": 38715394168256}, "generation": 0, "timestamp": "2025-11-14T16:01:12.976012"}