{"key": "daily_snapshot", "value": {"day": 0, "customers": 155107361100040685685061663059540405022173051993380522300901337351270218819005897103016523226231, "mrr": 1.2741175907490033e-149, "total_revenue": 3.0646080228541357, "conversion_rate": 2.201980101559406e+88, "churn_rate": 0.05, "average_price": 8.214423749542271e-245, "daily_visitors": 0, "new_customers": 23484525684967108746907397875780950264079409590805297822338080111860350957378206218604246990848, "churned_customers": 6231641129467959879111601698124652592362494547588839127940678328399891680785139728864314916864}, "generation": 0, "timestamp": "2025-11-14T21:26:01.163358"}