{"key": "daily_snapshot", "value": {"day": 0, "customers": 210550267942897, "mrr": 1.071130543128951e-10, "total_revenue": 2.476294474074789, "conversion_rate": 30328002.999418046, "churn_rate": 0.05, "average_price": 5.087291284851039e-25, "daily_visitors": 0, "new_customers": 30562375159692, "churned_customers": 10987332269248}, "generation": 0, "timestamp": "2025-11-13T15:49:34.253025"}