{"key": "daily_snapshot", "value": {"day": 0, "customers": 186465410690523554726926572235829310175530356767004952843091595863809548296027202221800648998264057739871020042947411833943843997554154, "mrr": 1.842523071197336e-189, "total_revenue": 5.620306961549841, "conversion_rate": 2.6543649979506337e+127, "churn_rate": 0.05, "average_price": 1e-323, "daily_visitors": 0, "new_customers": 26730950681004555810931554540400163219149702494044643755326894712824579436565989130012548450663972730570916445713580297358015832522752, "churned_customers": 12469582247634992924773811181270203097993398195432211558697254912712499725769301325395528549916208679401651010173307657953497462079488}, "generation": 0, "timestamp": "2025-11-15T03:43:44.419106"}