{"key": "daily_snapshot", "value": {"day": 0, "customers": 142967957601030, "mrr": 1.4205461810872512e-10, "total_revenue": 5.620306961518364, "conversion_rate": 20956777.75210705, "churn_rate": 0.05, "average_price": 9.936115790724684e-25, "daily_visitors": 0, "new_customers": 18765002043475, "churned_customers": 9119049849828}, "generation": 0, "timestamp": "2025-11-15T02:28:48.450597"}