{"key": "daily_snapshot", "value": {"day": 0, "customers": 5639533939630626162938180244602149713239387953056056598692697065810065364784301908016095918022254543729876087, "mrr": 2.2670719794506448e-173, "total_revenue": 3.0646080228541357, "conversion_rate": 6.48720203265269e+101, "churn_rate": 0.05, "average_price": 4.019963358176246e-282, "daily_visitors": 0, "new_customers": 664574829448649779731591030101794209395012659838777015820835390630356462324593012353085434672009477437259776, "churned_customers": 334222624252233504809580797406279320567411463769059208730388604368909811518345953948193284538154546098077696}, "generation": 0, "timestamp": "2025-11-14T21:32:28.231288"}