{"key": "daily_snapshot", "value": {"day": 0, "customers": 48030342380554066725713594647379739506776323996829878386753851019425642450025263552400838207221740695522258663, "mrr": 4.713872471935716e-172, "total_revenue": 3.180859164035811, "conversion_rate": 6.745919169358728e+102, "churn_rate": 0.05, "average_price": 9.814363667422473e-282, "daily_visitors": 0, "new_customers": 6617553364940309476615148248310606889733976610410911743481895744774533402558744734645191418967973176616681472, "churned_customers": 2521929594789870938950027678562596470779621349338921136960290724064955313978221082117439605478689440308133888}, "generation": 0, "timestamp": "2025-11-14T09:32:13.619567"}