{"key": "daily_snapshot", "value": {"day": 0, "customers": 9391737437523910792025352058374468775041289749780280131, "mrr": 2.6701620199306954e-81, "total_revenue": 3.6902796439842023, "conversion_rate": 1.1828629676789743e+48, "churn_rate": 0.05, "average_price": 2.8430969644256488e-136, "daily_visitors": 0, "new_customers": 1072638617326550369559428058386898511079956123186364416, "churned_customers": 573247412378719484126466539210459285903594020730306560}, "generation": 0, "timestamp": "2025-11-14T01:26:13.232175"}