{"key": "daily_snapshot", "value": {"day": 0, "customers": 927810653610037438198347509503581497951523846947671895640911206889430324078638387013497044696987145614880637843414158912, "mrr": 8.426326355988299e-186, "total_revenue": 4.61627280770732, "conversion_rate": 1.2440815631312997e+113, "churn_rate": 0.05, "average_price": 9.081946109588345e-306, "daily_visitors": 0, "new_customers": 135361517551004544056767044146077048467537388596238667458001216950138308150307633656620172139550054790716816880272670720, "churned_customers": 32634562649534059303094183806199790517053916192120106133936445946127828887421669880555348118626417972319778444977111040}, "generation": 0, "timestamp": "2025-11-15T17:50:03.081827"}