{"key": "daily_snapshot", "value": {"day": 0, "customers": 784379966161004276200153299768, "mrr": 6.804519942810045e-37, "total_revenue": 8.385937104373125, "conversion_rate": 1.019037440301514e+23, "churn_rate": 0.05, "average_price": 8.675030261307475e-67, "daily_visitors": 0, "new_customers": 109516038790844351619765633024, "churned_customers": 31246393425937904599281172480}, "generation": 0, "timestamp": "2025-11-13T12:47:56.492811"}