{"key": "daily_snapshot", "value": {"day": 0, "customers": 126546164391814845057735450489541869090097387826373843679659067270093126024736666222514197, "mrr": 1.1830098979906357e-138, "total_revenue": 6.513341788556554, "conversion_rate": 1.7605462515593553e+82, "churn_rate": 0.05, "average_price": 9.34844531777175e-228, "daily_visitors": 0, "new_customers": 13300441176326657010780082531236829533873380987886201087977040031155925277268036410146816, "churned_customers": 8269132276149357385469230554996406705483055730245947706187141456768295621752019618889728}, "generation": 0, "timestamp": "2025-11-15T01:01:35.304724"}