{"key": "daily_snapshot", "value": {"day": 0, "customers": 71045668341232189351751625998155, "mrr": 8.11330269154025e-42, "total_revenue": 5.241512577835226, "conversion_rate": 8.859712741404552e+24, "churn_rate": 0.05, "average_price": 1.1419841463904701e-73, "daily_visitors": 0, "new_customers": 7772462889477118238401279033344, "churned_customers": 1709366792451577994581322498048}, "generation": 0, "timestamp": "2025-11-13T19:01:32.278973"}