{"key": "daily_snapshot", "value": {"day": 0, "customers": 89933611921320144136966688789, "mrr": 5.41356407567177e-36, "total_revenue": 6.513341788556554, "conversion_rate": 1.1081479844304253e+22, "churn_rate": 0.05, "average_price": 6.01951145963971e-65, "daily_visitors": 0, "new_customers": 10582443018768111508400373760, "churned_customers": 4163021121159529351033651200}, "generation": 0, "timestamp": "2025-11-15T00:33:27.197647"}