{"key": "daily_snapshot", "value": {"day": 0, "customers": 7093375558917531577812474647901255, "mrr": 3.5282751317601946e-44, "total_revenue": 8.531929138055917, "conversion_rate": 8.78161248065158e+26, "churn_rate": 0.05, "average_price": 4.974042474495202e-78, "daily_visitors": 0, "new_customers": 923904072899891117825170664849408, "churned_customers": 194928175479846611599300164059136}, "generation": 0, "timestamp": "2025-11-13T11:17:47.436310"}