{"key": "daily_snapshot", "value": {"day": 0, "customers": 89337341170170482331582918657660250255850478, "mrr": 1.334439283076421e-61, "total_revenue": 4.058738603221899, "conversion_rate": 1.3976855550900514e+37, "churn_rate": 0.05, "average_price": 1.493708303378506e-105, "daily_visitors": 0, "new_customers": 12252115516006627819665271472070467101130752, "churned_customers": 4137803348560345081045665643793270049865728}, "generation": 0, "timestamp": "2025-11-14T15:12:09.610125"}