{"key": "daily_snapshot", "value": {"day": 0, "customers": 3287579044522203221123984417657033708808797392318699524115519, "mrr": 1.206802344180668e-88, "total_revenue": 2.4762944740981485, "conversion_rate": 5.05508618165592e+53, "churn_rate": 0.05, "average_price": 3.670793394888722e-149, "daily_visitors": 0, "new_customers": 518159576787105808172021908151002754521699698691751041564672, "churned_customers": 142998516067404781558759845106112525475813978619122374672384}, "generation": 0, "timestamp": "2025-11-13T16:11:00.113286"}