{"key": "daily_snapshot", "value": {"day": 0, "customers": 10667760822938279061593111474842663030468803841714336530123556918118081723374846719850494981360182351287164497049485890616302, "mrr": 1.0541148281329896e-199, "total_revenue": 4.058738603221899, "conversion_rate": 1.519173855421323e+117, "churn_rate": 0.05, "average_price": 1e-323, "daily_visitors": 0, "new_customers": 1403428350019840675295133701591820131871084293047583636544260192350415296333956775793617245944843980295605245929688089493504, "churned_customers": 515675394160975840555999075915273873058578152271908414501003814999118554778548003561582334983337141811280209501159512080384}, "generation": 0, "timestamp": "2025-11-14T15:51:53.593544"}