{"key": "daily_snapshot", "value": {"day": 0, "customers": 645271911540906235058049603422809322567, "mrr": 2.2781921503972513e-53, "total_revenue": 8.531929138055917, "conversion_rate": 7.452243162949489e+31, "churn_rate": 0.05, "average_price": 3.5305924675334766e-92, "daily_visitors": 0, "new_customers": 72766069885211928781704586474345725952, "churned_customers": 32716422146859879766815206322116493312}, "generation": 0, "timestamp": "2025-11-13T11:20:13.903150"}