{"key": "daily_snapshot", "value": {"day": 0, "customers": 16417385144222567767145985415922, "mrr": 1.7630904573313556e-38, "total_revenue": 10.298721371422412, "conversion_rate": 2.3584335888210679e+24, "churn_rate": 0.05, "average_price": 1.0739167302484853e-69, "daily_visitors": 0, "new_customers": 1867665919544032474569480601600, "churned_customers": 845623644686464791588926128128}, "generation": 0, "timestamp": "2025-11-14T03:22:30.297761"}