{"key": "daily_snapshot", "value": {"day": 0, "customers": 15241766604500522300608203901133961858464389444442632293484584156499953810783862538860305756372555272672124062507335994431, "mrr": 9.329820000150237e-192, "total_revenue": 2.4762944740981485, "conversion_rate": 2.100437447422837e+114, "churn_rate": 0.05, "average_price": 6.12121956873e-313, "daily_visitors": 0, "new_customers": 1961808724987039115222850726743575924953954185757077265393304242086687416908449384179086119339046076702704597644102074368, "churned_customers": 869451397337226666395610471976584912938018733421825814401053711190468693783617537163149471110040521668018621030619676672}, "generation": 0, "timestamp": "2025-11-13T16:39:17.525734"}