{"key": "daily_snapshot", "value": {"day": 0, "customers": 3642768332597889961015482636692562912520722662669826543731151362229822969946483925, "mrr": 1.884187557394526e-122, "total_revenue": 5.438023679800494, "conversion_rate": 5.443688681266227e+74, "churn_rate": 0.05, "average_price": 5.172405668879832e-204, "daily_visitors": 0, "new_customers": 526680130953279307701116839955960450509997972368330083628228810499874344681865216, "churned_customers": 193642687065504741855777943849998424136082570005727342025492054427207762958090240}, "generation": 0, "timestamp": "2025-11-14T20:05:57.540794"}