{"key": "daily_snapshot", "value": {"day": 0, "customers": 7958417828103995251413728386567657490726375164018293455346801241459502042267465871938406342, "mrr": 6.795876095879236e-142, "total_revenue": 3.6346456800791516, "conversion_rate": 1.0983367609015333e+84, "churn_rate": 0.05, "average_price": 8.539230086513663e-233, "daily_visitors": 0, "new_customers": 1027560727152876500212925645033340928983272717402664194190119832727532938328620197333696512, "churned_customers": 536075991959943838849232155939842875367451385752562303424293980689223814073357298950995968}, "generation": 0, "timestamp": "2025-11-13T15:22:10.410994"}