{"key": "daily_snapshot", "value": {"day": 0, "customers": 173055982078560731731651523075716195885207177267375137294940742302825873915693632716016990971927938810569, "mrr": 3.020167836960082e-160, "total_revenue": 3.6905216285399813, "conversion_rate": 2.3512962002557693e+97, "churn_rate": 0.05, "average_price": 1.745197016991324e-264, "daily_visitors": 0, "new_customers": 21190531160815437899127853009545055616616327583186274288948021344712003568681197119942962738658453487616, "churned_customers": 5465059733850156734050549588025370257820979066225221851000670603630280361313517524616351013793534312448}, "generation": 0, "timestamp": "2025-11-15T04:30:04.987440"}