{"key": "daily_snapshot", "value": {"day": 0, "customers": 65589078482307540347766606639943311506922106438700076953580738782312489406780579738097236903213942602674634626472455132290382058296810, "mrr": 6.481062084098696e-190, "total_revenue": 5.620306961549841, "conversion_rate": 8.177135400142722e+126, "churn_rate": 0.05, "average_price": 1e-323, "daily_visitors": 0, "new_customers": 6344205924287483160201433292876700587065425795858738862011590441324693688169361825149813667051368326455673089889694437985541272109056, "churned_customers": 2942755329057236533548497842779889113764855487633359091091355551658511721185840132261933643050365549711014095220903252669851058044928}, "generation": 0, "timestamp": "2025-11-15T03:43:29.346308"}