{"key": "daily_snapshot", "value": {"day": 0, "customers": 1521632923943247632362206279, "mrr": 1.9584922514543693e-32, "total_revenue": 8.531929138055917, "conversion_rate": 1.935054008693327e+20, "churn_rate": 0.05, "average_price": 1.2870990241056425e-59, "daily_visitors": 0, "new_customers": 182861406202485057712553984, "churned_customers": 80932395843271988745338880}, "generation": 0, "timestamp": "2025-11-13T11:14:36.772334"}