{"key": "daily_snapshot", "value": {"day": 0, "customers": 17276151876629419787717995861887512327, "mrr": 9.717072345623629e-49, "total_revenue": 7.42566689692798, "conversion_rate": 2.227740762206948e+30, "churn_rate": 0.05, "average_price": 5.6245583015327315e-86, "daily_visitors": 0, "new_customers": 2176219699126741102580637824677052416, "churned_customers": 828719138354079356873174324848099328}, "generation": 0, "timestamp": "2025-11-15T14:07:54.591387"}