{"key": "daily_snapshot", "value": {"day": 0, "customers": 99799586660735960457279923916308866374485, "mrr": 3.218515881584988e-56, "total_revenue": 7.593310615949716, "conversion_rate": 1.4201727103603405e+34, "churn_rate": 0.05, "average_price": 3.2249791700302154e-97, "daily_visitors": 0, "new_customers": 12603878980413189511629260174357809856512, "churned_customers": 2291725573285300943154460560080743956480}, "generation": 0, "timestamp": "2025-11-14T18:46:22.666181"}