{"key": "daily_snapshot", "value": {"day": 0, "customers": 1254266722345730, "mrr": 6.851353483085714e-11, "total_revenue": 10.298721371407368, "conversion_rate": 160844164.9059685, "churn_rate": 0.05, "average_price": 5.462437423415261e-26, "daily_visitors": 0, "new_customers": 142824042426801, "churned_customers": 52778632085457}, "generation": 0, "timestamp": "2025-11-14T03:14:57.700060"}