{"key": "daily_snapshot", "value": {"day": 0, "customers": 1066003074087111874098382848282803964014437164043384139014706288742801156251, "mrr": 3.704102758916775e-114, "total_revenue": 13.18914372001125, "conversion_rate": 1.446006068706592e+68, "churn_rate": 0.05, "average_price": 3.474758046161208e-189, "daily_visitors": 0, "new_customers": 144520605937311570886514626582981839336028848963791926526697686571902042112, "churned_customers": 70397275381398958455388556167477417496314866696451028378542339249762467840}, "generation": 0, "timestamp": "2025-11-13T18:20:22.002923"}