{"key": "daily_snapshot", "value": {"day": 0, "customers": 1080783392341423934937977503544674191177259078990818809896988449160343174966266393209226407, "mrr": 1.5634632499386955e-140, "total_revenue": 7.010218214998832, "conversion_rate": 1.5827398638798657e+83, "churn_rate": 0.05, "average_price": 1.446601845492451e-230, "daily_visitors": 0, "new_customers": 140784002011474019727809716085368394199494518668966569697035485401980362969243756099796992, "churned_customers": 29022303476320296206340794634255301704866883777552235568525878681436034492157735722811392}, "generation": 0, "timestamp": "2025-11-15T00:00:56.504217"}