{"key": "daily_snapshot", "value": {"day": 0, "customers": 9789377753807642559983411528043395704251082418965565252804503799410827874258005735, "mrr": 1.314550228998881e-125, "total_revenue": 3.180859164035811, "conversion_rate": 1.4943380774151235e+75, "churn_rate": 0.05, "average_price": 1.342833285279627e-207, "daily_visitors": 0, "new_customers": 1188122902895552319240042102072711820105770839075997558328431433988145526014476288, "churned_customers": 253446152984690746409952576042097547524780904501423076698721685495059377435967488}, "generation": 0, "timestamp": "2025-11-14T09:19:24.754206"}