{"key": "daily_snapshot", "value": {"day": 0, "customers": 598526266725, "mrr": 1.1029373246527787e-05, "total_revenue": 5.250996548405018, "conversion_rate": 77802.97085167367, "churn_rate": 0.05, "average_price": 1.8427550902449137e-17, "daily_visitors": 0, "new_customers": 80301238315, "churned_customers": 14222537890}, "generation": 0, "timestamp": "2025-11-14T21:47:52.813571"}