{"key": "daily_snapshot", "value": {"day": 0, "customers": 3178586934611219681169256882685277849205419237239063934023, "mrr": 3.898205922377823e-86, "total_revenue": 8.531929138055917, "conversion_rate": 3.9597188176760874e+50, "churn_rate": 0.05, "average_price": 1.2263958804872586e-143, "daily_visitors": 0, "new_customers": 367252470758213416699848368475189875573226580295649591296, "churned_customers": 173462935375909448773447042223446946873165075076947640320}, "generation": 0, "timestamp": "2025-11-13T11:29:06.689876"}