{"key": "daily_snapshot", "value": {"day": 0, "customers": 10053156747739616586452834219340781236375843088316322880246856693033463760045440109767495086268, "mrr": 6.212695625458811e-147, "total_revenue": 7.827191553977371, "conversion_rate": 1.301861959823698e+87, "churn_rate": 0.05, "average_price": 6.179845576222307e-241, "daily_visitors": 0, "new_customers": 1044045054393887007217090610350921623865388678822657130270626166298733487658624398684864905216, "churned_customers": 522006146129462074293596242343285749133555251149836397609226758444929378916465435423388205056}, "generation": 0, "timestamp": "2025-11-15T05:41:10.215871"}