{"key": "daily_snapshot", "value": {"day": 0, "customers": 258350899788199, "mrr": 6.267100720052377e-10, "total_revenue": 6.233195797219084, "conversion_rate": 38965608.19413096, "churn_rate": 0.05, "average_price": 2.4258095192198928e-24, "daily_visitors": 0, "new_customers": 39347903543887, "churned_customers": 14149747072295}, "generation": 0, "timestamp": "2025-11-14T07:37:22.201730"}