{"key": "daily_snapshot", "value": {"day": 0, "customers": 105103731877245252142898681762288496593259913811673293182976144819165738739640244406643020714967414348097063710802948009703, "mrr": 5.933976489462458e-193, "total_revenue": 3.180859164035811, "conversion_rate": 1.4437316372496446e+115, "churn_rate": 0.05, "average_price": 5.64582854e-315, "daily_visitors": 0, "new_customers": 13913213058204851336694070455055753249597225138959689831303860248040505018037435578401311323511861722677220888905854746624, "churned_customers": 5028575188679965139287028617285563928992593270409460362401936695103292022679252039083501831593138797247622953384393310208}, "generation": 0, "timestamp": "2025-11-14T09:37:58.360785"}