{"key": "daily_snapshot", "value": {"day": 0, "customers": 254110147348403397259041185000145948946905330075291564576330608, "mrr": 9.237863618913525e-90, "total_revenue": 7.626819946521412, "conversion_rate": 3.017148327373023e+55, "churn_rate": 0.05, "average_price": 3.635377695581651e-152, "daily_visitors": 0, "new_customers": 31717264071765367457431772715406052433880336312131057770037248, "churned_customers": 16633261460808458241763719712996230146938449156351680653033472}, "generation": 0, "timestamp": "2025-11-15T01:49:40.004035"}