{"key": "daily_snapshot", "value": {"day": 0, "customers": 2864667944947664783031323129274705978922517702849629962431940602118634578329922098101037079722074809655761575905239736202213428520034909, "mrr": 2.830668036682569e-188, "total_revenue": 7.058512489256422, "conversion_rate": 4.095826360452831e+128, "churn_rate": 0.05, "average_price": 1e-323, "daily_visitors": 0, "new_customers": 401926744818074548169843537194080983672902861029923805637253865568030821251990419062156688895028851497073589048562238597366322774933504, "churned_customers": 143181167515789741751348485277759049470273378819171035976637441380632975138179304111958281686239216404192992059770502444234922923130880}, "generation": 0, "timestamp": "2025-11-15T11:50:30.510347"}