{"key": "daily_snapshot", "value": {"day": 0, "customers": 9924088337721460136225, "mrr": 3.5147506558619853e-23, "total_revenue": 9.426328809042326, "conversion_rate": 1356851271342545.8, "churn_rate": 0.05, "average_price": 3.5416358019531304e-45, "daily_visitors": 0, "new_customers": 1219701988563986939904, "churned_customers": 461058711395691462656}, "generation": 0, "timestamp": "2025-11-15T11:58:22.771506"}