{"key": "daily_snapshot", "value": {"day": 0, "customers": 87992662379802571239493445600557477313937173079823599285641851905566047430425426665290128132518282109699927253, "mrr": 1.828727168449929e-169, "total_revenue": 5.438023679800494, "conversion_rate": 1.3205755518593151e+103, "churn_rate": 0.05, "average_price": 2.0782723456605925e-279, "daily_visitors": 0, "new_customers": 13477243308043189355870868944336401813834787649463663828311648590460401460195735157862290615805409140251033600, "churned_customers": 2902860905043405367028381469360291297602049106362315999721523179638088753206050428760679512521992842048962560}, "generation": 0, "timestamp": "2025-11-14T20:18:59.417995"}