{"key": "daily_snapshot", "value": {"day": 0, "customers": 2680387514979423953569993117272212314793119003067392490645128151112300205434095003229010342392788049862363268992119420492065, "mrr": 1.6092210632443353e-195, "total_revenue": 9.426328809042326, "conversion_rate": 3.947835302987937e+116, "churn_rate": 0.05, "average_price": 6.0037e-319, "daily_visitors": 0, "new_customers": 364884042057229761794452072572778235462624627547115424293917198837574072240484938496801710553673271973792136407231015944192, "churned_customers": 184255254577234171559961289184989363886948231664148563431880721270557298561925284520883343368796630070843377010233491587072}, "generation": 0, "timestamp": "2025-11-15T12:45:44.539200"}