{"key": "daily_snapshot", "value": {"day": 0, "customers": 190650450214942422456693831, "mrr": 1.2686159297142365e-30, "total_revenue": 8.531929138055917, "conversion_rate": 2.5959697586241286e+19, "churn_rate": 0.05, "average_price": 6.654145994850672e-57, "daily_visitors": 0, "new_customers": 26028590916098062387511296, "churned_customers": 8109263408472188063318016}, "generation": 0, "timestamp": "2025-11-13T11:14:08.677941"}