{"key": "daily_snapshot", "value": {"day": 0, "customers": 68695495408816551457781682154811706434, "mrr": 1.0128767555457854e-48, "total_revenue": 7.574353924996814, "conversion_rate": 9.081988844095655e+30, "churn_rate": 0.05, "average_price": 1.4744442113969968e-86, "daily_visitors": 0, "new_customers": 8805614250066254282908429980836823040, "churned_customers": 4303069181468367425993578498567962624}, "generation": 0, "timestamp": "2025-11-14T10:37:26.924037"}