{"key": "daily_snapshot", "value": {"day": 0, "customers": 213759457167203777720574803695831018589643310795336992718208335102805778942637796216071985940608722, "mrr": 5.205006735487841e-155, "total_revenue": 7.180499208388138, "conversion_rate": 3.0325969636360856e+91, "churn_rate": 0.05, "average_price": 2.4349831368707386e-253, "daily_visitors": 0, "new_customers": 27474586207426546496578258370986159049185293226990687042272678264239139760070199246149129766699008, "churned_customers": 8360485904454178377798689223281763428785516422395344226003437258679577136475792135904404065746944}, "generation": 0, "timestamp": "2025-11-15T19:43:35.436478"}