{"key": "daily_snapshot", "value": {"day": 0, "customers": 21999, "mrr": 0.11047196886141768, "total_revenue": 1.6884885936659235, "conversion_rate": 5.4577905599110546, "churn_rate": 0.05, "average_price": 5.021681388309363e-06, "daily_visitors": 13, "new_customers": 7570, "churned_customers": 1469}, "generation": 0, "timestamp": "2025-11-15T01:24:24.939671"}