{"key": "daily_snapshot", "value": {"day": 0, "customers": 7949645467308790435493240423920726855363060926233027631266654112748, "mrr": 1.0502806417426855e-99, "total_revenue": 3.8452002827692775, "conversion_rate": 1.0761209228622628e+60, "churn_rate": 0.05, "average_price": 1.3211666432946463e-166, "daily_visitors": 0, "new_customers": 1021167005302577812069634894967649646057372683455957145777403330560, "churned_customers": 339934379916534405753289262624075121448068816893283037659594227712}, "generation": 0, "timestamp": "2025-11-13T14:09:32.989419"}