{"key": "daily_snapshot", "value": {"day": 0, "customers": 420051821541604422475297167709455979871415876665, "mrr": 1.0324469769825983e-64, "total_revenue": 8.82569014329087, "conversion_rate": 6.092552663297774e+40, "churn_rate": 0.05, "average_price": 2.457903820517866e-112, "daily_visitors": 0, "new_customers": 65651839165659371213734049610475284800972259328, "churned_customers": 18885777286980774215450012830496535600670179328}, "generation": 0, "timestamp": "2025-11-13T11:53:48.455589"}