{"key": "daily_snapshot", "value": {"day": 0, "customers": 96492155251246668566, "mrr": 1.9155193503799986e-20, "total_revenue": 8.73321624443256, "conversion_rate": 12463299786657.375, "churn_rate": 0.05, "average_price": 1.98515552418988e-40, "daily_visitors": 0, "new_customers": 12055285918925375488, "churned_customers": 3630160488146994688}, "generation": 0, "timestamp": "2025-11-14T16:03:42.479363"}