{"key": "daily_snapshot", "value": {"day": 0, "customers": 1550486200029606407939816394952109159514086870234710691942280578297871377083965260356704104956937787146059, "mrr": 1.3457088805744266e-168, "total_revenue": 5.241512577835226, "conversion_rate": 2.196677700402546e+98, "churn_rate": 0.05, "average_price": 8.679270286628352e-274, "daily_visitors": 0, "new_customers": 220256684553072885731196981985969303161606769759679085712599214031990423877413069741725520850510571110400, "churned_customers": 50279483487887736029480017788097630812558443865142325504409884098881000161814226931627961747838750162944}, "generation": 0, "timestamp": "2025-11-13T20:40:20.107036"}