{"key": "daily_snapshot", "value": {"day": 0, "customers": 429807058286957563804340098103202675930585272145963485854900077068615403425785323002162548845399376315318828532581065, "mrr": 5.393784071563127e-181, "total_revenue": 3.6905216285399813, "conversion_rate": 5.647912930266828e+109, "churn_rate": 0.05, "average_price": 1.2549314785710212e-297, "daily_visitors": 0, "new_customers": 59374057324349117885142479074401930628071166628553946111948780147439535467268748827998525363449445993846962577735680, "churned_customers": 24625975524811308436111669213134710130691897145714163773867510292363574363983775629927191149486244834597084025847808}, "generation": 0, "timestamp": "2025-11-15T04:35:48.946833"}