{"key": "daily_snapshot", "value": {"day": 0, "customers": 9149824752493434427901292091325935538223560, "mrr": 4.902856504780155e-58, "total_revenue": 4.843910136547377, "conversion_rate": 1.3088405203898725e+36, "churn_rate": 0.05, "average_price": 5.358415748284216e-101, "daily_visitors": 0, "new_customers": 1052939966963294021561413995566558842191872, "churned_customers": 619047295197020543443004637652720182886400}, "generation": 0, "timestamp": "2025-11-14T06:49:29.210970"}