{"key": "daily_snapshot", "value": {"day": 0, "customers": 406097349672337828868, "mrr": 6.92491662102153e-21, "total_revenue": 4.445436838349596, "conversion_rate": 55947097674323.91, "churn_rate": 0.05, "average_price": 1.7052356107738557e-41, "daily_visitors": 0, "new_customers": 52856137799244685312, "churned_customers": 18510720007269883904}, "generation": 0, "timestamp": "2025-11-15T18:05:31.296612"}