{"key": "daily_snapshot", "value": {"day": 0, "customers": 13261443301055490188273673408387122937014745145885260521481047602413485705579280681110692597607558189738091811979357794854449817516804353, "mrr": 1.3104047098646108e-187, "total_revenue": 6.966800923949336, "conversion_rate": 1.6803084085767732e+129, "churn_rate": 0.05, "average_price": 1e-323, "daily_visitors": 0, "new_customers": 1344729389886182958955128102407389338307893412248348300148490759623851499264128624265425268172328799449074508423834199024590610656919552, "churned_customers": 424572013590834517176590634093921154687771501964007777600533273202322532609238967423057182071269073197290941979339829077793158465585152}, "generation": 0, "timestamp": "2025-11-14T05:12:33.393649"}