{"key": "daily_snapshot", "value": {"day": 0, "customers": 2546069055378496513260318809620206649467866824840998568754001041887207838709333690532344357341679942021973932016730694735903544, "mrr": 2.5158505044039788e-197, "total_revenue": 8.385937104373125, "conversion_rate": 3.34516569363289e+119, "churn_rate": 0.05, "average_price": 1e-323, "daily_visitors": 0, "new_customers": 372558694484630559228384009854102517359907115477578553757641893560345249086902056725469453043961347255638735925877814490824704, "churned_customers": 163113825925204974430060945756000594550898426889346978139761474582385920886970980560690070467592596994180889800504070228672512}, "generation": 0, "timestamp": "2025-11-13T13:33:40.761838"}