{"key": "daily_snapshot", "value": {"day": 0, "customers": 156425014824159214296278522750193655876131049790856237796897778179578281641940528492773242812191411145287774189470101418365973792, "mrr": 1.5456845194964957e-195, "total_revenue": 2.640852054669741, "conversion_rate": 2.1359838971293774e+121, "churn_rate": 0.05, "average_price": 1e-323, "daily_visitors": 0, "new_customers": 21833551421126847687160111822819108345645137030337696861267590275865085007287967956334589837504472479278229269155417961598550016, "churned_customers": 4945452788797124690469161540910536901208134514850636251506771652814727861468966455835909961439867788288257806030366168196317184}, "generation": 0, "timestamp": "2025-11-14T03:06:37.510201"}