{"key": "daily_snapshot", "value": {"day": 0, "customers": 4797465250925052570898005153, "mrr": 5.3041238436173896e-33, "total_revenue": 4.323965768575599, "conversion_rate": 6.176378128652341e+20, "churn_rate": 0.05, "average_price": 1.1056096430494505e-60, "daily_visitors": 0, "new_customers": 498197588058790216775761920, "churned_customers": 127863672762393598424514560}, "generation": 0, "timestamp": "2025-11-14T14:03:16.342729"}