{"key": "daily_snapshot", "value": {"day": 0, "customers": 6938789948540052538036328774809058323266047785226261, "mrr": 5.7167133210147784e-77, "total_revenue": 6.513341788556554, "conversion_rate": 9.930048565470627e+44, "churn_rate": 0.05, "average_price": 8.238775583943993e-129, "daily_visitors": 0, "new_customers": 986045766456267428216522751119164775816039820689408, "churned_customers": 322690043606429811909811310751782068583993723322368}, "generation": 0, "timestamp": "2025-11-15T00:44:28.967197"}