{"key": "daily_snapshot", "value": {"day": 0, "customers": 104153541925227305951219072821769888571159932173807261985, "mrr": 7.838194577759934e-78, "total_revenue": 9.426328809042326, "conversion_rate": 1.420385077975409e+49, "churn_rate": 0.05, "average_price": 7.525615003460027e-134, "daily_visitors": 0, "new_customers": 11122659603043938027459224997026582158267863412233994240, "churned_customers": 3708492237192389703921303630950458024442600459507597312}, "generation": 0, "timestamp": "2025-11-15T12:13:41.739473"}