{"key": "daily_snapshot", "value": {"day": 0, "customers": 816848380919073550716872404405652855582196681950726226487876986438743849131527023231614543446258387858, "mrr": 1.6595718424233592e-161, "total_revenue": 5.414632391501176, "conversion_rate": 1.0504087903233412e+95, "churn_rate": 0.05, "average_price": 2.0316767238445143e-263, "daily_visitors": 0, "new_customers": 85678226071706604960062466536734489734096071670899010553872542643066243034939017406282542729803071488, "churned_customers": 35795544490276895479725535204827885483831093587468016042742395228296424054293523884953908010006085632}, "generation": 0, "timestamp": "2025-11-13T22:40:50.747150"}