{"key": "daily_snapshot", "value": {"day": 0, "customers": 4509651068, "mrr": 0.03470494127439732, "total_revenue": 3.5538906246040702, "conversion_rate": 571.2498046204618, "churn_rate": 0.05, "average_price": 7.695704335233353e-12, "daily_visitors": 0, "new_customers": 537672305, "churned_customers": 272079865}, "generation": 0, "timestamp": "2025-11-13T11:37:20.858146"}