{"key": "daily_snapshot", "value": {"day": 0, "customers": 881603329606596488885066024122284028835958118476789468974932990010518258778710805005706025450944697430889685472812547, "mrr": 3.3114827227666653e-186, "total_revenue": 11.37579680016544, "conversion_rate": 1.3268059420408697e+110, "churn_rate": 0.05, "average_price": 3.756204873051432e-303, "daily_visitors": 0, "new_customers": 116663030074748974427147300003309043619515611091799116003270738144053486000383681469315591234787300303285700821778432, "churned_customers": 59379625697897718289130310976422042609787335119475334276654338280649146362110976360561788605630723333741595622113280}, "generation": 0, "timestamp": "2025-11-14T06:23:18.317081"}