{"key": "daily_snapshot", "value": {"day": 0, "customers": 3501263133425287791194186223237931425162205627321904974912037690273570179769287, "mrr": 2.857246827526189e-122, "total_revenue": 4.928703564447977, "conversion_rate": 4.632043483988509e+71, "churn_rate": 0.05, "average_price": 8.16061723624566e-201, "daily_visitors": 0, "new_customers": 483604729868309535460949179928666048618565491837101867290816425816677955928064, "churned_customers": 160318498557558700086953157974109084298398099266586220514962559726005224734720}, "generation": 0, "timestamp": "2025-11-15T06:35:22.700371"}