{"key": "daily_snapshot", "value": {"day": 0, "customers": 250723399279200427075856170371169512280936421646647604674412282025252385683319621487202083567491363285850070591896173321347167520, "mrr": 2.477476363847818e-195, "total_revenue": 2.640852054669741, "conversion_rate": 4.1066886101085374e+121, "churn_rate": 0.05, "average_price": 1e-323, "daily_visitors": 0, "new_customers": 32406492315259818758147566052024895653322604883786598762996829760203410620747282128448359539561488184489489249084586497480327168, "churned_customers": 6995982373837545660640889805940236109711322390506560739304009039565833414923702073006144555445931556671930060742613419258019840}, "generation": 0, "timestamp": "2025-11-14T03:06:42.535596"}