{"key": "daily_snapshot", "value": {"day": 0, "customers": 472483437994780646422507121052140005168994239176740931075844109258085022271803174807107855165198, "mrr": 4.518287226475901e-148, "total_revenue": 5.934471667464104, "conversion_rate": 6.310561554527334e+88, "churn_rate": 0.05, "average_price": 9.562847844257797e-244, "daily_visitors": 0, "new_customers": 56896154036679243582234790865119083953652000199135951926927227152101741814698049913709758775296, "churned_customers": 21041879250754695303273596492437022767607311497154941642209323833219964249788950845244227715072}, "generation": 0, "timestamp": "2025-11-14T18:10:35.600693"}