{"key": "daily_snapshot", "value": {"day": 0, "customers": 121331043665696320723934245840590702836873825857781971783232, "mrr": 4.229147297304211e-83, "total_revenue": 4.61627280770732, "conversion_rate": 1.4965658665899626e+52, "churn_rate": 0.05, "average_price": 3.4856267361853326e-142, "daily_visitors": 0, "new_customers": 16318176415938655371285786524499349934854679658275094396928, "churned_customers": 7846088335827132177904671556509190252644414890645286551552}, "generation": 0, "timestamp": "2025-11-15T17:21:41.571316"}