{"key": "daily_snapshot", "value": {"day": 0, "customers": 148109012637522823055030245924524185719451523230035462086, "mrr": 6.5160255890878876e-83, "total_revenue": 3.6346456800791516, "conversion_rate": 2.0073784563256002e+49, "churn_rate": 0.05, "average_price": 4.3994794597915495e-139, "daily_visitors": 0, "new_customers": 17073465745835144847329664345475101890978939169088208896, "churned_customers": 6854250391669159725387561659438392322297795490068037632}, "generation": 0, "timestamp": "2025-11-13T15:05:55.575175"}