{"key": "daily_snapshot", "value": {"day": 0, "customers": 7203494443243129885259107482317704236254612627387896313142654551463134290771652442806190386833441409644575786749413373169685, "mrr": 1.779499567207374e-198, "total_revenue": 6.513341788556554, "conversion_rate": 1.0323291767454356e+117, "churn_rate": 0.05, "average_price": 2.47e-322, "daily_visitors": 0, "new_customers": 1008587118652267493882933675921157707632938275995883039958634950493573654301592701051981862067663381078045689592740105420800, "churned_customers": 379649449894500771329469361979673658854255779288372254695786073804786454315371963551821172626409604611664111802141089202176}, "generation": 0, "timestamp": "2025-11-15T01:17:56.602241"}