{"key": "daily_snapshot", "value": {"day": 0, "customers": 498635920878820817726725, "mrr": 1.732074842543289e-27, "total_revenue": 1.5620171583249602, "conversion_rate": 5.816945967310414e+16, "churn_rate": 0.05, "average_price": 3.4736262872730745e-51, "daily_visitors": 0, "new_customers": 63409718765942936174592, "churned_customers": 30955727989898332864512}, "generation": 0, "timestamp": "2025-11-13T21:02:58.283451"}