{"key": "daily_snapshot", "value": {"day": 0, "customers": 11053207182285172198181447249229274231, "mrr": 6.675389377450838e-50, "total_revenue": 3.0646080228541357, "conversion_rate": 1.4862726186409411e+30, "churn_rate": 0.05, "average_price": 6.0393234898821e-87, "daily_visitors": 0, "new_customers": 1119018348617869647664132048522575872, "churned_customers": 669711201990246005455590173242818560}, "generation": 0, "timestamp": "2025-11-14T20:58:44.042954"}