{"key": "daily_snapshot", "value": {"day": 0, "customers": 1697807837193905429612385680610330367082484950004530343681984753642896292952340655086505666100452674369105664853, "mrr": 9.741144329352427e-176, "total_revenue": 7.593310615949716, "conversion_rate": 2.340931091948548e+104, "churn_rate": 0.05, "average_price": 5.737483427719563e-287, "daily_visitors": 0, "new_customers": 178834007677979636681806852954913652142553977936043711417387587774288306030230418322586712780599002269485105152, "churned_customers": 61917337128670387195370317465078042455049661819506552812981118766177437619553705094463459641892200205388873728}, "generation": 0, "timestamp": "2025-11-14T19:19:09.955633"}