{"key": "daily_snapshot", "value": {"day": 0, "customers": 988405360665008687053724881224260053, "mrr": 4.821961906681229e-48, "total_revenue": 5.250998821828405, "conversion_rate": 1.3054655235462701e+29, "churn_rate": 0.05, "average_price": 4.878526663834529e-84, "daily_visitors": 0, "new_customers": 132523781362811581359680896479789056, "churned_customers": 29234711912604458183561021843570688}, "generation": 0, "timestamp": "2025-11-14T21:59:22.829737"}