{"key": "daily_snapshot", "value": {"day": 0, "customers": 81346724518697809316152057768952616441543421779991694923751720656025879019910748907309380255154295888467378352963, "mrr": 6.661328699167302e-179, "total_revenue": 3.6902796439842023, "conversion_rate": 1.251675901737755e+106, "churn_rate": 0.05, "average_price": 8.18880998415145e-292, "daily_visitors": 0, "new_customers": 11936027491264354865667543228669757243254824466308428716252115671372579828288434352638351270252201520486114394112, "churned_customers": 4388016052487012674207482371367531734248752472493315942783594388775030013790368457175257571902946135301272109056}, "generation": 0, "timestamp": "2025-11-14T01:58:39.354894"}