{"key": "daily_snapshot", "value": {"day": 0, "customers": 328676701549822846109824348030460510897040498528341854157828, "mrr": 2.3794101168052114e-86, "total_revenue": 4.445436838349596, "conversion_rate": 5.069402887361276e+52, "churn_rate": 0.05, "average_price": 7.239363500928055e-146, "daily_visitors": 0, "new_customers": 38680973014086242395670447929769634396227370161860841046016, "churned_customers": 17453605773817574826436890065709818870972622066246788055040}, "generation": 0, "timestamp": "2025-11-15T18:23:34.520516"}