{"key": "daily_snapshot", "value": {"day": 0, "customers": 39989872070437611566126123296689830892026189710742756181, "mrr": 6.25045333796883e-82, "total_revenue": 7.593310615949716, "conversion_rate": 5.183826483315088e+48, "churn_rate": 0.05, "average_price": 1.563009085640326e-137, "daily_visitors": 0, "new_customers": 4084402217163214675856908994591300184468725587794460672, "churned_customers": 1987052769946668080198070847164382760715140902475005952}, "generation": 0, "timestamp": "2025-11-14T18:53:20.603905"}