{"key": "daily_snapshot", "value": {"day": 0, "customers": 943575497063713995902767505674981215639593857572470941967234796138297207893346286917055927152, "mrr": 9.289559269827145e-142, "total_revenue": 7.626819946521412, "conversion_rate": 1.3658689833742214e+86, "churn_rate": 0.05, "average_price": 9.845061999527396e-235, "daily_visitors": 0, "new_customers": 139115908158122441852771827357307843848086530966035900414200144018558552328608917752528240640, "churned_customers": 51411626463336069428784692243667800507409612399051936054886478947506342536855390514933923840}, "generation": 0, "timestamp": "2025-11-15T02:03:56.727884"}