{"key": "daily_snapshot", "value": {"day": 0, "customers": 49887735590599090200160376661716007931841490084223414653763890235030364091919021910098713465760901585202985320379217493472488661, "mrr": 4.929563260825336e-196, "total_revenue": 5.438023679800494, "conversion_rate": 6.396043065213247e+120, "churn_rate": 0.05, "average_price": 1e-323, "daily_visitors": 0, "new_customers": 5847508711027781087368079385620510064070508304385098688247244281205738830617439392161652114713444284240746938827277533540515840, "churned_customers": 1245243625579898519660091121485419071544421015065503497432272466043035331408959357842707265278144523533916569327979723776589824}, "generation": 0, "timestamp": "2025-11-14T20:27:19.495070"}