{"key": "daily_snapshot", "value": {"day": 0, "customers": 819416222219276095097089, "mrr": 8.089801126854099e-26, "total_revenue": 6.966800923949336, "conversion_rate": 1.1249315168901277e+17, "churn_rate": 0.05, "average_price": 9.872639700668832e-50, "daily_visitors": 0, "new_customers": 118345074499266914811904, "churned_customers": 38568395078795907825664}, "generation": 0, "timestamp": "2025-11-14T04:20:09.959156"}