{"key": "daily_snapshot", "value": {"day": 0, "customers": 26181931963862466984184564545420240474811349097269465337360492952109044738710091265541165572378102919433593439399, "mrr": 3.8998926514987177e-178, "total_revenue": 7.010218214998832, "conversion_rate": 3.678177320620654e+105, "churn_rate": 0.05, "average_price": 1.489535858882199e-290, "daily_visitors": 0, "new_customers": 3831731038083010700429078329597526525334859906628126045682461146806856245181569551667838777996258116611537371136, "churned_customers": 1513269821383511298376885289325422208360029845064557542377441413416523197532627814307766540791486269311254790144}, "generation": 0, "timestamp": "2025-11-15T00:11:18.686432"}