{"key": "daily_snapshot", "value": {"day": 0, "customers": 153338625205377727036541573100503480148352751082308228230974647849817, "mrr": 3.3335598344104644e-105, "total_revenue": 4.2636659399133805, "conversion_rate": 1.975829924398436e+61, "churn_rate": 0.05, "average_price": 2.1739857325221103e-173, "daily_visitors": 0, "new_customers": 19390795559970681098288467529125818543720350127544370093150680645632, "churned_customers": 8937053271827068757957189543260076481186944411553503834584020680704}, "generation": 0, "timestamp": "2025-11-15T15:24:28.643111"}