{"key": "daily_snapshot", "value": {"day": 0, "customers": 8296044112612137360282853390760734060348353736756593201376552087837416030582579037364044701912465941085, "mrr": 7.412854496337481e-162, "total_revenue": 7.058512489256422, "conversion_rate": 1.0711265461246617e+96, "churn_rate": 0.05, "average_price": 8.935408726995582e-265, "daily_visitors": 0, "new_customers": 1146528931656412049225514907364543430858808002676721774326507668255211988987438853450674442923711397888, "churned_customers": 371597248727758880774813200268452843400024059512982164610086522320010829315805974314833029238051831808}, "generation": 0, "timestamp": "2025-11-15T11:34:47.540496"}