{"key": "daily_snapshot", "value": {"day": 0, "customers": 1053026176346340678464135563978144478231679347987880751835407995737, "mrr": 2.334084976007265e-101, "total_revenue": 4.2636659399133805, "conversion_rate": 1.4373043723576496e+59, "churn_rate": 0.05, "average_price": 2.2165498146549242e-167, "daily_visitors": 0, "new_customers": 129053858791870276004113346351661016006833717397552836819730563072, "churned_customers": 53450790349207535031032514821558751379849900983001126971157512192}, "generation": 0, "timestamp": "2025-11-15T15:23:26.141836"}