{"key": "daily_snapshot", "value": {"day": 0, "customers": 38441354084052488777708875500463531625397348516349894, "mrr": 2.533677515531499e-76, "total_revenue": 3.6346456800791516, "conversion_rate": 4.9507229382681295e+45, "churn_rate": 0.05, "average_price": 6.591020467155195e-129, "daily_visitors": 0, "new_customers": 4242284358167910035703156131969237076312686216609792, "churned_customers": 1494073295191333861419222985418025020639915188158464}, "generation": 0, "timestamp": "2025-11-13T15:04:10.104403"}