{"key": "daily_snapshot", "value": {"day": 0, "customers": 2235330936881444969501590985253114130095691777856844692704521511874981336915859129109, "mrr": 1.8841830560334466e-129, "total_revenue": 2.963987135955569, "conversion_rate": 3.4586194742905557e+77, "churn_rate": 0.05, "average_price": 8.429101145363775e-214, "daily_visitors": 0, "new_customers": 266225301885392170521742007239495494208649846156974660753355230334805744591780708352, "churned_customers": 150889650529308468697693039105067603070119496775193345609104308289447047171240099840}, "generation": 0, "timestamp": "2025-11-14T00:48:31.017557"}