{"key": "daily_snapshot", "value": {"day": 0, "customers": 2316169604164301690422656642374511738470926555896838431941806, "mrr": 9.218082118378505e-87, "total_revenue": 14.069439877331755, "conversion_rate": 3.203287917692227e+53, "churn_rate": 0.05, "average_price": 3.9798821734837875e-147, "daily_visitors": 0, "new_customers": 296185201716783176198072594136208547967353412982583530094592, "churned_customers": 96444528394009258976421344969387594072189782566235298332672}, "generation": 0, "timestamp": "2025-11-15T13:17:11.658242"}