{"key": "daily_snapshot", "value": {"day": 0, "customers": 1187096056004031675683234961920606565395626452991774614297493752723166433512228204754291775, "mrr": 5.681921314046055e-138, "total_revenue": 2.4762944740981485, "conversion_rate": 1.648492694862101e+83, "churn_rate": 0.05, "average_price": 4.7864040026991363e-228, "daily_visitors": 0, "new_customers": 156136376644355539120845297440307702860616039210967779343855925936369394084712362106945536, "churned_customers": 68200406566275306385422468971374031068713013677634649902854914127932431001199111938506752}, "generation": 0, "timestamp": "2025-11-13T16:24:37.784204"}