{"key": "daily_snapshot", "value": {"day": 0, "customers": 2684049754897848702834171329360400754652216481, "mrr": 9.693620340539472e-63, "total_revenue": 4.323965768575599, "conversion_rate": 3.792173207292737e+38, "churn_rate": 0.05, "average_price": 3.611565069854079e-108, "daily_visitors": 0, "new_customers": 336472272869879147771989325865879247723167744, "churned_customers": 106204543561199857007251040397444414135336960}, "generation": 0, "timestamp": "2025-11-14T14:11:28.510175"}