{"key": "daily_snapshot", "value": {"day": 0, "customers": 517517546343336, "mrr": 1.157901194207183e-11, "total_revenue": 2.9639871359527534, "conversion_rate": 81405837.67070039, "churn_rate": 0.05, "average_price": 2.237414368630891e-26, "daily_visitors": 0, "new_customers": 63493053996916, "churned_customers": 24723514011559}, "generation": 0, "timestamp": "2025-11-14T00:16:09.781149"}