{"key": "daily_snapshot", "value": {"day": 0, "customers": 789806951017050862023968, "mrr": 6.697983854794494e-27, "total_revenue": 2.640852054669741, "conversion_rate": 8.813458665549782e+16, "churn_rate": 0.05, "average_price": 8.480532927912777e-51, "daily_visitors": 0, "new_customers": 97961105696749535625216, "churned_customers": 26167323224585571139584}, "generation": 0, "timestamp": "2025-11-14T02:18:08.641505"}