{"key": "daily_snapshot", "value": {"day": 0, "customers": 4140623900463770926328691630531352496224139769120, "mrr": 1.9495747965073776e-69, "total_revenue": 2.640852054669741, "conversion_rate": 5.811555353437273e+41, "churn_rate": 0.05, "average_price": 4.708408306026093e-118, "daily_visitors": 0, "new_customers": 632572967961320808889892898555793188257510981632, "churned_customers": 252965034749414229069941433739173940865443823616}, "generation": 0, "timestamp": "2025-11-14T02:29:45.744913"}