{"key": "daily_snapshot", "value": {"day": 0, "customers": 2495860976826906843431592598758194045827446798910148285057884689977324616852922894780916676669426162317452574932383898605692390788159, "mrr": 2.4662383308919005e-191, "total_revenue": 2.4762944740981485, "conversion_rate": 3.0693412376923447e+125, "churn_rate": 0.05, "average_price": 1e-323, "daily_visitors": 0, "new_customers": 278095379667094320968864156056963069606224108498983037515461044747279253916789600824904172953976252241744880069320509311789714898944, "churned_customers": 130292938903610435670116355536920955420713885956866156504451895885406028002559145520302159810954682087142609027478062966533523505152}, "generation": 0, "timestamp": "2025-11-13T16:44:32.965587"}