{"key": "daily_snapshot", "value": {"day": 0, "customers": 24993514906163539705846596122822447416451183020459974, "mrr": 6.284056407648937e-76, "total_revenue": 3.6346456800791516, "conversion_rate": 3.010380955840907e+45, "churn_rate": 0.05, "average_price": 2.5142747753735325e-128, "daily_visitors": 0, "new_customers": 3309609232626682752029461128911635183559295971098624, "churned_customers": 841186983083457370568870961111341521295636950941696}, "generation": 0, "timestamp": "2025-11-13T15:04:04.079903"}