{"key": "daily_snapshot", "value": {"day": 0, "customers": 29493916535337412977607, "mrr": 4.2785468719664504e-23, "total_revenue": 4.928703564447977, "conversion_rate": 3978094684481567.5, "churn_rate": 0.05, "average_price": 1.4506540244800024e-45, "daily_visitors": 0, "new_customers": 3756321433957875318784, "churned_customers": 1077005343478983819264}, "generation": 0, "timestamp": "2025-11-15T06:08:32.670133"}