{"key": "daily_snapshot", "value": {"day": 0, "customers": 45452696004275894616437429903872349132152802363417903682808496780228592585071325248796505945652833476039194513144584642817322461339, "mrr": 4.491323121315683e-193, "total_revenue": 13.18914372001125, "conversion_rate": 5.923356124278518e+123, "churn_rate": 0.05, "average_price": 1e-323, "daily_visitors": 0, "new_customers": 6403537328128719953470685873175746768764152306791088363907047761644689827761006360822657786408826725727068520933516801328145235968, "churned_customers": 1944471146998742754884140091135707020979589995107389525945549180625991921129759501552328474260594271950091649450033677660846030848}, "generation": 0, "timestamp": "2025-11-13T18:46:44.127057"}