{"key": "daily_snapshot", "value": {"day": 0, "customers": 872033603311849195758659706582909718, "mrr": 1.0386326136515034e-47, "total_revenue": 8.73321624443256, "conversion_rate": 1.0971612811235618e+29, "churn_rate": 0.05, "average_price": 1.1910465487877266e-83, "daily_visitors": 0, "new_customers": 104504997598355503285285981800890368, "churned_customers": 41387915475924617057595160652677120}, "generation": 0, "timestamp": "2025-11-14T16:11:10.089687"}