{"key": "daily_snapshot", "value": {"day": 0, "customers": 11379150, "mrr": 4.908500433880136, "total_revenue": 2.700350545539546, "conversion_rate": 14.32627869283756, "churn_rate": 0.05, "average_price": 4.313591466744121e-07, "daily_visitors": 2, "new_customers": 6872235, "churned_customers": 749541}, "generation": 0, "timestamp": "2025-11-15T15:56:53.415205"}