{"key": "daily_snapshot", "value": {"day": 0, "customers": 175977535029482123944884027356311812322356210664495501590, "mrr": 7.742095507469546e-83, "total_revenue": 6.2331957973706755, "conversion_rate": 2.7414797933036217e+49, "churn_rate": 0.05, "average_price": 4.3994794597915495e-139, "daily_visitors": 0, "new_customers": 23721295928823379104203170416409374937712068200123858944, "churned_customers": 6763370069532950183940407742309030704390403404985270272}, "generation": 0, "timestamp": "2025-11-14T07:57:11.253148"}