{"key": "daily_snapshot", "value": {"day": 0, "customers": 2017040827637573344431491718163994575204103, "mrr": 3.8398238671339136e-57, "total_revenue": 7.42566689692798, "conversion_rate": 2.8995018090968807e+35, "churn_rate": 0.05, "average_price": 1.903691692562934e-99, "daily_visitors": 0, "new_customers": 325154767100418643730374404268879505260544, "churned_customers": 100705353206240825999012502957496096260096}, "generation": 0, "timestamp": "2025-11-15T14:10:16.082653"}