{"key": "daily_snapshot", "value": {"day": 0, "customers": 299398138184264618830673811589354684710957692549930530017497328072832187648085429174497454761932913603516705, "mrr": 3.7449158332732484e-168, "total_revenue": 9.426328809042326, "conversion_rate": 4.35879117162957e+100, "churn_rate": 0.05, "average_price": 1.250814669718634e-275, "daily_visitors": 0, "new_customers": 33430750395513758652248144485135744690961000289505617930458432111489542219631546926147812154467937417166848, "churned_customers": 8969256000422186772759017454456114547130986298269404239745051212763502932071430452875824017428700618293248}, "generation": 0, "timestamp": "2025-11-15T12:38:14.751246"}