{"key": "daily_snapshot", "value": {"day": 0, "customers": 999523231433876240283946451711781955251950631039379355560284340937, "mrr": 6.358153186088927e-97, "total_revenue": 3.6905216285399813, "conversion_rate": 1.441823444400499e+59, "churn_rate": 0.05, "average_price": 6.36118599961681e-163, "daily_visitors": 0, "new_customers": 116936903530897034749196223718453499679512259172630911459512025088, "churned_customers": 51110102254233903074603980334795155609948472621807479972018782208}, "generation": 0, "timestamp": "2025-11-15T04:12:31.186099"}