{"key": "daily_snapshot", "value": {"day": 0, "customers": 1040086778132257, "mrr": 1.1096501836853604e-10, "total_revenue": 14.069439877308218, "conversion_rate": 141108536.33312476, "churn_rate": 0.05, "average_price": 1.066882309260793e-25, "daily_visitors": 0, "new_customers": 155731616647465, "churned_customers": 40691412651929}, "generation": 0, "timestamp": "2025-11-15T12:56:12.050468"}