{"key": "daily_snapshot", "value": {"day": 0, "customers": 401358693098450254880831744517145304352385433683234197803035518819816227279660095494187692867, "mrr": 2.915619479747069e-144, "total_revenue": 3.6902796439842023, "conversion_rate": 4.828459731761532e+85, "churn_rate": 0.05, "average_price": 7.264373563803412e-237, "daily_visitors": 0, "new_customers": 50632945770364395163719736554859168019912651220812996110812029725540337474288857115432845312, "churned_customers": 23192449855606306280759652455748086707024226697518564312851282749343207875052113096731525120}, "generation": 0, "timestamp": "2025-11-14T01:45:39.847876"}