{"key": "daily_snapshot", "value": {"day": 0, "customers": 3036877652804454602642110758009241998693600609155195118964940893418567, "mrr": 1.2770374137730681e-106, "total_revenue": 8.531929138055917, "conversion_rate": 4.142238863275649e+62, "churn_rate": 0.05, "average_price": 4.20509997363169e-176, "daily_visitors": 0, "new_customers": 352457129320642104416832404327657657352034554078781971894582770663424, "churned_customers": 111604151816192092386366341826872593234966758869013103992896999129088}, "generation": 0, "timestamp": "2025-11-13T11:34:42.661537"}