{"key": "daily_snapshot", "value": {"day": 0, "customers": 32960801226810655647250600479925222842101780159053357201814258237399612021124483179554872849183768517260600263, "mrr": 5.771241784765159e-177, "total_revenue": 4.928703564447977, "conversion_rate": 4.614854807714915e+102, "churn_rate": 0.05, "average_price": 1.750940987463245e-286, "daily_visitors": 0, "new_customers": 4594994426730199920492924433915167958105651793907827339366446960841086535615867139048368092607012413384949760, "churned_customers": 1518571817859435676285362757050476009600739572963857771469034103232228121985758749726939907259514403015360512}, "generation": 0, "timestamp": "2025-11-15T06:50:11.924671"}