{"key": "daily_snapshot", "value": {"day": 0, "customers": 145694267385239872116895514223948653353009259178499698950737776252657974924121, "mrr": 2.9310007363033154e-120, "total_revenue": 4.2636659399133805, "conversion_rate": 1.9911752281613333e+70, "churn_rate": 0.05, "average_price": 2.011747468795915e-197, "daily_visitors": 0, "new_customers": 17587772687840276918981357654195916422321524627001838178805973217466589904896, "churned_customers": 5690159319772746797556863936397481320126584230755266574000297200912814833664}, "generation": 0, "timestamp": "2025-11-15T15:28:37.795164"}