{"key": "daily_snapshot", "value": {"day": 0, "customers": 1849253487970683997703415708089037039459444984979441535178054643759928, "mrr": 1.1426239719483565e-102, "total_revenue": 8.385937104373125, "conversion_rate": 2.545839496320681e+62, "churn_rate": 0.05, "average_price": 6.178839079558737e-172, "daily_visitors": 0, "new_customers": 245488460621560718209628548662717681546472548845084846676654130462720, "churned_customers": 112553906841594158818827519773058119600567045486018154230980435509248}, "generation": 0, "timestamp": "2025-11-13T13:06:07.824974"}