{"key": "daily_snapshot", "value": {"day": 0, "customers": 115480724979340764984282462926311480067570968706770435067072052333000896294239992778595966163219830919446, "mrr": 4.825843226509581e-166, "total_revenue": 6.2331957973706755, "conversion_rate": 1.5885057435138873e+97, "churn_rate": 0.05, "average_price": 4.178916635111975e-270, "daily_visitors": 0, "new_customers": 17316949687292469774909756570525686213056324575838710103689624144961631003206622388744561323945322610688, "churned_customers": 8024086720646214666969667505095948815286672289935015635984260961152668086875905622066377378672874094592}, "generation": 0, "timestamp": "2025-11-14T08:19:49.537133"}