{"key": "daily_snapshot", "value": {"day": 0, "customers": 104916096754960535939034427818647399443138634577583166404709442, "mrr": 1.0840313906626014e-88, "total_revenue": 7.574353924996814, "conversion_rate": 1.3802490672695471e+55, "churn_rate": 0.05, "average_price": 1.0332364853359333e-150, "daily_visitors": 0, "new_customers": 14333896991624846000158006515900423720379873406452522490527744, "churned_customers": 4115069065041834884680399344728037809043674986149228375441408}, "generation": 0, "timestamp": "2025-11-14T10:48:31.634442"}