{"key": "daily_snapshot", "value": {"day": 0, "customers": 118460990531919525821184186635795073281, "mrr": 3.9330863685049914e-50, "total_revenue": 6.966800923949336, "conversion_rate": 1.7260204513358645e+31, "churn_rate": 0.05, "average_price": 3.320153200513053e-88, "daily_visitors": 0, "new_customers": 13865294404577574160918451443306856448, "churned_customers": 4496369113977002490482008897135575040}, "generation": 0, "timestamp": "2025-11-14T04:26:48.743064"}