{"key": "daily_snapshot", "value": {"day": 0, "customers": 165895406214246293929990111860786415661498154503563163445040618, "mrr": 5.50887885684571e-95, "total_revenue": 5.620306961549841, "conversion_rate": 2.0208914761319995e+55, "churn_rate": 0.05, "average_price": 3.3206940340055265e-157, "daily_visitors": 0, "new_customers": 15212701099494694791889768823584339665580972787067383986520064, "churned_customers": 6557860185057079362617792923421567932004827481919509288189952}, "generation": 0, "timestamp": "2025-11-15T03:10:22.762349"}