{"key": "daily_snapshot", "value": {"day": 0, "customers": 1463065278050307007587203633578682576252793959362822610033293447474728646683336541561967449, "mrr": 1.818036404563558e-141, "total_revenue": 4.2636659399133805, "conversion_rate": 1.9779745160033095e+83, "churn_rate": 0.05, "average_price": 1.2426215233446648e-231, "daily_visitors": 0, "new_customers": 219253954818972089453043458373708911981325481264518630465710796131785984070607899432321024, "churned_customers": 39684820291664238265589331836114468990554795145108576272023501998278674683113251801137152}, "generation": 0, "timestamp": "2025-11-15T15:34:32.746790"}