{"key": "daily_snapshot", "value": {"day": 0, "customers": 42848113558048892630596964969251968585792296302190083, "mrr": 2.604798261865375e-78, "total_revenue": 11.37579680016544, "conversion_rate": 5.384017605659862e+45, "churn_rate": 0.05, "average_price": 6.079143387109679e-131, "daily_visitors": 0, "new_customers": 5965656749347700084166296639356536547078165133000704, "churned_customers": 1895636227559218139627871240876199828881108711243776}, "generation": 0, "timestamp": "2025-11-14T05:35:21.339531"}