{"key": "daily_snapshot", "value": {"day": 0, "customers": 14711588760653532327, "mrr": 5.759629603883552e-18, "total_revenue": 3.180859164035811, "conversion_rate": 1833664274514.8274, "churn_rate": 0.05, "average_price": 3.915028959542295e-37, "daily_visitors": 0, "new_customers": 1439797680863884288, "churned_customers": 634029914876755840}, "generation": 0, "timestamp": "2025-11-14T08:40:41.296080"}