{"key": "daily_snapshot", "value": {"day": 0, "customers": 194744704813916356199549571457164465263443388194406341741613816749599872882617481810438348305119359571789030217043647700615537838, "mrr": 1.92433336716101e-195, "total_revenue": 14.069439877331755, "conversion_rate": 2.5887109317714844e+121, "churn_rate": 0.05, "average_price": 1e-323, "daily_visitors": 0, "new_customers": 19990165241047521425698681606447366896604187212829495547263842952490782236030663884019498421150653667628697835582268343582720000, "churned_customers": 7449662840954150522180370699318337235834191251958203824192484099528970879751410634558874304198774496489754100665900686200799232}, "generation": 0, "timestamp": "2025-11-15T13:48:50.448138"}