{"key": "daily_snapshot", "value": {"day": 0, "customers": 283989069250311763499129285475670720064781892040, "mrr": 1.1710795709394946e-65, "total_revenue": 4.843910136547377, "conversion_rate": 4.1431082094897825e+40, "churn_rate": 0.05, "average_price": 4.123678330405349e-113, "daily_visitors": 0, "new_customers": 33587168833816302732570727483053825048166006784, "churned_customers": 13815758607896643384724627876162923334658424832}, "generation": 0, "timestamp": "2025-11-14T06:51:34.792658"}