{"key": "daily_snapshot", "value": {"day": 0, "customers": 1758216365099822402236788044840137736905, "mrr": 7.226534018893167e-52, "total_revenue": 3.6905216285399813, "conversion_rate": 2.0098541026829706e+32, "churn_rate": 0.05, "average_price": 4.1101505834766144e-91, "daily_visitors": 0, "new_customers": 222260707198563262968140735847461814272, "churned_customers": 57099546016855996142575356865329233920}, "generation": 0, "timestamp": "2025-11-15T04:00:06.299749"}