{"key": "daily_snapshot", "value": {"day": 0, "customers": 3465349108492794249516537056020392742669352149331661061383445826212093829647916207070485118789210390, "mrr": 1.1216114411576313e-157, "total_revenue": 6.2331957973706755, "conversion_rate": 4.260266442306947e+92, "churn_rate": 0.05, "average_price": 3.2366477547927655e-257, "daily_visitors": 0, "new_customers": 399831427424684481676514168219945381877465976008658681593761967301274041694046334506345649512906752, "churned_customers": 143392921721436597895229992257954523692569259688260445634930649895895081828543315660309405666115584}, "generation": 0, "timestamp": "2025-11-14T08:17:35.951809"}