{"key": "daily_snapshot", "value": {"day": 0, "customers": 28671332368244563574926014741486, "mrr": 2.2719470069451068e-40, "total_revenue": 4.058738603221899, "conversion_rate": 3.9282906158388946e+24, "churn_rate": 0.05, "average_price": 7.924106831747525e-72, "daily_visitors": 0, "new_customers": 3485397264870913768665737330688, "churned_customers": 1077866356484763695587851763712}, "generation": 0, "timestamp": "2025-11-14T15:06:20.013314"}