{"key": "daily_snapshot", "value": {"day": 0, "customers": 133703300385576178706996189435489530438588991839074922139301923599125790812431683101208837355771331248708385953, "mrr": 5.374823684172482e-172, "total_revenue": 4.323965768575599, "conversion_rate": 1.8480191146147005e+103, "churn_rate": 0.05, "average_price": 4.019963358176246e-282, "daily_visitors": 0, "new_customers": 16721462608316059367369617466792587574819644040246267692231516870020987616018640540065890455324432510601920512, "churned_customers": 8759748408400631675563485214260719766168116071551180222016404627250895108045193361324001234544852833639858176}, "generation": 0, "timestamp": "2025-11-14T14:41:32.340113"}