{"key": "daily_snapshot", "value": {"day": 0, "customers": 944740368545932547725959758595040468520594637794384735570500824641277588396831053080192836260158778089586082, "mrr": 1.1702941547502325e-170, "total_revenue": 8.401501509864964, "conversion_rate": 1.2122727914731337e+101, "churn_rate": 0.05, "average_price": 1.2387468490961744e-278, "daily_visitors": 0, "new_customers": 130022723345527596866443224301320043674650185176987238580156434432269651673801284596207669780683269360058368, "churned_customers": 35370265855820924498259753881965167486509699586450642590034628713848165819720155217698658396115877893242880}, "generation": 0, "timestamp": "2025-11-14T13:39:47.817598"}