{"key": "daily_snapshot", "value": {"day": 0, "customers": 527433880733764085776335263367624550452846045639951106485826601823121817438340348283029169218348617041731643680070729456199293241238356, "mrr": 5.211739218465643e-189, "total_revenue": 7.997332640408474, "conversion_rate": 8.042614797919645e+127, "churn_rate": 0.05, "average_price": 1e-323, "daily_visitors": 0, "new_customers": 60653120352271311437331268476720305884828082156187570444546277693758832566602312771940583981835436681967368715163306367686400316276736, "churned_customers": 32731835664163398357766938704647970312785515059143912418445257587672992893547407669018373736108123015127637846055964385750081452638208}, "generation": 0, "timestamp": "2025-11-15T16:56:22.008670"}