{"key": "daily_snapshot", "value": {"day": 0, "customers": 7543740048788844614386283591, "mrr": 1.1194337990307566e-33, "total_revenue": 8.531929138055917, "conversion_rate": 1.0037905890630439e+21, "churn_rate": 0.05, "average_price": 1.4839241434498832e-61, "daily_visitors": 0, "new_customers": 1103943736150334330820886528, "churned_customers": 371937978947604124983623680}, "generation": 0, "timestamp": "2025-11-13T11:14:56.874340"}