{"key": "daily_snapshot", "value": {"day": 0, "customers": 3643318055183710759925579595, "mrr": 3.4601008795865494e-34, "total_revenue": 5.241512577835226, "conversion_rate": 4.666415988732497e+20, "churn_rate": 0.05, "average_price": 9.497114518079254e-62, "daily_visitors": 0, "new_customers": 483373835291185523613237248, "churned_customers": 201568962099114082475966464}, "generation": 0, "timestamp": "2025-11-13T18:59:28.706149"}