{"key": "daily_snapshot", "value": {"day": 0, "customers": 4108820557032664212822084671, "mrr": 3.9402089485391536e-31, "total_revenue": 2.4762944740981485, "conversion_rate": 5.911736228125455e+20, "churn_rate": 0.05, "average_price": 9.589635015321088e-59, "daily_visitors": 0, "new_customers": 593764588897159797819834368, "churned_customers": 117611520732207274725998592}, "generation": 0, "timestamp": "2025-11-13T15:55:23.514440"}