{"key": "daily_snapshot", "value": {"day": 0, "customers": 6242323391888840353980047894110079040531422301619519333204, "mrr": 1.3925381958837027e-84, "total_revenue": 7.997332640408474, "conversion_rate": 7.681515005321101e+50, "churn_rate": 0.05, "average_price": 2.230801111158613e-142, "daily_visitors": 0, "new_customers": 633879010745773846637518636286861654355563851670909616128, "churned_customers": 209486241770338354328059706645801730301039000483048456192}, "generation": 0, "timestamp": "2025-11-15T16:20:19.246438"}