{"key": "daily_snapshot", "value": {"day": 0, "customers": 5318753020899276587590196985885001080841016439892473402287641662029502472533056118305886151508, "mrr": 1.5673195041286192e-146, "total_revenue": 7.997332640408474, "conversion_rate": 7.559314050773687e+86, "churn_rate": 0.05, "average_price": 2.9467800026999976e-240, "daily_visitors": 0, "new_customers": 811700420212534892782333236010674107450965607042176025141747817691991660790555282074318667776, "churned_customers": 251052789815617246636018847016520254019933012941666642646609903978816184408889581752251580416}, "generation": 0, "timestamp": "2025-11-15T16:37:21.965415"}