{"key": "daily_snapshot", "value": {"day": 0, "customers": 14835725695404729957595772481499272178191797764784286724092303239146896135196053224035968288774523494596487781397985987152962, "mrr": 5.3606376615967624e-191, "total_revenue": 7.574353924996814, "conversion_rate": 2.1399557187850305e+117, "churn_rate": 0.05, "average_price": 3.61333026e-315, "daily_visitors": 0, "new_customers": 1933721835336314204160323571767130899114221238944309388472175740867827849021737600861616661809611509965702024446050658418688, "churned_customers": 931336327638069811727337492506524185003150416946472440600929199501459626974076743967103985722056953034244330057427513769984}, "generation": 0, "timestamp": "2025-11-14T11:43:43.665828"}