{"key": "daily_snapshot", "value": {"day": 0, "customers": 11849286875031723003221104357901174178065011520713406036792, "mrr": 6.453467365053206e-84, "total_revenue": 8.385937104373125, "conversion_rate": 1.6811784597437566e+51, "churn_rate": 0.05, "average_price": 5.446291775289582e-142, "daily_visitors": 0, "new_customers": 1302083696185089862062919311979187023881952514741551235072, "churned_customers": 539388304372184675639073811566557935886485387618256158720}, "generation": 0, "timestamp": "2025-11-13T13:00:56.494469"}