{"key": "daily_snapshot", "value": {"day": 0, "customers": 8348288193636878, "mrr": 8.820709994085755e-13, "total_revenue": 7.593310615949503, "conversion_rate": 1334720959.9522638, "churn_rate": 0.05, "average_price": 1.0565890622713481e-28, "daily_visitors": 0, "new_customers": 937498827990005, "churned_customers": 489626571950712}, "generation": 0, "timestamp": "2025-11-14T18:34:32.860677"}