{"key": "daily_snapshot", "value": {"day": 0, "customers": 372019950328763486961530837082585690548811546209707901203083454010360935117009560343963469464383047108865, "mrr": 3.534842924233087e-164, "total_revenue": 6.966800923949336, "conversion_rate": 5.013835094433427e+97, "churn_rate": 0.05, "average_price": 9.501756346962727e-269, "daily_visitors": 0, "new_customers": 37048554871534736841360667076033434771499833710783514679878234801799959007304605097164561746781353803776, "churned_customers": 19201093255317781595124663556826599732179951881261574199542720865039144670290396247072382889908152303616}, "generation": 0, "timestamp": "2025-11-14T04:58:01.435705"}