{"key": "daily_snapshot", "value": {"day": 0, "customers": 9534896079505064823101971358789171066861091889522039483274028320942685110100136090338734055733866346952, "mrr": 2.7917744091891485e-162, "total_revenue": 4.843910136547377, "conversion_rate": 1.4520951327689893e+96, "churn_rate": 0.05, "average_price": 2.927954731661913e-265, "daily_visitors": 0, "new_customers": 1178792995707386443289250091284936811991192294353530797070217484673458489452383103740432600229239324672, "churned_customers": 463554927421002778182064079198744671786898851980174818141358203511244260118050512228468130150629769216}, "generation": 0, "timestamp": "2025-11-14T07:17:52.407466"}