{"key": "daily_snapshot", "value": {"day": 0, "customers": 7273977647514225585857282428080484067828239189013892693948891830007867220187340355380398, "mrr": 1.6926696713273115e-133, "total_revenue": 14.069439877331755, "conversion_rate": 9.89742561986946e+80, "churn_rate": 0.05, "average_price": 2.3270207214697123e-221, "daily_visitors": 0, "new_customers": 886882157571460766358719440811894478272957059236031833791421028684105722667437526089728, "churned_customers": 211848067568868696884700786008754368195561952878808552668175940563179181729191341064192}, "generation": 0, "timestamp": "2025-11-15T13:30:01.668071"}