{"key": "daily_snapshot", "value": {"day": 0, "customers": 794409531411191581122900479244631686327487181374453714358225067050312924270647419732, "mrr": 1.0462747329853084e-129, "total_revenue": 7.997332640408474, "conversion_rate": 1.0345608434757114e+77, "churn_rate": 0.05, "average_price": 1.3170470539630898e-213, "daily_visitors": 0, "new_customers": 96685066135689632094845891220867006588732292347723264214450716091986130649707708416, "churned_customers": 37730442612278394625005103226225024505914924505567333073312495374952229340958425088}, "generation": 0, "timestamp": "2025-11-15T16:32:45.479842"}