{"key": "daily_snapshot", "value": {"day": 0, "customers": 69166990114322216580155166137645635617959, "mrr": 5.4458521087005595e-56, "total_revenue": 7.010218214998832, "conversion_rate": 8.241184941886858e+33, "churn_rate": 0.05, "average_price": 7.873484301831578e-97, "daily_visitors": 0, "new_customers": 8716635072236326270783738989054970036224, "churned_customers": 1756990419726279559375643556514608709632}, "generation": 0, "timestamp": "2025-11-14T23:37:50.003834"}