{"key": "daily_snapshot", "value": {"day": 0, "customers": 1623250857264028341223970045013012519201, "mrr": 3.1813647547305386e-51, "total_revenue": 9.426328809042326, "conversion_rate": 2.2845266892943312e+32, "churn_rate": 0.05, "average_price": 1.9598725240119042e-90, "daily_visitors": 0, "new_customers": 189459171078568574918865217905869455360, "churned_customers": 87112131703455312430541084844068175872}, "generation": 0, "timestamp": "2025-11-15T12:06:11.748780"}