{"key": "daily_snapshot", "value": {"day": 0, "customers": 511971184235425532313217563682441538498698455776961977403998882786295371661717892357, "mrr": 4.273821502932442e-133, "total_revenue": 1.5620171583249602, "conversion_rate": 6.864911624774353e+76, "churn_rate": 0.05, "average_price": 8.347777442425672e-217, "daily_visitors": 0, "new_customers": 55244291809214551844399745938342815691660161721894898593390987234599321379270557696, "churned_customers": 33063095754322241135069495191919414044841555386520112724490491142572676597810200576}, "generation": 0, "timestamp": "2025-11-13T21:31:34.179257"}