{"key": "daily_snapshot", "value": {"day": 0, "customers": 43681691020837629447, "mrr": 7.52132299462499e-19, "total_revenue": 7.42566689692798, "conversion_rate": 6020183448519.765, "churn_rate": 0.05, "average_price": 1.7218479456386129e-38, "daily_visitors": 0, "new_customers": 6307167373989727232, "churned_customers": 2909665512634561536}, "generation": 0, "timestamp": "2025-11-15T13:59:41.957084"}