{"key": "daily_snapshot", "value": {"day": 0, "customers": 216326366787552406474837650082049, "mrr": 4.493654729551684e-40, "total_revenue": 6.966800923949336, "conversion_rate": 2.9886022091072037e+25, "churn_rate": 0.05, "average_price": 2.077257061301624e-72, "daily_visitors": 0, "new_customers": 27130890898660097601419098456064, "churned_customers": 7973781416121321490269641637888}, "generation": 0, "timestamp": "2025-11-14T04:24:04.968138"}