{"key": "daily_snapshot", "value": {"day": 0, "customers": 11905799889340553462070461104003548119031802179408657337218424944603877397, "mrr": 1.1057167190871118e-110, "total_revenue": 6.513341788556554, "conversion_rate": 1.702747561069724e+66, "churn_rate": 0.05, "average_price": 9.287210681888557e-184, "daily_visitors": 0, "new_customers": 1557520276202652396995510180247489663314857846757117426182678654398496768, "churned_customers": 314297615463212579973767780869366895611170458685300369473652014784184320}, "generation": 0, "timestamp": "2025-11-15T00:53:59.023687"}