{"key": "daily_snapshot", "value": {"day": 0, "customers": 475040809321884643993760015880064630434688122188822351093448931543995604288372345822210126771822926360128725, "mrr": 1.2582420597178094e-165, "total_revenue": 5.438023679800494, "conversion_rate": 6.871482698970633e+100, "churn_rate": 0.05, "average_price": 2.6487030904017183e-273, "daily_visitors": 0, "new_customers": 69779275782497568875225667236034729629359933956175687711739344343992584986853965026769353117923310590492672, "churned_customers": 21428470076575756429600838232003143851781244139804138104006818602470744291889785634703650514533922050670592}, "generation": 0, "timestamp": "2025-11-14T20:17:56.036407"}