{"key": "daily_snapshot", "value": {"day": 0, "customers": 1042909109363137761623252825234488590516194188059008253206062275918852, "mrr": 5.1551740490886025e-103, "total_revenue": 4.445436838349596, "conversion_rate": 1.5405677644260405e+62, "churn_rate": 0.05, "average_price": 4.94307126364699e-172, "daily_visitors": 0, "new_customers": 125854926353351459711873826403339061688261664872783173902558285529088, "churned_customers": 47732735542832186528148688356776166564742686978341673583254356099072}, "generation": 0, "timestamp": "2025-11-15T18:28:06.053665"}