{"key": "daily_snapshot", "value": {"day": 0, "customers": 193183434400848896163046531890644785222474781601182218099454572815054228067716073134751, "mrr": 4.826918912397951e-136, "total_revenue": 3.5615064647863135, "conversion_rate": 2.3064502804940186e+79, "churn_rate": 0.05, "average_price": 2.4986194739566864e-222, "daily_visitors": 0, "new_customers": 26303520323698328605828617345496185148444827417727283676226991556155273569780499480576, "churned_customers": 8604565980713243163882372716879343870056872281348519565561417259116433224447710724096}, "generation": 0, "timestamp": "2025-11-13T12:13:42.902674"}