{"key": "daily_snapshot", "value": {"day": 0, "customers": 58814893885654911260163798250307, "mrr": 6.255291066044538e-41, "total_revenue": 3.6902796439842023, "conversion_rate": 8.333428582304441e+24, "churn_rate": 0.05, "average_price": 1.0635556153864316e-72, "daily_visitors": 0, "new_customers": 8484548240149991408510384996352, "churned_customers": 1563016827738896547462370033664}, "generation": 0, "timestamp": "2025-11-14T01:15:14.301122"}