{"key": "daily_snapshot", "value": {"day": 0, "customers": 94421330239100259265148786693059349193486790697685570150328962532022951690330179933477285070610587005492043853915318158279919362612053, "mrr": 9.330067101154138e-190, "total_revenue": 7.593310615949716, "conversion_rate": 1.1744425752502102e+127, "churn_rate": 0.05, "average_price": 1e-323, "daily_visitors": 0, "new_customers": 8957776106548258036263825741891292778262273813582240221880654850742163412686366538695370892378068425500270983784377473199446905847808, "churned_customers": 4037004096893190540229708754136551581165606197190390634678103712166536373377521946105056728980460784798408527828623859999494742474752}, "generation": 0, "timestamp": "2025-11-14T19:29:37.807883"}