{"key": "daily_snapshot", "value": {"day": 0, "customers": 543900037434914323137983762707606679224545752595759224750601090661923897, "mrr": 3.0697661790547537e-105, "total_revenue": 8.82569014329087, "conversion_rate": 7.954151069631612e+64, "churn_rate": 0.05, "average_price": 5.643989644737056e-177, "daily_visitors": 0, "new_customers": 60129636059178840399807847641383842507097737129573858632184239528869888, "churned_customers": 30872526262523845743696583257521047938592895082228550037570275522904064}, "generation": 0, "timestamp": "2025-11-13T12:04:57.417545"}