{"key": "daily_snapshot", "value": {"day": 0, "customers": 14619022636422313430967219171586489832483684708355160688991007716210074158934640943458272672507754496031748, "mrr": 1.3756622662606483e-165, "total_revenue": 4.445436838349596, "conversion_rate": 2.1356606944972554e+99, "churn_rate": 0.05, "average_price": 9.410083700351336e-272, "daily_visitors": 0, "new_customers": 1654830482883226796410845079290165264777222918846230176480442706950954215838775754430837408117996155568128, "churned_customers": 347656755389211867207240066320856744456423151495838094808841197157119380958732050055851572828324115775488}, "generation": 0, "timestamp": "2025-11-15T18:45:21.568160"}