{"key": "daily_snapshot", "value": {"day": 0, "customers": 40991216384793160647413621201567, "mrr": 3.248187777963806e-40, "total_revenue": 3.5615064647863135, "conversion_rate": 5.370803540011546e+24, "churn_rate": 0.05, "average_price": 7.924106831747525e-72, "daily_visitors": 0, "new_customers": 5280769112296279851768670584832, "churned_customers": 2804344314418868789593052807168}, "generation": 0, "timestamp": "2025-11-13T11:47:42.808233"}