{"key": "daily_snapshot", "value": {"day": 0, "customers": 2, "mrr": 1.0995116277760006, "total_revenue": 0.0595568798378667, "conversion_rate": 0.05362850835032951, "churn_rate": 0.05, "average_price": 0.5497558138880003, "daily_visitors": 81, "new_customers": 1, "churned_customers": 0}, "generation": 0, "timestamp": "2025-11-13T11:35:28.548139"}