{"key": "daily_snapshot", "value": {"day": 0, "customers": 5363584661344403906488824542923325408001509986802852590906564837597220458057678064663694156003679028391, "mrr": 1.4625799923997927e-161, "total_revenue": 7.010218214998832, "conversion_rate": 7.515710436119433e+95, "churn_rate": 0.05, "average_price": 2.7268703390489434e-264, "daily_visitors": 0, "new_customers": 621272222956580286958271821603001780150073037317574993696329978020537585320409447285006173965882753024, "churned_customers": 351122950838807399534885802558905263982478299968528005424965856103960599656308750324016814736711614464}, "generation": 0, "timestamp": "2025-11-15T00:06:46.226716"}