{"key": "daily_snapshot", "value": {"day": 0, "customers": 181647764098608163178895145498732250894420443201747343502769598516290, "mrr": 4.0263131784525135e-99, "total_revenue": 7.574353924996814, "conversion_rate": 2.540747106269672e+61, "churn_rate": 0.05, "average_price": 2.2165498146549242e-167, "daily_visitors": 0, "new_customers": 24381373360998774759035581055478018724222948709664347509076139180032, "churned_customers": 8320753480422082779032340795664247427351137184749164207780539662336}, "generation": 0, "timestamp": "2025-11-14T10:51:24.376308"}