{"key": "daily_snapshot", "value": {"day": 0, "customers": 2569965302383058789827395241349765303954855646524030146092744521084451846360432762402967839730791613940915661250374761510641795, "mrr": 2.539463133822961e-197, "total_revenue": 4.596591164332845, "conversion_rate": 3.5536399642545674e+119, "churn_rate": 0.05, "average_price": 1e-323, "daily_visitors": 0, "new_customers": 355074023656483517018291139061843408808971321505622299672653985262178522441310837553254977443435215312683291660036503542693888, "churned_customers": 133450630168403420472767347453607468962283001035293484108259551495287543320131257500669879728863435861420526125060627357499392}, "generation": 0, "timestamp": "2025-11-14T12:47:17.275651"}