{"key": "daily_snapshot", "value": {"day": 0, "customers": 249419765733810047427411087064832717544416986765877186519197315030759635439851809, "mrr": 1.3026683131569186e-120, "total_revenue": 9.426328809042326, "conversion_rate": 2.9761046612545867e+73, "churn_rate": 0.05, "average_price": 5.222795031197223e-201, "daily_visitors": 0, "new_customers": 30566116873745699624220550669964327159481176947566183625401012024375670372040704, "churned_customers": 9720755742288656336421698763198605519999601887197755232926317012784962603057152}, "generation": 0, "timestamp": "2025-11-15T12:25:18.007062"}