{"key": "daily_snapshot", "value": {"day": 0, "customers": 177136309927237, "mrr": 4.6138573093043484e-11, "total_revenue": 2.9639871359444934, "conversion_rate": 23165761.9840213, "churn_rate": 0.05, "average_price": 2.6046931378437326e-25, "daily_visitors": 0, "new_customers": 22110005230293, "churned_customers": 10866761120837}, "generation": 0, "timestamp": "2025-11-14T00:15:58.741832"}