{"key": "daily_snapshot", "value": {"day": 0, "customers": 702159389753983281586502039629389549589, "mrr": 3.873497894489556e-53, "total_revenue": 6.513341788556554, "conversion_rate": 8.953634145633949e+31, "churn_rate": 0.05, "average_price": 5.516550730521057e-92, "daily_visitors": 0, "new_customers": 70200383652152348490089292759870472192, "churned_customers": 47474672031140067099802758992235593728}, "generation": 0, "timestamp": "2025-11-15T00:38:07.299718"}