{"key": "daily_snapshot", "value": {"day": 0, "customers": 3245566079766248606159790520857277258277469, "mrr": 5.698713155638573e-59, "total_revenue": 7.058512489256422, "conversion_rate": 4.894733005726913e+35, "churn_rate": 0.05, "average_price": 1.7558456723977728e-101, "daily_visitors": 0, "new_customers": 425395327097953832788644030856962689204224, "churned_customers": 211061886070945821312613975256667472789504}, "generation": 0, "timestamp": "2025-11-15T08:01:57.954549"}