{"key": "daily_snapshot", "value": {"day": 0, "customers": 9911425402968821070042002540778421777312177408136288702038165752573802194, "mrr": 9.883739359931095e-112, "total_revenue": 7.180499208388138, "conversion_rate": 1.2965748991799046e+66, "churn_rate": 0.05, "average_price": 9.972066537443311e-185, "daily_visitors": 0, "new_customers": 1137948467401030540322170293418863789751054264623036725720488778653499392, "churned_customers": 341765664318377406647784385878590411060476941781600111764178090537779200}, "generation": 0, "timestamp": "2025-11-15T19:31:38.610256"}