{"key": "daily_snapshot", "value": {"day": 0, "customers": 175771242144324641020340654695638466913022775391462879546720284717368158086359645280827584850700269274872423260916781236937, "mrr": 1.3449179587881967e-190, "total_revenue": 3.6905216285399813, "conversion_rate": 2.5835531910876247e+115, "churn_rate": 0.05, "average_price": 7.6515244609e-313, "daily_visitors": 0, "new_customers": 18376933232299560590158776174958770188351108660852658728335311810261810896638988208994617918383692417756261335721482125312, "churned_customers": 6033847812031480678902843047299006757262857081473762754817728005222724497729371067957592100441413772852138380316479848448}, "generation": 0, "timestamp": "2025-11-15T04:38:26.865479"}