{"key": "daily_snapshot", "value": {"day": 0, "customers": 3883021425628296172641901809471889431607974917184251181331862285219132824187975, "mrr": 3.168785157469347e-122, "total_revenue": 8.531929138055917, "conversion_rate": 5.384741982131193e+71, "churn_rate": 0.05, "average_price": 8.16061723624566e-201, "daily_visitors": 0, "new_customers": 570128624930944154363076128586285214787370825619943006402460034468901455659008, "churned_customers": 263002721096928270930075853991558361206453905016859223813500829631058483871744}, "generation": 0, "timestamp": "2025-11-13T11:38:58.377893"}