{"key": "daily_snapshot", "value": {"day": 0, "customers": 253001935012801231561135644775760806772056443773808585048609917631586476083657928455, "mrr": 7.650251617012915e-126, "total_revenue": 7.42566689692798, "conversion_rate": 3.5886725094333225e+76, "churn_rate": 0.05, "average_price": 3.023791741603017e-209, "daily_visitors": 0, "new_customers": 37832602727330006936212100216683483286488204293802492081868724529699407417508364288, "churned_customers": 10797931810718567300887025964603989810386318667818204992948697595091490829036945408}, "generation": 0, "timestamp": "2025-11-15T14:29:14.887808"}