{"key": "daily_snapshot", "value": {"day": 0, "customers": 117098455639731862019225247407900941392026442330023802058869136901962756, "mrr": 8.870482809329245e-107, "total_revenue": 4.445436838349596, "conversion_rate": 1.776405950560279e+64, "churn_rate": 0.05, "average_price": 7.575234669721353e-178, "daily_visitors": 0, "new_customers": 15141467622414626742447325653476056848803311606405827847466940960342016, "churned_customers": 6324965578698345929468387002392065390133973762756397878854219982700544}, "generation": 0, "timestamp": "2025-11-15T18:29:06.413256"}