{"key": "daily_snapshot", "value": {"day": 0, "customers": 1275265261651983516774026084750995359536509616853753729651668181751395939306559, "mrr": 3.206889577714673e-119, "total_revenue": 2.4762944740981485, "conversion_rate": 1.9294189068198437e+71, "churn_rate": 0.05, "average_price": 2.5146843359948938e-197, "daily_visitors": 0, "new_customers": 149511992205828298144697455207750783767249371685919862185069257342284719980544, "churned_customers": 81487528825724296918846315360696048328563507359480098440118811179485912629248}, "generation": 0, "timestamp": "2025-11-13T16:19:19.613879"}