{"key": "daily_snapshot", "value": {"day": 0, "customers": 176540031251984320502590968042868280670739655592338272117524371810971444903470986772226371774911806971320057374363344144316705464948521988, "mrr": 1.7444472911469097e-186, "total_revenue": 4.445436838349596, "conversion_rate": 2.632053703933827e+130, "churn_rate": 0.05, "average_price": 1e-323, "daily_visitors": 0, "new_customers": 19641855123635775254436395494114842137182073113186506243644610631204546467742952675692636252756110062060823596300299044653931738857209856, "churned_customers": 6826834426095394356187768528539092567877497839747128678909535647788893259765975565364809905513173301251694603553374738949547129963544576}, "generation": 0, "timestamp": "2025-11-15T18:59:26.756970"}