{"key": "daily_snapshot", "value": {"day": 0, "customers": 10882537961873587819819100474595597057294391990679272494496712588596673518, "mrr": 2.8448231955380606e-112, "total_revenue": 4.058738603221899, "conversion_rate": 1.3088004493765236e+66, "churn_rate": 0.05, "average_price": 2.61411741039154e-185, "daily_visitors": 0, "new_customers": 1242776898775307930063502822037603135442702314997255808139875638038233088, "churned_customers": 334913702451136481777776129079923905147635135754106548181878611617251328}, "generation": 0, "timestamp": "2025-11-14T15:25:56.129249"}