{"key": "daily_snapshot", "value": {"day": 0, "customers": 14200695298402566844203800389228091090933321889058621354239175879859004909978273928373995545528331412061, "mrr": 2.6610555514782005e-162, "total_revenue": 7.058512489256422, "conversion_rate": 1.777083715063943e+96, "churn_rate": 0.05, "average_price": 1.8738910282636247e-265, "daily_visitors": 0, "new_customers": 1575946024474965889909463831951682216604852205822102032316271195402343692228801358125212161297950441472, "churned_customers": 518523732549434721520998351309654307254522665531947792251117430200873295137975839581131861811278118912}, "generation": 0, "timestamp": "2025-11-15T11:34:54.578108"}