{"key": "daily_snapshot", "value": {"day": 0, "customers": 226141562124095612820785858620174225446941882948001278320995798066350, "mrr": 2.7556732141199794e-100, "total_revenue": 14.069439877331755, "conversion_rate": 3.332280511556358e+61, "churn_rate": 0.05, "average_price": 1.2185611473789143e-168, "daily_visitors": 0, "new_customers": 24512429952140011861383717617709843378072970369097089423907290611712, "churned_customers": 6609627008571863838772690113446837903962241651961141651720995078144}, "generation": 0, "timestamp": "2025-11-15T13:20:54.807752"}