{"key": "daily_snapshot", "value": {"day": 0, "customers": 22028706899143787739367792293164489375, "mrr": 1.6629810878465865e-49, "total_revenue": 3.5615064647863135, "conversion_rate": 2.8831517420030926e+30, "churn_rate": 0.05, "average_price": 7.549154362352624e-87, "daily_visitors": 0, "new_customers": 3048947834739100215689979646191861760, "churned_customers": 1516661167508023216068538390970105856}, "generation": 0, "timestamp": "2025-11-13T11:50:18.442726"}