{"key": "daily_snapshot", "value": {"day": 0, "customers": 3644031864294272564058438558351783056085498317032738617261264696123017340985898845025623859070180480560618021101059, "mrr": 4.258947722072456e-182, "total_revenue": 11.37579680016544, "conversion_rate": 5.866010445083542e+107, "churn_rate": 0.05, "average_price": 1.1687460155887721e-296, "daily_visitors": 0, "new_customers": 606122058514181615947778438022403626121861514679257043320437449468474090478961923707968898009521210261269655846912, "churned_customers": 219961048864442911453888716709729642574395262240494454239931528263836721606844684087148580873471821886076496117760}, "generation": 0, "timestamp": "2025-11-14T06:22:11.016927"}