{"key": "daily_snapshot", "value": {"day": 0, "customers": 976713926771484584888906304578, "mrr": 4.040252147380389e-36, "total_revenue": 7.574353924996814, "conversion_rate": 1.3292865657693863e+23, "churn_rate": 0.05, "average_price": 4.136576777127967e-66, "daily_visitors": 0, "new_customers": 139480582854606585410799796224, "churned_customers": 45202946537286926077832200192}, "generation": 0, "timestamp": "2025-11-14T10:18:26.721786"}