{"key": "daily_snapshot", "value": {"day": 0, "customers": 95155788455659922016865170, "mrr": 4.052355255290159e-31, "total_revenue": 5.414632391501176, "conversion_rate": 1.0668037352356405e+19, "churn_rate": 0.05, "average_price": 4.2586534367044305e-57, "daily_visitors": 0, "new_customers": 8006558298866998560423936, "churned_customers": 2628045971571271788396544}, "generation": 0, "timestamp": "2025-11-13T22:05:05.338832"}