{"key": "daily_snapshot", "value": {"day": 0, "customers": 37861387890311799168279398508057553056625128395383377649210399743581157860684853329159072001630158248636864164709142, "mrr": 3.764403139029022e-185, "total_revenue": 8.73321624443256, "conversion_rate": 5.548185066419706e+108, "churn_rate": 0.05, "average_price": 9.942591512849111e-301, "daily_visitors": 0, "new_customers": 4653595805062172883486017585681249965200246768309665118752528127606669682944128562695761597776924877895881407332352, "churned_customers": 1655691096248324788170539803656489981577010328245825349111120387278594754919289987534799042210003310270913118732288}, "generation": 0, "timestamp": "2025-11-14T16:59:05.111134"}