{"key": "daily_snapshot", "value": {"day": 0, "customers": 18320544458129126766681104548522493116312598770703242869827148476007676169196, "mrr": 4.697239011798015e-115, "total_revenue": 3.8452002827692775, "conversion_rate": 2.422092716529401e+69, "churn_rate": 0.05, "average_price": 2.563918895823957e-191, "daily_visitors": 0, "new_customers": 2385427634279082820697418083872859843987450763785809925792385554295510007808, "churned_customers": 1122645262888817441641438408052409242891698987711777396532530220881053483008}, "generation": 0, "timestamp": "2025-11-13T14:13:49.289543"}