{"key": "daily_snapshot", "value": {"day": 0, "customers": 61506587509198002011418005376662118382649, "mrr": 1.0254840512052392e-53, "total_revenue": 8.82569014329087, "conversion_rate": 8.698052114909724e+33, "churn_rate": 0.05, "average_price": 1.667275153335215e-94, "daily_visitors": 0, "new_customers": 7217963947206629138172622652925882138624, "churned_customers": 3546398577646261298538531477533604446208}, "generation": 0, "timestamp": "2025-11-13T11:50:43.895084"}