{"key": "daily_snapshot", "value": {"day": 0, "customers": 36659373641002245863346061467518203576541933487919341505773717259520062766099219752813919571549832470160730241848, "mrr": 1.3461283119093107e-174, "total_revenue": 8.385937104373125, "conversion_rate": 5.603697056613004e+105, "churn_rate": 0.05, "average_price": 3.671989393740521e-287, "daily_visitors": 0, "new_customers": 4739425264990376620103605945010315064037422734051694345667360282535300969950094146795737075378220886788505862144, "churned_customers": 2324312863753871638074097489164484296480419911214821552430383401629392168038680751511638400665799330909877436416}, "generation": 0, "timestamp": "2025-11-13T13:27:14.988994"}