{"key": "daily_snapshot", "value": {"day": 0, "customers": 15675611181730490563849668586557015682972591664082843353639886437841359794439206110148403088087247621909237289083495090636457835502, "mrr": 1.5489561924915882e-193, "total_revenue": 4.058738603221899, "conversion_rate": 2.3099592549933288e+123, "churn_rate": 0.05, "average_price": 1e-323, "daily_visitors": 0, "new_customers": 2200654171187206553059401724260272854640358080094412918920270218614872323726632279102628846338277209580954808661099613426808782848, "churned_customers": 437830697261397903682106786382938851576619751494682572610299420091092859595714350382107334050886356465137354791662503027751780352}, "generation": 0, "timestamp": "2025-11-14T15:54:36.340255"}