{"key": "daily_snapshot", "value": {"day": 0, "customers": 59331182159508787858447724845727, "mrr": 1.2324611709621256e-40, "total_revenue": 3.5615064647863135, "conversion_rate": 7.687759183320145e+24, "churn_rate": 0.05, "average_price": 2.077257061301624e-72, "daily_visitors": 0, "new_customers": 7856159428162816636806873743360, "churned_customers": 3555248246125833300233188016128}, "generation": 0, "timestamp": "2025-11-13T11:47:48.870897"}