{"key": "daily_snapshot", "value": {"day": 0, "customers": 12378045531609550315802817103523421985546594055186013220112821060521285993201914854178495221102977233322590042413959400970441676648199, "mrr": 1.2231134119654058e-190, "total_revenue": 7.42566689692798, "conversion_rate": 1.3820377389926678e+126, "churn_rate": 0.05, "average_price": 1e-323, "daily_visitors": 0, "new_customers": 1436522087284387407705869584046653030507764545898080405720888813552503065175852289248898338707501079134042613413966471585322275700736, "churned_customers": 484562516474670817307253928604151945582054749637318115809482109149174168605305461806959870451538503208613589498180890547339548164096}, "generation": 0, "timestamp": "2025-11-15T14:52:23.240336"}