{"key": "daily_snapshot", "value": {"day": 0, "customers": 3109070387658969759642486568551639176512719155004641445117408699429342005851360181396400126431581218893061, "mrr": 8.155553280969443e-171, "total_revenue": 1.5620171583249602, "conversion_rate": 3.7404921914587784e+98, "churn_rate": 0.05, "average_price": 2.623148486229774e-276, "daily_visitors": 0, "new_customers": 396341291862245891426377273007121100089018120506144938748703409531611704997978311984704366520602569211904, "churned_customers": 78441035196900697154899785119658613584969014133094966334026453696898126829178597671892485481951318245376}, "generation": 0, "timestamp": "2025-11-13T21:41:51.122538"}