{"key": "daily_snapshot", "value": {"day": 0, "customers": 147235763057389719008176027722315249231528814151344937965495278711, "mrr": 1.1707425932544566e-97, "total_revenue": 3.0646080228541357, "conversion_rate": 1.6925156348625987e+58, "churn_rate": 0.05, "average_price": 7.951482499521012e-163, "daily_visitors": 0, "new_customers": 18557040079677998297088506014218747146665539596148866393764265984, "churned_customers": 3792338393563757568673834102177422841214836467404464081329979392}, "generation": 0, "timestamp": "2025-11-14T21:11:50.869743"}