{"key": "daily_snapshot", "value": {"day": 0, "customers": 504967498318286380147545567973257169336223133191683129, "mrr": 1.9837922553205375e-74, "total_revenue": 8.82569014329087, "conversion_rate": 6.701319248686871e+46, "churn_rate": 0.05, "average_price": 3.928554336521144e-128, "daily_visitors": 0, "new_customers": 71575111177079481664555896953667953650178100899610624, "churned_customers": 28488955966304782659173284595656659651297584456138752}, "generation": 0, "timestamp": "2025-11-13T11:56:31.923712"}