{"key": "daily_snapshot", "value": {"day": 0, "customers": 20961617996865295539566358628821820976743113, "mrr": 6.174915794724659e-59, "total_revenue": 3.6905216285399813, "conversion_rate": 3.152479474666544e+36, "churn_rate": 0.05, "average_price": 2.9458202108482688e-102, "daily_visitors": 0, "new_customers": 2482713188947326693077617198363127192748032, "churned_customers": 1006506512799157487365954101598441313402880}, "generation": 0, "timestamp": "2025-11-15T04:02:01.892941"}