{"key": "daily_snapshot", "value": {"day": 0, "customers": 9956421096361802173829860268194862209985484266, "mrr": 1.2529625831133366e-66, "total_revenue": 5.620306961549841, "conversion_rate": 1.3068182046315003e+39, "churn_rate": 0.05, "average_price": 1.2584467561051476e-112, "daily_visitors": 0, "new_customers": 1048853326504611776517329801169227389400514560, "churned_customers": 334178390774662778510117245159970990786084864}, "generation": 0, "timestamp": "2025-11-15T03:02:40.425130"}