{"key": "daily_snapshot", "value": {"day": 0, "customers": 325, "mrr": 0.03710844001035505, "total_revenue": 2.0139305544579846, "conversion_rate": 1.0020735707357054, "churn_rate": 0.05, "average_price": 0.00011417981541647708, "daily_visitors": 27, "new_customers": 44, "churned_customers": 22}, "generation": 0, "timestamp": "2025-11-14T20:44:31.272263"}