{"key": "daily_snapshot", "value": {"day": 0, "customers": 219721783805924880324269571919067094589743956, "mrr": 1.8042999715351184e-62, "total_revenue": 7.997332640408474, "conversion_rate": 2.8742716329198186e+37, "churn_rate": 0.05, "average_price": 8.211748240351145e-107, "daily_visitors": 0, "new_customers": 29542257532640751930814507394158022730186752, "churned_customers": 8368173631325068834843610194878719345033216}, "generation": 0, "timestamp": "2025-11-15T16:14:06.843230"}