{"key": "daily_snapshot", "value": {"day": 0, "customers": 1207486796359789557819150, "mrr": 9.536865667020065e-26, "total_revenue": 5.934471667464104, "conversion_rate": 1.5312173116100003e+17, "churn_rate": 0.05, "average_price": 7.898111760535066e-50, "daily_visitors": 0, "new_customers": 165048373069552816226304, "churned_customers": 69386358314997322350592}, "generation": 0, "timestamp": "2025-11-14T17:21:21.819937"}