{"key": "daily_snapshot", "value": {"day": 0, "customers": 306319205298770729652430745397731276797304010640414644353672663199975943857701985646613775600932568028891335746, "mrr": 1.4474943175563673e-167, "total_revenue": 7.574353924996814, "conversion_rate": 4.507892161631763e+103, "churn_rate": 0.05, "average_price": 4.7254442180487604e-278, "daily_visitors": 0, "new_customers": 34515880830859425589112060999748952325257948934455098500646430156677801000430060700854555364725199523725443072, "churned_customers": 15536828637188945850272185658910543881196301980915485591903414917424630071843348848444785939782175635326107648}, "generation": 0, "timestamp": "2025-11-14T11:33:11.284187"}