{"key": "daily_snapshot", "value": {"day": 0, "customers": 373647774674136801196748288007879480, "mrr": 6.031306808258204e-46, "total_revenue": 8.385937104373125, "conversion_rate": 4.3820784879000145e+28, "churn_rate": 0.05, "average_price": 1.614169069658768e-81, "daily_visitors": 0, "new_customers": 45211564635527279593973142345744384, "churned_customers": 22728439496009847365088199862910976}, "generation": 0, "timestamp": "2025-11-13T12:50:29.895241"}