{"key": "daily_snapshot", "value": {"day": 0, "customers": 9566563388882105081302747339534903379926512503819847541176481719784594265170050459304541486663931370, "mrr": 1.9816701384773085e-157, "total_revenue": 5.620306961549841, "conversion_rate": 1.1613258990501235e+93, "churn_rate": 0.05, "average_price": 2.0714545630673704e-257, "daily_visitors": 0, "new_customers": 1059302566403925037440538952231162993634193011977357428408113882723345050780266610165180558303297536, "churned_customers": 504267816344461533417923621044291526635069330599566484589473863241506054194277642677051303940587520}, "generation": 0, "timestamp": "2025-11-15T03:27:41.730548"}