{"key": "daily_snapshot", "value": {"day": 0, "customers": 6969700005496735421602855938213632740362483906814579243880663101159, "mrr": 5.893206503060993e-100, "total_revenue": 3.180859164035811, "conversion_rate": 7.717433254602094e+59, "churn_rate": 0.05, "average_price": 8.455466517085738e-167, "daily_visitors": 0, "new_customers": 772621213900001672037417656041123987922304257611341040492973391872, "churned_customers": 248064421738393094599543073203913630922187002539460904206907473920}, "generation": 0, "timestamp": "2025-11-14T09:12:21.467936"}