{"key": "daily_snapshot", "value": {"day": 0, "customers": 515384925455965082843574874770151951958114420460216447136675426274472399846353881926481328679557037297749066097761130629725188, "mrr": 8.148287553671811e-197, "total_revenue": 4.445436838349596, "conversion_rate": 6.717989675819428e+118, "churn_rate": 0.05, "average_price": 1.6e-322, "daily_visitors": 0, "new_customers": 58040223370473623442110791638722481629437009473781030600483748817209963385277562647410952174449629891124350239540349155409920, "churned_customers": 14703079342627306066480643018579551058669145731585712107957799805973139149199547131314268425566048174667562560839840511819776}, "generation": 0, "timestamp": "2025-11-15T18:54:08.158235"}