{"key": "daily_snapshot", "value": {"day": 0, "customers": 69370662619173243281232980318918203563614511007793156321552062644702804390342913820320604765, "mrr": 1.3339032703790197e-142, "total_revenue": 7.058512489256422, "conversion_rate": 9.593736166508791e+84, "churn_rate": 0.05, "average_price": 1.9228636717826945e-234, "daily_visitors": 0, "new_customers": 8825894345058782026618446657615786634377774849153322747808404913943362015764687470374944768, "churned_customers": 3651234120988249465824072147886604733399065527792860709342650244022385186874123809126875136}, "generation": 0, "timestamp": "2025-11-15T11:24:59.116791"}