{"key": "daily_snapshot", "value": {"day": 0, "customers": 2328830797432157155819376450763793706696704119735499569677660791097864810808667776911317711867020382485408507871234305719300, "mrr": 9.035359960947936e-193, "total_revenue": 4.445436838349596, "conversion_rate": 2.8547635029534117e+116, "churn_rate": 0.05, "average_price": 3.8797838e-316, "daily_visitors": 0, "new_customers": 326158254072949151905270025928123947845453553498405786427781530033445305766532804243215092890540291631631577247954463883264, "churned_customers": 144175503346129259518646537553067713361266639839025165050929514287911042908059186039710341912947942429301765844773126537216}, "generation": 0, "timestamp": "2025-11-15T18:53:01.894995"}