{"key": "daily_snapshot", "value": {"day": 0, "customers": 279547665752009057921123097005122, "mrr": 3.716431120983981e-40, "total_revenue": 7.574353924996814, "conversion_rate": 4.255953995614343e+25, "churn_rate": 0.05, "average_price": 1.3294445192330394e-72, "daily_visitors": 0, "new_customers": 34816309562845826338558350196736, "churned_customers": 12965625366828261707212409274368}, "generation": 0, "timestamp": "2025-11-14T10:19:34.046842"}