{"key": "daily_snapshot", "value": {"day": 0, "customers": 631807378300121301950946224000241132486114439746206162774502940320942, "mrr": 5.290684502635499e-101, "total_revenue": 14.069439877331755, "conversion_rate": 9.822104576816509e+61, "churn_rate": 0.05, "average_price": 8.373888441869884e-170, "daily_visitors": 0, "new_customers": 85979184100289383709813229575270155654392645374383033511250107564032, "churned_customers": 27232231731391800215618498217838945892540453328533474004371794558976}, "generation": 0, "timestamp": "2025-11-15T13:21:06.868790"}