{"key": "daily_snapshot", "value": {"day": 0, "customers": 294826704386291193409684837977680094923046035304445138875805034557796549801544041065053567390770242441237, "mrr": 1.7928777661801897e-164, "total_revenue": 6.513341788556554, "conversion_rate": 3.9025364022721415e+97, "churn_rate": 0.05, "average_price": 6.081124062056147e-269, "daily_visitors": 0, "new_customers": 40189164757783476667288723274160302829425546556754860879803267073155576058727070576547091488408594284544, "churned_customers": 13615320004073274065584805959377939015217198539042639469763798734138258763175001940080225509685678047232}, "generation": 0, "timestamp": "2025-11-15T01:08:42.559063"}