{"key": "daily_snapshot", "value": {"day": 0, "customers": 673761584349277, "mrr": 7.718317311255484e-12, "total_revenue": 7.997332640406922, "conversion_rate": 83004884.50551602, "churn_rate": 0.05, "average_price": 1.1455561567390163e-26, "daily_visitors": 0, "new_customers": 84336222529243, "churned_customers": 28760468205702}, "generation": 0, "timestamp": "2025-11-15T16:00:16.473263"}