{"key": "daily_snapshot", "value": {"day": 0, "customers": 27679480004609172980903, "mrr": 2.7593171368897855e-24, "total_revenue": 7.010218214998832, "conversion_rate": 4237347274725004.5, "churn_rate": 0.05, "average_price": 9.968818548723839e-47, "daily_visitors": 0, "new_customers": 4115047520216691507200, "churned_customers": 705695776361706356736}, "generation": 0, "timestamp": "2025-11-14T23:29:10.651814"}