{"key": "daily_snapshot", "value": {"day": 0, "customers": 3844924194153905924574157202312633704684358922240614126916444516591394288244877771681720539677967951638932364152554440129311239429, "mrr": 3.799289910390568e-194, "total_revenue": 1.5620171583249602, "conversion_rate": 5.171723142615779e+122, "churn_rate": 0.05, "average_price": 1e-323, "daily_visitors": 0, "new_customers": 468200467587005088523085304157212660362710706173876840209592728230160113568008995346066051249188340089510918955082090817328775168, "churned_customers": 108901186507658941708314362855348546522347235039075913912634430311282334003622947546564933968922567833340554930987324632337481728}, "generation": 0, "timestamp": "2025-11-13T21:53:04.339090"}