{"key": "daily_snapshot", "value": {"day": 0, "customers": 191583374129296912730196194358407411410, "mrr": 5.8668592345859694e-52, "total_revenue": 7.180499208388138, "conversion_rate": 2.5609661836322953e+31, "churn_rate": 0.05, "average_price": 3.0623008187686e-90, "daily_visitors": 0, "new_customers": 26584870526835153215047687047831617536, "churned_customers": 5300637446221090264329150907644116992}, "generation": 0, "timestamp": "2025-11-15T19:15:08.058789"}