{"key": "daily_snapshot", "value": {"day": 0, "customers": 7556710921256691917984150492463067235578755448797267342836353549490833861343961395984657254069597552034, "mrr": 5.401784057054391e-162, "total_revenue": 8.401501509864964, "conversion_rate": 8.902492502949505e+95, "churn_rate": 0.05, "average_price": 7.148326981596466e-265, "daily_visitors": 0, "new_customers": 824552967388597094668628910658141993236659294690374984441841870225849983016444681925938511065552781312, "churned_customers": 327836100087487674875464108098599491798954915970855225374236962023034925022165375502721154604284772352}, "generation": 0, "timestamp": "2025-11-14T13:37:25.102941"}