{"key": "daily_snapshot", "value": {"day": 0, "customers": 8462534232455850341912255086770735774874392771650210481358989557253799541129968674142825710391047330077343, "mrr": 4.335641379205898e-170, "total_revenue": 3.5615064647863135, "conversion_rate": 1.2159374710166047e+99, "churn_rate": 0.05, "average_price": 5.123336887167526e-276, "daily_visitors": 0, "new_customers": 1228038206184155258857528505369255526206323765861790567248502940552949811473389869095012655936924115009536, "churned_customers": 499047730312022955530330896690237737395820620129440907989412713847317460737230078277781593276711908147200}, "generation": 0, "timestamp": "2025-11-13T12:22:59.140554"}