{"key": "daily_snapshot", "value": {"day": 0, "customers": 87647047607756138727688559442508434404059467870623865181630336095704271090952347, "mrr": 4.915188112281021e-122, "total_revenue": 13.18914372001125, "conversion_rate": 1.0586951728410139e+73, "churn_rate": 0.05, "average_price": 5.607933463175846e-202, "daily_visitors": 0, "new_customers": 10036144286458737519826721479038720434275708011003238389362127778830751077761024, "churned_customers": 4780986071138267805487825157798432633418490500992864079327674716573160737603584}, "generation": 0, "timestamp": "2025-11-13T18:22:34.576179"}