{"key": "daily_snapshot", "value": {"day": 0, "customers": 74289740357933087806703174936226253987390725641510444092843082210765828578692191212274514396455419205052184334022305020168204039, "mrr": 7.340801709864146e-196, "total_revenue": 7.42566689692798, "conversion_rate": 1.0065407766138491e+121, "churn_rate": 0.05, "average_price": 1e-323, "daily_visitors": 0, "new_customers": 8710814749782451444818267377684039078333118465257516764814993405520106924572389176647811366924799465756898240275626148380016640, "churned_customers": 3651645757930930898168445188627435938142787963299840080612879094940101117194191923461399803707308441917934861711760723678330880}, "generation": 0, "timestamp": "2025-11-15T14:49:58.575253"}