{"key": "daily_snapshot", "value": {"day": 0, "customers": 9348845216343673507666055881003935890073180028730832267835699871677006276885508, "mrr": 1.7346871439141732e-120, "total_revenue": 4.445436838349596, "conversion_rate": 1.3033853303315331e+72, "churn_rate": 0.05, "average_price": 1.8555095348905647e-199, "daily_visitors": 0, "new_customers": 1279998170331301025096234060630076448184884927070533006000079229168644652007424, "churned_customers": 513213597877443662620510541968469340631633167790005791769378590674639894085632}, "generation": 0, "timestamp": "2025-11-15T18:32:50.835944"}