{"key": "daily_snapshot", "value": {"day": 0, "customers": 103775523224782405266516023865993645119, "mrr": 2.567102280033214e-49, "total_revenue": 2.4762944740981485, "conversion_rate": 1.406793869572987e+31, "churn_rate": 0.05, "average_price": 2.4737069014557086e-87, "daily_visitors": 0, "new_customers": 12058420880805879067396565969875763200, "churned_customers": 3549600236691872690817844859577040896}, "generation": 0, "timestamp": "2025-11-13T16:00:19.575268"}