{"key": "daily_snapshot", "value": {"day": 0, "customers": 537427270036217450272840004419, "mrr": 1.5277089852018036e-37, "total_revenue": 3.6902796439842023, "conversion_rate": 6.607204258782409e+22, "churn_rate": 0.05, "average_price": 2.842633916025234e-67, "daily_visitors": 0, "new_customers": 63642996227914694656285212672, "churned_customers": 32458110865384445557937799168}, "generation": 0, "timestamp": "2025-11-14T01:14:18.049988"}