{"key": "daily_snapshot", "value": {"day": 0, "customers": 28983412709429552536622624216442956334863143568571858296020483, "mrr": 8.347927008451691e-94, "total_revenue": 11.37579680016544, "conversion_rate": 3.7950830947874485e+54, "churn_rate": 0.05, "average_price": 2.880242948662754e-155, "daily_visitors": 0, "new_customers": 3272583097212256805848470376662911917441652314819678456250368, "churned_customers": 1279825047942195008809054421150338193223449511819803543732224}, "generation": 0, "timestamp": "2025-11-14T05:39:33.616132"}