{"key": "daily_snapshot", "value": {"day": 0, "customers": 1285111687, "mrr": 0.28108614688178873, "total_revenue": 3.4993859579141726, "conversion_rate": 166.14216266490695, "churn_rate": 0.05, "average_price": 2.187250724783026e-10, "daily_visitors": 0, "new_customers": 153452203, "churned_customers": 68682836}, "generation": 0, "timestamp": "2025-11-13T11:37:05.818868"}