{"key": "daily_snapshot", "value": {"day": 0, "customers": 852089082166196076728208828473438036068518058329963617087549947703109534612390226268053715129820870376405545953526390185239726, "mrr": 7.156795025810183e-197, "total_revenue": 14.069439877331755, "conversion_rate": 9.856238701360164e+118, "churn_rate": 0.05, "average_price": 8.4e-323, "daily_visitors": 0, "new_customers": 92078554341225945779197862663620631283763927641120959753156307727036856502915011877170015644505196386557961302255697578164224, "churned_customers": 44202400574625766929160193284869160034039165053717527708506281184612827845719759302726529109429119051545996326510163941916672}, "generation": 0, "timestamp": "2025-11-15T13:47:42.018672"}