{"key": "daily_snapshot", "value": {"day": 0, "customers": 59935516593100919924256317405824192826663064110592889355231102400013994036705690515421856766191886170095412633222709235223131680519, "mrr": 5.922415942879831e-193, "total_revenue": 7.42566689692798, "conversion_rate": 7.825036833008102e+123, "churn_rate": 0.05, "average_price": 1e-323, "daily_visitors": 0, "new_customers": 6620505496629487753429351735634137797148436475492403284951326485527546528849418972093306555230499822080766528203723103543056400384, "churned_customers": 3423461807074875009118866264807545060046624556991920866250877758515615783500927542836015873024738090139580834975046804582082543616}, "generation": 0, "timestamp": "2025-11-15T14:51:14.943689"}