{"key": "daily_snapshot", "value": {"day": 0, "customers": 4995124761162650717368942298690709740806542964201287059306246387274904411710985454657781040462905, "mrr": 1.344538917929653e-148, "total_revenue": 8.82569014329087, "conversion_rate": 6.373868033719054e+89, "churn_rate": 0.05, "average_price": 2.691702374250012e-245, "daily_visitors": 0, "new_customers": 668127115001273618485233546152292554290585969143329750551337858751752919683736989249687953342464, "churned_customers": 215284103722881899387876861626211553502390559154606703977801751501202724275947272573803005214720}, "generation": 0, "timestamp": "2025-11-13T12:16:44.618438"}