{"key": "daily_snapshot", "value": {"day": 0, "customers": 39101418617390285070057156323914600405675129437619650529160329768580381534381049666679, "mrr": 9.187623034437706e-133, "total_revenue": 3.0646080228541357, "conversion_rate": 6.045591029185026e+78, "churn_rate": 0.05, "average_price": 2.349690461192507e-218, "daily_visitors": 0, "new_customers": 5016366827536009926025946933877355701664983630529056063315078058395854835905128824832, "churned_customers": 2339629770616534662270944373483923599789308388466200585415380307791372147201610350592}, "generation": 0, "timestamp": "2025-11-14T21:21:26.750630"}