{"key": "daily_snapshot", "value": {"day": 0, "customers": 10353184498492952157659949841495662083, "mrr": 2.981482998696885e-49, "total_revenue": 11.37579680016544, "conversion_rate": 1.3381557988244534e+30, "churn_rate": 0.05, "average_price": 2.879773850384759e-86, "daily_visitors": 0, "new_customers": 1125980366209444136402246011778498560, "churned_customers": 355051660798957451618530833689739264}, "generation": 0, "timestamp": "2025-11-14T05:27:37.980285"}