{"key": "daily_snapshot", "value": {"day": 0, "customers": 874793570981096829525507, "mrr": 3.5375193041952096e-26, "total_revenue": 11.37579680016544, "conversion_rate": 1.2161618982936296e+17, "churn_rate": 0.05, "average_price": 4.0438332213939543e-50, "daily_visitors": 0, "new_customers": 116140459400711555252224, "churned_customers": 50759437196235712233472}, "generation": 0, "timestamp": "2025-11-14T05:21:22.975246"}