{"key": "daily_snapshot", "value": {"day": 0, "customers": 3505612736867215402279218916295269230202349872096732185552712961788361428997369958736991626659291583012343466570199736315186372935236040, "mrr": 3.4640056418192016e-188, "total_revenue": 4.843910136547377, "conversion_rate": 4.1232611338269015e+128, "churn_rate": 0.05, "average_price": 1e-323, "daily_visitors": 0, "new_customers": 357910303454865329568504737652373562606647716453139335753611689462119070614913308542505831151816724562238744009215750768266317569982464, "churned_customers": 131762269672936388069367354676350304523995352082168124496236297570441523052014775566535848394177187966895997474435393225510837121187840}, "generation": 0, "timestamp": "2025-11-14T07:32:58.961273"}