{"key": "daily_snapshot", "value": {"day": 0, "customers": 115212979451388200956883074167386634836002658818103544271555054653556217415407684071387329943468117800038265020, "mrr": 5.339778497205117e-174, "total_revenue": 7.827191553977371, "conversion_rate": 1.2853976354881156e+103, "churn_rate": 0.05, "average_price": 4.634702203372954e-284, "daily_visitors": 0, "new_customers": 11863347952601006048658786140812994373839129945237819888195836706230678876897815273287726276392608404523188224, "churned_customers": 3212409418973240709434466942680099996040928638753159126313845549869660432885737414042760587602078490223968256}, "generation": 0, "timestamp": "2025-11-15T05:48:37.595735"}