{"key": "daily_snapshot", "value": {"day": 0, "customers": 666802489096509389653550821602103159208867667960691871419180814, "mrr": 2.4006914592137423e-92, "total_revenue": 5.934471667464104, "conversion_rate": 7.47815757260767e+55, "churn_rate": 0.05, "average_price": 3.6003036858284422e-155, "daily_visitors": 0, "new_customers": 63408385612223551194469294941974552051541288717693224438726656, "churned_customers": 26645996080889757973188080912643371383591071085536063776620544}, "generation": 0, "timestamp": "2025-11-14T17:55:17.685602"}