{"key": "daily_snapshot", "value": {"day": 0, "customers": 837119649209083, "mrr": 7.671740544629366e-12, "total_revenue": 5.24151257783353, "conversion_rate": 126915045.47641283, "churn_rate": 0.05, "average_price": 9.164449253912132e-27, "daily_visitors": 0, "new_customers": 121040845551991, "churned_customers": 50902152061761}, "generation": 0, "timestamp": "2025-11-13T18:53:26.191269"}