{"key": "daily_snapshot", "value": {"day": 0, "customers": 12635857719343590088412510705654864530669709968461023325959284666202639127005910977612688756316757186226942302032395268, "mrr": 1.1587614829243882e-184, "total_revenue": 4.445436838349596, "conversion_rate": 1.7075171180276355e+111, "churn_rate": 0.05, "average_price": 9.170422053348221e-303, "daily_visitors": 0, "new_customers": 1474197540363424320147519939184850352557232840821406615452486067060811671179424354573288477193375197385613272409964544, "churned_customers": 338641691808836483015181248358418640025666004581746230684112905366874853240619520568950573916179522221705804472385536}, "generation": 0, "timestamp": "2025-11-15T18:50:43.283827"}