{"key": "daily_snapshot", "value": {"day": 0, "customers": 15029793922563183326963242084110, "mrr": 5.289000024679257e-39, "total_revenue": 5.934471667464104, "conversion_rate": 1.637638838396468e+24, "churn_rate": 0.05, "average_price": 3.5190103416782376e-70, "daily_visitors": 0, "new_customers": 1610680144687305715178763452416, "churned_customers": 635791192706207313834245357568}, "generation": 0, "timestamp": "2025-11-14T17:24:54.168558"}