{"key": "daily_snapshot", "value": {"day": 0, "customers": 681140821691900375, "mrr": 3.3658309846200283e-16, "total_revenue": 8.531929138055917, "conversion_rate": 103646350099.33026, "churn_rate": 0.05, "average_price": 4.941461262385608e-34, "daily_visitors": 0, "new_customers": 82046107409873664, "churned_customers": 33750350148188740}, "generation": 0, "timestamp": "2025-11-13T11:10:11.872525"}