{"key": "daily_snapshot", "value": {"day": 0, "customers": 134492860841242066640950128, "mrr": 3.179448282618434e-29, "total_revenue": 7.626819946521412, "conversion_rate": 1.942804381585148e+19, "churn_rate": 0.05, "average_price": 2.364027549664153e-55, "daily_visitors": 0, "new_customers": 19539956876859884152291328, "churned_customers": 7855505431124260687970304}, "generation": 0, "timestamp": "2025-11-15T01:32:56.130088"}