{"key": "daily_snapshot", "value": {"day": 0, "customers": 19371256141439307629532745680747678549798473030202158433517880554246723363448876595203980706, "mrr": 4.336271052152272e-142, "total_revenue": 8.401501509864964, "conversion_rate": 2.8216301841725664e+84, "churn_rate": 0.05, "average_price": 2.238507931799038e-233, "daily_visitors": 0, "new_customers": 2530765292070470151193062614801507248516900586223191117308345791595102548515065743934488576, "churned_customers": 425883929452787885158091838968381783228406600988939413649723224508546064375567875122921472}, "generation": 0, "timestamp": "2025-11-14T13:31:57.689286"}