{"key": "daily_snapshot", "value": {"day": 0, "customers": 197327389888425798978591757810492262752906758323588213308092516489622335218354024623319744682961452654571165798048798186, "mrr": 1.9057053737208342e-190, "total_revenue": 5.620306961549841, "conversion_rate": 3.085971361913312e+112, "churn_rate": 0.05, "average_price": 9.6575816200598e-310, "daily_visitors": 0, "new_customers": 28492018010339647677565317422891971556049886902628190881922380595805748298771939829663406547789892980046475888668180480, "churned_customers": 12789449079039187623605678107700606688439420584945354604877298473293815390016072840493859737373058014289631146101702656}, "generation": 0, "timestamp": "2025-11-15T03:36:45.284878"}