{"key": "daily_snapshot", "value": {"day": 0, "customers": 13205974425873926232142414009221424663049904207596072195237247036672065497078431, "mrr": 5.089242531617906e-124, "total_revenue": 3.5615064647863135, "conversion_rate": 1.9381123156375165e+72, "churn_rate": 0.05, "average_price": 3.853742531597487e-203, "daily_visitors": 0, "new_customers": 1904530088128678451997577359820235900167892290499408743244020688479477787787264, "churned_customers": 484035906744510473575526667151558113382624642106842750782141988368643839229952}, "generation": 0, "timestamp": "2025-11-13T12:10:24.131997"}