{"key": "daily_snapshot", "value": {"day": 0, "customers": 94378008179402385323462401264210777, "mrr": 9.749891946188389e-47, "total_revenue": 4.2636659399133805, "conversion_rate": 1.4655178397593e+28, "churn_rate": 0.05, "average_price": 1.0330682045816116e-81, "daily_visitors": 0, "new_customers": 14392748940926336819425033502851072, "churned_customers": 4134102377449348501312160302891008}, "generation": 0, "timestamp": "2025-11-15T15:08:38.053512"}