{"key": "daily_snapshot", "value": {"day": 0, "customers": 8152379743562160058457573028237285506252923976634375683, "mrr": 1.990975563871532e-82, "total_revenue": 11.37579680016544, "conversion_rate": 1.1656768902922065e+48, "churn_rate": 0.05, "average_price": 2.442201696313009e-137, "daily_visitors": 0, "new_customers": 904683355088744219351867519752194753800420679049281536, "churned_customers": 227654368014019533184106102130833356962172056094375936}, "generation": 0, "timestamp": "2025-11-14T05:36:27.678811"}