{"key": "daily_snapshot", "value": {"day": 0, "customers": 133848003221707102301026784795451518151654024397052856505309850683998539357374669150789609697286734406305692755726, "mrr": 1.5949712035081027e-177, "total_revenue": 5.934471667464104, "conversion_rate": 1.7890982237964198e+106, "churn_rate": 0.05, "average_price": 1.1916286871057592e-290, "daily_visitors": 0, "new_customers": 13137888214774112460011542800178962462801032321819236096410779569480137519220967875133467908211861160920587698176, "churned_customers": 7158903131992705283822760886503970779467880558945882854469916153856173359483094333339596008029256020749023444992}, "generation": 0, "timestamp": "2025-11-14T18:18:41.827809"}