{"key": "daily_snapshot", "value": {"day": 0, "customers": 13002177480021100, "mrr": 3.601323395934097e-13, "total_revenue": 3.561506464786233, "conversion_rate": 1836904602.746857, "churn_rate": 0.05, "average_price": 2.7697848314006036e-29, "daily_visitors": 0, "new_customers": 1334090563596111, "churned_customers": 375163018934989}, "generation": 0, "timestamp": "2025-11-13T11:40:22.423823"}