{"key": "daily_snapshot", "value": {"day": 0, "customers": 241549672854132722603472960706838347, "mrr": 2.679386215412236e-47, "total_revenue": 5.241512577835226, "conversion_rate": 3.7163330104123666e+28, "churn_rate": 0.05, "average_price": 1.1092485383038654e-82, "daily_visitors": 0, "new_customers": 31629548866690467928306616771805184, "churned_customers": 8184955944882222202930636322242560}, "generation": 0, "timestamp": "2025-11-13T19:03:05.755861"}