{"key": "daily_snapshot", "value": {"day": 0, "customers": 31996739697653629477981182737329069746498837127113236003676860329703, "mrr": 1.9962871725238924e-101, "total_revenue": 3.180859164035811, "conversion_rate": 4.709363423354553e+60, "churn_rate": 0.05, "average_price": 6.239033074580042e-169, "daily_visitors": 0, "new_customers": 4615942406004421619039904126712926223265293614653195307809064878080, "churned_customers": 2163872629546251141857212591816965139937935457724254945381384716288}, "generation": 0, "timestamp": "2025-11-14T09:12:43.575656"}