{"key": "daily_snapshot", "value": {"day": 0, "customers": 66375444758542585600712115447116424047207172941435309309346, "mrr": 6.006449651785744e-87, "total_revenue": 8.401501509864964, "conversion_rate": 8.337445176296381e+51, "churn_rate": 0.05, "average_price": 9.049204376160068e-146, "daily_visitors": 0, "new_customers": 8902866441953476991929040906061916358221379595692050219008, "churned_customers": 3587412183132470900158146908049592028164535186909856530432}, "generation": 0, "timestamp": "2025-11-14T13:16:49.054658"}