{"key": "daily_snapshot", "value": {"day": 0, "customers": 57031488189492984224669936858821019806469613284652912207887640773363966137659769566355917161854130751259768005213, "mrr": 1.5303312011989347e-179, "total_revenue": 7.058512489256422, "conversion_rate": 8.483400885057771e+105, "churn_rate": 0.05, "average_price": 2.683309255606748e-292, "daily_visitors": 0, "new_customers": 6476526116893742556238431975694139061697930608235084975611673568077161994114497929781181728917436552679893499904, "churned_customers": 3000165903591532243782250137134072220735200044508202520936072110412364630275391318867450332943442224888621826048}, "generation": 0, "timestamp": "2025-11-15T11:39:56.996929"}