{"key": "daily_snapshot", "value": {"day": 0, "customers": 3245609036857951366849413003652277650044792007908246813661526811061319873099040, "mrr": 3.589545794973916e-120, "total_revenue": 2.640852054669741, "conversion_rate": 4.3938960733694284e+71, "churn_rate": 0.05, "average_price": 1.1059698670450236e-198, "daily_visitors": 0, "new_customers": 488311447070587997666528237838922852390295329945368020359211649362030426587136, "churned_customers": 108009889011041336672037705336876652810658317774619198710447456183767843995648}, "generation": 0, "timestamp": "2025-11-14T02:43:41.283662"}