{"key": "daily_snapshot", "value": {"day": 0, "customers": 1950010502593254830643518568179432150269089, "mrr": 1.5205248181031945e-57, "total_revenue": 4.323965768575599, "conversion_rate": 2.4756180176051314e+35, "churn_rate": 0.05, "average_price": 7.79752117273778e-100, "daily_visitors": 0, "new_customers": 234975149705068705486105711483225964019712, "churned_customers": 42403111728088300156753150262456879153152}, "generation": 0, "timestamp": "2025-11-14T14:10:02.102675"}