{"key": "daily_snapshot", "value": {"day": 0, "customers": 356197582330711129853488722682045817718242484739571951633433341811723840, "mrr": 8.927860522666837e-104, "total_revenue": 4.61627280770732, "conversion_rate": 4.570636246485384e+64, "churn_rate": 0.05, "average_price": 2.506434901733212e-175, "daily_visitors": 0, "new_customers": 51219463802843569160910171554913776309631728568689991601637473160003584, "churned_customers": 13757161629637553385122242999960136065833828897399531048201567814549504}, "generation": 0, "timestamp": "2025-11-15T17:27:28.150178"}