{"key": "daily_snapshot", "value": {"day": 0, "customers": 61376903, "mrr": 5.552312366629791, "total_revenue": 3.1719489438034163, "conversion_rate": 13.154995103034423, "churn_rate": 0.05, "average_price": 9.04625697166537e-08, "daily_visitors": 0, "new_customers": 34329545, "churned_customers": 2524593}, "generation": 0, "timestamp": "2025-11-13T10:42:58.050153"}