{"key": "daily_snapshot", "value": {"day": 0, "customers": 23223184300196398614484374708556218673802591142886755143554316647130697111067408835197545294332036601588674922909584755602, "mrr": 3.690534238304849e-195, "total_revenue": 5.414632391501176, "conversion_rate": 2.6412921242510993e+114, "churn_rate": 0.05, "average_price": 1.58915943e-316, "daily_visitors": 0, "new_customers": 1993996493214705328468041072779519205275851688066291145174576549075978071215355083339561226758623447427730893550594818048, "churned_customers": 705075707427122763793662810026423628491915273524971573748086299248132853294437390861040595112248429511886810152404254720}, "generation": 0, "timestamp": "2025-11-14T00:05:11.238272"}