{"key": "daily_snapshot", "value": {"day": 0, "customers": 700385460917186696374015063111, "mrr": 3.888553643543283e-37, "total_revenue": 8.531929138055917, "conversion_rate": 1.1022087713571451e+23, "churn_rate": 0.05, "average_price": 5.552019367236785e-67, "daily_visitors": 0, "new_customers": 82233308248574376199147487232, "churned_customers": 42500769372852158287184920576}, "generation": 0, "timestamp": "2025-11-13T11:15:53.016263"}