{"key": "daily_snapshot", "value": {"day": 0, "customers": 139614810176409508491772810094741596196678761834292744675313478305634713459373977624099687965057341544761908782023, "mrr": 3.983746413839388e-183, "total_revenue": 4.928703564447977, "conversion_rate": 1.897069854049853e+106, "churn_rate": 0.05, "average_price": 2.853383827121025e-296, "daily_visitors": 0, "new_customers": 19163761952113532629456533665433758629313731353391945055760726877669953166940041169240310145635555442986181459968, "churned_customers": 7695424461831800315166729501497127506952886607039297678391447245638641885034650232252114987551377382478289305600}, "generation": 0, "timestamp": "2025-11-15T06:51:53.578515"}