{"key": "daily_snapshot", "value": {"day": 0, "customers": 22779004451034270431552903653801378, "mrr": 3.4243952876402903e-46, "total_revenue": 8.401501509864964, "conversion_rate": 3.280056301611628e+27, "churn_rate": 0.05, "average_price": 1.5033120938192747e-80, "daily_visitors": 0, "new_customers": 2839863846210128013548679566721024, "churned_customers": 1012501373657170907374650377895936}, "generation": 0, "timestamp": "2025-11-14T13:05:33.103582"}