{"key": "daily_snapshot", "value": {"day": 0, "customers": 355076573137156005871873643294933782, "mrr": 3.9386816973833587e-47, "total_revenue": 8.73321624443256, "conversion_rate": 4.808226966583032e+28, "churn_rate": 0.05, "average_price": 1.1092485383038654e-82, "daily_visitors": 0, "new_customers": 52132277291109446532505492386742272, "churned_customers": 16275338837063509248929973422522368}, "generation": 0, "timestamp": "2025-11-14T16:11:00.058911"}