{"key": "daily_snapshot", "value": {"day": 0, "customers": 97700844507480712153830858471089616268706983, "mrr": 5.9775616076970485e-62, "total_revenue": 7.010218214998832, "conversion_rate": 1.1280881118154787e+37, "churn_rate": 0.05, "average_price": 6.118229210638361e-106, "daily_visitors": 0, "new_customers": 8903411660943005456619312947984948055244800, "churned_customers": 6775890185348282536405532707254486356197376}, "generation": 0, "timestamp": "2025-11-14T23:39:24.438402"}