{"key": "daily_snapshot", "value": {"day": 0, "customers": 9074143013853822301752063247519574151299957767727522053597624955077822393012245, "mrr": 2.824806514092011e-121, "total_revenue": 6.513341788556554, "conversion_rate": 1.317648745891185e+72, "churn_rate": 0.05, "average_price": 3.113028425691855e-200, "daily_visitors": 0, "new_customers": 1324883564067837512697706726759589639204298125585798279547789871185799791247360, "churned_customers": 460747141075761595044574039345925867584856306165610495660720313189895210270720}, "generation": 0, "timestamp": "2025-11-15T00:56:49.879479"}