{"key": "daily_snapshot", "value": {"day": 0, "customers": 9317907116972316283971239447105432454483030211588, "mrr": 3.268756811643546e-68, "total_revenue": 4.445436838349596, "conversion_rate": 1.2391207046790385e+42, "churn_rate": 0.05, "average_price": 3.508037556727297e-117, "daily_visitors": 0, "new_customers": 1294755112728084009905269692409351031272857665536, "churned_customers": 614054709733692405482030710478463342244779786240}, "generation": 0, "timestamp": "2025-11-15T18:18:36.679332"}