{"key": "daily_snapshot", "value": {"day": 0, "customers": 8734463619930560738187594189890, "mrr": 1.0919858016062264e-37, "total_revenue": 7.574353924996814, "conversion_rate": 1.0831508047730466e+24, "churn_rate": 0.05, "average_price": 1.250203617672069e-68, "daily_visitors": 0, "new_customers": 1219460211385920463549769973760, "churned_customers": 465903734760552065331374325760}, "generation": 0, "timestamp": "2025-11-14T10:18:52.842456"}