{"key": "daily_snapshot", "value": {"day": 0, "customers": 7617867059647580262638751305580015609029460, "mrr": 4.7061908582018845e-60, "total_revenue": 7.997332640408474, "conversion_rate": 1.0278533824276589e+36, "churn_rate": 0.05, "average_price": 6.177832746820871e-103, "daily_visitors": 0, "new_customers": 958074131849407469561047621229147871772672, "churned_customers": 488517809012359322498990125776574263328768}, "generation": 0, "timestamp": "2025-11-15T16:13:26.698819"}