{"key": "daily_snapshot", "value": {"day": 0, "customers": 99, "mrr": 0.5019896376903797, "total_revenue": 2.0162175554098924, "conversion_rate": 0.30574832233908256, "churn_rate": 0.05, "average_price": 0.0050706024009129266, "daily_visitors": 44, "new_customers": 11, "churned_customers": 6}, "generation": 0, "timestamp": "2025-11-15T14:54:52.072897"}