{"key": "daily_snapshot", "value": {"day": 0, "customers": 546479680051667931749669388188413887558273897894921944816145489961349118981240404619582106583190418054726302520, "mrr": 2.1968282897955836e-171, "total_revenue": 8.385937104373125, "conversion_rate": 8.519852661651821e+103, "churn_rate": 0.05, "average_price": 4.019963358176246e-282, "daily_visitors": 0, "new_customers": 73297482651454546127608775184757073386937047414000414526851931546544309326646020258703883703692675628872499200, "churned_customers": 20154136222111727378156168798830250947247646455206125652783486204250599247205004857615184190386255223574233088}, "generation": 0, "timestamp": "2025-11-13T13:26:22.788400"}