{"key": "daily_snapshot", "value": {"day": 0, "customers": 68286765318922961057505672430052150291357922172018367004843943456830619225388910414017245011082003617301698679, "mrr": 2.7451029443045076e-172, "total_revenue": 8.055065502431749, "conversion_rate": 9.235303692345807e+102, "churn_rate": 0.05, "average_price": 4.019963358176246e-282, "daily_visitors": 0, "new_customers": 8879907586903254994828724418310586178440371173619602698840582393503316543802736504726128129198843370768695296, "churned_customers": 3840078589698453386010691147049793921973104594500000532212417187773598790145382318421297653823943396263198720}, "generation": 0, "timestamp": "2025-11-13T17:35:12.098213"}