{"key": "daily_snapshot", "value": {"day": 0, "customers": 5395323460222756970276575707114171007184027791929792407726917242742176750, "mrr": 8.406644458807845e-112, "total_revenue": 4.058738603221899, "conversion_rate": 7.444639381163059e+65, "churn_rate": 0.05, "average_price": 1.558135396475517e-184, "daily_visitors": 0, "new_customers": 654185190839326081968134850929291864969770167282451665645665447724449792, "churned_customers": 299982166412050456934162031816995313585065379187286620400703490307915776}, "generation": 0, "timestamp": "2025-11-14T15:25:48.101486"}