{"key": "daily_snapshot", "value": {"day": 0, "customers": 62285582365405699296365365596319266177012247195540379804847370805738936666565088376150127944858286528042671272299756304088249499534503, "mrr": 6.154633295592465e-190, "total_revenue": 7.010218214998832, "conversion_rate": 8.438068993699534e+126, "churn_rate": 0.05, "average_price": 1e-323, "daily_visitors": 0, "new_customers": 7677155186523549920273327507479338173101650115359514061197815709864417304186680180921397961047383325938723456168286657657170863063040, "churned_customers": 3560257973512636387500311195575302146283433454404885959254722788450679176880887099460038384787033739215679544028545734268403805323264}, "generation": 0, "timestamp": "2025-11-15T00:21:20.996515"}