{"key": "daily_snapshot", "value": {"day": 0, "customers": 2332462774555622698646234370139348434124669095742384821224050240, "mrr": 9.104668326003962e-90, "total_revenue": 4.61627280770732, "conversion_rate": 3.226515064883433e+56, "churn_rate": 0.05, "average_price": 3.9034570777827614e-153, "daily_visitors": 0, "new_customers": 271768253439622666957896535532018731661839597162818303254593536, "churned_customers": 63424976802909696767835304948253261427183712349505501945397248}, "generation": 0, "timestamp": "2025-11-15T17:23:37.557533"}