{"key": "daily_snapshot", "value": {"day": 0, "customers": 169320445510512715604426317728768337269258023961172746704180521662689035540584273592003808420620035609310953398888091482564366, "mrr": 1.673108305305581e-198, "total_revenue": 5.934471667464104, "conversion_rate": 2.199917295883291e+118, "churn_rate": 0.05, "average_price": 1e-323, "daily_visitors": 0, "new_customers": 20370434570772719240435005199556075189918148044634304950507532229334797734036535820075608596990340220912421780595937814511616, "churned_customers": 10486963118629206869389587740066087251004093067942005181633341754244130047870956849315433510733070355103419847833371113684992}, "generation": 0, "timestamp": "2025-11-14T18:24:29.237658"}