{"key": "daily_snapshot", "value": {"day": 0, "customers": 50911008674182682642828016581845827897588376027974404715113364764847855535996940687626518, "mrr": 9.295679309828125e-139, "total_revenue": 6.2331957973706755, "conversion_rate": 6.122572672090987e+81, "churn_rate": 0.05, "average_price": 1.8258682261272946e-227, "daily_visitors": 0, "new_customers": 6688857190354073525421368524131359743997560797348133386667293359291859901301112740773888, "churned_customers": 3238870860005588352108394226454240796188257147601584415224485657813315655613637898272768}, "generation": 0, "timestamp": "2025-11-14T08:12:27.536095"}