{"key": "daily_snapshot", "value": {"day": 0, "customers": 38250369579149972068154394244724938031621389203221692683903483298, "mrr": 1.0063384845425e-95, "total_revenue": 8.401501509864964, "conversion_rate": 5.286324354871291e+57, "churn_rate": 0.05, "average_price": 2.6309248658633837e-160, "daily_visitors": 0, "new_customers": 4523648906391133197116456356639761437840590878874085983980093440, "churned_customers": 959641990938690254189758667714650078321873279307829790757617664}, "generation": 0, "timestamp": "2025-11-14T13:19:19.712222"}