{"key": "daily_snapshot", "value": {"day": 0, "customers": 970585050956957973979265102706593090674882615236301446263, "mrr": 3.667961337609699e-83, "total_revenue": 3.0646080228541357, "conversion_rate": 1.1979970897621706e+50, "churn_rate": 0.05, "average_price": 3.779124079845693e-140, "daily_visitors": 0, "new_customers": 108100368962371278939308187343937459575070035055225077760, "churned_customers": 29449196793091717163359997558538212925779488703342706688}, "generation": 0, "timestamp": "2025-11-14T21:07:55.641145"}