{"key": "daily_snapshot", "value": {"day": 0, "customers": 811630760469, "mrr": 1.4956367152536e-05, "total_revenue": 10.298718159504832, "conversion_rate": 105840.26658727275, "churn_rate": 0.05, "average_price": 1.8427550902449137e-17, "daily_visitors": 0, "new_customers": 100429962776, "churned_customers": 29763193156}, "generation": 0, "timestamp": "2025-11-14T03:13:29.391412"}