{"key": "daily_snapshot", "value": {"day": 0, "customers": 63850870737729540394619249928465857593, "mrr": 1.1768068343987901e-48, "total_revenue": 8.82569014329087, "conversion_rate": 8.585438072103998e+30, "churn_rate": 0.05, "average_price": 1.843055264246246e-86, "daily_visitors": 0, "new_customers": 8722122625769206659763381531880456192, "churned_customers": 3764442896511188950261537560120524800}, "generation": 0, "timestamp": "2025-11-13T11:49:20.645845"}