{"key": "daily_snapshot", "value": {"day": 0, "customers": 1686638745569396587807334114366411369303006873870230946842907080267727761624129345850258, "mrr": 5.656295318715896e-136, "total_revenue": 5.414632391501176, "conversion_rate": 2.4970750480359135e+80, "churn_rate": 0.05, "average_price": 3.353590289310218e-223, "daily_visitors": 0, "new_customers": 268898434361036147432906223154969116017631441152529346208048074054746043099452274638848, "churned_customers": 69298585104153163392780000883028569919198625891953868717740303037677222047402820632576}, "generation": 0, "timestamp": "2025-11-13T22:33:50.726147"}