{"key": "daily_snapshot", "value": {"day": 0, "customers": 267176527841646896741964703398500197903760091129774319548759201, "mrr": 3.417414397528965e-91, "total_revenue": 4.323965768575599, "conversion_rate": 3.424104772350722e+55, "churn_rate": 0.05, "average_price": 1.2790848152478558e-153, "daily_visitors": 0, "new_customers": 27701068540450594581707444795041236265744218399061151097815040, "churned_customers": 10035275604006964195455006706229132753865507359604352347013120}, "generation": 0, "timestamp": "2025-11-14T14:19:19.778494"}