{"key": "daily_snapshot", "value": {"day": 0, "customers": 5495948407147013137593010616435155191141086994884849161815726407667990, "mrr": 1.4791048001264023e-106, "total_revenue": 6.2331957973706755, "conversion_rate": 7.266902408268596e+62, "churn_rate": 0.05, "average_price": 2.6912639831242817e-176, "daily_visitors": 0, "new_customers": 799887784343416742015624938527942442286105266099814629259303725301760, "churned_customers": 207814030822566209036501438715791819008614945725862661932590619951104}, "generation": 0, "timestamp": "2025-11-14T08:03:37.042389"}