{"key": "daily_snapshot", "value": {"day": 0, "customers": 167631939419460127087855800863448297339057821425832881878769177071094720865454, "mrr": 2.9535266683202533e-115, "total_revenue": 14.069439877331755, "conversion_rate": 2.343090169122013e+70, "churn_rate": 0.05, "average_price": 1.7619116491456537e-192, "daily_visitors": 0, "new_customers": 20582285955615859102004525788632512233282041173725991463362707512304001351680, "churned_customers": 11608827306317245062983209671709737937850998740189054410872686115403576901632}, "generation": 0, "timestamp": "2025-11-15T13:25:02.098056"}