{"key": "daily_snapshot", "value": {"day": 0, "customers": 12729596566687698, "mrr": 5.509100543790748e-13, "total_revenue": 7.593310615949593, "conversion_rate": 1884788244.5941958, "churn_rate": 0.05, "average_price": 4.327788799063443e-29, "daily_visitors": 0, "new_customers": 1625195180746807, "churned_customers": 830099595180181}, "generation": 0, "timestamp": "2025-11-14T18:34:36.875454"}