{"key": "daily_snapshot", "value": {"day": 0, "customers": 88967828303123836661727758173608195906037946336241231630, "mrr": 1.0360592899283098e-80, "total_revenue": 5.934471667464104, "conversion_rate": 1.0906001377189398e+49, "churn_rate": 0.05, "average_price": 1.164532516628746e-136, "daily_visitors": 0, "new_customers": 9015237676428826627115202519650592856101033418390765568, "churned_customers": 3437312994808573315040011565014446081705533739108401152}, "generation": 0, "timestamp": "2025-11-14T17:42:23.121630"}