{"key": "daily_snapshot", "value": {"day": 0, "customers": 19796195698, "mrr": 0.002195532474829197, "total_revenue": 3.5610213997455302, "conversion_rate": 2822.546980346532, "churn_rate": 0.05, "average_price": 1.1090678776483354e-13, "daily_visitors": 0, "new_customers": 2148988034, "churned_customers": 1165513054}, "generation": 0, "timestamp": "2025-11-13T11:37:39.888120"}