{"key": "daily_snapshot", "value": {"day": 0, "customers": 4314769025290179587071050577203478, "mrr": 8.187043914577335e-44, "total_revenue": 6.2331957973706755, "conversion_rate": 5.226032264698599e+26, "churn_rate": 0.05, "average_price": 1.8974466226559452e-77, "daily_visitors": 0, "new_customers": 518303573959084468432474919141376, "churned_customers": 183487214448096158203668456275968}, "generation": 0, "timestamp": "2025-11-14T07:46:32.229308"}