{"key": "daily_snapshot", "value": {"day": 0, "customers": 86531571058752673940951803995131441099804003454154964954305136820430613151697541605531, "mrr": 3.4111839417034823e-133, "total_revenue": 13.18914372001125, "conversion_rate": 1.2254055702324524e+79, "churn_rate": 0.05, "average_price": 3.9421264400566326e-219, "daily_visitors": 0, "new_customers": 10023382384385019040154181106255274522091026100632077121350259814607135743450273546240, "churned_customers": 6014615171300714710693916119114809716495219510156927765296162890629751739305517121536}, "generation": 0, "timestamp": "2025-11-13T18:25:32.487135"}