{"key": "daily_snapshot", "value": {"day": 0, "customers": 5716700371051286524987284737840382012049622192712965, "mrr": 1.3386230488589737e-75, "total_revenue": 1.5620171583249602, "conversion_rate": 7.518724819372202e+44, "churn_rate": 0.05, "average_price": 2.341600857091631e-127, "daily_visitors": 0, "new_customers": 861422411915818905550097126274385598298978808496128, "churned_customers": 219193085414511307159747798927988146080308464189440}, "generation": 0, "timestamp": "2025-11-13T21:16:07.227363"}