{"key": "daily_snapshot", "value": {"day": 0, "customers": 2112268989620307137369, "mrr": 5.984709981595716e-24, "total_revenue": 4.2636659399133805, "conversion_rate": 266859897493828.97, "churn_rate": 0.05, "average_price": 2.833308641562504e-45, "daily_visitors": 0, "new_customers": 195723017019207024640, "churned_customers": 141597676238269087744}, "generation": 0, "timestamp": "2025-11-15T15:02:10.244693"}