{"key": "daily_snapshot", "value": {"day": 0, "customers": 774293888165557993935385938907030939265648181059857471957, "mrr": 3.373624347818456e-85, "total_revenue": 5.250998821828405, "conversion_rate": 8.288105006661505e+49, "churn_rate": 0.05, "average_price": 4.3570334202316655e-142, "daily_visitors": 0, "new_customers": 73083237172823739247126655433323684063794345537102151680, "churned_customers": 16781549858010176218544740532313840041823944166969704448}, "generation": 0, "timestamp": "2025-11-14T22:09:24.782568"}