{"key": "daily_snapshot", "value": {"day": 0, "customers": 45900916707191604156590777011872907439491926412939449129257044454613, "mrr": 3.881136643211999e-99, "total_revenue": 5.438023679800494, "conversion_rate": 6.956974936981151e+60, "churn_rate": 0.05, "average_price": 8.455466517085738e-167, "daily_visitors": 0, "new_customers": 6380267555179602438779848917358442892441806063954001602404482547712, "churned_customers": 2532098631365247459657499351065527794251049728314344082336211009536}, "generation": 0, "timestamp": "2025-11-14T19:59:31.255384"}