{"key": "daily_snapshot", "value": {"day": 0, "customers": 57089574308451220990979228512737481444954656789, "mrr": 5.301165514634114e-68, "total_revenue": 6.513341788556554, "conversion_rate": 8.057627986084735e+39, "churn_rate": 0.05, "average_price": 9.285698096104667e-115, "daily_visitors": 0, "new_customers": 7984701524339046438652003183992629482192109568, "churned_customers": 2852131837072934858416187580012755307466850304}, "generation": 0, "timestamp": "2025-11-15T00:42:03.297109"}