{"key": "daily_snapshot", "value": {"day": 0, "customers": 22955751875652524043574503827582601113058958580138926865057128398720574638, "mrr": 1.4793368199202348e-108, "total_revenue": 14.069439877331755, "conversion_rate": 3.2019940343546515e+66, "churn_rate": 0.05, "average_price": 6.444296958485854e-182, "daily_visitors": 0, "new_customers": 2985064590204632281852766689236848341118615724428864112305839477325037568, "churned_customers": 1120314496276008047585761412700787198557076482644271759171361366310125568}, "generation": 0, "timestamp": "2025-11-15T13:23:12.528773"}