{"key": "daily_snapshot", "value": {"day": 0, "customers": 1097665006189529005777266621760588210440250139374880, "mrr": 1.0630484011468226e-73, "total_revenue": 2.640852054669741, "conversion_rate": 1.6227178532031602e+44, "churn_rate": 0.05, "average_price": 9.684634156618734e-125, "daily_visitors": 0, "new_customers": 141504713705356118330784149285813721770030849327104, "churned_customers": 65878330572926015247982084634514897196179903217664}, "generation": 0, "timestamp": "2025-11-14T02:30:55.014137"}