{"key": "daily_snapshot", "value": {"day": 0, "customers": 2469184008124392262075969294602952527629887857026944033483740466239, "mrr": 5.93391368545876e-99, "total_revenue": 2.4762944740981485, "conversion_rate": 3.188872080642177e+59, "churn_rate": 0.05, "average_price": 2.4031881244712087e-165, "daily_visitors": 0, "new_customers": 246926506732931076511606549543687394185312744826548759495398391808, "churned_customers": 106066226281052917948145901680944020219388431451667767422579900416}, "generation": 0, "timestamp": "2025-11-13T16:13:47.763979"}