{"key": "daily_snapshot", "value": {"day": 0, "customers": 184474516853741169522723482238959004483953732873364327782723447870538441, "mrr": 1.6268316606881038e-105, "total_revenue": 3.6905216285399813, "conversion_rate": 2.7264699561074585e+64, "churn_rate": 0.05, "average_price": 8.818733819901648e-177, "daily_visitors": 0, "new_customers": 30296034140133977421811512850411572822960163350753885074483617734852608, "churned_customers": 12350053598945630405519290840965437571397439510335734149919217463328768}, "generation": 0, "timestamp": "2025-11-15T04:14:54.976923"}