{"key": "daily_snapshot", "value": {"day": 0, "customers": 51564408537369687353179555449899400363974740149353987241434086361238173658763553303003720667566356050307060148482636576471864, "mrr": 8.115189641962583e-195, "total_revenue": 8.385937104373125, "conversion_rate": 7.883194349078104e+117, "churn_rate": 0.05, "average_price": 1.5738e-319, "daily_visitors": 0, "new_customers": 6245297706535514512424130371973017259306692818237147490396995118665325590682372722260545041882645140666465148226007359029248, "churned_customers": 2344398819215576246925596456493421720240759303506685555860356278948370836326683217782201688848892567890599407474402461220864}, "generation": 0, "timestamp": "2025-11-13T13:32:50.527560"}