{"key": "daily_snapshot", "value": {"day": 0, "customers": 640922785538101635421122318683910892744271757537087074297562682052411328773016556, "mrr": 2.652090119385224e-123, "total_revenue": 3.8452002827692775, "conversion_rate": 8.57427993299098e+73, "churn_rate": 0.05, "average_price": 4.1379245351038656e-204, "daily_visitors": 0, "new_customers": 91093598282957745158162526761151622823360904431439104904157950702381285360271360, "churned_customers": 31095413629602801983070408269361775044902185623634275535931363447234703315173376}, "generation": 0, "timestamp": "2025-11-13T14:16:02.751557"}