{"key": "daily_snapshot", "value": {"day": 0, "customers": 1067031413363001910157100163554812452739468460907499102212728615771118322, "mrr": 5.964211149039929e-108, "total_revenue": 10.298721371422412, "conversion_rate": 1.4218792519369163e+65, "churn_rate": 0.05, "average_price": 5.589536610025667e-180, "daily_visitors": 0, "new_customers": 156083142029906000779585155318839748410041565682513503189313069349076992, "churned_customers": 35690360820208115409901541884810301499551234604508302023710526249369600}, "generation": 0, "timestamp": "2025-11-14T03:41:32.771458"}