{"key": "daily_snapshot", "value": {"day": 0, "customers": 27651258509745217922038476141758106530783887687945258350208146780995, "mrr": 3.1077920844653767e-103, "total_revenue": 3.6902796439842023, "conversion_rate": 4.085508499637695e+60, "churn_rate": 0.05, "average_price": 1.1239242811932368e-170, "daily_visitors": 0, "new_customers": 3980761973149583779768551809603813560412932790060654475252286357504, "churned_customers": 1196882395914588439082773258599704642504862061501032785040134635520}, "generation": 0, "timestamp": "2025-11-14T01:32:09.912277"}