{"key": "daily_snapshot", "value": {"day": 0, "customers": 271364735, "mrr": 8.044003740411089, "total_revenue": 9.681522472909998, "conversion_rate": 37.45459180172743, "churn_rate": 0.05, "average_price": 2.9642774844753092e-08, "daily_visitors": 0, "new_customers": 30178146, "churned_customers": 18167913}, "generation": 0, "timestamp": "2025-11-14T05:14:08.946184"}