{"key": "daily_snapshot", "value": {"day": 0, "customers": 11518272239, "mrr": 0.011897222833971923, "total_revenue": 6.964011232881095, "conversion_rate": 1647.3220190148395, "churn_rate": 0.05, "average_price": 1.0328999512347716e-12, "daily_visitors": 0, "new_customers": 1752140428, "churned_customers": 603101998}, "generation": 0, "timestamp": "2025-11-14T04:13:46.390897"}