{"key": "daily_snapshot", "value": {"day": 0, "customers": 239177143708129336401682054778109897057684471861725338453, "mrr": 2.2067385330471316e-83, "total_revenue": 7.593310615949716, "conversion_rate": 3.9207967031557805e+49, "churn_rate": 0.05, "average_price": 9.226377148060771e-140, "daily_visitors": 0, "new_customers": 40348893053215349339598684689794331946909989254461390848, "churned_customers": 14079331763369403664453083965763475493258973919779487744}, "generation": 0, "timestamp": "2025-11-14T18:53:43.699250"}