{"key": "daily_snapshot", "value": {"day": 0, "customers": 30110547887658450447469562759411946482379227586443720, "mrr": 8.813360592654951e-75, "total_revenue": 4.843910136547377, "conversion_rate": 4.562488287514828e+45, "churn_rate": 0.05, "average_price": 2.9270010713645384e-127, "daily_visitors": 0, "new_customers": 4516714052032189921157065821364865035344485761941504, "churned_customers": 785394428967273421402001527490615553658422659383296}, "generation": 0, "timestamp": "2025-11-14T06:54:01.519198"}