{"key": "daily_snapshot", "value": {"day": 0, "customers": 11831971280007454126436622011822985039066528484282243332714821106745, "mrr": 3.3102059817405305e-97, "total_revenue": 8.82569014329087, "conversion_rate": 1.6693821422909065e+60, "churn_rate": 0.05, "average_price": 2.797679189209835e-164, "daily_visitors": 0, "new_customers": 1169376166816641749478574922930907694734366933156544037721055690752, "churned_customers": 754089964880685359108819855981824830176142528314722803959887560704}, "generation": 0, "timestamp": "2025-11-13T12:02:46.038970"}