{"key": "daily_snapshot", "value": {"day": 0, "customers": 5208049777757514640679855713636110927409757452625679847693163467891224963691275084642257707395133872367876834355937363155413, "mrr": 5.146236954042254e-200, "total_revenue": 5.250998821828405, "conversion_rate": 6.691105817062754e+116, "churn_rate": 0.05, "average_price": 1e-323, "daily_visitors": 0, "new_customers": 584979208836848170769869457196432019533829321144288829517609070768456481321058033213014547962293799190118311189227283415040, "churned_customers": 267740105546334817683720475245312566260932691170610296086751651078458304731019949669690445660454611939056550462602736566272}, "generation": 0, "timestamp": "2025-11-14T23:16:06.475786"}