{"key": "daily_snapshot", "value": {"day": 0, "customers": 45998585373936864174081045062842539520553692384781989888313576428, "mrr": 3.965544761092679e-96, "total_revenue": 3.8452002827692775, "conversion_rate": 5.9768060020993754e+57, "churn_rate": 0.05, "average_price": 8.621014600461138e-161, "daily_visitors": 0, "new_customers": 5535061041684489557148331112480273790449662960484858054991413248, "churned_customers": 2434022917489421546514915299283127753024650580448047347246563328}, "generation": 0, "timestamp": "2025-11-13T14:08:32.679436"}