{"key": "daily_snapshot", "value": {"day": 0, "customers": 108484961929110339013691172461912388867440620335946510026435311042653445, "mrr": 3.579439668230244e-111, "total_revenue": 1.5620171583249602, "conversion_rate": 1.4032543317329305e+64, "churn_rate": 0.05, "average_price": 3.299480042744758e-182, "daily_visitors": 0, "new_customers": 14823774498733767296653521455754734994813295984528808914998909630152704, "churned_customers": 5145177664642470223538843045727548234674074076565658134904304524328960}, "generation": 0, "timestamp": "2025-11-13T21:25:35.767471"}