{"key": "daily_snapshot", "value": {"day": 0, "customers": 480122972607447171640203355961772022944115702196422556313250525953291080573358581976640, "mrr": 1.050662592924302e-130, "total_revenue": 4.61627280770732, "conversion_rate": 5.868620586757185e+79, "churn_rate": 0.05, "average_price": 2.188319769867236e-217, "daily_visitors": 0, "new_customers": 61157996127752545420880488402412573735767411340949256890396220559857782593222770425856, "churned_customers": 13152891012435737451220644339946776294495801906852706592130520079065410695278136131584}, "generation": 0, "timestamp": "2025-11-15T17:34:44.945891"}