{"key": "daily_snapshot", "value": {"day": 0, "customers": 18857190893341323182556047279167514158676105570384151073628056174075400894378221235796551455267285, "mrr": 2.7368630071901413e-155, "total_revenue": 5.250998821828405, "conversion_rate": 2.612541660718547e+90, "churn_rate": 0.05, "average_price": 1.4513630490724667e-252, "daily_visitors": 0, "new_customers": 2163020133686422532054302765799139991305069713585367255361249780423655475394303579355204506615808, "churned_customers": 1213562466899483749067556408400189769573398960114052751617604542842804273166911065156840662761472}, "generation": 0, "timestamp": "2025-11-14T23:03:35.844229"}