{"key": "daily_snapshot", "value": {"day": 0, "customers": 11823383690670213359398093670800816272151331038774697027049181171911360802200878534844574981, "mrr": 2.8144263468551093e-146, "total_revenue": 1.5620171583249602, "conversion_rate": 1.5804085715331476e+84, "churn_rate": 0.05, "average_price": 2.380389929387103e-237, "daily_visitors": 0, "new_customers": 1211735659165002671312252679908914444357166972924203874986167960530568804333987580195373056, "churned_customers": 525398118960567170089071437983459480037935254861367837280483640946272824089320377467011072}, "generation": 0, "timestamp": "2025-11-13T21:35:07.139371"}