{"key": "daily_snapshot", "value": {"day": 0, "customers": 41816095886064455299909247542703407718854553699138662032682957770856531373761315529, "mrr": 7.019005677031478e-125, "total_revenue": 3.6905216285399813, "conversion_rate": 4.933686419901714e+75, "churn_rate": 0.05, "average_price": 1.6785416065995337e-207, "daily_visitors": 0, "new_customers": 3979478264877025886433654662600510136347128470416233105748308370590729279599804416, "churned_customers": 1189620859403998339970434281713166788730659363000175984089893190064616536197300224}, "generation": 0, "timestamp": "2025-11-15T04:20:13.701789"}