{"key": "daily_snapshot", "value": {"day": 0, "customers": 358146395707414439309399816184140874196077324225636212849083275382968155256714778964150198069657942472, "mrr": 5.049000772247292e-160, "total_revenue": 4.843910136547377, "conversion_rate": 4.811811541884564e+94, "churn_rate": 0.05, "average_price": 1.4097589233794894e-261, "daily_visitors": 0, "new_customers": 38730007473698912803473866228127507829369648773912654911001090895166791401912270629309049320434040832, "churned_customers": 11721085296393569523077080833524505838025336851344110674240080107600644167039857600157849400570281984}, "generation": 0, "timestamp": "2025-11-14T07:17:14.210868"}