{"key": "daily_snapshot", "value": {"day": 0, "customers": 12152411370070240822563412201460938188252134862507856514735566446545455797207043236241467641246827491501894794919562745396642, "mrr": 1.2608586841372747e-198, "total_revenue": 8.401501509864964, "conversion_rate": 1.8241953830677332e+117, "churn_rate": 0.05, "average_price": 1.04e-322, "daily_visitors": 0, "new_customers": 1542501675085883090641265015860676760302089910269805133766239601242359135498594684688401175757124564407878235510608804970496, "churned_customers": 345607877147634434239910862393018348534650705474023680063936126515128324217587769966882924094495881246479468323709441277952}, "generation": 0, "timestamp": "2025-11-14T13:47:25.082635"}