{"key": "daily_snapshot", "value": {"day": 0, "customers": 1418378489625665764334, "mrr": 4.678387231732218e-23, "total_revenue": 4.058738603221899, "conversion_rate": 202410110060077.06, "churn_rate": 0.05, "average_price": 3.298405373425343e-44, "daily_visitors": 0, "new_customers": 204356849617882447872, "churned_customers": 89577965509455298560}, "generation": 0, "timestamp": "2025-11-14T15:01:33.641117"}