{"key": "daily_snapshot", "value": {"day": 0, "customers": 1307066905676691484609066739753178082567576040628222802275568232627715887125, "mrr": 1.4882377719385679e-114, "total_revenue": 6.513341788556554, "conversion_rate": 1.808357988242808e+68, "churn_rate": 0.05, "average_price": 1.138608716566105e-189, "daily_visitors": 0, "new_customers": 136846045555368807383137546832193763588776090524425547929808772360256356352, "churned_customers": 84365518258466039630744562106154584169677584467777377803005304422967279616}, "generation": 0, "timestamp": "2025-11-15T00:55:00.344459"}