{"key": "daily_snapshot", "value": {"day": 0, "customers": 21263787099742073840964532186471363450987182011007320395363896182041115228159816122859051477, "mrr": 1.438596219510867e-144, "total_revenue": 5.250998821828405, "conversion_rate": 2.814754297263851e+84, "churn_rate": 0.05, "average_price": 6.76547509041001e-236, "daily_visitors": 0, "new_customers": 2975528355169260298836255341789582436757036920092865204883203467532400665706908709245943808, "churned_customers": 782902940591660656070526094742330620874425030387669788551826866862184966358928531094765568}, "generation": 0, "timestamp": "2025-11-14T22:25:38.075008"}