{"key": "daily_snapshot", "value": {"day": 0, "customers": 2249293739872288162016840201657596247201, "mrr": 3.7867257763210785e-52, "total_revenue": 4.323965768575599, "conversion_rate": 3.05287336972059e+32, "churn_rate": 0.05, "average_price": 1.6835176789920215e-91, "daily_visitors": 0, "new_customers": 239687852592623594622863846542141292544, "churned_customers": 142974311556212729105559955194836418560}, "generation": 0, "timestamp": "2025-11-14T14:08:35.703309"}