{"key": "daily_snapshot", "value": {"day": 0, "customers": 7854562479044250139630, "mrr": 2.389547977697955e-24, "total_revenue": 4.058738603221899, "conversion_rate": 967437158497347.9, "churn_rate": 0.05, "average_price": 3.0422419887462873e-46, "daily_visitors": 0, "new_customers": 823503373640386347008, "churned_customers": 181354992885927165952}, "generation": 0, "timestamp": "2025-11-14T15:01:54.741303"}