{"key": "daily_snapshot", "value": {"day": 0, "customers": 2595794567258673713960641110373407868925052012131542906513610492677095949534778027594082462778578434845767424469, "mrr": 5.189567497356913e-180, "total_revenue": 5.250998821828405, "conversion_rate": 3.558504133467713e+104, "churn_rate": 0.05, "average_price": 1.9992211875369748e-291, "daily_visitors": 0, "new_customers": 353740961332122334340970317173793611562688772954957979464806086476193915225522762120874710869590239103753912320, "churned_customers": 96024030448268736574212586339584451727206849648073781970729405335611753008561731717841252950421297118354341888}, "generation": 0, "timestamp": "2025-11-14T23:10:19.261786"}