{"key": "daily_snapshot", "value": {"day": 0, "customers": 155431988857416230615735985332599123766876426451644502202361734658068519391174453113030094490162911105201874, "mrr": 2.0875324737690344e-169, "total_revenue": 7.180499208388138, "conversion_rate": 1.9227519016968516e+100, "churn_rate": 0.05, "average_price": 1.3430520249496445e-276, "daily_visitors": 0, "new_customers": 17838678087194141833540056592775749915810858881210029029037585203947840423621747609985517999186762925080576, "churned_customers": 8916580090637182917072899048866932714104921828281231237105944354643261057173168512624151040219208134688768}, "generation": 0, "timestamp": "2025-11-15T19:47:36.868143"}