{"key": "daily_snapshot", "value": {"day": 0, "customers": 647968462670271272359248232873512645738904350347459983733326453141682963781093268193811703020109957081292913441588349210232767665949762, "mrr": 6.402779139878944e-189, "total_revenue": 7.574353924996814, "conversion_rate": 8.893343759893127e+127, "churn_rate": 0.05, "average_price": 1e-323, "daily_visitors": 0, "new_customers": 74531645209385763902485449410674350054145217238668525818749862292064967547641865351867216117948257689792629089031290232042666581819392, "churned_customers": 25805452924078191327077411325575680910164830520726125683828397475154705368288764409316704747409031872452296740252738127135316866236416}, "generation": 0, "timestamp": "2025-11-14T11:48:48.379786"}