{"key": "daily_snapshot", "value": {"day": 0, "customers": 177707993723155610440204437322644900927, "mrr": 9.219027564323259e-50, "total_revenue": 2.4762944740981485, "conversion_rate": 2.445109410152476e+31, "churn_rate": 0.05, "average_price": 5.187739375801645e-88, "daily_visitors": 0, "new_customers": 22942061056086294237750705085606789120, "churned_customers": 6408875806066515036599298360030003200}, "generation": 0, "timestamp": "2025-11-13T16:00:26.603856"}