{"key": "daily_snapshot", "value": {"day": 0, "customers": 35130272930290139382158447826292662225590849527163442521780600611892485, "mrr": 2.6355254346906037e-110, "total_revenue": 1.5620171583249602, "conversion_rate": 4.964030212505897e+63, "churn_rate": 0.05, "average_price": 7.502149043704673e-181, "daily_visitors": 0, "new_customers": 4843022106275006499782419644767736749159644652933860174896737162362880, "churned_customers": 2218930281788489409129360871014779226884680475105086031263936574128128}, "generation": 0, "timestamp": "2025-11-13T21:25:21.711539"}