{"key": "daily_snapshot", "value": {"day": 0, "customers": 22175477076187072926297949522208900263, "mrr": 2.6157203047960663e-49, "total_revenue": 7.010218214998832, "conversion_rate": 2.714399346955111e+30, "churn_rate": 0.05, "average_price": 1.1795553691175975e-86, "daily_visitors": 0, "new_customers": 3022216081622111242038569818421985280, "churned_customers": 833392392407185971048056681117253632}, "generation": 0, "timestamp": "2025-11-14T23:36:04.542141"}