{"key": "daily_snapshot", "value": {"day": 0, "customers": 2802388946651053687460497233244230672237644302737455945074596725255656536475952071, "mrr": 6.3135032010399005e-127, "total_revenue": 4.928703564447977, "conversion_rate": 3.616252047339446e+74, "churn_rate": 0.05, "average_price": 2.252900407912593e-208, "daily_visitors": 0, "new_customers": 393950015916099471874167937339753179970886790587405591071520634376196523657527296, "churned_customers": 170058877947076241678596595584638094151915851858312269068856863988712663198728192}, "generation": 0, "timestamp": "2025-11-15T06:36:41.136247"}