{"key": "daily_snapshot", "value": {"day": 0, "customers": 33607327297136117118588146544, "mrr": 1.6341638962558606e-33, "total_revenue": 7.626819946521412, "conversion_rate": 3.7558738775499305e+21, "churn_rate": 0.05, "average_price": 4.86252263325658e-62, "daily_visitors": 0, "new_customers": 3925878587510045406067163136, "churned_customers": 1793582388677682108632662016}, "generation": 0, "timestamp": "2025-11-15T01:34:05.455458"}