{"key": "daily_snapshot", "value": {"day": 0, "customers": 2978332895483828376244217856469458357635494415936, "mrr": 2.7655900097160084e-66, "total_revenue": 4.61627280770732, "conversion_rate": 4.323964003353166e+41, "churn_rate": 0.05, "average_price": 9.285698096104667e-115, "daily_visitors": 0, "new_customers": 421669050664524278619668503488184747717203853312, "churned_customers": 149012529253501621912313665857263606751970721792}, "generation": 0, "timestamp": "2025-11-15T17:16:57.022343"}