{"key": "daily_snapshot", "value": {"day": 0, "customers": 3807207517700152770465476922532812397178861112369954896053497057282017950644843949490889977083915015280916921473889461191, "mrr": 7.562824625712018e-196, "total_revenue": 4.928703564447977, "conversion_rate": 5.5607659377608954e+113, "churn_rate": 0.05, "average_price": 1.9864493e-316, "daily_visitors": 0, "new_customers": 417494632825302129010146498737377628629395736491355050400782411450421429770081839466485814952006550175860942456318066688, "churned_customers": 229670188245910123305454784505734649586658802676039738054070877648320321880357577893459995636918786133701824869277106176}, "generation": 0, "timestamp": "2025-11-15T06:55:22.886284"}