{"key": "daily_snapshot", "value": {"day": 0, "customers": 21630093292133249107905615338806702313633796276409886695694579740195392661049223013750861390788942680689493815015, "mrr": 3.4931692509919134e-176, "total_revenue": 3.180859164035811, "conversion_rate": 3.221971048532843e+105, "churn_rate": 0.05, "average_price": 1.6149580141951402e-288, "daily_visitors": 0, "new_customers": 2406732249753307907283145419544289284763607883364083206813602194743706345555557147569038096736891671155071516672, "churned_customers": 535450770952269661007952933560334302564082425613920776796333613760455096689451439363168714174089421446463881216}, "generation": 0, "timestamp": "2025-11-14T09:33:23.968119"}