{"key": "daily_snapshot", "value": {"day": 0, "customers": 337727617956045746834852868899441135164480944341081174201540996649223222330148706085889038275055444935, "mrr": 1.151174280102493e-162, "total_revenue": 4.928703564447977, "conversion_rate": 4.0322671065492045e+94, "churn_rate": 0.05, "average_price": 3.408587923811179e-264, "daily_visitors": 0, "new_customers": 39806216771240279839315421395810819231142696933105920587227658349787040763415405344753195866541522944, "churned_customers": 14936566915993101431545282592145283637800316953640949749789387686302871492594549687869867569799233536}, "generation": 0, "timestamp": "2025-11-15T06:46:20.435141"}