{"key": "daily_snapshot", "value": {"day": 0, "customers": 4415892819720375944628638585699703890090409112659677524527787508694338021888999814853451798499608776490004905131242515717, "mrr": 3.5929895912914213e-196, "total_revenue": 1.5620171583249602, "conversion_rate": 5.968820347180259e+113, "churn_rate": 0.05, "average_price": 8.1364964e-317, "daily_visitors": 0, "new_customers": 434355459556606559466700532619028335851157433919030556724245017679554144719798554857069612538487926002520048717281624064, "churned_customers": 236900452920407636364713726475553004988118282192346252285190188341316555626899649869667473524921253776211320217396051968}, "generation": 0, "timestamp": "2025-11-13T21:48:51.127999"}