{"key": "daily_snapshot", "value": {"day": 0, "customers": 46071930686120, "mrr": 1.2117230832785561e-08, "total_revenue": 3.8452002800071496, "conversion_rate": 6227850.420581527, "churn_rate": 0.05, "average_price": 2.6300679507742216e-22, "daily_visitors": 0, "new_customers": 5552974923094, "churned_customers": 2954043218773}, "generation": 0, "timestamp": "2025-11-13T13:44:37.383266"}