{"key": "daily_snapshot", "value": {"day": 0, "customers": 18954007981507403881501856491204359, "mrr": 6.03379460876409e-44, "total_revenue": 7.42566689692798, "conversion_rate": 2.773367288838874e+27, "churn_rate": 0.05, "average_price": 3.1833871836769297e-78, "daily_visitors": 0, "new_customers": 2617771528063801177209373238231040, "churned_customers": 1085769093804406230381271386685440}, "generation": 0, "timestamp": "2025-11-15T14:06:34.171884"}