{"key": "daily_snapshot", "value": {"day": 0, "customers": 7356137273941728704497326775912402121812523778262702756271594, "mrr": 1.1761404357472024e-92, "total_revenue": 5.620306961549841, "conversion_rate": 1.0303842130626062e+54, "churn_rate": 0.05, "average_price": 1.5988560190598195e-153, "daily_visitors": 0, "new_customers": 891765828893221055802878633766975090390120198031186795167744, "churned_customers": 497001545009224950456761079098652208890975065228910943797248}, "generation": 0, "timestamp": "2025-11-15T03:09:44.530684"}