{"key": "daily_snapshot", "value": {"day": 0, "customers": 1238030112016019420266111616862244374448314029469190247967926179177300, "mrr": 4.515520241917151e-105, "total_revenue": 7.997332640408474, "conversion_rate": 1.5636026087919378e+62, "churn_rate": 0.05, "average_price": 3.6473428215441686e-174, "daily_visitors": 0, "new_customers": 174304414657111621271570739550037964372964012911676648764209941708800, "churned_customers": 33700023233499282689584913961146341727081137256728083864832975044608}, "generation": 0, "timestamp": "2025-11-15T16:25:51.400229"}