{"key": "daily_snapshot", "value": {"day": 0, "customers": 71197248639909746769468751769029122344693338689094984199428496513372256726313765164976766282556653066252411847310812334, "mrr": 2.8715233537584954e-185, "total_revenue": 14.069439877331755, "conversion_rate": 9.902983094004576e+111, "churn_rate": 0.05, "average_price": 4.033194271707935e-304, "daily_visitors": 0, "new_customers": 9057599488224408055209915301294223151834492524164321564359692561103846664270170331663625567360986748699596618362519552, "churned_customers": 4819653413953710446741031388637673484629124350175007702038213185873010537706529626644993309180796555856733139860717568}, "generation": 0, "timestamp": "2025-11-15T13:44:24.700444"}