{"key": "daily_snapshot", "value": {"day": 0, "customers": 136969523540182078273760999, "mrr": 1.3262836822563355e-29, "total_revenue": 3.180859164035811, "conversion_rate": 1.874005624249113e+19, "churn_rate": 0.05, "average_price": 9.683056843424372e-56, "daily_visitors": 0, "new_customers": 13922430896181155916152832, "churned_customers": 8077654795502522648756224}, "generation": 0, "timestamp": "2025-11-14T08:43:54.190588"}