{"key": "daily_snapshot", "value": {"day": 0, "customers": 486547225714829159611378170439102806366267425747428156590, "mrr": 9.505971679817155e-81, "total_revenue": 14.069439877331755, "conversion_rate": 6.443201141465177e+49, "churn_rate": 0.05, "average_price": 1.9537613570504074e-137, "daily_visitors": 0, "new_customers": 58127886048626882330471357100523934126891277000009318400, "churned_customers": 31480085966032862480665467563078009779918796681692315648}, "generation": 0, "timestamp": "2025-11-15T13:15:31.110340"}