{"key": "daily_snapshot", "value": {"day": 0, "customers": 10656521548728489214385576389833820392210997419118527301329806899247593045713012308633950518276, "mrr": 4.5696542071723826e-145, "total_revenue": 4.445436838349596, "conversion_rate": 1.5140796984556545e+87, "churn_rate": 0.05, "average_price": 4.288129279593699e-239, "daily_visitors": 0, "new_customers": 1322748568560415679260903260340337934762480390202509710245993722821389404044858180575323750400, "churned_customers": 335309458387470046757800323279196924604772823549789702633676267198899784143760280177709416448}, "generation": 0, "timestamp": "2025-11-15T18:39:42.871009"}