{"key": "daily_snapshot", "value": {"day": 0, "customers": 440104890708177914280055155548291127591827238819220546, "mrr": 1.3831807815326215e-74, "total_revenue": 7.574353924996814, "conversion_rate": 6.953387397489238e+46, "churn_rate": 0.05, "average_price": 3.1428434692169157e-128, "daily_visitors": 0, "new_customers": 57934334201346944546136252059910980978024832949026816, "churned_customers": 22820403794019683215300230265274353774237265246027776}, "generation": 0, "timestamp": "2025-11-14T10:44:38.679464"}