{"key": "daily_snapshot", "value": {"day": 0, "customers": 65197104649872323771583801978255169855945889, "mrr": 6.757473509349492e-60, "total_revenue": 4.323965768575599, "conversion_rate": 8.366723336694388e+36, "churn_rate": 0.05, "average_price": 1.0364683440528712e-103, "daily_visitors": 0, "new_customers": 7529914298628668394670272273754967695687680, "churned_customers": 2813918201096454306123522689900643283369984}, "generation": 0, "timestamp": "2025-11-14T14:10:42.300203"}