{"key": "daily_snapshot", "value": {"day": 0, "customers": 48047402652996228617350074760433891637686149949339914268620857628668200605678271864630827533933371865793235707304690, "mrr": 1.4720751477739687e-181, "total_revenue": 10.298721371422412, "conversion_rate": 6.197592682035444e+108, "churn_rate": 0.05, "average_price": 3.063797555105032e-297, "daily_visitors": 0, "new_customers": 6474391996730048454458422136246041714976776998731496186363214281729950076132135823008766447310175603513697656373248, "churned_customers": 2362319617600474001601501139122646567903956859716072496269944104352735804295289901798737478222371399971601125474304}, "generation": 0, "timestamp": "2025-11-14T04:01:48.363848"}