{"key": "daily_snapshot", "value": {"day": 0, "customers": 2959774895424072007499, "mrr": 3.198988261522209e-23, "total_revenue": 5.241512577835226, "conversion_rate": 380444482860941.5, "churn_rate": 0.05, "average_price": 1.0808214727640166e-44, "daily_visitors": 0, "new_customers": 370029731269240160256, "churned_customers": 187479898562494267392}, "generation": 0, "timestamp": "2025-11-13T18:56:31.954633"}