{"key": "daily_snapshot", "value": {"day": 0, "customers": 1771833445072007709180568398366220111018028807, "mrr": 1.2498226132463434e-62, "total_revenue": 7.42566689692798, "conversion_rate": 2.463933106571754e+38, "churn_rate": 0.05, "average_price": 7.053838027058747e-108, "daily_visitors": 0, "new_customers": 221625148636879670535986987424848345655410688, "churned_customers": 123165891187212480948805114124257064063598592}, "generation": 0, "timestamp": "2025-11-15T14:11:43.495890"}