{"key": "daily_snapshot", "value": {"day": 0, "customers": 5401293184789959732249767, "mrr": 4.2248434719433845e-28, "total_revenue": 7.010218214998832, "conversion_rate": 7.544285844823773e+17, "churn_rate": 0.05, "average_price": 7.821911026493697e-53, "daily_visitors": 0, "new_customers": 723598186563300501749760, "churned_customers": 159987499334302640898048}, "generation": 0, "timestamp": "2025-11-14T23:30:13.936372"}