{"key": "daily_snapshot", "value": {"day": 0, "customers": 1855062361022178087812144027515848631275071426116706325079754904174411, "mrr": 6.240578148335601e-107, "total_revenue": 5.241512577835226, "conversion_rate": 2.605775596689043e+62, "churn_rate": 0.05, "average_price": 3.364079978905352e-176, "daily_visitors": 0, "new_customers": 291327952609716281075241980558515616351687867605938943922438603276288, "churned_customers": 84614636329012549305434438116212542817806161211862868817341895933952}, "generation": 0, "timestamp": "2025-11-13T19:19:15.988707"}