{"key": "daily_snapshot", "value": {"day": 0, "customers": 172081746936970, "mrr": 9.399857743551793e-12, "total_revenue": 4.0587386032199015, "conversion_rate": 24437442.70357194, "churn_rate": 0.05, "average_price": 5.462437423415261e-26, "daily_visitors": 0, "new_customers": 22960196555904, "churned_customers": 4403726625239}, "generation": 0, "timestamp": "2025-11-14T14:58:24.788259"}