{"key": "daily_snapshot", "value": {"day": 0, "customers": 135317948562198501921069087591549785144856726591, "mrr": 2.128630417636274e-65, "total_revenue": 2.4762944740981485, "conversion_rate": 1.7516063367943322e+40, "churn_rate": 0.05, "average_price": 1.5730584451314345e-112, "daily_visitors": 0, "new_customers": 16578170706601902856004863865471180968388722688, "churned_customers": 8704303389603164822843357869792622231026663424}, "generation": 0, "timestamp": "2025-11-13T16:04:40.721250"}