{"key": "daily_snapshot", "value": {"day": 0, "customers": 402983265897301822329594551200297089940898, "mrr": 1.02965921319919e-58, "total_revenue": 8.401501509864964, "conversion_rate": 5.299647317648814e+34, "churn_rate": 0.05, "average_price": 2.5550917378827167e-100, "daily_visitors": 0, "new_customers": 47761251760275418532255093234323362414592, "churned_customers": 24954143776522421549289131080025783664640}, "generation": 0, "timestamp": "2025-11-14T13:08:58.027011"}