{"key": "daily_snapshot", "value": {"day": 0, "customers": 35264052142451923981187480446963516369646038621080299601745360594, "mrr": 6.845739586740792e-98, "total_revenue": 7.180499208388138, "conversion_rate": 5.067404825207111e+57, "churn_rate": 0.05, "average_price": 1.9412799071096214e-162, "daily_visitors": 0, "new_customers": 3972101740317952155622197290185255813931061081244571195838300160, "churned_customers": 1174187366876538480795420405039872727973763400683328507188609024}, "generation": 0, "timestamp": "2025-11-15T19:27:43.235127"}