{"key": "daily_snapshot", "value": {"day": 0, "customers": 87603458222559251982489810273860680824227703985895776927184423438095116375679273929333582896865987036421207211372221160332794610, "mrr": 8.65637183293108e-196, "total_revenue": 10.298721371422412, "conversion_rate": 1.1372781202134312e+121, "churn_rate": 0.05, "average_price": 1e-323, "daily_visitors": 0, "new_customers": 9444751215584609985006723426614928808222624595407806392234092634889119880973464291547803291141146065230412922852485195571920896, "churned_customers": 5551966215210112145733563650358470742323422444348870390747833896561754436263100446800494495301760298865671638408534193571102720}, "generation": 0, "timestamp": "2025-11-14T04:07:29.283455"}