{"key": "daily_snapshot", "value": {"day": 0, "customers": 1338217851444012989759441921435795527358614014366907552262276863327440448, "mrr": 7.552887695952282e-105, "total_revenue": 4.61627280770732, "conversion_rate": 1.997833350299773e+65, "churn_rate": 0.05, "average_price": 5.643989644737056e-177, "daily_visitors": 0, "new_customers": 183184211544057472386318248696079456598249820362971458494975679620186112, "churned_customers": 48851399593359357547646120187846137644341276021395562204424931756736512}, "generation": 0, "timestamp": "2025-11-15T17:27:45.240193"}