{"key": "daily_snapshot", "value": {"day": 0, "customers": 45574755288051771486905818464775695534337, "mrr": 8.158897806431264e-55, "total_revenue": 6.966800923949336, "conversion_rate": 5.557256211542802e+33, "churn_rate": 0.05, "average_price": 1.7902230642520343e-95, "daily_visitors": 0, "new_customers": 5952444011545522936522524363253247639552, "churned_customers": 2077701109554635616030678778723214295040}, "generation": 0, "timestamp": "2025-11-14T04:28:04.076861"}