{"key": "daily_snapshot", "value": {"day": 0, "customers": 189838709968193453200743761203574588172608784967541303481422385190260220609258486788, "mrr": 2.0196980932622062e-127, "total_revenue": 4.445436838349596, "conversion_rate": 2.540493141540093e+76, "churn_rate": 0.05, "average_price": 1.06390213755698e-210, "daily_visitors": 0, "new_customers": 20889934538323024928614644110052855509605074199139332574070378042511240095971934208, "churned_customers": 9205260447331417426684117790943884840327166453282869764629232024567869951614910464}, "generation": 0, "timestamp": "2025-11-15T18:34:47.864229"}