{"key": "daily_snapshot", "value": {"day": 0, "customers": 160238783876547724653508030022421, "mrr": 2.2873768852988296e-41, "total_revenue": 2.963987135955569, "conversion_rate": 2.5376830864396376e+25, "churn_rate": 0.05, "average_price": 1.4274801829880875e-73, "daily_visitors": 0, "new_customers": 18750239419158983495016911994880, "churned_customers": 9467189076019410744718357692416}, "generation": 0, "timestamp": "2025-11-14T00:24:18.703656"}