{"key": "daily_snapshot", "value": {"day": 0, "customers": 885718310135551498201277964654776311485460616031483192648878, "mrr": 4.1037035561593525e-86, "total_revenue": 14.069439877331755, "conversion_rate": 1.3113206821044534e+53, "churn_rate": 0.05, "average_price": 4.633192640593956e-146, "daily_visitors": 0, "new_customers": 113784202247630575943121413535327678365858256595090472435712, "churned_customers": 58083427203017081114637057467079411352315121123528479342592}, "generation": 0, "timestamp": "2025-11-15T13:17:00.596684"}