{"key": "daily_snapshot", "value": {"day": 0, "customers": 18658952204465027489219859905099151740698243584429469037150955355978081252414802399377322131740272556231099418428406196420807779774652, "mrr": 1.843749454323993e-190, "total_revenue": 7.827191553977371, "conversion_rate": 2.849381202441404e+126, "churn_rate": 0.05, "average_price": 1e-323, "daily_visitors": 0, "new_customers": 2142540332875255883216150891432535346506545312453862542600654576387327739924364533240532644357507852452482666340662963602845740302336, "churned_customers": 684761141627204468325701266347205756207555586026989146037680761189367590130036641471029479189652905944594294490229319248629683191808}, "generation": 0, "timestamp": "2025-11-15T05:59:44.198493"}