{"key": "daily_snapshot", "value": {"day": 0, "customers": 18646734576642679394088874233361522217873947279763060476133736705240996199566585163236025614991209488893641479002567491, "mrr": 1.3547891083589317e-187, "total_revenue": 3.6902796439842023, "conversion_rate": 2.9830992367743467e+111, "churn_rate": 0.05, "average_price": 7.265556887670676e-306, "daily_visitors": 0, "new_customers": 2276690177109882991478651125163262539823304705485992153564031674617591713299327454611732864578678847126022638582890496, "churned_customers": 1292546388705335220198528201708222256871013074077844864013449156129333188488140959692853912869793476536602256954359808}, "generation": 0, "timestamp": "2025-11-14T02:01:05.188022"}