{"key": "daily_snapshot", "value": {"day": 0, "customers": 399799402214283376, "mrr": 1.1775453440945169e-15, "total_revenue": 4.445436838349596, "conversion_rate": 50944586231.95262, "churn_rate": 0.05, "average_price": 2.9453404321584737e-33, "daily_visitors": 0, "new_customers": 55286950786679480, "churned_customers": 22897790017593664}, "generation": 0, "timestamp": "2025-11-15T18:04:05.620292"}