{"key": "daily_snapshot", "value": {"day": 0, "customers": 9498448714051898, "mrr": 5.138409994144045e-13, "total_revenue": 3.6905216285398614, "conversion_rate": 1335619614.5437295, "churn_rate": 0.05, "average_price": 5.409735998829303e-29, "daily_visitors": 0, "new_customers": 1035256408917708, "churned_customers": 485104400467219}, "generation": 0, "timestamp": "2025-11-15T03:49:22.093313"}