{"key": "daily_snapshot", "value": {"day": 0, "customers": 265419870920725346058542898535571842522266719269999772510684568672016439021965519650406941264518202392387296771, "mrr": 2.77003366280974e-175, "total_revenue": 11.37579680016544, "conversion_rate": 3.239259922073748e+103, "churn_rate": 0.05, "average_price": 1.0436421558041836e-285, "daily_visitors": 0, "new_customers": 36143995374471385739250558153447491126686521866192539824813229800838398022815777643294734591784779552728809472, "churned_customers": 5780329518325542855956031860804573386708514479395461742864126933988599146668703323229240980659355523823435776}, "generation": 0, "timestamp": "2025-11-14T06:20:17.515306"}