{"key": "daily_snapshot", "value": {"day": 0, "customers": 25, "mrr": 3.6028797018964007, "total_revenue": 1.360067685666959, "conversion_rate": 0.09877565398911783, "churn_rate": 0.05, "average_price": 0.14411518807585602, "daily_visitors": 69, "new_customers": 5, "churned_customers": 1}, "generation": 0, "timestamp": "2025-11-14T15:57:00.154395"}