{"key": "daily_snapshot", "value": {"day": 0, "customers": 9727284998812530747497623968580753148550890564430649228513736703033, "mrr": 5.315199767322427e-97, "total_revenue": 8.82569014329087, "conversion_rate": 1.1765049496241863e+60, "churn_rate": 0.05, "average_price": 5.464217166425458e-164, "daily_visitors": 0, "new_customers": 1315393740136034430130941600423908351147799939260920090064544858112, "churned_customers": 246364153693839804052310315505470319559018194465647846220804128768}, "generation": 0, "timestamp": "2025-11-13T12:02:43.029579"}