{"key": "daily_snapshot", "value": {"day": 0, "customers": 17046811614809420423, "mrr": 1.749516580024244e-18, "total_revenue": 8.531929138055917, "conversion_rate": 2359611349958.819, "churn_rate": 0.05, "average_price": 1.0263013515702558e-37, "daily_visitors": 0, "new_customers": 2354421728021153792, "churned_customers": 1118958190208417152}, "generation": 0, "timestamp": "2025-11-13T11:10:50.014838"}