{"key": "daily_snapshot", "value": {"day": 0, "customers": 540781837313630289112805318144307958029720246563885812663573721338788793800996358096135342, "mrr": 1.1494806665201863e-136, "total_revenue": 14.069439877331755, "conversion_rate": 6.792756096697471e+82, "churn_rate": 0.05, "average_price": 2.1255903715818338e-226, "daily_visitors": 0, "new_customers": 65049373154417332667155665702560247558867500285529356909212812505094053677456346174193664, "churned_customers": 12984279247922630034101828586051726997641495499515661258078802633380041074753451904204800}, "generation": 0, "timestamp": "2025-11-15T13:30:53.962072"}