{"key": "daily_snapshot", "value": {"day": 0, "customers": 83390983839897443810782447573432322232720082313568001664850833467499318533231037920261212417, "mrr": 6.11684773940874e-142, "total_revenue": 6.966800923949336, "conversion_rate": 1.0179187145229604e+85, "churn_rate": 0.05, "average_price": 7.33514279091909e-234, "daily_visitors": 0, "new_customers": 8790832384880695004982534482625127013352814818965840602934964264315907040782149110093316096, "churned_customers": 1936140938821384686511926783826405074231338147650792433037898201469902731205125378915958784}, "generation": 0, "timestamp": "2025-11-14T04:51:59.451589"}