{"key": "daily_snapshot", "value": {"day": 0, "customers": 11982734705412748681764863797050322408536343099881122004856434596604751379888880440, "mrr": 1.2998056852892684e-122, "total_revenue": 8.385937104373125, "conversion_rate": 1.8468849474214645e+75, "churn_rate": 0.05, "average_price": 1.084732089330268e-204, "daily_visitors": 0, "new_customers": 2065683566793916672043491647587898208046161931343220017757540326919022094311227392, "churned_customers": 496847586882403925790921370672983012093222860532389271709866777286519854343389184}, "generation": 0, "timestamp": "2025-11-13T13:11:48.232222"}