{"key": "daily_snapshot", "value": {"day": 0, "customers": 10193186294291390913375890411560669830926308798765564891024447, "mrr": 2.0570257775562583e-89, "total_revenue": 2.4762944740981485, "conversion_rate": 1.4178617366215298e+54, "churn_rate": 0.05, "average_price": 2.0180400104217447e-150, "daily_visitors": 0, "new_customers": 1268355831206242850786822690812211685787406725747386425016320, "churned_customers": 417315833050516847964257081276995114431490219684267401674752}, "generation": 0, "timestamp": "2025-11-13T16:11:13.159512"}