{"key": "daily_snapshot", "value": {"day": 0, "customers": 783489667424834692157068333585985829113951616614671198242392081814222957250399180658279491282553747154, "mrr": 1.8530964393631034e-160, "total_revenue": 7.180499208388138, "conversion_rate": 1.0354847532162809e+95, "churn_rate": 0.05, "average_price": 2.3651829965465156e-262, "daily_visitors": 0, "new_customers": 106750635546166742562048489906166232796525291565252791657725305332986100961130461437498348618871996416, "churned_customers": 47863953655638288683689492328786460869537928737893120307368882689402800857875346598016727979118297088}, "generation": 0, "timestamp": "2025-11-15T19:45:09.102711"}