{"key": "daily_snapshot", "value": {"day": 0, "customers": 12303127791912730917255245789740654634607145878965062577561283076317358597821801313923716874411808337207727142534348703407188655522, "mrr": 1.2157105556757507e-193, "total_revenue": 8.401501509864964, "conversion_rate": 1.60319988480424e+123, "churn_rate": 0.05, "average_price": 1e-323, "daily_visitors": 0, "new_customers": 1343164374688659398353731371510752062412378477115830021041801607162686931637051882190544882792687326790818035683912993494976692224, "churned_customers": 815544583586037556776258560600569848183676601381019541238619110913193076730337548188308391039633363076164860196737288075577655296}, "generation": 0, "timestamp": "2025-11-14T13:50:14.961492"}