{"key": "daily_snapshot", "value": {"day": 0, "customers": 1437367474384584672094427989, "mrr": 1.850034273561591e-32, "total_revenue": 7.593310615949716, "conversion_rate": 1.923308901835899e+20, "churn_rate": 0.05, "average_price": 1.2870990241056425e-59, "daily_visitors": 0, "new_customers": 171315748310605263527739392, "churned_customers": 53188775440226435920297984}, "generation": 0, "timestamp": "2025-11-14T18:39:53.150745"}