{"key": "daily_snapshot", "value": {"day": 0, "customers": 748324720357662364067845002372937975210615092255365424217249, "mrr": 4.653506585201095e-87, "total_revenue": 4.323965768575599, "conversion_rate": 1.0502411259018398e+53, "churn_rate": 0.05, "average_price": 6.218565896068417e-147, "daily_visitors": 0, "new_customers": 96786503195305731386394068231974128185384588066458720796672, "churned_customers": 16176376566766569949868028821141826471836896878129892556800}, "generation": 0, "timestamp": "2025-11-14T14:18:10.484807"}