{"key": "daily_snapshot", "value": {"day": 0, "customers": 8318292971237070313166314, "mrr": 7.501477718422741e-30, "total_revenue": 5.620306961549841, "conversion_rate": 9.860720073888581e+17, "churn_rate": 0.05, "average_price": 9.01804942956601e-55, "daily_visitors": 0, "new_customers": 930153255764416035553280, "churned_customers": 246090850553076494893056}, "generation": 0, "timestamp": "2025-11-15T02:34:00.034808"}