{"key": "daily_snapshot", "value": {"day": 0, "customers": 307209852459531785312286243149351328286164199489613706951292001276748385732995512308049070, "mrr": 3.113757631507188e-136, "total_revenue": 14.069439877331755, "conversion_rate": 4.0992843855165705e+82, "churn_rate": 0.05, "average_price": 1.0135604722890058e-225, "daily_visitors": 0, "new_customers": 43118478738875596487695291026679630472493393087709273441833360111041896780879558275497984, "churned_customers": 11528460191938762008874677820450644469374007128520199497592658457652983584282568611069952}, "generation": 0, "timestamp": "2025-11-15T13:30:46.928445"}