{"key": "daily_snapshot", "value": {"day": 0, "customers": 11061071383963391050255793254393537570516520717375, "mrr": 8.137506309031367e-69, "total_revenue": 2.4762944740981485, "conversion_rate": 1.4728611848573724e+42, "churn_rate": 0.05, "average_price": 7.356887978165769e-118, "daily_visitors": 0, "new_customers": 1242759217419874229495460526195021690576681566208, "churned_customers": 417051957027310879383608678561727474445347454976}, "generation": 0, "timestamp": "2025-11-13T16:05:35.972009"}