{"key": "daily_snapshot", "value": {"day": 0, "customers": 81681892572190216487794513223557622316851108139975007741730765808049107423253, "mrr": 3.4796820878821076e-118, "total_revenue": 6.513341788556554, "conversion_rate": 1.1712065723411236e+70, "churn_rate": 0.05, "average_price": 4.260040969063951e-195, "daily_visitors": 0, "new_customers": 9485953745741601462808436615833999152020010339395042903389058597652881473536, "churned_customers": 2970407138314241362579762825945427822075305753493239944111533163844770725888}, "generation": 0, "timestamp": "2025-11-15T00:55:56.610160"}