{"key": "daily_snapshot", "value": {"day": 0, "customers": 2186971426450837130741229060491537984358518621518341367347313278244765197733721723914031938018401669875505441, "mrr": 2.0184397426093668e-169, "total_revenue": 9.426328809042326, "conversion_rate": 3.030600459876947e+101, "churn_rate": 0.05, "average_price": 9.229383238376484e-278, "daily_visitors": 0, "new_customers": 278907858760537516997530370251896120606666386886816080818481235319766232207859027564109761817404593772953600, "churned_customers": 97612912891359057452212885264329187176244001311935799338190564546374812448602119463475249124454741569437696}, "generation": 0, "timestamp": "2025-11-15T12:38:36.875955"}