{"key": "daily_snapshot", "value": {"day": 0, "customers": 66760585320560304388520113604971280840, "mrr": 3.4633651721903598e-50, "total_revenue": 4.843910136547377, "conversion_rate": 9.308343724646762e+30, "churn_rate": 0.05, "average_price": 5.187739375801645e-88, "daily_visitors": 0, "new_customers": 9848821545108223920899712946488213504, "churned_customers": 2279625138544518510115825856072908800}, "generation": 0, "timestamp": "2025-11-14T06:47:14.592850"}