{"key": "daily_snapshot", "value": {"day": 0, "customers": 19365581062850656132649377075894086186066134183, "mrr": 1.1620785078351819e-65, "total_revenue": 7.010218214998832, "conversion_rate": 2.840395545276295e+39, "churn_rate": 0.05, "average_price": 6.000741749311195e-112, "daily_visitors": 0, "new_customers": 2320035769903404207708656777030472666724696064, "churned_customers": 721552428916468512260666984815933022915264512}, "generation": 0, "timestamp": "2025-11-14T23:40:26.723194"}