{"key": "daily_snapshot", "value": {"day": 0, "customers": 11697632143354351342515815353434831710384509641488904164915310310554682057, "mrr": 1.1778596131703874e-108, "total_revenue": 3.6905216285399813, "conversion_rate": 1.7489994269797115e+66, "churn_rate": 0.05, "average_price": 1.0069213997634145e-181, "daily_visitors": 0, "new_customers": 1389051472237909360392057291952693798077746816701187821636360465117347840, "churned_customers": 559575104302801037991348355698799783881491175823268589030010950307020800}, "generation": 0, "timestamp": "2025-11-15T04:15:46.255890"}