{"key": "daily_snapshot", "value": {"day": 0, "customers": 187629077925967471926479939953007588913635003476673151169294859283309016691680773306042346055187513, "mrr": 2.74970820467289e-151, "total_revenue": 8.82569014329087, "conversion_rate": 2.6019911536080257e+91, "churn_rate": 0.05, "average_price": 1.4655021679304093e-249, "daily_visitors": 0, "new_customers": 20879946895332557816824986221973291734106680450146074524651476668172939175923724785382177508425728, "churned_customers": 5638659339636847593578115816809320653048693081942737375402201138828721758325634019718781978279936}, "generation": 0, "timestamp": "2025-11-13T12:17:28.767179"}