{"key": "daily_snapshot", "value": {"day": 0, "customers": 1261952590206852679862953373610805680336933891745406728656470729, "mrr": 7.099082127910127e-92, "total_revenue": 3.6905216285399813, "conversion_rate": 1.6562997905501447e+56, "churn_rate": 0.05, "average_price": 5.625474509106941e-155, "daily_visitors": 0, "new_customers": 124708816595352259998718645639744799761902549700793526866935808, "churned_customers": 72420314242158733753158486963670069032507597579091860357382144}, "generation": 0, "timestamp": "2025-11-15T04:11:08.723195"}