{"key": "daily_snapshot", "value": {"day": 0, "customers": 9018306640102977571436698193963163, "mrr": 1.3689404381071266e-43, "total_revenue": 13.18914372001125, "conversion_rate": 1.1581219137695267e+27, "churn_rate": 0.05, "average_price": 1.5179572981247563e-77, "daily_visitors": 0, "new_customers": 978165080390000290950716099395584, "churned_customers": 330048570153730065060268303450112}, "generation": 0, "timestamp": "2025-11-13T18:01:04.918871"}