{"key": "daily_snapshot", "value": {"day": 0, "customers": 434426970156618285856609188373362055730270940602602465367956261994906791, "mrr": 2.0858469623807951e-109, "total_revenue": 7.010218214998832, "conversion_rate": 6.000883093006554e+64, "churn_rate": 0.05, "average_price": 4.801375387970991e-181, "daily_visitors": 0, "new_customers": 52120084512091413692568682844736598792668477500861162619553536100270080, "churned_customers": 12520504698132530675081402449214086287593959094882563137022854453788672}, "generation": 0, "timestamp": "2025-11-14T23:52:23.059219"}