{"key": "daily_snapshot", "value": {"day": 0, "customers": 43634370631238450196159429129610228131035269912091246932246317494579637142695, "mrr": 2.7049712159845008e-117, "total_revenue": 7.010218214998832, "conversion_rate": 6.5820514908743445e+69, "churn_rate": 0.05, "average_price": 6.199175505118835e-194, "daily_visitors": 0, "new_customers": 5518346967176514336568026400434165986234065500951438967478581501597426122752, "churned_customers": 2557151802726555468035617537371776604339832248317450853853772400691525976064}, "generation": 0, "timestamp": "2025-11-14T23:54:36.685697"}