{"key": "daily_snapshot", "value": {"day": 0, "customers": 15095453163870995065564596351004738216393587397014369418712883989554350, "mrr": 3.281729980421129e-103, "total_revenue": 14.069439877331755, "conversion_rate": 1.959307256098112e+63, "churn_rate": 0.05, "average_price": 2.1739857325221103e-173, "daily_visitors": 0, "new_customers": 1647028477759422596267782148914972145034399010487698897877699542384640, "churned_customers": 907939908059975852314972855387195758287017562246461397278526504173568}, "generation": 0, "timestamp": "2025-11-15T13:21:44.061524"}