{"key": "daily_snapshot", "value": {"day": 0, "customers": 1221895644111762967034537717003535491937559771781470370643615235, "mrr": 7.848426839804181e-97, "total_revenue": 11.37579680016544, "conversion_rate": 1.617456811277363e+56, "churn_rate": 0.05, "average_price": 6.423156410799276e-160, "daily_visitors": 0, "new_customers": 128091864541047363733225255234147923424887592132472135923793920, "churned_customers": 60402346332845841745848323940400022864096111758173463996530688}, "generation": 0, "timestamp": "2025-11-14T05:55:21.719025"}