{"key": "daily_snapshot", "value": {"day": 0, "customers": 380773666665523891843184958293, "mrr": 3.8454577804454866e-36, "total_revenue": 7.593310615949716, "conversion_rate": 5.6920437485246844e+22, "churn_rate": 0.05, "average_price": 1.0099064397285074e-65, "daily_visitors": 0, "new_customers": 46479606304662711608203542528, "churned_customers": 21567725374705847824717709312}, "generation": 0, "timestamp": "2025-11-14T18:40:56.385154"}