{"key": "daily_snapshot", "value": {"day": 0, "customers": 7358360938220180162272224070737558241082350, "mrr": 1.387290135713628e-59, "total_revenue": 4.058738603221899, "conversion_rate": 9.900158353693313e+35, "churn_rate": 0.05, "average_price": 1.8853249349428923e-102, "daily_visitors": 0, "new_customers": 969208559464801087351541559877700589453312, "churned_customers": 172697513829586005179182203224597641297920}, "generation": 0, "timestamp": "2025-11-14T15:11:37.486398"}