{"key": "daily_snapshot", "value": {"day": 0, "customers": 16874933127927197261932585163569472290154741916715348075933090730584950619292184295, "mrr": 4.7521929659256136e-126, "total_revenue": 3.180859164035811, "conversion_rate": 2.3224378048514972e+75, "churn_rate": 0.05, "average_price": 2.816125509890741e-208, "daily_visitors": 0, "new_customers": 1824164473920156958190421380583949250451582706483444245814103250056770864833101824, "churned_customers": 660216262875755251684062025555770904613850573946052724366904606203024454014992384}, "generation": 0, "timestamp": "2025-11-14T09:19:31.793775"}