{"key": "daily_snapshot", "value": {"day": 0, "customers": 315967312233292843031272199316644990167368262865890351760298952771539710197501548618407637176760220261411814976914732794123377889301, "mrr": 3.1221718836652924e-192, "total_revenue": 6.513341788556554, "conversion_rate": 4.2121183230298687e+124, "churn_rate": 0.05, "average_price": 1e-323, "daily_visitors": 0, "new_customers": 43703505808985422717172352257280349986257677157293422652969105073086756398846973513630850311709264727064120551421655128276685815808, "churned_customers": 12515607213197883237917287662081511730279893889035695984816682201606273986929765635528482040970083674120329843086255726091615338496}, "generation": 0, "timestamp": "2025-11-15T01:21:28.857876"}