{"key": "daily_snapshot", "value": {"day": 0, "customers": 11163028013002025795180352191214526332048242715941713309051809384224233352894583, "mrr": 4.343852940158721e-121, "total_revenue": 8.055065502431749, "conversion_rate": 1.6280394507576046e+72, "churn_rate": 0.05, "average_price": 3.8912855321148186e-200, "daily_visitors": 0, "new_customers": 1392777631995398100371948656558248021607016565643335334722986000786507356438528, "churned_customers": 531220391394616974083430595006017541696717147898954287559131524519125770567680}, "generation": 0, "timestamp": "2025-11-13T17:20:59.200113"}