{"key": "daily_snapshot", "value": {"day": 0, "customers": 3768355229069291371762741100211327155920345966334809, "mrr": 8.823983834214382e-76, "total_revenue": 4.2636659399133805, "conversion_rate": 5.588472993506672e+44, "churn_rate": 0.05, "average_price": 2.341600857091631e-127, "daily_visitors": 0, "new_customers": 591990100041427741885591662622856370399603958218752, "churned_customers": 180304524736199741829199690069777782678128359899136}, "generation": 0, "timestamp": "2025-11-15T15:16:31.238411"}