{"key": "daily_snapshot", "value": {"day": 0, "customers": 812875802774315780518198720964004611980316034183034151445810117731145934156650965, "mrr": 8.732453478109988e-127, "total_revenue": 5.250998821828405, "conversion_rate": 9.903026745980525e+73, "churn_rate": 0.05, "average_price": 1.0742666282237016e-207, "daily_visitors": 0, "new_customers": 78798565443554194101881920926262775065239365886901712360644749898531537864884224, "churned_customers": 46080250998336537117529803632541451442925113122224336483646212582762424259575808}, "generation": 0, "timestamp": "2025-11-14T22:20:45.379901"}