{"key": "daily_snapshot", "value": {"day": 0, "customers": 139392037251, "mrr": 0.0001425889329852928, "total_revenue": 3.8451707021037245, "conversion_rate": 19339.26701844946, "churn_rate": 0.05, "average_price": 1.0229345649675544e-15, "daily_visitors": 0, "new_customers": 14741292688, "churned_customers": 7969084109}, "generation": 0, "timestamp": "2025-11-13T13:43:29.059926"}