{"key": "daily_snapshot", "value": {"day": 0, "customers": 63829144623926898635726877040666196337979006432067, "mrr": 2.556657754276813e-72, "total_revenue": 3.6902796439842023, "conversion_rate": 7.912779842820988e+42, "churn_rate": 0.05, "average_price": 4.0054708070119244e-122, "daily_visitors": 0, "new_customers": 7710595432344348035219400135379777239452515041280, "churned_customers": 3177596186149630830075990356487264712779745984512}, "generation": 0, "timestamp": "2025-11-14T01:23:46.648642"}