{"key": "daily_snapshot", "value": {"day": 0, "customers": 21924182350499222265306168714303669959400618889393680719139272749639075565400055159454588821248364363913631699255532370034163784183559, "mrr": 2.1663970625081314e-190, "total_revenue": 7.42566689692798, "conversion_rate": 2.2966574475103318e+126, "churn_rate": 0.05, "average_price": 1e-323, "daily_visitors": 0, "new_customers": 2257340729934233930961215888460659452553717014301119847474434678784207064375817074240840696798930485681564413270283552506736325689344, "churned_customers": 1019950542687364116856557296339301289276431292774436254923533771271622073217875260762983816150624562925052220167502122773318608093184}, "generation": 0, "timestamp": "2025-11-15T14:52:32.285057"}