{"key": "daily_snapshot", "value": {"day": 0, "customers": 615556668329548702450, "mrr": 1.0496691512848577e-20, "total_revenue": 10.298721371422412, "conversion_rate": 87307060133574.34, "churn_rate": 0.05, "average_price": 1.7052356107738557e-41, "daily_visitors": 0, "new_customers": 69787753604002807808, "churned_customers": 22157939451538679808}, "generation": 0, "timestamp": "2025-11-14T03:17:38.288069"}