{"key": "daily_snapshot", "value": {"day": 0, "customers": 9249742172107332534031105861738874915402487907556744934259310062216321255591398826983242833894275894312305073217575765, "mrr": 8.400565993466544e-188, "total_revenue": 7.593310615949716, "conversion_rate": 1.2173086663592796e+111, "churn_rate": 0.05, "average_price": 9.081946109588345e-306, "daily_visitors": 0, "new_customers": 1095926400828879865303973649424800484663717461056499667790020845313884494914359527338169163542027079029830326109077504, "churned_customers": 428532034739537846323453813780630930454453037611737088076085979855999558040364280416127115495049128773556459704156160}, "generation": 0, "timestamp": "2025-11-14T19:22:25.234675"}