{"key": "daily_snapshot", "value": {"day": 0, "customers": 741403032203026813122571119921128572843498765489758776800012684354, "mrr": 2.6180183512876875e-95, "total_revenue": 7.574353924996814, "conversion_rate": 1.033435726357776e+59, "churn_rate": 0.05, "average_price": 3.531167580348883e-161, "daily_visitors": 0, "new_customers": 102428912707300596601890113647172399644547833651949143051254890496, "churned_customers": 21321370503854747270213447258444375878768715682116285298248777728}, "generation": 0, "timestamp": "2025-11-14T10:50:20.100724"}