{"key": "daily_snapshot", "value": {"day": 0, "customers": 172107840098850832362009888, "mrr": 3.752691940970229e-31, "total_revenue": 2.640852054669741, "conversion_rate": 2.3242621073388876e+19, "churn_rate": 0.05, "average_price": 2.180430559592669e-57, "daily_visitors": 0, "new_customers": 19385412937788254255579136, "churned_customers": 9445346440180789812396032}, "generation": 0, "timestamp": "2025-11-14T02:19:16.935541"}