{"key": "daily_snapshot", "value": {"day": 0, "customers": 34888636041778682163395140754964165569914294317717120511529178987239084630194757766647981161477744843937530151508472378162337, "mrr": 3.513991186984531e-195, "total_revenue": 4.323965768575599, "conversion_rate": 4.410892103444868e+117, "churn_rate": 0.05, "average_price": 1.0072e-319, "daily_visitors": 0, "new_customers": 3766757547514596383384660497916381919123901914733955886088276718839062843865932139398101733028938887007736192765286638682112, "churned_customers": 1430403543264554353185374856547668458428128312361182223416468180935441299092529534218579072056589903633802737680318803738624}, "generation": 0, "timestamp": "2025-11-14T14:48:02.261366"}