{"key": "daily_snapshot", "value": {"day": 0, "customers": 1988424574557034388047655341658923635122205577732079472156687587825712254403170887986730230074939995180736759021603730, "mrr": 8.611090101770454e-188, "total_revenue": 5.414632391501176, "conversion_rate": 2.4679313789077616e+110, "churn_rate": 0.05, "average_price": 4.3306093738500313e-305, "daily_visitors": 0, "new_customers": 258659085816054300769904505097334651058380646185336923100095864925371373440223401586720071481644587964130561884160000, "churned_customers": 74239299168338247353023588044347852236430727402801002147498978417183538455838095952282832033806001095614163247431680}, "generation": 0, "timestamp": "2025-11-14T00:03:12.738745"}