{"key": "daily_snapshot", "value": {"day": 0, "customers": 243101446132116615494088965538, "mrr": 3.295175627755813e-37, "total_revenue": 8.401501509864964, "conversion_rate": 3.5882398982744796e+22, "churn_rate": 0.05, "average_price": 1.3554734783292927e-66, "daily_visitors": 0, "new_customers": 32567810567837654246047612928, "churned_customers": 7686259549797197718931636224}, "generation": 0, "timestamp": "2025-11-14T13:03:08.479043"}