{"key": "daily_snapshot", "value": {"day": 0, "customers": 6596758454713107368039637810023616522952443365685383310753265216828091933616480996418, "mrr": 1.0212978553196226e-124, "total_revenue": 7.574353924996814, "conversion_rate": 9.43779844498758e+77, "churn_rate": 0.05, "average_price": 1.548181371700745e-209, "daily_visitors": 0, "new_customers": 710900457926309925398719311038595307278765644858656946853786904012741142787089498112, "churned_customers": 229206828239887131782136443728269875409966189036670579375925505318860858164670103552}, "generation": 0, "timestamp": "2025-11-14T11:04:38.975821"}