{"key": "daily_snapshot", "value": {"day": 0, "customers": 544718563213957635048477815081079068458990791874493858, "mrr": 2.844490054600235e-78, "total_revenue": 8.401501509864964, "conversion_rate": 7.813339535728767e+46, "churn_rate": 0.05, "average_price": 5.22194440706615e-132, "daily_visitors": 0, "new_customers": 60368920276413549743684070021967234892653351625818112, "churned_customers": 20574620043978244733063593712846313697569680461398016}, "generation": 0, "timestamp": "2025-11-14T13:14:26.444511"}