{"key": "daily_snapshot", "value": {"day": 0, "customers": 613476437205638183827907931693830117079496, "mrr": 4.149107713727598e-56, "total_revenue": 4.843910136547377, "conversion_rate": 9.39107335716485e+34, "churn_rate": 0.05, "average_price": 6.763271516387208e-98, "daily_visitors": 0, "new_customers": 93070294830472220074601385751216648093696, "churned_customers": 36649391314175985952713375626927647227904}, "generation": 0, "timestamp": "2025-11-14T06:48:57.048952"}