{"key": "daily_snapshot", "value": {"day": 0, "customers": 167443646451422386703036540230338042226961946486356339733710531032794150768752590634407094990310245046567996017892738570101934, "mrr": 1.1590214280977552e-195, "total_revenue": 14.069439877331755, "conversion_rate": 2.1161489498554546e+118, "churn_rate": 0.05, "average_price": 6.92e-321, "daily_visitors": 0, "new_customers": 23939064343968020936435972314536778594603929520689701323773876750701891949002056776464718037977377212580978646997253163581440, "churned_customers": 5660204632595162113460921776152842534939669845662945548254395359556520308235065998509863214025003250497196254487311080751104}, "generation": 0, "timestamp": "2025-11-15T13:47:21.894613"}