{"key": "daily_snapshot", "value": {"day": 0, "customers": 4240481211392355193699510302960501158647469388950287524141063201657308506510784753093289134, "mrr": 1.7434694956865084e-138, "total_revenue": 14.069439877331755, "conversion_rate": 5.716438026520911e+83, "churn_rate": 0.05, "average_price": 4.11148973140726e-229, "daily_visitors": 0, "new_customers": 597344644805636277040540956379470455846998907503106386992040588354819631857188265867083776, "churned_customers": 178251904968247035049212899056856491616839996746937893992530652560455288693278629087412224}, "generation": 0, "timestamp": "2025-11-15T13:31:22.113450"}