{"key": "daily_snapshot", "value": {"day": 0, "customers": 47696347583446455649985927287, "mrr": 1.992216883555625e-34, "total_revenue": 8.055065502431749, "conversion_rate": 6.417874897418038e+21, "churn_rate": 0.05, "average_price": 4.176875137179364e-63, "daily_visitors": 0, "new_customers": 7003705682066545771204837376, "churned_customers": 3139035298925283103599493120}, "generation": 0, "timestamp": "2025-11-13T16:57:14.609936"}