{"key": "daily_snapshot", "value": {"day": 0, "customers": 2202929726754076684211131587235298486427, "mrr": 1.5190716991764694e-52, "total_revenue": 13.18914372001125, "conversion_rate": 3.0009609565917563e+32, "churn_rate": 0.05, "average_price": 6.895688413151321e-92, "daily_visitors": 0, "new_customers": 329339520129023307475418367146764271616, "churned_customers": 88306691891005437253806648253994762240}, "generation": 0, "timestamp": "2025-11-13T18:03:33.503665"}