{"key": "daily_snapshot", "value": {"day": 0, "customers": 3191442677529, "mrr": 8.475482289662711e-07, "total_revenue": 6.23319561935817, "conversion_rate": 425819.56762360455, "churn_rate": 0.05, "average_price": 2.655689964083867e-19, "daily_visitors": 0, "new_customers": 474762740195, "churned_customers": 170067337862}, "generation": 0, "timestamp": "2025-11-14T07:36:29.995952"}