{"key": "daily_snapshot", "value": {"day": 0, "customers": 6226940337781932058011232693303272712891887348398832585045350434023579, "mrr": 7.442198082746042e-105, "total_revenue": 13.18914372001125, "conversion_rate": 8.495035437933686e+62, "churn_rate": 0.05, "average_price": 1.1951612957635934e-174, "daily_visitors": 0, "new_customers": 670069908503565732812367013882899027313411331302103286991901444538368, "churned_customers": 136834377823637500108384567290802534881200368390537825369731249471488}, "generation": 0, "timestamp": "2025-11-13T18:17:51.322678"}