{"key": "daily_snapshot", "value": {"day": 0, "customers": 10934307941546021411519673620380609507079, "mrr": 1.3582780919861492e-53, "total_revenue": 7.42566689692798, "conversion_rate": 1.424568032268143e+33, "churn_rate": 0.05, "average_price": 1.2422167907172547e-93, "daily_visitors": 0, "new_customers": 1524095362052944654415524679731487178752, "churned_customers": 336816397735078651966767625687195975680}, "generation": 0, "timestamp": "2025-11-15T14:09:14.179620"}