{"key": "daily_snapshot", "value": {"day": 0, "customers": 3259159948650525327429943666446, "mrr": 1.5543417199610902e-37, "total_revenue": 5.934471667464104, "conversion_rate": 4.0524224336410746e+23, "churn_rate": 0.05, "average_price": 4.769148321808123e-68, "daily_visitors": 0, "new_customers": 395794110826505984603553005568, "churned_customers": 143264137645391346302445420544}, "generation": 0, "timestamp": "2025-11-14T17:24:31.811091"}