{"key": "daily_snapshot", "value": {"day": 0, "customers": 11118175832069366817930183226357896055441783892773121, "mrr": 1.241413596042112e-74, "total_revenue": 6.966800923949336, "conversion_rate": 1.2927229515904624e+45, "churn_rate": 0.05, "average_price": 1.1165622983415745e-126, "daily_visitors": 0, "new_customers": 982148175653860633558592622740889810288809256943616, "churned_customers": 313860663600390595614513911087175969556850561515520}, "generation": 0, "timestamp": "2025-11-14T04:33:27.808250"}