{"key": "daily_snapshot", "value": {"day": 0, "customers": 43376717929875706969986998524373, "mrr": 1.1263074201990384e-40, "total_revenue": 5.250998821828405, "conversion_rate": 5.433793886902808e+24, "churn_rate": 0.05, "average_price": 2.59657132662703e-72, "daily_visitors": 0, "new_customers": 5801602064077409211346680020992, "churned_customers": 2016121679025026886010274840576}, "generation": 0, "timestamp": "2025-11-14T21:57:21.298135"}