{"key": "daily_snapshot", "value": {"day": 0, "customers": 17278227030636041733890317523077705014162893254247113, "mrr": 1.1499057343360475e-73, "total_revenue": 3.6905216285399813, "conversion_rate": 2.687154939919503e+45, "churn_rate": 0.05, "average_price": 6.655229916224323e-126, "daily_visitors": 0, "new_customers": 2824744847440063478932060650008008190602701394935808, "churned_customers": 1198887602718490188469217274709570166795800120655872}, "generation": 0, "timestamp": "2025-11-15T04:06:07.130564"}