{"key": "daily_snapshot", "value": {"day": 0, "customers": 145528467861072151021883324479481789763941505555661666011229670030490779861027587650848, "mrr": 1.5038981627866371e-133, "total_revenue": 2.640852054669741, "conversion_rate": 2.2333382483987546e+79, "churn_rate": 0.05, "average_price": 1.0334047935022061e-219, "daily_visitors": 0, "new_customers": 20185964677719236982530717881313556669771289857471610936442636853161651405605407031296, "churned_customers": 7471287268306257217011527309244880352537422698728321723710277830226431550853711134720}, "generation": 0, "timestamp": "2025-11-14T02:47:19.242637"}