{"key": "daily_snapshot", "value": {"day": 0, "customers": 11802073520755502999978488994622413324019854930268008963853247278864220735495645366504319364887226870910999307438, "mrr": 1.2317141452160744e-173, "total_revenue": 14.069439877331755, "conversion_rate": 1.5188024761867385e+105, "churn_rate": 0.05, "average_price": 1.0436421558041836e-285, "daily_visitors": 0, "new_customers": 1381439225859790996734154221259380041530571788183961589006445541197694364981220445925857621941023914348548980736, "churned_customers": 544820988978458737203369567070910268445951086650968862433209458458746004408679671669609031724213090278092832768}, "generation": 0, "timestamp": "2025-11-15T13:41:10.277962"}