{"key": "daily_snapshot", "value": {"day": 0, "customers": 21279074327818645720301634684162536777782630694443756737929077209966698851414830893174284796312376, "mrr": 2.346063253095708e-148, "total_revenue": 8.385937104373125, "conversion_rate": 2.9011224292098067e+90, "churn_rate": 0.05, "average_price": 1.102521292492805e-245, "daily_visitors": 0, "new_customers": 2461144683815457267012019051080241759055851320800679206915133813005175089253198402123402796072960, "churned_customers": 703571118683083205902448913059568603994152418841697064703570220854301797880381527972143844818944}, "generation": 0, "timestamp": "2025-11-13T13:20:04.833828"}