{"key": "daily_snapshot", "value": {"day": 0, "customers": 31730965485955003057395431740894497116373840428009187761789653716987211735317533009661026684662979880872326362760518967418753091181116420, "mrr": 3.1354359911969326e-187, "total_revenue": 4.445436838349596, "conversion_rate": 4.197843515318624e+129, "churn_rate": 0.05, "average_price": 1e-323, "daily_visitors": 0, "new_customers": 3969490148251860054707159071383602137434029411050068268907824352122773263489191711235477624519943575012220851406615518293211807723028480, "churned_customers": 2033024638838436947463305118031537466922867542206368641933036881400549245614200883751741797900152834819921862474481757685833620026032128}, "generation": 0, "timestamp": "2025-11-15T18:59:06.661627"}