{"key": "daily_snapshot", "value": {"day": 0, "customers": 94114647882409027115088269891244841205307793743201641840053253444855371793154810552561504091979, "mrr": 3.166607764459803e-150, "total_revenue": 5.241512577835226, "conversion_rate": 1.2890321306292405e+88, "churn_rate": 0.05, "average_price": 3.364627967812515e-245, "daily_visitors": 0, "new_customers": 13558394314911541062214450571947947963227139058828683249325647279260886348241026754674998378496, "churned_customers": 2417188257000251839176768175561864255925540188415806566499455944095547047222797014838557016064}, "generation": 0, "timestamp": "2025-11-13T20:30:28.067767"}