{"key": "daily_snapshot", "value": {"day": 0, "customers": 86509446341471862471198369561744673610567283177119754390726856310881767181071620586626387793665455016569249283, "mrr": 2.0528410704455377e-174, "total_revenue": 11.37579680016544, "conversion_rate": 1.0758914778215405e+103, "churn_rate": 0.05, "average_price": 2.372967528126953e-284, "daily_visitors": 0, "new_customers": 8484571677949984250265225102196295238309844399238786015015719490754624878717489536730467631486729334298771456, "churned_customers": 3275422490150292298839982140498157646935003663063611972356956213136093026939324421617668576591045004785352704}, "generation": 0, "timestamp": "2025-11-14T06:20:03.448115"}