{"key": "daily_snapshot", "value": {"day": 0, "customers": 645950790356411381342509382812577362428456579579011482446372665865200154280981387119422842030, "mrr": 3.2560258968077285e-142, "total_revenue": 14.069439877331755, "conversion_rate": 8.391968448372843e+85, "churn_rate": 0.05, "average_price": 5.040671743758028e-235, "daily_visitors": 0, "new_customers": 82900535805300857163682409287745570442550050128572798708436446035274404091011097175990992896, "churned_customers": 41541638968150333069746108637695084916452720553597036848343971077981060477588343236476272640}, "generation": 0, "timestamp": "2025-11-15T13:32:23.491542"}