{"key": "daily_snapshot", "value": {"day": 0, "customers": 257697250129571369742569366814546386912418927065568703931624035616920974887444049134388731708268755185859498590910762776787192065, "mrr": 2.5463871663355986e-195, "total_revenue": 6.966800923949336, "conversion_rate": 3.212604799017525e+121, "churn_rate": 0.05, "average_price": 1e-323, "daily_visitors": 0, "new_customers": 35937329631966407069695276415514463763712964667521475689383062171077630052861284578747328952337225387895573109647986430064984064, "churned_customers": 11562932662862578246986518207399959930830807100134186755144171158575058492968926688496679673686646055242902116354659811573366784}, "generation": 0, "timestamp": "2025-11-14T05:08:53.081282"}