{"key": "daily_snapshot", "value": {"day": 0, "customers": 1327809208283056841354477465784342447794334122916229955, "mrr": 9.992580899587351e-80, "total_revenue": 3.6902796439842023, "conversion_rate": 1.781019901337561e+47, "churn_rate": 0.05, "average_price": 7.525615003460027e-134, "daily_visitors": 0, "new_customers": 179491403134609057384776415513752958389602495984828416, "churned_customers": 59387881050865089047123361751527141111147733343797248}, "generation": 0, "timestamp": "2025-11-14T01:25:48.142818"}