{"key": "daily_snapshot", "value": {"day": 0, "customers": 20333838581052703445005526448107242516113860626689, "mrr": 6.57920369696706e-70, "total_revenue": 6.966800923949336, "conversion_rate": 2.963149173391002e+42, "churn_rate": 0.05, "average_price": 3.2355935504954954e-119, "daily_visitors": 0, "new_customers": 2351811846457235613451772444476562739084092506112, "churned_customers": 995529277285416603433930770424431310576348561408}, "generation": 0, "timestamp": "2025-11-14T04:32:10.361181"}