{"key": "daily_snapshot", "value": {"day": 0, "customers": 95595761161529988736129915446518916107479565765865523097233072609766191939, "mrr": 3.6014175612524004e-113, "total_revenue": 3.6902796439842023, "conversion_rate": 1.5143453851534554e+67, "churn_rate": 0.05, "average_price": 3.767340222509465e-187, "daily_visitors": 0, "new_customers": 10967525697597088450711809371216256060271149855766627758032670125178486784, "churned_customers": 4697819295420803807754255788572699704523090035128709635801182175076810752}, "generation": 0, "timestamp": "2025-11-14T01:35:00.837089"}