{"key": "daily_snapshot", "value": {"day": 0, "customers": 50131675688736351683928813366604560635813930158, "mrr": 4.700425613567644e-65, "total_revenue": 14.069439877331755, "conversion_rate": 6.446046073212365e+39, "churn_rate": 0.05, "average_price": 9.37615898329874e-112, "daily_visitors": 0, "new_customers": 5746776783237020077498428306430306372760371200, "churned_customers": 1110339768487363026497259587186482304839057408}, "generation": 0, "timestamp": "2025-11-15T13:11:04.662782"}