{"key": "daily_snapshot", "value": {"day": 0, "customers": 29905680651879368146794269773722223108434630212877535246129532950822755607015156997, "mrr": 4.923398574914836e-131, "total_revenue": 1.5620171583249602, "conversion_rate": 4.206535717791041e+75, "churn_rate": 0.05, "average_price": 1.646308817453862e-213, "daily_visitors": 0, "new_customers": 4451656187709268689378087204826016736802214622088837717414429281502277956020469760, "churned_customers": 1273532234280619921323807611093365085706448423652511168683259187143541388818251776}, "generation": 0, "timestamp": "2025-11-13T21:31:00.045702"}