{"key": "daily_snapshot", "value": {"day": 0, "customers": 5543793073000902422232119752, "mrr": 1.496404072407359e-32, "total_revenue": 4.843910136547377, "conversion_rate": 8.128042397084145e+20, "churn_rate": 0.05, "average_price": 2.699242292601197e-60, "daily_visitors": 0, "new_customers": 700964746395621307449344000, "churned_customers": 306367314435082558275321856}, "generation": 0, "timestamp": "2025-11-14T06:42:27.384315"}