{"key": "daily_snapshot", "value": {"day": 0, "customers": 2231028713142033780956979106128954683306940909587619187622788704479983713578205818607250497780731389198374480650045369469684716, "mrr": 2.2045492840977683e-197, "total_revenue": 3.8452002827692775, "conversion_rate": 3.286597121666082e+119, "churn_rate": 0.05, "average_price": 1e-323, "daily_visitors": 0, "new_customers": 289289388645506549263320389206991616700006046138530753764056876103429872831281687183438625720829931412891861405145193177415680, "churned_customers": 89815978627909993419467416808146249425971496589792635618514690105965371908454896919527702491746549368711123478325765248909312}, "generation": 0, "timestamp": "2025-11-13T14:37:10.101312"}