{"key": "daily_snapshot", "value": {"day": 0, "customers": 48472103326267082936861228061319379641283325748792518141538869123895785271388125996314387134060685089485775906633240472896761093, "mrr": 4.789680207035156e-196, "total_revenue": 1.5620171583249602, "conversion_rate": 6.488126786852118e+120, "churn_rate": 0.05, "average_price": 1e-323, "daily_visitors": 0, "new_customers": 5376890881628698214409866930505403214529278494074485996654195873057776580604385508748142252436546801586990485486329970223480832, "churned_customers": 1411824744172176309663871641437951573534458322749974512260028579200333947667396822500557668996615424393402160544054208853180416}, "generation": 0, "timestamp": "2025-11-13T21:52:08.086675"}