{"key": "daily_snapshot", "value": {"day": 0, "customers": 31572253038684237719355190336179480028103, "mrr": 3.61736803713625e-55, "total_revenue": 4.928703564447977, "conversion_rate": 4.6424969446932867e+33, "churn_rate": 0.05, "average_price": 1.145742761121302e-95, "daily_visitors": 0, "new_customers": 3402141025994354252115514367400629764096, "churned_customers": 1655793886771048263801321570287986147328}, "generation": 0, "timestamp": "2025-11-15T06:17:12.010137"}