{"key": "daily_snapshot", "value": {"day": 0, "customers": 9305732135579113309712123380789689448634993331824574217662044820336, "mrr": 1.6662050007085364e-97, "total_revenue": 7.626819946521412, "conversion_rate": 1.2603219156477837e+60, "churn_rate": 0.05, "average_price": 1.7905146810942946e-164, "daily_visitors": 0, "new_customers": 1272242241092198798350349573532675198099208665443714536537761775616, "churned_customers": 437022109884814351728502510743649027817871461355199075578353287168}, "generation": 0, "timestamp": "2025-11-15T01:51:47.670290"}