{"key": "daily_snapshot", "value": {"day": 0, "customers": 124381904720209832778823610444946378694232412682539162197967520003762421838691414870308890000688666511754461510334869974763619094, "mrr": 1.2290565217310972e-195, "total_revenue": 8.73321624443256, "conversion_rate": 1.5706861161942993e+121, "churn_rate": 0.05, "average_price": 1e-323, "daily_visitors": 0, "new_customers": 16660472733054477064580248793657357823557877917208861997392701854351977352091922465748890592881612505193335366026034791760003072, "churned_customers": 8045690987512585817690084512650855344944636649981693780825206976527666369097034262428294879800641550290177520239939275674615808}, "generation": 0, "timestamp": "2025-11-14T17:08:04.314193"}