{"key": "daily_snapshot", "value": {"day": 0, "customers": 428649209630340027756856321962137647332265189280951456742813954761723795173114489969545952707273, "mrr": 1.4562954114638778e-146, "total_revenue": 3.6905216285399813, "conversion_rate": 6.238541284275187e+88, "churn_rate": 0.05, "average_price": 3.397406034458253e-242, "daily_visitors": 0, "new_customers": 52812406837530188527043848747314276307047583679468561366522359572960573964945181051513435324416, "churned_customers": 28891045274455043108180044340768741989062571144486764959560541357817045780244238907861591130112}, "generation": 0, "timestamp": "2025-11-15T04:26:13.662995"}