{"key": "daily_snapshot", "value": {"day": 0, "customers": 3357846766324546, "mrr": 6.453527323322721e-12, "total_revenue": 3.8452002827680234, "conversion_rate": 361197338.92096114, "churn_rate": 0.05, "average_price": 1.9219243081740343e-27, "daily_visitors": 0, "new_customers": 317522109679357, "churned_customers": 145274235431175}, "generation": 0, "timestamp": "2025-11-13T13:45:30.594418"}