{"key": "daily_snapshot", "value": {"day": 0, "customers": 34973534911871250619936525546526362857904362626920588550099082208162805047290802897898964080015919849639498204616823, "mrr": 5.486173734726227e-182, "total_revenue": 8.055065502431749, "conversion_rate": 4.3974847718804725e+108, "churn_rate": 0.05, "average_price": 1.5686643482137764e-297, "daily_visitors": 0, "new_customers": 4273081340375220872090082401671253537336926277832082284100380499738330382061296874659870509113821322527324692807680, "churned_customers": 1229231807776057020230889006728899056534496873716317997584329161215177649705928483039750218293106308719003742240768}, "generation": 0, "timestamp": "2025-11-13T17:37:54.813004"}