{"key": "daily_snapshot", "value": {"day": 0, "customers": 36, "mrr": 5.188146770730817, "total_revenue": 3.3343590280365185, "conversion_rate": 0.12143074291594036, "churn_rate": 0.05, "average_price": 0.14411518807585602, "daily_visitors": 69, "new_customers": 6, "churned_customers": 2}, "generation": 0, "timestamp": "2025-11-14T18:29:51.779493"}