{"key": "daily_snapshot", "value": {"day": 0, "customers": 315134664228154907531665217651953541573583015884319918607719189885223384277956141978868241797147766234179357661934583377157, "mrr": 6.227888456353909e-200, "total_revenue": 1.5620171583249602, "conversion_rate": 4.444980646022967e+115, "churn_rate": 0.05, "average_price": 2e-322, "daily_visitors": 0, "new_customers": 44223418145726732768510328251883769524268697016495163339375503428077276127346408827392567697003200647528097493792057196544, "churned_customers": 18408918325053808534396705632843152384627943425297107973753052220067551451495006419133637687018636512759810283605522907136}, "generation": 0, "timestamp": "2025-11-13T21:49:49.410702"}