{"key": "daily_snapshot", "value": {"day": 0, "customers": 2477141952835511393766463, "mrr": 8.013719138387949e-26, "total_revenue": 2.4762944740981485, "conversion_rate": 3.2461075526612954e+17, "churn_rate": 0.05, "average_price": 3.2350665771151635e-50, "daily_visitors": 0, "new_customers": 244402625548083290701824, "churned_customers": 140286383848113095835648}, "generation": 0, "timestamp": "2025-11-13T15:53:55.169980"}