{"key": "daily_snapshot", "value": {"day": 0, "customers": 451111242227703529383970654564362309815308940621533750133542915278968239629709579543768893349795876892871115943, "mrr": 4.707987093460238e-175, "total_revenue": 7.010218214998832, "conversion_rate": 5.740893319170404e+103, "churn_rate": 0.05, "average_price": 1.0436421558041836e-285, "daily_visitors": 0, "new_customers": 52058594246967615544439210993196179605480466785000668069226690436064779472116298796023294330980258850942222336, "churned_customers": 24205850072152691632092390045213865963064926385707589835384989733280036254526104114335211406182551172706992128}, "generation": 0, "timestamp": "2025-11-15T00:10:28.418360"}