{"key": "daily_snapshot", "value": {"day": 0, "customers": 379305799798458992665717989505115308944577117438113762370, "mrr": 2.6328202343653357e-79, "total_revenue": 7.574353924996814, "conversion_rate": 5.617630626861544e+49, "churn_rate": 0.05, "average_price": 6.941154698304806e-136, "daily_visitors": 0, "new_customers": 58916404150715132278117311469256798900554400012586450944, "churned_customers": 26149172005001155910755121566235643484962564118958571520}, "generation": 0, "timestamp": "2025-11-14T10:45:57.997513"}