{"key": "daily_snapshot", "value": {"day": 0, "customers": 1018905199261665566955312446333896144456612116327236226164586507359026158, "mrr": 4.20232171301592e-110, "total_revenue": 4.058738603221899, "conversion_rate": 1.206911277469907e+65, "churn_rate": 0.05, "average_price": 4.124350053430947e-182, "daily_visitors": 0, "new_customers": 115531581848603712350657947060520668258882232767481341874942831497314304, "churned_customers": 22549520622008194578450043483015600988329247615157561413201618423250944}, "generation": 0, "timestamp": "2025-11-14T15:25:23.008001"}