{"key": "daily_snapshot", "value": {"day": 0, "customers": 2984087547074273104971615779167835974325270484064988056323269235051387107382371345861875261522371876782015891308752541490648318907657959, "mrr": 2.948670282384144e-188, "total_revenue": 3.180859164035811, "conversion_rate": 3.985974269047086e+128, "churn_rate": 0.05, "average_price": 1e-323, "daily_visitors": 0, "new_customers": 427215188679956279361458807309734937945121861757044469748905828458077023114312448041220929434426319253554038842220019563486793330327552, "churned_customers": 94724607875158880837374189857338495003266766621136267562792910055181318887303372588599219224269797741637400787211478279301943416324096}, "generation": 0, "timestamp": "2025-11-14T09:44:14.408822"}