{"key": "daily_snapshot", "value": {"day": 0, "customers": 5026512976832967627545067320009556711670720320746826191229653751598214156960695969635429711449505118384972271643128741746817682412, "mrr": 4.966854760456774e-194, "total_revenue": 3.8452002827692775, "conversion_rate": 6.89299381944077e+122, "churn_rate": 0.05, "average_price": 1e-323, "daily_visitors": 0, "new_customers": 687268833242299580147597775712063133766346020848816633424690637950760636052850422688376848382265691421146158544457273592174870528, "churned_customers": 302500494977611925544320040905508682920327471188139417809505657748542630570015031875290868198226397717858395419194232207507980288}, "generation": 0, "timestamp": "2025-11-13T14:38:39.556080"}