{"key": "daily_snapshot", "value": {"day": 0, "customers": 178600931839908016101721935933524266730686497136307065091766156309278742127328056, "mrr": 8.687340276135735e-120, "total_revenue": 8.385937104373125, "conversion_rate": 2.5097973299882756e+73, "churn_rate": 0.05, "average_price": 4.864106915143523e-200, "daily_visitors": 0, "new_customers": 20765905404363155968786892326982225807226621448204176974309454891405525991292928, "churned_customers": 6787854773117653529557851389577406984034598647644275023575489437346901333639168}, "generation": 0, "timestamp": "2025-11-13T13:10:59.236659"}