{"key": "daily_snapshot", "value": {"day": 0, "customers": 18699281679671162367623444644553, "mrr": 4.211389799213903e-39, "total_revenue": 3.6905216285399813, "conversion_rate": 2.72654404769107e+24, "churn_rate": 0.05, "average_price": 2.2521666186740724e-70, "daily_visitors": 0, "new_customers": 1961462110521626662206804328448, "churned_customers": 1019785582391714819623572471808}, "generation": 0, "timestamp": "2025-11-15T03:56:31.231282"}