{"key": "daily_snapshot", "value": {"day": 0, "customers": 15179937322365917981209874820321287418744410809088280074355451662, "mrr": 5.811638339023936e-95, "total_revenue": 5.934471667464104, "conversion_rate": 2.3175031564255664e+57, "churn_rate": 0.05, "average_price": 3.8284995620246366e-159, "daily_visitors": 0, "new_customers": 1893938692525977721605918936024052988955317270436190508296437760, "churned_customers": 342715746101472477737532946987122686481544572659042988538724352}, "generation": 0, "timestamp": "2025-11-14T17:55:58.922817"}