{"key": "daily_snapshot", "value": {"day": 0, "customers": 58842868525161684822987248187677756024972160276691570693916769698, "mrr": 5.072852286884341e-96, "total_revenue": 8.401501509864964, "conversion_rate": 7.03123701750166e+57, "churn_rate": 0.05, "average_price": 8.621014600461138e-161, "daily_visitors": 0, "new_customers": 7807992332605076213605469400872639512592859499533815389137928192, "churned_customers": 3298276265204600898241606311845159057833075297448558835101859840}, "generation": 0, "timestamp": "2025-11-14T13:19:24.732303"}