{"key": "daily_snapshot", "value": {"day": 0, "customers": 9079968329680347025427436, "mrr": 8.877838049767532e-28, "total_revenue": 3.8452002827692775, "conversion_rate": 1.1708096020341573e+18, "churn_rate": 0.05, "average_price": 9.77738878311712e-53, "daily_visitors": 0, "new_customers": 1156578494074555912421376, "churned_customers": 367195248808494863745024}, "generation": 0, "timestamp": "2025-11-13T13:49:52.667788"}