{"key": "daily_snapshot", "value": {"day": 0, "customers": 192208861064574155918378381690021751327328489493, "mrr": 7.849604628867293e-69, "total_revenue": 6.513341788556554, "conversion_rate": 2.5529165163845225e+40, "churn_rate": 0.05, "average_price": 4.083893211473822e-116, "daily_visitors": 0, "new_customers": 21133095792743581766048776217387108866937847808, "churned_customers": 4594731563066270956683383729002920980814757888}, "generation": 0, "timestamp": "2025-11-15T00:42:17.365927"}