{"key": "daily_snapshot", "value": {"day": 0, "customers": 54241239915789106280178574959433109388499815828536629741263121529731433639, "mrr": 4.9888966028695836e-113, "total_revenue": 7.010218214998832, "conversion_rate": 7.33092389877462e+66, "churn_rate": 0.05, "average_price": 9.197607965110996e-187, "daily_visitors": 0, "new_customers": 5843215861347291565020871257259041794736802607739698740754878576212312064, "churned_customers": 3144605365141919679880741580440367589551114183219667952942264308325154816}, "generation": 0, "timestamp": "2025-11-14T23:53:22.338690"}