{"key": "daily_snapshot", "value": {"day": 0, "customers": 4336267766909021032849595752119555840722414436182282338578563411726384956833291116110143368728941385576199, "mrr": 8.047296831319859e-163, "total_revenue": 7.42566689692798, "conversion_rate": 5.988758197801484e+98, "churn_rate": 0.05, "average_price": 1.8558117865161575e-268, "daily_visitors": 0, "new_customers": 532156580831001830494167271546394203482635324491671173242949256044307680379986190553146043804117299625984, "churned_customers": 112100067785859313200367783564284069918354018565098812938061015875266457117018401063048974830393937100800}, "generation": 0, "timestamp": "2025-11-15T14:39:29.086664"}