{"key": "daily_snapshot", "value": {"day": 0, "customers": 4341463293989583560553357316781934733690638792626543297639226067813429267620669654940232742414739028790896239197, "mrr": 1.4703721845804262e-177, "total_revenue": 7.058512489256422, "conversion_rate": 5.982502279675235e+104, "churn_rate": 0.05, "average_price": 3.3868124293853675e-289, "daily_visitors": 0, "new_customers": 582657025929376742398815345958683279268142166133055714794135261664270906637452967329853410420554363847636418560, "churned_customers": 206325159593567849378331605942612628554852955351964751392378290421735972423332921128939678739109657723692646400}, "generation": 0, "timestamp": "2025-11-15T11:39:24.802852"}