{"key": "daily_snapshot", "value": {"day": 0, "customers": 134745089831712425703200030176420601243551191587285, "mrr": 4.978015515979238e-74, "total_revenue": 5.250998821828405, "conversion_rate": 1.5320349372351353e+43, "churn_rate": 0.05, "average_price": 3.6943947435831947e-124, "daily_visitors": 0, "new_customers": 15118995347063988501666037294602356990567535083520, "churned_customers": 5462455109399981521826067438060825756485074026496}, "generation": 0, "timestamp": "2025-11-14T22:06:18.836265"}