{"key": "daily_snapshot", "value": {"day": 0, "customers": 195218441664764985467190618430522802233176051093893715920901775349809608323792386928276713965942960704972726621656426405422001413, "mrr": 1.9290145092244767e-195, "total_revenue": 1.5620171583249602, "conversion_rate": 2.5851537121819366e+121, "churn_rate": 0.05, "average_price": 1e-323, "daily_visitors": 0, "new_customers": 20087034199972944726132586210080974975304953789669345743145073734740683567731779826370768260923490695554588968582075884976996352, "churned_customers": 7259332882002771094934740480981369705842996777726254236267090682105095236451259656554481956903226036754040456072538405877055488}, "generation": 0, "timestamp": "2025-11-13T21:52:25.157203"}