{"key": "daily_snapshot", "value": {"day": 0, "customers": 11945778236707482229889714535666227385204765776191051996378853381100489036148888255657805125715241652368152857881952601630562895283268821, "mrr": 1.180399727919038e-187, "total_revenue": 5.438023679800494, "conversion_rate": 1.5220416676144843e+129, "churn_rate": 0.05, "average_price": 1e-323, "daily_visitors": 0, "new_customers": 1461659540071004456468763224948036506570326444050580935394720039149192670066445529407093674820014116278387318217377607183238358024323072, "churned_customers": 319326594225003766373601865102439766610172597596640124261809938836502397850198186028267674422384814736637953299773255227492027078803456}, "generation": 0, "timestamp": "2025-11-14T20:31:08.808283"}