{"key": "daily_snapshot", "value": {"day": 0, "customers": 1257179064042375659079937935028070981626772692999646782826165745340597509844175027300497886255300324183833582, "mrr": 3.7653846830998766e-173, "total_revenue": 4.058738603221899, "conversion_rate": 1.5331282067000896e+101, "churn_rate": 0.05, "average_price": 2.995106099677267e-281, "daily_visitors": 0, "new_customers": 143625759700586282813538326906947146594907774557210879085768498906813898584155110835534851356657965196115968, "churned_customers": 74964777168880950464836271453260321815592506821335477795341255125261557790941927932557613338488396859834368}, "generation": 0, "timestamp": "2025-11-14T15:42:30.702918"}