{"key": "daily_snapshot", "value": {"day": 0, "customers": 2698686372827510490845640669364107791014900100448067002534689725066666707943961140447152809563491933092794985297844922622772724104353, "mrr": 2.66665645142799e-191, "total_revenue": 4.323965768575599, "conversion_rate": 3.51958538719548e+125, "churn_rate": 0.05, "average_price": 1e-323, "daily_visitors": 0, "new_customers": 316006872762984314231591468541339328099423364236169484523509095202536566702538628205647137708854888641192063407229236139859388661760, "churned_customers": 184208038099769886827779068966625934504359326574577337208602860943787876145019932619556656798812114299864909388317473046752579813376}, "generation": 0, "timestamp": "2025-11-14T14:51:41.499077"}