{"key": "daily_snapshot", "value": {"day": 0, "customers": 1287466712893461313670163171049999800454473422362264092801550834133, "mrr": 1.8263898264565672e-101, "total_revenue": 5.250998821828405, "conversion_rate": 1.5944546236813318e+59, "churn_rate": 0.05, "average_price": 1.4185918813791517e-167, "daily_visitors": 0, "new_customers": 157147178698580439884931744607150043268692417320359963478101852160, "churned_customers": 86804374680074596180426708464781098613005470944180405212932997120}, "generation": 0, "timestamp": "2025-11-14T22:13:49.136533"}