{"key": "daily_snapshot", "value": {"day": 0, "customers": 401493644464720835386133395528608400055251174447212699139, "mrr": 8.956524681950204e-86, "total_revenue": 11.37579680016544, "conversion_rate": 5.033697213200471e+49, "churn_rate": 0.05, "average_price": 2.230801111158613e-142, "daily_visitors": 0, "new_customers": 50128993933578597039941318181426549346982260454639796224, "churned_customers": 14552837553586505519305565364282046742626832147430768640}, "generation": 0, "timestamp": "2025-11-14T05:37:19.945929"}