{"key": "daily_snapshot", "value": {"day": 0, "customers": 1089926314820286032455533077497543684, "mrr": 4.952060606764323e-47, "total_revenue": 4.445436838349596, "conversion_rate": 1.6240347629570347e+29, "churn_rate": 0.05, "average_price": 4.5434820128926334e-83, "daily_visitors": 0, "new_customers": 130367136563955192988992304765206528, "churned_customers": 24935627000766338647744362686971904}, "generation": 0, "timestamp": "2025-11-15T18:12:42.716579"}