{"key": "daily_snapshot", "value": {"day": 0, "customers": 4000448599196658933002428, "mrr": 3.6427696478759855e-27, "total_revenue": 7.827191553977371, "conversion_rate": 5.086560265816696e+17, "churn_rate": 0.05, "average_price": 9.10590289450913e-52, "daily_visitors": 0, "new_customers": 544270635110287783493632, "churned_customers": 196162408780417265041408}, "generation": 0, "timestamp": "2025-11-15T04:54:28.059599"}