{"key": "daily_snapshot", "value": {"day": 0, "customers": 32634609229391420071096908848891299000792398525155384357806407895848482671416357875393590539206357354760975447860052, "mrr": 6.399093502004323e-182, "total_revenue": 7.997332640408474, "conversion_rate": 4.262893485013686e+108, "churn_rate": 0.05, "average_price": 1.9608304352672206e-297, "daily_visitors": 0, "new_customers": 3439502225517225933650721361512014594686815638570340965008344531182651937693548014987386048087731436333413932466176, "churned_customers": 1383359251637830768376246839487765249346018370320533001333966370552526592328354660927201183431773871046923076501504}, "generation": 0, "timestamp": "2025-11-15T16:47:20.673647"}