{"key": "daily_snapshot", "value": {"day": 0, "customers": 29720663130503609679293708283952311121011033927573128039301677801226172156619953669295527585202712424592961791757053697370976444, "mrr": 2.9367917248804783e-196, "total_revenue": 7.827191553977371, "conversion_rate": 3.878309842312437e+120, "churn_rate": 0.05, "average_price": 1e-323, "daily_visitors": 0, "new_customers": 3909692880687050854945402393952060702808388990352710069920551720637893587270919788961885530164436434290108054545878051450781696, "churned_customers": 1555690403808370725086923226372164634117865949981127202616870815119100292805125993022309533927862350835333141674420123268546560}, "generation": 0, "timestamp": "2025-11-15T05:56:56.296078"}