{"key": "daily_snapshot", "value": {"day": 0, "customers": 119450373854512934544448770020124705372141479335396410190604614693183983957402136987124136918484319905418377908382941897, "mrr": 3.8541325086671424e-185, "total_revenue": 3.6905216285399813, "conversion_rate": 1.7285044143721333e+112, "churn_rate": 0.05, "average_price": 3.226555417366348e-304, "daily_visitors": 0, "new_customers": 16953816771312972421397409670244592648918566731707306609225811570109976069990235254587284567988501035611438447247491072, "churned_customers": 7380614565052923383393765735237183495836862832050724074633899078325998282328681276847276726877905432751814337145864192}, "generation": 0, "timestamp": "2025-11-15T04:36:57.331106"}