{"key": "daily_snapshot", "value": {"day": 0, "customers": 4425177511170523092847494581345597532901031152955371948732152188332283865209606555516310996154923659038707207148, "mrr": 1.5133251330291132e-174, "total_revenue": 3.8452002827692775, "conversion_rate": 6.209643619455233e+104, "churn_rate": 0.05, "average_price": 3.41980661613915e-286, "daily_visitors": 0, "new_customers": 626864498075619580318957037930451741292361489328895979197841652891393639690187715501016489042603426641958928384, "churned_customers": 274858495281955380038911710996211583346827921279236625940492592894561636806055058977847071576507427524072964096}, "generation": 0, "timestamp": "2025-11-13T14:30:13.940046"}