{"key": "daily_snapshot", "value": {"day": 0, "customers": 13877383515126, "mrr": 7.1286057858858194e-09, "total_revenue": 5.241512576266349, "conversion_rate": 1915106.0627094174, "churn_rate": 0.05, "average_price": 5.136851466355901e-22, "daily_visitors": 0, "new_customers": 1568064294434, "churned_customers": 658284118160}, "generation": 0, "timestamp": "2025-11-13T18:52:36.953519"}