{"key": "daily_snapshot", "value": {"day": 0, "customers": 105078640704524173315072768683368070631198380575799296716313147458289625701250583028963999, "mrr": 1.4156750921625902e-140, "total_revenue": 3.5615064647863135, "conversion_rate": 1.5101940235456537e+82, "churn_rate": 0.05, "average_price": 1.3472529551875313e-229, "daily_visitors": 0, "new_customers": 14644394080750120228450805027581828541528505983335321817442407959951506558364893984063488, "churned_customers": 6637678831282804081125922277517741453765775987626707841415814242565390848556375214129152}, "generation": 0, "timestamp": "2025-11-13T12:14:58.229419"}