{"key": "daily_snapshot", "value": {"day": 0, "customers": 9770824331707473218000947787281433457400890090962427651627259731380422100836910865237, "mrr": 1.274447921095805e-131, "total_revenue": 7.593310615949716, "conversion_rate": 1.1851136726211274e+78, "churn_rate": 0.05, "average_price": 1.304340225379011e-216, "daily_visitors": 0, "new_customers": 1167970872463426882961705231300282758497004347143922182788033367121680905914535641088, "churned_customers": 218679988818180946630535938713872611941371650058782146453599188288058667764839088128}, "generation": 0, "timestamp": "2025-11-14T19:07:00.074489"}