{"key": "daily_snapshot", "value": {"day": 0, "customers": 14066270216438, "mrr": 9.032042598433483e-09, "total_revenue": 3.064608020922071, "conversion_rate": 1758149.5163611337, "churn_rate": 0.05, "average_price": 6.421064332944876e-22, "daily_visitors": 0, "new_customers": 1687290336159, "churned_customers": 616698713633}, "generation": 0, "timestamp": "2025-11-14T20:47:30.034954"}