{"key": "daily_snapshot", "value": {"day": 0, "customers": 103183305961502571285700045090503674466380114523720790809429, "mrr": 4.1065739999730743e-88, "total_revenue": 7.593310615949716, "conversion_rate": 1.280279438865788e+52, "churn_rate": 0.05, "average_price": 3.9798821734837875e-147, "daily_visitors": 0, "new_customers": 10376937664497759669124072042127777845751862859225490259968, "churned_customers": 6525321623444394560606266265658994939399342698253017677824}, "generation": 0, "timestamp": "2025-11-14T18:54:59.963493"}