{"key": "daily_snapshot", "value": {"day": 0, "customers": 1684864603700, "mrr": 9.383660526263303e-08, "total_revenue": 4.058738584215826, "conversion_rate": 242860.73427446655, "churn_rate": 0.05, "average_price": 5.569385519558412e-20, "daily_visitors": 0, "new_customers": 228625887234, "churned_customers": 113388818591}, "generation": 0, "timestamp": "2025-11-14T14:57:22.485737"}