{"key": "daily_snapshot", "value": {"day": 0, "customers": 46246999780819, "mrr": 4.9820775195850555e-09, "total_revenue": 7.010218213941365, "conversion_rate": 6279391.69479849, "churn_rate": 0.05, "average_price": 1.0772758326371213e-22, "daily_visitors": 0, "new_customers": 5412058193274, "churned_customers": 3102745609397}, "generation": 0, "timestamp": "2025-11-14T23:25:01.491748"}