{"key": "daily_snapshot", "value": {"day": 0, "customers": 3985744820639868054491179191133188022237016028079690842758541420889979336, "mrr": 1.412065577450888e-110, "total_revenue": 4.843910136547377, "conversion_rate": 5.209826120506424e+65, "churn_rate": 0.05, "average_price": 3.542789719348356e-183, "daily_visitors": 0, "new_customers": 485677368730076103474927672340530755476991686971565541716967917929627648, "churned_customers": 162084547933332564830927317020053064522484428412947390614342572022169600}, "generation": 0, "timestamp": "2025-11-14T07:03:41.173084"}