{"key": "daily_snapshot", "value": {"day": 0, "customers": 490970189344438333083607024634100347916197965517130573597519293016518089042249703103484093093911056077680, "mrr": 6.32236113610655e-162, "total_revenue": 7.626819946521412, "conversion_rate": 7.360636049203362e+97, "churn_rate": 0.05, "average_price": 1.2877281092256134e-266, "daily_visitors": 0, "new_customers": 64303403386866501312335728453782251200224199455132067295252002190268535538605490783966722413411128311808, "churned_customers": 19523786292555273701381653693355341282761828637589575451521881431808787048213984735105404855008825966592}, "generation": 0, "timestamp": "2025-11-15T02:09:27.648268"}