{"key": "daily_snapshot", "value": {"day": 0, "customers": 23633142315653335815047193808741401193980616814342557033072246950145, "mrr": 5.6246931672522844e-101, "total_revenue": 6.966800923949336, "conversion_rate": 3.375445869155246e+60, "churn_rate": 0.05, "average_price": 2.3800022409744415e-168, "daily_visitors": 0, "new_customers": 2621098575422366723496919877856609646715714694400859653279657754624, "churned_customers": 525151355510688997931701010713849942645413614043417385317657739264}, "generation": 0, "timestamp": "2025-11-14T04:40:39.929182"}