{"key": "daily_snapshot", "value": {"day": 0, "customers": 29666811504872518452598417373774162484071388565852641458898608733, "mrr": 1.3094810374790886e-96, "total_revenue": 7.058512489256422, "conversion_rate": 4.1325731195506934e+57, "churn_rate": 0.05, "average_price": 4.4139594754361036e-161, "daily_visitors": 0, "new_customers": 4193902928378133587296762063471857348145666116420710434093400064, "churned_customers": 1984330790851769957247138054117002277604965303847998511692906496}, "generation": 0, "timestamp": "2025-11-15T09:58:18.894513"}