{"key": "daily_snapshot", "value": {"day": 0, "customers": 173984587140113213538218322458692186703700020797076804745290695, "mrr": 6.263973503578894e-93, "total_revenue": 4.928703564447977, "conversion_rate": 2.5779657835754936e+55, "churn_rate": 0.05, "average_price": 3.6003036858284422e-155, "daily_visitors": 0, "new_customers": 27498534198837833498715294375162798753824500766167895417815040, "churned_customers": 8170429410763264099750545888401698133439483720435782526173184}, "generation": 0, "timestamp": "2025-11-15T06:27:29.130737"}