{"key": "daily_snapshot", "value": {"day": 0, "customers": 881362264758657214173010412126274377934350758864808897162218590148908702612101912792397783097739499128634509713127459257505, "mrr": 1.3044338446674979e-192, "total_revenue": 4.323965768575599, "conversion_rate": 1.183575256323388e+116, "churn_rate": 0.05, "average_price": 1.480020074e-315, "daily_visitors": 0, "new_customers": 116199507805044037764619918388301825399553430300794313129247021563876970616709271197482817468127243214994859676780057329664, "churned_customers": 56979289098470670762334946879086038035290751995474141281515548388895923447651137509765327537701043592925785279046206095360}, "generation": 0, "timestamp": "2025-11-14T14:47:19.022108"}