{"key": "daily_snapshot", "value": {"day": 0, "customers": 323160817093789343037428627408208179869091469260142201973176446539414062894818221189169288561627921458894705921138091162576654, "mrr": 3.1932531561605596e-198, "total_revenue": 5.934471667464104, "conversion_rate": 4.70581435964559e+118, "churn_rate": 0.05, "average_price": 1e-323, "daily_visitors": 0, "new_customers": 48652140320428172481594743952406041176946809700557793277308029649209647888159098520874096449667192450948181256148810773561344, "churned_customers": 11317385309035028419204606392790220289344861070425897063270555453505599191650452620475415070832014308623734465430585895550976}, "generation": 0, "timestamp": "2025-11-14T18:24:36.263242"}