{"key": "daily_snapshot", "value": {"day": 0, "customers": 12484204534996931387684109057383222414863496257603023709335431862434406395563211947915114677888729105386865551319896858786608631608391, "mrr": 1.2336033152794955e-190, "total_revenue": 8.531929138055917, "conversion_rate": 1.594401017151304e+126, "churn_rate": 0.05, "average_price": 1e-323, "daily_visitors": 0, "new_customers": 1205277656874865822142917895574183875067141565355416918929102737369461746416220071145408417652782684823364912062922558677491872956416, "churned_customers": 323495484505857728836152111743378674401763282405051607771890217818744619249458626844867152555586718235901045822192181838964045381632}, "generation": 0, "timestamp": "2025-11-13T12:04:32.360923"}