{"key": "daily_snapshot", "value": {"day": 0, "customers": 920356427548364936093019043264516328636064427355941597771059945421665377794504, "mrr": 3.1063430047903365e-120, "total_revenue": 4.843910136547377, "conversion_rate": 1.1122828897284407e+71, "churn_rate": 0.05, "average_price": 3.375152182144235e-198, "daily_visitors": 0, "new_customers": 123604670276561119749772872907355414486150958803129157429301645340958397562880, "churned_customers": 56962546467284967825716804486225976014154835179633830758260933319991761043456}, "generation": 0, "timestamp": "2025-11-14T07:06:16.998322"}