{"key": "daily_snapshot", "value": {"day": 0, "customers": 284735764959190813907046363461628534073640092149900765587559908939966432369490857582435357331941101631044422151401572147405405, "mrr": 2.8135631921732798e-198, "total_revenue": 7.058512489256422, "conversion_rate": 3.8642704116318644e+118, "churn_rate": 0.05, "average_price": 1e-323, "daily_visitors": 0, "new_customers": 35326333856177489205085891431084132297193393132921520365443751454647175179178430927204470309178001346726403387724423707492352, "churned_customers": 10597465937102174036331527552941096569712060560326759204740601076866677633149788711717922015094342324520073869384951571415040}, "generation": 0, "timestamp": "2025-11-15T11:45:57.136729"}