{"key": "daily_snapshot", "value": {"day": 0, "customers": 1076605149403013718411486105213773893238711507924289577096682, "mrr": 4.556340103838668e-91, "total_revenue": 5.620306961549841, "conversion_rate": 1.3907199770932658e+53, "churn_rate": 0.05, "average_price": 4.232136643935983e-151, "daily_visitors": 0, "new_customers": 100467014069651767823134204059491284173550820229122768240640, "churned_customers": 23606783420109673392747765545568671805782495155997584130048}, "generation": 0, "timestamp": "2025-11-15T03:09:19.379823"}