{"key": "daily_snapshot", "value": {"day": 0, "customers": 8452927025154766816715939920698615573083421502757434656, "mrr": 6.830444808011017e-80, "total_revenue": 2.640852054669741, "conversion_rate": 1.056963325516119e+48, "churn_rate": 0.05, "average_price": 8.08056758053694e-135, "daily_visitors": 0, "new_customers": 1131250902708655055912702944536548256193325737766289408, "churned_customers": 441372112305133517388419982608671667885714792731639808}, "generation": 0, "timestamp": "2025-11-14T02:32:39.447508"}