{"key": "daily_snapshot", "value": {"day": 0, "customers": 63350560202741448415688345562582769080991, "mrr": 1.2177481476282253e-55, "total_revenue": 3.5615064647863135, "conversion_rate": 8.190019623320817e+33, "churn_rate": 0.05, "average_price": 1.92223737837685e-96, "daily_visitors": 0, "new_customers": 7585679191578151343761316047799552311296, "churned_customers": 2392082043072091708573788747862063972352}, "generation": 0, "timestamp": "2025-11-13T11:51:57.797641"}