{"key": "daily_snapshot", "value": {"day": 0, "customers": 33696553123075633087937437028436396237260441681892498893750159236595720626718933804953170166473, "mrr": 1.1559614085475611e-144, "total_revenue": 3.6905216285399813, "conversion_rate": 4.902000994947327e+87, "churn_rate": 0.05, "average_price": 3.4305034236749593e-239, "daily_visitors": 0, "new_customers": 4011855427648640400700414734765219473971026847294151102361280793486617890923939908589142933504, "churned_customers": 2021393793632633218146130695839170218459980735037706166183988960825951410907345821792968114176}, "generation": 0, "timestamp": "2025-11-15T04:25:42.491896"}