{"key": "daily_snapshot", "value": {"day": 0, "customers": 1854860634226090235809780941835513437779622943685645282234568225003663188147329031160951158509341285891, "mrr": 3.509667866428028e-160, "total_revenue": 11.37579680016544, "conversion_rate": 2.512259697342194e+95, "churn_rate": 0.05, "average_price": 1.8921463972372127e-262, "daily_visitors": 0, "new_customers": 220191757162998113688881571826121991033411698856417712344134952610029684164878604486367082879716950016, "churned_customers": 83805834917480598923677225340580039288459757237558984973627194243124724568003470658298476194116403200}, "generation": 0, "timestamp": "2025-11-14T06:16:16.395394"}