{"key": "daily_snapshot", "value": {"day": 0, "customers": 108250574849368232826948754505888587602279089837995971045538711776822511210412174286292947887106885102923955027918651925977175530, "mrr": 1.0696578035127863e-195, "total_revenue": 5.620306961549841, "conversion_rate": 1.3911560369260823e+121, "churn_rate": 0.05, "average_price": 1e-323, "daily_visitors": 0, "new_customers": 14094047154526679690159868550075541859568234603287539513411484157340182637095075839768594017034851907538539430903144743903952896, "churned_customers": 6697728235717635301397536741441991379165916139493464824739732598423745461183554554809793398883877192690715839090154509277593600}, "generation": 0, "timestamp": "2025-11-15T03:40:48.503503"}