{"key": "daily_snapshot", "value": {"day": 0, "customers": 406794951411743134104618045219169619404080883097815328176376992681247987319654035173240738731000558044662941760342861156558780114, "mrr": 4.0196682078840275e-195, "total_revenue": 7.180499208388138, "conversion_rate": 5.092978955950789e+121, "churn_rate": 0.05, "average_price": 1e-323, "daily_visitors": 0, "new_customers": 52773561763459284979871985569912077588176678030055762893399020719399432930303542482683620996734814459048847900940402632786182144, "churned_customers": 21160724203735415762850750178910809635460420372938888619089376949136833773340386436579296661020361369963907083328443474975391744}, "generation": 0, "timestamp": "2025-11-15T19:57:48.567424"}