{"key": "daily_snapshot", "value": {"day": 0, "customers": 269947781480446529127316705159508101561923741836222666335262624624530998845713241966030063570936188659540935353505822716233985, "mrr": 2.66743850001097e-198, "total_revenue": 6.966800923949336, "conversion_rate": 4.313201960738422e+118, "churn_rate": 0.05, "average_price": 1e-323, "daily_visitors": 0, "new_customers": 35962706183121966235992920004201523122582041156849135614933250853304702695758372813867961085687109114037400411298081500299264, "churned_customers": 13273872887959043873924510757995651771256298650981920441865711291737507635606384645241912826753965122471608297298762989043712}, "generation": 0, "timestamp": "2025-11-14T05:07:33.586221"}