{"key": "daily_snapshot", "value": {"day": 0, "customers": 566104157934970643830129894821994333146424976745831028276906054863676563500281133361034296546761982073395074829626631111, "mrr": 2.9766252371276744e-194, "total_revenue": 4.928703564447977, "conversion_rate": 6.921860781260471e+112, "churn_rate": 0.05, "average_price": 5.2580875717e-314, "daily_visitors": 0, "new_customers": 70521464116962094965537119376739353425637100244140475351562114662035706653761964189912265198871386862833930307350036480, "churned_customers": 28918326358119556422605870710216817643958991745744841543747443432590308083982868470882458680872079280288733205408776192}, "generation": 0, "timestamp": "2025-11-15T06:54:57.731102"}