{"key": "daily_snapshot", "value": {"day": 0, "customers": 1544370633775019931561307596115028004305110964895, "mrr": 3.467334518265286e-69, "total_revenue": 3.5615064647863135, "conversion_rate": 2.26216879748138e+41, "churn_rate": 0.05, "average_price": 2.2451440363054706e-117, "daily_visitors": 0, "new_customers": 250725369862817006179429584314327934481062690816, "churned_customers": 73874433776228317484368931720481032391266140160}, "generation": 0, "timestamp": "2025-11-13T11:55:35.708791"}