{"key": "daily_snapshot", "value": {"day": 0, "customers": 2141284075894346557089224394730563471453028167609891965746162788776540215274962246445965322948415777519876524649685, "mrr": 4.280900493063509e-177, "total_revenue": 5.438023679800494, "conversion_rate": 2.7032563349350962e+107, "churn_rate": 0.05, "average_price": 1.9992211875369748e-291, "daily_visitors": 0, "new_customers": 268390884628039104011202384123320614003590494655503830106075517842245319258691861232682407474242192400947869646848, "churned_customers": 56516250686406714781153504282571528511014658322420142647555359726203552616698645381199044045527028891587920789504}, "generation": 0, "timestamp": "2025-11-14T20:21:04.159332"}