{"key": "daily_snapshot", "value": {"day": 0, "customers": 15806727079180005800887107621634083674759149865171540903840603447817917451467302625924133291901221937560144388889330, "mrr": 8.809113165517223e-181, "total_revenue": 10.298721371422412, "conversion_rate": 2.184203388287746e+108, "churn_rate": 0.05, "average_price": 5.573015287345751e-296, "daily_visitors": 0, "new_customers": 1826652402504557277367732399315807567781652116186181985253061610518445438919129552659163780257803102958150423150592, "churned_customers": 709951996315580309289658245218797007278144603424336007747176338710559765286967366702782687944534032003230077026304}, "generation": 0, "timestamp": "2025-11-14T04:01:35.294835"}