{"key": "daily_snapshot", "value": {"day": 0, "customers": 2389328481989389555536732641938581248536280046, "mrr": 3.0361352145586598e-64, "total_revenue": 4.058738603221899, "conversion_rate": 3.1608606788877083e+38, "churn_rate": 0.05, "average_price": 1.2707064924077454e-109, "daily_visitors": 0, "new_customers": 259341652199818930029061880335937730399698944, "churned_customers": 87548883535112468275536656615524385524023296}, "generation": 0, "timestamp": "2025-11-14T15:12:51.774218"}