{"key": "daily_snapshot", "value": {"day": 0, "customers": 816908089188079592352069237132351, "mrr": 5.560493987267726e-40, "total_revenue": 2.4762944740981485, "conversion_rate": 1.0764326951600675e+26, "churn_rate": 0.05, "average_price": 6.806755938473163e-73, "daily_visitors": 0, "new_customers": 100413517580092909997029207310336, "churned_customers": 40465388207776060227992080613376}, "generation": 0, "timestamp": "2025-11-13T15:57:50.040280"}