{"key": "daily_snapshot", "value": {"day": 0, "customers": 180909415, "mrr": 3.432100515930239, "total_revenue": 2.6480247670934647, "conversion_rate": 32.76976661861972, "churn_rate": 0.05, "average_price": 1.8971375900641982e-08, "daily_visitors": 0, "new_customers": 28481713, "churned_customers": 5631343}, "generation": 0, "timestamp": "2025-11-13T11:36:45.764425"}