{"key": "daily_snapshot", "value": {"day": 0, "customers": 1038711233001321706833616795660166351897982917670987624897129022656272763661112288516215, "mrr": 1.5469456402031555e-134, "total_revenue": 8.055065502431749, "conversion_rate": 1.2015318045078283e+80, "churn_rate": 0.05, "average_price": 1.489293261740616e-221, "daily_visitors": 0, "new_customers": 100959233852327074234690084768680132287392169643525519577741851493098079716114348113920, "churned_customers": 53237108447536887087994158471209260145340139525011512130181371715246181557010041929728}, "generation": 0, "timestamp": "2025-11-13T17:24:41.389742"}