{"key": "daily_snapshot", "value": {"day": 0, "customers": 3749616770372242146686023, "mrr": 1.3985237484598306e-27, "total_revenue": 8.531929138055917, "conversion_rate": 4.619373076239211e+17, "churn_rate": 0.05, "average_price": 3.7297778255909406e-52, "daily_visitors": 0, "new_customers": 411224397720657021894656, "churned_customers": 150875174468582702579712}, "generation": 0, "timestamp": "2025-11-13T11:13:19.546204"}