{"key": "daily_snapshot", "value": {"day": 0, "customers": 1617854043707119726190542797353471216121662307698621132814825185926305753574167949656345996532098564040344457496828658, "mrr": 4.2167597489169443e-184, "total_revenue": 10.298721371422412, "conversion_rate": 2.3419787463535913e+110, "churn_rate": 0.05, "average_price": 2.6063907095443183e-301, "daily_visitors": 0, "new_customers": 182987291651271125442732942362998682725963614075844421141908500212289064646290089367004369893292201973562552006737920, "churned_customers": 104117709048854114200710880014759099545562013283209845138553603069314100313655208701971366257290924585502468344905728}, "generation": 0, "timestamp": "2025-11-14T04:02:30.581472"}