{"key": "daily_snapshot", "value": {"day": 0, "customers": 1109857643051874106415681976361638870454922551568139348482401139518725, "mrr": 2.3895359209125715e-107, "total_revenue": 1.5620171583249602, "conversion_rate": 1.4229847583284554e+62, "churn_rate": 0.05, "average_price": 2.1530111864994255e-176, "daily_visitors": 0, "new_customers": 134733169262850213404399991931059238858630509117804261348850119213056, "churned_customers": 66629533237020636631785867930483905938294469115660954900347544928256}, "generation": 0, "timestamp": "2025-11-13T21:24:35.521316"}