{"key": "daily_snapshot", "value": {"day": 0, "customers": 547339683514468039785665766191026400119593002767872003363781902308817576239534334600483616799830626815042, "mrr": 6.628139585451884e-158, "total_revenue": 7.574353924996814, "conversion_rate": 8.363757722394047e+97, "churn_rate": 0.05, "average_price": 1.2109736942318161e-262, "daily_visitors": 0, "new_customers": 65051764609542232427225433883556028527131186545204294378254640082084264652014156784927667060704895041536, "churned_customers": 19224156727918999288440677999160429051082210148256809941935058996728942671015612812019924177027673882624}, "generation": 0, "timestamp": "2025-11-14T11:29:09.735171"}