{"key": "daily_snapshot", "value": {"day": 0, "customers": 6693405672, "mrr": 0.026373361176312796, "total_revenue": 6.960571690568454, "conversion_rate": 979.7132891214351, "churn_rate": 0.05, "average_price": 3.940200619639478e-12, "daily_visitors": 0, "new_customers": 990617392, "churned_customers": 415346706}, "generation": 0, "timestamp": "2025-11-14T04:13:40.372448"}