{"key": "daily_snapshot", "value": {"day": 0, "customers": 590467508510722535335165766609228587237209052506415598779105671678676805277047506253899486487985332813780719946269543684565, "mrr": 2.80060522502997e-199, "total_revenue": 5.250998821828405, "conversion_rate": 8.90766520034656e+115, "churn_rate": 0.05, "average_price": 4.74e-322, "daily_visitors": 0, "new_customers": 77772135946735551858937105008174588986542330226287280554370883833557354555887473938699060380257933336829244401192978612224, "churned_customers": 19175495341015842772771158850346633808394424652459915520026559181229090084838720119195447947549183586531223301190108315648}, "generation": 0, "timestamp": "2025-11-14T23:15:37.292849"}