{"key": "daily_snapshot", "value": {"day": 0, "customers": 1905922372247260730793475, "mrr": 1.0344471958968659e-26, "total_revenue": 11.37579680016544, "conversion_rate": 2.460322011089117e+17, "churn_rate": 0.05, "average_price": 5.427541073864178e-51, "daily_visitors": 0, "new_customers": 207235548013124328095744, "churned_customers": 123478201803016622833664}, "generation": 0, "timestamp": "2025-11-14T05:21:32.019512"}