{"key": "daily_snapshot", "value": {"day": 0, "customers": 61550988632751281991090289169042053903614220577, "mrr": 3.2036143460250585e-63, "total_revenue": 9.426328809042326, "conversion_rate": 8.433353805530591e+39, "churn_rate": 0.05, "average_price": 5.204813792902126e-110, "daily_visitors": 0, "new_customers": 7997215809841693061972273122692771026441338880, "churned_customers": 1668622832573685034146364992251914275600203776}, "generation": 0, "timestamp": "2025-11-15T12:09:34.616823"}