{"key": "daily_snapshot", "value": {"day": 0, "customers": 20136436643772623213916918627755542786878221907155258242390274424331540515419552792887541985721927429895, "mrr": 9.302022961110779e-159, "total_revenue": 7.42566689692798, "conversion_rate": 2.620772514052654e+96, "churn_rate": 0.05, "average_price": 4.6194980401299125e-262, "daily_visitors": 0, "new_customers": 2522175974589638353486860666156393235175887516851080348834824944504103223382239958083884303093214478336, "churned_customers": 816664364884338318923963116238683297493796766228353033020380517413628285793234895484907492990712283136}, "generation": 0, "timestamp": "2025-11-15T14:38:22.789461"}