{"key": "daily_snapshot", "value": {"day": 0, "customers": 2755366440410507737544, "mrr": 1.4200492926259183e-22, "total_revenue": 4.843910136547377, "conversion_rate": 438215946752776.44, "churn_rate": 0.05, "average_price": 5.153758395977097e-44, "daily_visitors": 0, "new_customers": 466865974805655453696, "churned_customers": 143117383067462369280}, "generation": 0, "timestamp": "2025-11-14T06:39:38.717813"}