{"key": "daily_snapshot", "value": {"day": 0, "customers": 3385540437970045103253350274672564339664476497830565805371427693915497838651702054854235724143867623496796328816, "mrr": 1.6848052602983937e-173, "total_revenue": 7.626819946521412, "conversion_rate": 4.059888511793043e+104, "churn_rate": 0.05, "average_price": 4.976473597546498e-285, "daily_visitors": 0, "new_customers": 363893373728576903447773174783614235039783023742423481722868692471347221470790969517905661459557233060355244032, "churned_customers": 158835057830283283808168878465121826178204628705250236316568178828724602776688708188588171853483223774178312192}, "generation": 0, "timestamp": "2025-11-15T02:12:38.742851"}