{"key": "daily_snapshot", "value": {"day": 0, "customers": 31887627173960780481475643266951975160525315659906771599662131236952237170326356538952030320066379, "mrr": 9.039164805251126e-155, "total_revenue": 5.241512577835226, "conversion_rate": 4.533133751837026e+90, "churn_rate": 0.05, "average_price": 2.8346934552196614e-252, "daily_visitors": 0, "new_customers": 3735891503723188556785504832156030331425625289664911705397557253602867312602762067142793370796032, "churned_customers": 1903513986963100159476170499762903669963067468186337279432076423041550397381747263775188281458688}, "generation": 0, "timestamp": "2025-11-13T20:36:37.221975"}