{"key": "daily_snapshot", "value": {"day": 0, "customers": 162009360529300489629868246970336616624366533164650823799512496672739654026006, "mrr": 2.632776310831726e-117, "total_revenue": 8.73321624443256, "conversion_rate": 2.2368090704983568e+70, "churn_rate": 0.05, "average_price": 1.6250766636138723e-194, "daily_visitors": 0, "new_customers": 20436741733263871165546362749660640077958784739987465132342317590965540356096, "churned_customers": 11127663959318939088239460521099725634111112495409563410110051227062979526656}, "generation": 0, "timestamp": "2025-11-14T16:30:19.101597"}