{"key": "daily_snapshot", "value": {"day": 0, "customers": 102456680986076784229839506392231, "mrr": 5.196017188863667e-40, "total_revenue": 7.010218214998832, "conversion_rate": 1.4054860021204103e+25, "churn_rate": 0.05, "average_price": 5.071428372318417e-72, "daily_visitors": 0, "new_customers": 12537616609496723493683522961408, "churned_customers": 5705030949254112513122004631552}, "generation": 0, "timestamp": "2025-11-14T23:33:32.847990"}