{"key": "daily_snapshot", "value": {"day": 0, "customers": 80956816806703265907210655215324567308997191689812812217331431, "mrr": 1.205488050685456e-90, "total_revenue": 3.180859164035811, "conversion_rate": 1.0886225468367583e+55, "churn_rate": 0.05, "average_price": 1.4890507041102447e-152, "daily_visitors": 0, "new_customers": 9648957406660521336088971528696702981728380729629140001488896, "churned_customers": 3162422090585654719957981920622490278561977084921024994082816}, "generation": 0, "timestamp": "2025-11-14T09:09:53.764997"}