{"key": "daily_snapshot", "value": {"day": 0, "customers": 26215141273197809191136171442141914593858108747021596720931528042704647, "mrr": 2.917956766923958e-103, "total_revenue": 7.42566689692798, "conversion_rate": 3.366354315628277e+63, "churn_rate": 0.05, "average_price": 1.1130806950513207e-173, "daily_visitors": 0, "new_customers": 2519030201147902860090383170747381824383266208466590111454690575122432, "churned_customers": 975445653155086501322590859796258788933976670251659490240090026803200}, "generation": 0, "timestamp": "2025-11-15T14:23:06.032400"}