{"key": "daily_snapshot", "value": {"day": 0, "customers": 233786989636833081688252119161014529, "mrr": 1.4395588972488813e-45, "total_revenue": 6.966800923949336, "conversion_rate": 3.18079829529456e+28, "churn_rate": 0.05, "average_price": 6.15756633628375e-81, "daily_visitors": 0, "new_customers": 25649402927280476937802693308579840, "churned_customers": 6337489462038698319177232970416128}, "generation": 0, "timestamp": "2025-11-14T04:25:33.374924"}