{"key": "daily_snapshot", "value": {"day": 0, "customers": 39581778894619832763710468, "mrr": 2.8556035086546747e-29, "total_revenue": 4.445436838349596, "conversion_rate": 5.227275888271465e+18, "churn_rate": 0.05, "average_price": 7.214439543652808e-55, "daily_visitors": 0, "new_customers": 5040806278097686306488320, "churned_customers": 2626193753374334795120640}, "generation": 0, "timestamp": "2025-11-15T18:07:49.974657"}