{"key": "daily_snapshot", "value": {"day": 0, "customers": 16366093459206280855403516959537661750336142653770158579517190337205989093392604942332216761463, "mrr": 4.448181174305213e-148, "total_revenue": 3.0646080228541357, "conversion_rate": 2.384539621777511e+87, "churn_rate": 0.05, "average_price": 2.7179248275666025e-242, "daily_visitors": 0, "new_customers": 1778010719488761812808893925683851128210447834128239705243484394732082508013467875008088899584, "churned_customers": 858632089246058353939394062566865113466920458977227059440312054760241707194037646481441161216}, "generation": 0, "timestamp": "2025-11-14T21:25:35.029229"}