{"key": "daily_snapshot", "value": {"day": 0, "customers": 12296201511166226336515786794010913914209580066364587439732701285194737819, "mrr": 1.1419741402115718e-110, "total_revenue": 13.18914372001125, "conversion_rate": 1.4640968925327556e+66, "churn_rate": 0.05, "average_price": 9.287210681888557e-184, "daily_visitors": 0, "new_customers": 1562365718767421552426294152808376398026752547227708870083795292790980608, "churned_customers": 611192550846140551044037611318386468978414534733865544204766369632223232}, "generation": 0, "timestamp": "2025-11-13T18:19:25.711755"}