{"key": "daily_snapshot", "value": {"day": 0, "customers": 154820434609831690076698016870025988900500032137441913215017964932936507625622591, "mrr": 5.96638093616316e-123, "total_revenue": 2.4762944740981485, "conversion_rate": 1.9111705208742552e+73, "churn_rate": 0.05, "average_price": 3.853742531597487e-203, "daily_visitors": 0, "new_customers": 18243070777525119317988785131102365768904929023858288850012938830734774121791488, "churned_customers": 4605675800870301941617175267320169779518884871676794131748721768254643466403840}, "generation": 0, "timestamp": "2025-11-13T16:20:19.809924"}