{"key": "daily_snapshot", "value": {"day": 0, "customers": 732035103830376037967289885870, "mrr": 9.922541684481047e-37, "total_revenue": 14.069439877331755, "conversion_rate": 1.0822355233043754e+23, "churn_rate": 0.05, "average_price": 1.3554734783292927e-66, "daily_visitors": 0, "new_customers": 100338193825950993254363168768, "churned_customers": 44569690490514666192373809152}, "generation": 0, "timestamp": "2025-11-15T13:03:16.093990"}