{"key": "daily_snapshot", "value": {"day": 0, "customers": 92835564573815652292370946336582072631168777651204486520788745170693547479318, "mrr": 1.7393539850191515e-119, "total_revenue": 6.2331957973706755, "conversion_rate": 1.0635845659755491e+70, "churn_rate": 0.05, "average_price": 1.8735858321151825e-196, "daily_visitors": 0, "new_customers": 11087714501347316330231753200514357203763454412846775485320777436067096690688, "churned_customers": 2898347610372226552209883352890425083712562246711795711629971433777084235776}, "generation": 0, "timestamp": "2025-11-14T08:07:05.964843"}