{"key": "daily_snapshot", "value": {"day": 0, "customers": 86419257883352128817189601357984553636818450609025534444255688, "mrr": 2.89767582606516e-92, "total_revenue": 4.843910136547377, "conversion_rate": 1.1150112728196533e+55, "churn_rate": 0.05, "average_price": 3.35304409808334e-154, "daily_visitors": 0, "new_customers": 11736440666982075361413326356124768048561201916276707287891968, "churned_customers": 3329250507245659552699776533936722414257264084102444149112832}, "generation": 0, "timestamp": "2025-11-14T06:58:40.835655"}