{"key": "daily_snapshot", "value": {"day": 0, "customers": 94914996984157526092534167883657731774245148594166905288, "mrr": 4.861231190827414e-82, "total_revenue": 4.843910136547377, "conversion_rate": 1.360271318076438e+49, "churn_rate": 0.05, "average_price": 5.1216681718262215e-138, "daily_visitors": 0, "new_customers": 15434951992629565416765763555922406763840218531322920960, "churned_customers": 6128594806689660268513428945070099475698697754453737472}, "generation": 0, "timestamp": "2025-11-14T06:55:53.046419"}