{"key": "daily_snapshot", "value": {"day": 0, "customers": 250312678402375611297229785231530580521284688629096079576360283758837365921, "mrr": 4.187819076181687e-111, "total_revenue": 4.323965768575599, "conversion_rate": 3.773097487284419e+67, "churn_rate": 0.05, "average_price": 1.6730351426505858e-185, "daily_visitors": 0, "new_customers": 34097979525074617599900502597071723891554913874209390102337931357150248960, "churned_customers": 13927334470745319939300705875963129474251196252392366697513981962100932608}, "generation": 0, "timestamp": "2025-11-14T14:24:50.262193"}