{"key": "daily_snapshot", "value": {"day": 0, "customers": 634460792075482811499252251984956260900606955404867678316699, "mrr": 2.711283141824589e-88, "total_revenue": 13.18914372001125, "conversion_rate": 8.963270024736246e+52, "churn_rate": 0.05, "average_price": 4.2733659442615696e-148, "daily_visitors": 0, "new_customers": 67583450588545592873004114212834863928868104733872158146560, "churned_customers": 32754964132942589562865436931484612453091991704264811479040}, "generation": 0, "timestamp": "2025-11-13T18:13:16.011095"}