{"key": "daily_snapshot", "value": {"day": 0, "customers": 2580447275869556, "mrr": 4.959424345455168e-12, "total_revenue": 7.593310615948537, "conversion_rate": 348245757.8079599, "churn_rate": 0.05, "average_price": 1.9219243081740343e-27, "daily_visitors": 0, "new_customers": 268380634154907, "churned_customers": 162561915092156}, "generation": 0, "timestamp": "2025-11-14T18:34:19.810755"}