{"key": "daily_snapshot", "value": {"day": 0, "customers": 33104582695815313954742622677247913492958677401000744070083966757705398128868245505930271613191549116, "mrr": 7.363145783511225e-158, "total_revenue": 7.827191553977371, "conversion_rate": 4.487275282885271e+93, "churn_rate": 0.05, "average_price": 2.2242074008810827e-258, "daily_visitors": 0, "new_customers": 4482987442136420989427493402093654098170121851386532218853672868006025592617409760690123422218321920, "churned_customers": 969149237000147261701986588180617810145227237441482291438259063699761746546397168143947908599775232}, "generation": 0, "timestamp": "2025-11-15T05:44:11.176033"}