{"key": "daily_snapshot", "value": {"day": 0, "customers": 113804432379563831400071742168647144834683428343581737619271628978005505320959682981077, "mrr": 1.1059619410268268e-129, "total_revenue": 5.438023679800494, "conversion_rate": 1.5405774821332283e+79, "churn_rate": 0.05, "average_price": 9.71809197499611e-216, "daily_visitors": 0, "new_customers": 14915156981011923028248623732030390410550294421407075258552704171101238860318727208960, "churned_customers": 7466298396631611648196168437810581989344306168711266773217422375477764051629531725824}, "generation": 0, "timestamp": "2025-11-14T20:07:59.209720"}