{"key": "daily_snapshot", "value": {"day": 0, "customers": 542974842717957283797742404228917009298550284955245764860219686580380814149902787396361392558533274923422253727538473204564052387598, "mrr": 5.365304326859937e-192, "total_revenue": 5.934471667464104, "conversion_rate": 8.005598673257932e+124, "churn_rate": 0.05, "average_price": 1e-323, "daily_visitors": 0, "new_customers": 80976610792936976080845642250592732669209491659219076057401927922968460320828220332557503490638200286860806560352725260938260774912, "churned_customers": 21535181680729425884558895843408155161463030227019058991769090476624438238379503977505057346119872943037070412401491133131841863680}, "generation": 0, "timestamp": "2025-11-14T18:27:29.972454"}