{"key": "daily_snapshot", "value": {"day": 0, "customers": 2134826853512301841097602651046367674711743005336240274792014561104422261701708874303744693489667129632195090031790, "mrr": 2.18521143155952e-177, "total_revenue": 14.069439877331755, "conversion_rate": 2.8699538139796465e+107, "churn_rate": 0.05, "average_price": 1.0236012480189313e-291, "daily_visitors": 0, "new_customers": 222330796875789700162462665262633276459866437924482044544380517656275186041448968238433174268901991550510035894272, "churned_customers": 52584086413295361114938429473839849295855606532964978947180273893745044829634473650256896057454600293055849299968}, "generation": 0, "timestamp": "2025-11-15T13:42:12.654605"}