{"key": "daily_snapshot", "value": {"day": 0, "customers": 13994736839400278014213038999977789527118711090763409312926259596636665823185569316683, "mrr": 6.896127764529302e-134, "total_revenue": 5.241512577835226, "conversion_rate": 2.1407333275340223e+78, "churn_rate": 0.05, "average_price": 4.9276580500707904e-219, "daily_visitors": 0, "new_customers": 1549718322712943221855384897064910862320691081290885830960719175811598667721119629312, "churned_customers": 602138186333957451663428616061567700813429730745417528933333581002831899793949720576}, "generation": 0, "timestamp": "2025-11-13T20:16:31.561156"}