{"key": "daily_snapshot", "value": {"day": 0, "customers": 17473603119330971004657195836573556577815236508760877943140982479587124267562386121, "mrr": 3.414481162676169e-124, "total_revenue": 3.6905216285399813, "conversion_rate": 2.46411918689989e+75, "churn_rate": 0.05, "average_price": 1.9540796133218474e-206, "daily_visitors": 0, "new_customers": 2457789720458369753734311376874306582672117173770480304358067779861175206903021568, "churned_customers": 986388649440850589143263351929589632896783758490052077413782533628388757691432960}, "generation": 0, "timestamp": "2025-11-15T04:20:02.636965"}