{"key": "daily_snapshot", "value": {"day": 0, "customers": 19256933747227758487062270889012452843224502204727835160639278282090188843968868610602477994269678132812919, "mrr": 7.350724861093842e-169, "total_revenue": 3.0646080228541357, "conversion_rate": 2.694141796263803e+99, "churn_rate": 0.05, "average_price": 3.8171834403034474e-275, "daily_visitors": 0, "new_customers": 1919295485119340617574316492157171826565911354634633432527252431905096552838800870250955405508476105916416, "churned_customers": 619506736370182635086760243788885032694969967116260878315348017004385827486406383063161061471644828041216}, "generation": 0, "timestamp": "2025-11-14T21:31:15.856694"}