{"key": "daily_snapshot", "value": {"day": 0, "customers": 115550734247362323366521750885096028548015079215125, "mrr": 5.336125315257925e-74, "total_revenue": 6.513341788556554, "conversion_rate": 1.509271675315334e+43, "churn_rate": 0.05, "average_price": 4.617993429478993e-124, "daily_visitors": 0, "new_customers": 14979395624474119478716501496490350243604240269312, "churned_customers": 3987467910033728471031421715629472262557850927104}, "generation": 0, "timestamp": "2025-11-15T00:43:39.728005"}