{"key": "daily_snapshot", "value": {"day": 0, "customers": 16633073697782, "mrr": 2.085977270860772e-08, "total_revenue": 4.843910132170059, "conversion_rate": 2044058.344088812, "churn_rate": 0.05, "average_price": 1.2541141275282958e-21, "daily_visitors": 0, "new_customers": 2269676870887, "churned_customers": 1044724930215}, "generation": 0, "timestamp": "2025-11-14T06:35:46.813184"}