{"key": "daily_snapshot", "value": {"day": 0, "customers": 825003722861153558438087306811819252683262160769936344935712257371830665193880906428741560267071306552, "mrr": 1.0937329448117152e-155, "total_revenue": 8.385937104373125, "conversion_rate": 1.166990629742402e+95, "churn_rate": 0.05, "average_price": 1.3257309203631171e-257, "daily_visitors": 0, "new_customers": 91223215852924134614319864392396734593367984971395480731764707180765664421812641380703858711733469184, "churned_customers": 31509737172586898434847491746810608425388382841266628788796581310933971102331471505330522231255597056}, "generation": 0, "timestamp": "2025-11-13T13:22:08.729810"}