{"key": "daily_snapshot", "value": {"day": 0, "customers": 8257954536055694, "mrr": 1.82982057698903e-13, "total_revenue": 2.963987135955534, "conversion_rate": 995330515.5246358, "churn_rate": 0.05, "average_price": 2.215827865120483e-29, "daily_visitors": 0, "new_customers": 1026524058311632, "churned_customers": 451724673671063}, "generation": 0, "timestamp": "2025-11-14T00:16:40.890236"}