{"key": "daily_snapshot", "value": {"day": 0, "customers": 281100467037356188370, "mrr": 1.0052541383385018e-21, "total_revenue": 7.180499208388138, "conversion_rate": 36044912222901.48, "churn_rate": 0.05, "average_price": 3.576138271605614e-42, "daily_visitors": 0, "new_customers": 33713966678860767232, "churned_customers": 14108140192784082944}, "generation": 0, "timestamp": "2025-11-15T19:06:49.239091"}