{"key": "daily_snapshot", "value": {"day": 0, "customers": 61026498725143455061822602979067388530085971594816, "mrr": 1.471168888244e-68, "total_revenue": 4.61627280770732, "conversion_rate": 9.111243848528509e+42, "churn_rate": 0.05, "average_price": 2.4107050526853597e-118, "daily_visitors": 0, "new_customers": 9424867902158050011588543144146848003201335033856, "churned_customers": 3474807537150155779054815745160128612929944682496}, "generation": 0, "timestamp": "2025-11-15T17:17:34.227433"}