{"key": "daily_snapshot", "value": {"day": 0, "customers": 634961061165427940217999647295311332519, "mrr": 2.6097855760340137e-52, "total_revenue": 7.010218214998832, "conversion_rate": 8.037824888393229e+31, "churn_rate": 0.05, "average_price": 4.1101505834766144e-91, "daily_visitors": 0, "new_customers": 75346814145061159722743428475089059840, "churned_customers": 20561883544289525780162849766369132544}, "generation": 0, "timestamp": "2025-11-14T23:36:50.741132"}