{"key": "daily_snapshot", "value": {"day": 0, "customers": 38519624319362899673535403512223011798422254885224188688576864033621, "mrr": 1.0569614520257192e-102, "total_revenue": 7.593310615949716, "conversion_rate": 5.307650413404634e+60, "churn_rate": 0.05, "average_price": 2.7439557646319246e-170, "daily_visitors": 0, "new_customers": 4426887495560115445760795717607486455981695459424080759557390860288, "churned_customers": 1500366316498386705353848599036734843195831272449682552748597313536}, "generation": 0, "timestamp": "2025-11-14T18:58:59.850958"}