{"key": "daily_snapshot", "value": {"day": 0, "customers": 185671204, "mrr": 1.154232551017278, "total_revenue": 2.6709215815533054, "conversion_rate": 30.368708159550405, "churn_rate": 0.05, "average_price": 6.2165404551223675e-09, "daily_visitors": 0, "new_customers": 33106676, "churned_customers": 9624141}, "generation": 0, "timestamp": "2025-11-14T00:13:09.131728"}