{"key": "daily_snapshot", "value": {"day": 0, "customers": 2252397215993426854465538895633061095132392514004773978887492123216605848611424372056466177613544866, "mrr": 9.880085562682942e-156, "total_revenue": 8.401501509864964, "conversion_rate": 3.082937502944147e+92, "churn_rate": 0.05, "average_price": 4.386475659145805e-255, "daily_visitors": 0, "new_customers": 231135699122045454214853021697218205348501684788524910137331629999222878519126932984327822290976768, "churned_customers": 88502449339156633402969607484393628097277685313376990622366085071287104331743332775033688784109568}, "generation": 0, "timestamp": "2025-11-14T13:35:43.546164"}