{"key": "daily_snapshot", "value": {"day": 0, "customers": 2032640980010301931433500086508205106749227879652153906370258778235565751407799836344703241396669740103, "mrr": 1.0825680465479427e-161, "total_revenue": 8.531929138055917, "conversion_rate": 2.999408139365937e+95, "churn_rate": 0.05, "average_price": 5.325918630954966e-264, "daily_visitors": 0, "new_customers": 299326469574885075904395977885402540135348898062034210908297937027996717111353556759741343904061980672, "churned_customers": 99419394303421293581984212618580641398377466001711425994642435031243161201964194977095521751091118080}, "generation": 0, "timestamp": "2025-11-13T11:49:52.389345"}