{"key": "daily_snapshot", "value": {"day": 0, "customers": 5801206911300326412503701869628820117701686920327305235570587695735232167959583431260943345843182, "mrr": 2.393010547361059e-154, "total_revenue": 4.058738603221899, "conversion_rate": 6.986635904423275e+89, "churn_rate": 0.05, "average_price": 4.125021885876281e-251, "daily_visitors": 0, "new_customers": 530058469005272021634590929310598022252196196706053236420943251507217323618649208986114977693696, "churned_customers": 208481974158734061212492311301064856014664881904078445340093960735179286077262103278986440212480}, "generation": 0, "timestamp": "2025-11-14T15:37:18.131418"}