{"key": "daily_snapshot", "value": {"day": 0, "customers": 4179700785902267014934846884567571763332654837218239090155384265389013335556670581084110557299559668491726948028513850104047154898, "mrr": 4.1300931364199386e-194, "total_revenue": 7.180499208388138, "conversion_rate": 5.778949768657791e+122, "churn_rate": 0.05, "average_price": 1e-323, "daily_visitors": 0, "new_customers": 481022567673181868267804290856358180335825462928841022748401959681422677217155397068406955069317642227210355622753584951414751232, "churned_customers": 231759400761749399261095212856616464319852181003421386486777622473450718960653932787845305277102644736487052928848501174976905216}, "generation": 0, "timestamp": "2025-11-15T19:58:21.468510"}