{"key": "daily_snapshot", "value": {"day": 0, "customers": 15957567581701707194336065021916828152819101931937904762371829376460923101647301059030975325322001826, "mrr": 3.305537618257194e-157, "total_revenue": 8.401501509864964, "conversion_rate": 1.8657434111244255e+93, "churn_rate": 0.05, "average_price": 2.0714545630673704e-257, "daily_visitors": 0, "new_customers": 1848268154726897909235317640811793099792029597572674064691047783453516568942313654755685859191685120, "churned_customers": 639194688890247552367603696569422132634990183990575736008319080621919791697314885252913381144264704}, "generation": 0, "timestamp": "2025-11-14T13:36:07.671761"}