{"key": "daily_snapshot", "value": {"day": 0, "customers": 73, "mrr": 1.1296202858479112, "total_revenue": 2.045097644514353, "conversion_rate": 0.23270214952177667, "churn_rate": 0.05, "average_price": 0.015474250491067277, "daily_visitors": 49, "new_customers": 9, "churned_customers": 2}, "generation": 0, "timestamp": "2025-11-14T15:57:10.193094"}