{"key": "daily_snapshot", "value": {"day": 0, "customers": 29133453157724605728083777417915767050518, "mrr": 1.0937775902533064e-55, "total_revenue": 6.2331957973706755, "conversion_rate": 3.336076420821783e+33, "churn_rate": 0.05, "average_price": 3.754369879642284e-96, "daily_visitors": 0, "new_customers": 2803823347325514434903607962372891738112, "churned_customers": 1285325502922897993002797442506044735488}, "generation": 0, "timestamp": "2025-11-14T07:49:45.978859"}