{"key": "daily_snapshot", "value": {"day": 0, "customers": 5086809933751013699039315339233111451585068573709611843, "mrr": 8.620198894296729e-81, "total_revenue": 3.6902796439842023, "conversion_rate": 6.356066901133911e+47, "churn_rate": 0.05, "average_price": 1.6946178462658215e-135, "daily_visitors": 0, "new_customers": 694868029273024068420182511233146560537508477296181248, "churned_customers": 308306514494579752344811240630096159722173853281026048}, "generation": 0, "timestamp": "2025-11-14T01:26:05.205694"}