{"key": "daily_snapshot", "value": {"day": 0, "customers": 21320066119308641, "mrr": 1.2384101097373755e-13, "total_revenue": 3.8452002827692513, "conversion_rate": 2829256877.9387865, "churn_rate": 0.05, "average_price": 5.808659798741442e-30, "daily_visitors": 0, "new_customers": 2611806162587598, "churned_customers": 794028607551700}, "generation": 0, "timestamp": "2025-11-13T13:45:56.705628"}