{"key": "daily_snapshot", "value": {"day": 0, "customers": 130865713234577181810285074837558948227111603710709079264717127053029264712024056968383878468603277958271633817596875609, "mrr": 5.6126050777217374e-189, "total_revenue": 4.2636659399133805, "conversion_rate": 1.7944125345941965e+112, "churn_rate": 0.05, "average_price": 4.288827790714842e-308, "daily_visitors": 0, "new_customers": 17557305232548619057972840856585257695806286843585264650970680414399568537096458707179282761714931509819686100444119040, "churned_customers": 4206373451707849547682562939806124129015613476357688107212304309872508797208588996241595687733593312663807871443533824}, "generation": 0, "timestamp": "2025-11-15T15:47:45.909790"}