{"key": "daily_snapshot", "value": {"day": 0, "customers": 62008257425067514754722938000855466354624842111698799062880030727206649270668834658283007047670168005086680313983186429877076758, "mrr": 6.127229950441251e-196, "total_revenue": 8.73321624443256, "conversion_rate": 7.164418192367513e+120, "churn_rate": 0.05, "average_price": 1e-323, "daily_visitors": 0, "new_customers": 5150899944953449475762076076396112916788160072702915313649365521818575822039898343049680816770772409281254761174956485543723008, "churned_customers": 3484714744703156267004502849274327081921058852664411063058447332688689134116301860097976257808135443680066497611669810817531904}, "generation": 0, "timestamp": "2025-11-14T17:07:55.020490"}