{"key": "daily_snapshot", "value": {"day": 0, "customers": 294130836373098941761725258792962278135061417655519474151095590309037619816103037026697035, "mrr": 6.648284542399421e-141, "total_revenue": 5.241512577835226, "conversion_rate": 3.4684832661231104e+82, "churn_rate": 0.05, "average_price": 2.2603153835819544e-230, "daily_visitors": 0, "new_customers": 34933102100300490845002843820129692681196345316143783794418306838713369875060999889879040, "churned_customers": 13218110356867767161047912582897752288951382343199881602204050674976699459789163969118208}, "generation": 0, "timestamp": "2025-11-13T20:23:22.731739"}