{"key": "daily_snapshot", "value": {"day": 0, "customers": 1695541357638464175784181517973412378901998674085598491936, "mrr": 1.3437839444333358e-83, "total_revenue": 2.640852054669741, "conversion_rate": 2.099375282646129e+50, "churn_rate": 0.05, "average_price": 7.925397622296556e-141, "daily_visitors": 0, "new_customers": 213768565128768699652373686384291328973262097888307052544, "churned_customers": 55153341573386724488698151242712624619781985729649836032}, "generation": 0, "timestamp": "2025-11-14T02:33:41.712238"}