{"key": "daily_snapshot", "value": {"day": 0, "customers": 15460869743041621, "mrr": 1.1225866566247972e-13, "total_revenue": 7.01021821499881, "conversion_rate": 2108533017.6416593, "churn_rate": 0.05, "average_price": 7.260824748426801e-30, "daily_visitors": 0, "new_customers": 1852684047421689, "churned_customers": 994355009766896}, "generation": 0, "timestamp": "2025-11-14T23:26:15.824631"}