{"key": "daily_snapshot", "value": {"day": 0, "customers": 1603335619617396173214910414775385397155539656764596020474697373211155511133340611169632707389198, "mrr": 5.394627867554699e-149, "total_revenue": 5.934471667464104, "conversion_rate": 2.3137007435385614e+89, "churn_rate": 0.05, "average_price": 3.364627967812515e-245, "daily_visitors": 0, "new_customers": 171575095591195406256317798183894344189457754147530295719235532864687047442871186758079902384128, "churned_customers": 102692153500551098731134331060665310467485479897073204120924846284409086080486579094412964397056}, "generation": 0, "timestamp": "2025-11-14T18:10:50.667330"}