{"key": "daily_snapshot", "value": {"day": 0, "customers": 145143498455494929922866636359308984537754837, "mrr": 2.52390802866288e-60, "total_revenue": 5.438023679800494, "conversion_rate": 1.9953914122343384e+37, "churn_rate": 0.05, "average_price": 1.7389053285337343e-104, "daily_visitors": 0, "new_customers": 16721083011135659534800403460479571332169728, "churned_customers": 5720726921060084396987617920280572626731008}, "generation": 0, "timestamp": "2025-11-14T19:48:45.259274"}