{"key": "daily_snapshot", "value": {"day": 0, "customers": 19145874188340171305599568832284493313807292887534563188549103646728948055517331725382730589878487098084600057998616550305312848953, "mrr": 1.8918637392115077e-193, "total_revenue": 8.82569014329087, "conversion_rate": 2.8875974229704675e+123, "churn_rate": 0.05, "average_price": 1e-323, "daily_visitors": 0, "new_customers": 2391171699572860699019635305210974457257997069596800296438950630545158849765462419409974222004921047372415110868821205314344845312, "churned_customers": 943829642121188303284763709015415268583743782030811523383070207605471573738184093336993382999154988326047845598109087514232881152}, "generation": 0, "timestamp": "2025-11-13T12:32:26.651194"}