{"key": "daily_snapshot", "value": {"day": 0, "customers": 8446811747230499006159803426297406817707887131501876326755012149750104343453182445485899, "mrr": 1.7954461720477477e-138, "total_revenue": 5.241512577835226, "conversion_rate": 1.2445025285347161e+81, "churn_rate": 0.05, "average_price": 2.1255903715818338e-226, "daily_visitors": 0, "new_customers": 1302550825067632672086988980437971439966833095917648697079595603555545023801960561639424, "churned_customers": 381999806628921102262782602798183662051012342502462719747142519789798954376214177906688}, "generation": 0, "timestamp": "2025-11-13T20:22:41.513968"}