{"key": "daily_snapshot", "value": {"day": 0, "customers": 3034322609893624927333407247393369073251329868781217483984395352684390903731716022608477, "mrr": 3.1054305539470504e-135, "total_revenue": 7.058512489256422, "conversion_rate": 3.8764855932372137e+80, "churn_rate": 0.05, "average_price": 1.023434536532659e-222, "daily_visitors": 0, "new_customers": 341011391690328313667313141822773651565405401274761651781905877012802834596272013312000, "churned_customers": 114695659747257532461258487479931702327848597682726439184332251009823251904291410018304}, "generation": 0, "timestamp": "2025-11-15T11:22:24.491357"}