{"key": "daily_snapshot", "value": {"day": 0, "customers": 923883740669671019897484310980832741591028810899963173125638872277916937457188546969966828784276995233, "mrr": 1.2130042049794364e-158, "total_revenue": 4.323965768575599, "conversion_rate": 1.4081956427002475e+95, "churn_rate": 0.05, "average_price": 1.3129403101089305e-260, "daily_visitors": 0, "new_customers": 144494838471721147960024834539343197535688930424217630428447631683545225740018779943749288577426522112, "churned_customers": 41811200922656515590092742929204779411328464891650320282847264173740968545733472788552640538943160320}, "generation": 0, "timestamp": "2025-11-14T14:37:49.243849"}