{"key": "daily_snapshot", "value": {"day": 0, "customers": 118972756511653097628541426648617924356329750, "mrr": 5.823220753278091e-62, "total_revenue": 6.2331957973706755, "conversion_rate": 1.5837503769177072e+37, "churn_rate": 0.05, "average_price": 4.894583368510689e-106, "daily_visitors": 0, "new_customers": 13124287630442695878119403975875799317217280, "churned_customers": 6102593579831485699595443445854073977307136}, "generation": 0, "timestamp": "2025-11-14T07:51:28.453480"}