{"key": "daily_snapshot", "value": {"day": 0, "customers": 22605331429443843246015600204520122289275310660392458526926226198, "mrr": 2.835890224399894e-95, "total_revenue": 8.73321624443256, "conversion_rate": 3.1192298066397547e+57, "churn_rate": 0.05, "average_price": 1.2545227364842335e-159, "daily_visitors": 0, "new_customers": 2679656953013375193025109459068049097372528129734232207129575424, "churned_customers": 504837030640511880567875801019128202651938240886264422245335040}, "generation": 0, "timestamp": "2025-11-14T16:24:17.472540"}