{"key": "daily_snapshot", "value": {"day": 0, "customers": 423629868, "mrr": 3.2918902655251854, "total_revenue": 8.089694124859804, "conversion_rate": 62.22720849299049, "churn_rate": 0.05, "average_price": 7.770675568902959e-09, "daily_visitors": 0, "new_customers": 57668389, "churned_customers": 16362765}, "generation": 0, "timestamp": "2025-11-13T11:35:57.487912"}