{"key": "daily_snapshot", "value": {"day": 0, "customers": 21265323915437362740384504541513561899754016533775723282007397698430428170782079030746212762704100310192507147611894855, "mrr": 3.208931271724149e-191, "total_revenue": 8.531929138055917, "conversion_rate": 2.780195179888012e+111, "churn_rate": 0.05, "average_price": 1.50899712813434e-309, "daily_visitors": 0, "new_customers": 2381917862972187851186950250058857678214363955088132169422131622981036277901952573359333463576847451437904108476956672, "churned_customers": 1350306693891994441079345020956368006756126554559411818095416430778077312339128389201172247995719154478396716546523136}, "generation": 0, "timestamp": "2025-11-13T11:57:43.891959"}