{"key": "daily_snapshot", "value": {"day": 0, "customers": 148037243714526681708244127757973752944843948300595100603228735745514428383507569126497358892399392285480603323894674, "mrr": 4.142956556630189e-186, "total_revenue": 5.414632391501176, "conversion_rate": 2.316550884583515e+109, "churn_rate": 0.05, "average_price": 2.7985907145227715e-302, "daily_visitors": 0, "new_customers": 17693203791306706737300013928387848053153815258346311164346595991703194545070432495988206014481946553101566162763776, "churned_customers": 6691981694724233170594414747594249376448659896786237501649168642957751992962316425172377122982554940765815703601152}, "generation": 0, "timestamp": "2025-11-14T00:02:43.513425"}