{"key": "daily_snapshot", "value": {"day": 0, "customers": 807962139272787548327117746925150316377595673472305699089134506762101364661443224449965840116846766235, "mrr": 5.831842998234083e-160, "total_revenue": 13.18914372001125, "conversion_rate": 1.201049145081504e+95, "churn_rate": 0.05, "average_price": 7.217965687702988e-262, "daily_visitors": 0, "new_customers": 125809377502733056485997250507477684780657395625119136497888522862597187556622883861291649115707408384, "churned_customers": 47591441106104984910434195151579485853838257196906728327725031393408366271688487977384969746560057344}, "generation": 0, "timestamp": "2025-11-13T18:32:55.636030"}