{"key": "daily_snapshot", "value": {"day": 0, "customers": 2246329568518137339, "mrr": 1.862296233324211e-16, "total_revenue": 4.596591164332845, "conversion_rate": 293186078480.5104, "churn_rate": 0.05, "average_price": 8.290396295467606e-35, "daily_visitors": 0, "new_customers": 286848284634141792, "churned_customers": 81739465239479088}, "generation": 0, "timestamp": "2025-11-14T11:56:24.662415"}