{"key": "daily_snapshot", "value": {"day": 0, "customers": 3733334336913523718739948120328186486669978352632795684420206849052477240352574058369565267914275881024250073433423266, "mrr": 1.2934090140123117e-187, "total_revenue": 8.401501509864964, "conversion_rate": 5.379830712335856e+110, "churn_rate": 0.05, "average_price": 3.464487499080025e-305, "daily_visitors": 0, "new_customers": 458838025842857740164941241466933170532177991307239177006441474342209925522549938039127645358764021532124180469776384, "churned_customers": 134621415989744949159838234358229432303287824969549681688539247108195027049416983037220915534586724954828451497377792}, "generation": 0, "timestamp": "2025-11-14T13:44:23.242152"}