{"key": "daily_snapshot", "value": {"day": 0, "customers": 41406504349401710160809066391408158372924868140396934265178479061, "mrr": 2.107155806083894e-98, "total_revenue": 5.250998821828405, "conversion_rate": 4.8641922208732665e+57, "churn_rate": 0.05, "average_price": 5.088948799693448e-163, "daily_visitors": 0, "new_customers": 5598250293760337824278710102617886758507551930730427905768161280, "churned_customers": 2759921348742778839955612337102018459393629563115856872714797056}, "generation": 0, "timestamp": "2025-11-14T22:13:01.897489"}