{"key": "daily_snapshot", "value": {"day": 0, "customers": 352333584885522722407542743701698932717981191208902314698700329607487121154552947841143, "mrr": 9.54474733325558e-134, "total_revenue": 8.055065502431749, "conversion_rate": 5.189897980756623e+79, "churn_rate": 0.05, "average_price": 2.709008661878424e-220, "daily_visitors": 0, "new_customers": 53411697276850285240593496321493689937779893277915211967649933970011210176391834238976, "churned_customers": 10875928960462918957167875203394403522948505256801307621031928206550018433012906065920}, "generation": 0, "timestamp": "2025-11-13T17:24:28.318733"}