{"key": "daily_snapshot", "value": {"day": 0, "customers": 62859550918044955519131, "mrr": 3.444964857600174e-25, "total_revenue": 13.18914372001125, "conversion_rate": 8625571774950088.0, "churn_rate": 0.05, "average_price": 5.48041595475547e-48, "daily_visitors": 0, "new_customers": 9026520041343120572416, "churned_customers": 3319081481396430045184}, "generation": 0, "timestamp": "2025-11-13T17:55:56.694025"}