{"key": "daily_snapshot", "value": {"day": 0, "customers": 1440282812200, "mrr": 8.69691714297466e-06, "total_revenue": 7.574351973780177, "conversion_rate": 184871.436132448, "churn_rate": 0.05, "average_price": 6.038339879714535e-18, "daily_visitors": 0, "new_customers": 154096641025, "churned_customers": 42937936412}, "generation": 0, "timestamp": "2025-11-14T09:47:46.458607"}