{"key": "daily_snapshot", "value": {"day": 0, "customers": 1126264727434939645869963719774195872304862969865097016391, "mrr": 3.925738445969712e-85, "total_revenue": 8.531929138055917, "conversion_rate": 1.455765176394873e+50, "churn_rate": 0.05, "average_price": 3.4856267361853326e-142, "daily_visitors": 0, "new_customers": 146881950787326075298875781036489532869244179034350288896, "churned_customers": 30018251862367120762865645238125150051663953293396148224}, "generation": 0, "timestamp": "2025-11-13T11:28:51.636280"}