{"key": "daily_snapshot", "value": {"day": 0, "customers": 1719568803410134899555442196497854341297779523, "mrr": 3.414167566617306e-64, "total_revenue": 3.6902796439842023, "conversion_rate": 2.7029067372066618e+38, "churn_rate": 0.05, "average_price": 1.985478894387102e-109, "daily_visitors": 0, "new_customers": 236462374464638460195496734697590412340625408, "churned_customers": 89777932659713451976358417442281276261269504}, "generation": 0, "timestamp": "2025-11-14T01:21:35.126999"}