{"key": "daily_snapshot", "value": {"day": 0, "customers": 5798997730170692616736808182448546885904735217916041398559360342994133, "mrr": 1.834550978429496e-102, "total_revenue": 5.438023679800494, "conversion_rate": 7.182541339719725e+62, "churn_rate": 0.05, "average_price": 3.163565608734074e-172, "daily_visitors": 0, "new_customers": 614722449026744422487861382091844938921967357006038201429000435269632, "churned_customers": 357965442350342589171093630624831101095381274500201169830219878498304}, "generation": 0, "timestamp": "2025-11-14T20:00:27.714755"}