{"key": "daily_snapshot", "value": {"day": 0, "customers": 33706865882002262188588801479400753215107219075959848830365447010932066041548110297563104625634201653759298641390461549083630, "mrr": 3.330680892255145e-199, "total_revenue": 4.058738603221899, "conversion_rate": 4.7747099070988974e+117, "churn_rate": 0.05, "average_price": 1e-323, "daily_visitors": 0, "new_customers": 4063212591875879316003275480794069981153755008326832937200753637014529062157774662761914960253926877163847298663210062708736, "churned_customers": 1631980952873281310787230748146433374903074181794611767281386804934998832633627627223816920003519522424996292706610997886976}, "generation": 0, "timestamp": "2025-11-14T15:52:07.653269"}