{"key": "daily_snapshot", "value": {"day": 0, "customers": 546691258850917260756339330471082253982599199099072268136608711114192680474052500884972423800055037080726789, "mrr": 5.76108318901124e-175, "total_revenue": 1.5620171583249602, "conversion_rate": 8.428596595407237e+100, "churn_rate": 0.05, "average_price": 1.053809274565754e-282, "daily_visitors": 0, "new_customers": 78306069391708655087406906804049926495794610384311050192576304309590470767758837349453027432846820772937728, "churned_customers": 31278068761407073434111878495914700456445748840757116899348333026498955205524150299240751312947463053115392}, "generation": 0, "timestamp": "2025-11-13T21:42:57.466290"}