{"key": "daily_snapshot", "value": {"day": 0, "customers": 36660649673945308677753434872562, "mrr": 5.2842170505321055e-39, "total_revenue": 10.298721371422412, "conversion_rate": 5.099838137344817e+24, "churn_rate": 0.05, "average_price": 1.4413866359514065e-70, "daily_visitors": 0, "new_customers": 5265957007861207249603849617408, "churned_customers": 2503624413707379919646263083008}, "generation": 0, "timestamp": "2025-11-14T03:22:39.330695"}