{"key": "daily_snapshot", "value": {"day": 0, "customers": 27864663352946607936789647293226124287942180545517087396822851168469896388493066118008692264221128, "mrr": 2.2449676987007717e-153, "total_revenue": 4.843910136547377, "conversion_rate": 3.900261628107014e+90, "churn_rate": 0.05, "average_price": 8.056683370852111e-251, "daily_visitors": 0, "new_customers": 3688444668503562914193827267292434519897754585750402392075685752293576676080080835380019902545920, "churned_customers": 1745172843055953481746645441726867353075263246777183035773093833804463388832548332889787712143360}, "generation": 0, "timestamp": "2025-11-14T07:15:22.655683"}