{"key": "daily_snapshot", "value": {"day": 0, "customers": 5426292421779640423724098996244218398615713305159716153736364382897920910378301675760986667927686486583193473770528847871394, "mrr": 4.02141700483503e-198, "total_revenue": 8.401501509864964, "conversion_rate": 7.803127392549058e+116, "churn_rate": 0.05, "average_price": 7.4e-322, "daily_visitors": 0, "new_customers": 655460162873406989507966019233491468153873602575669466719732668960410807810113721907263314114494741862281713382567813578752, "churned_customers": 297748524174832689104418392294333465824193075540860978134879757805151425952101314084117819496729794970272823762635320197120}, "generation": 0, "timestamp": "2025-11-14T13:47:16.038532"}