{"key": "daily_snapshot", "value": {"day": 0, "customers": 5105579733071368613337739749880549279335843805859828816639200247970596517315221689482040, "mrr": 4.2209044558109335e-132, "total_revenue": 8.385937104373125, "conversion_rate": 8.334072009875154e+80, "churn_rate": 0.05, "average_price": 8.26723834801765e-220, "daily_visitors": 0, "new_customers": 636065628165436151363598171245743961160948586767092542791195078994180602663627806212096, "churned_customers": 340102666889979912234166669922086033176467463375063793352967454113171463646092107710464}, "generation": 0, "timestamp": "2025-11-13T13:14:24.926252"}