{"key": "daily_snapshot", "value": {"day": 0, "customers": 8912795274069, "mrr": 1.3972078086221702e-08, "total_revenue": 5.414632388682644, "conversion_rate": 1056871.07057174, "churn_rate": 0.05, "average_price": 1.5676426594103697e-21, "daily_visitors": 0, "new_customers": 1146428756331, "churned_customers": 387292006142}, "generation": 0, "timestamp": "2025-11-13T21:58:57.010055"}