{"key": "daily_snapshot", "value": {"day": 0, "customers": 38854425489246941051022556450873531889822942830919992155254731856041746182686398205974937428031589972450317865903908092932, "mrr": 8.44964878992608e-190, "total_revenue": 4.445436838349596, "conversion_rate": 5.459559725868589e+114, "churn_rate": 0.05, "average_price": 2.17469404927e-311, "daily_visitors": 0, "new_customers": 4399235948381882838694821918474738253942120810558342358291351168269319081410792670525763875133078120589532940523773362176, "churned_customers": 2427822402924460461061566551643521432846362754758093422847300109038172492024600977629557143517221493431496682298218119168}, "generation": 0, "timestamp": "2025-11-15T18:52:12.699898"}