{"key": "daily_snapshot", "value": {"day": 0, "customers": 339664089256707729129291, "mrr": 7.032550032644076e-27, "total_revenue": 5.241512577835226, "conversion_rate": 4.733768885639578e+16, "churn_rate": 0.05, "average_price": 2.0704426093537049e-50, "daily_visitors": 0, "new_customers": 38935572324069828198400, "churned_customers": 17978002526649628753920}, "generation": 0, "timestamp": "2025-11-13T18:57:31.194415"}