{"key": "daily_snapshot", "value": {"day": 0, "customers": 335415238021075374841351039285771158735852, "mrr": 9.291793717125838e-57, "total_revenue": 3.8452002827692775, "conversion_rate": 4.155463903291961e+34, "churn_rate": 0.05, "average_price": 2.770236013112201e-98, "daily_visitors": 0, "new_customers": 39582096742891088302905946553309517053952, "churned_customers": 13109191339986873862805977707620847321088}, "generation": 0, "timestamp": "2025-11-13T13:57:44.479237"}