{"key": "daily_snapshot", "value": {"day": 0, "customers": 621203307047781302, "mrr": 3.8370650973030543e-16, "total_revenue": 4.843910136547377, "conversion_rate": 82701773821.41771, "churn_rate": 0.05, "average_price": 6.1768265779820095e-34, "daily_visitors": 0, "new_customers": 84277920022277264, "churned_customers": 13337070587888930}, "generation": 0, "timestamp": "2025-11-14T06:37:54.333459"}