{"key": "daily_snapshot", "value": {"day": 0, "customers": 183678533605295674990329566696907876181451151213209707922091897642220641415037841172650453, "mrr": 5.1896426892728096e-141, "total_revenue": 5.250998821828405, "conversion_rate": 2.393172405578909e+82, "churn_rate": 0.05, "average_price": 2.8253942294774426e-230, "daily_visitors": 0, "new_customers": 18501142159622509202572217656247314173778700976726576150659242049412728841212963823026176, "churned_customers": 5140417871227505636622707370877914835702335585895739624651832642030761302850731767758848}, "generation": 0, "timestamp": "2025-11-14T22:24:39.743097"}