{"key": "daily_snapshot", "value": {"day": 0, "customers": 35883105263922020267183647342794438170758555416059810275079798760748575530001236, "mrr": 1.609840534177677e-122, "total_revenue": 7.997332640408474, "conversion_rate": 5.556611793954089e+72, "churn_rate": 0.05, "average_price": 4.486346770540677e-202, "daily_visitors": 0, "new_customers": 4141692407435988354523681896053260313341956570459255433914118076630045609164800, "churned_customers": 2392299831945810644796481845145494973650867488587836518531854416556751945990144}, "generation": 0, "timestamp": "2025-11-15T16:30:45.851848"}