{"key": "daily_snapshot", "value": {"day": 0, "customers": 181396713736278167492757647453554899634630852454771323914312242009, "mrr": 6.81141294170511e-100, "total_revenue": 4.2636659399133805, "conversion_rate": 2.4648713534185314e+58, "churn_rate": 0.05, "average_price": 3.7549814444862634e-165, "daily_visitors": 0, "new_customers": 18702044896736776850101418111005838312499727465225439907017654272, "churned_customers": 8522071046638091857943471288664654825594782288236542261125447680}, "generation": 0, "timestamp": "2025-11-15T15:23:03.035287"}