{"key": "daily_snapshot", "value": {"day": 0, "customers": 3144423403925329167304271057756511733357001785, "mrr": 1.652557654662578e-61, "total_revenue": 8.82569014329087, "conversion_rate": 4.7409182871460745e+38, "churn_rate": 0.05, "average_price": 5.2555188738247337e-107, "daily_visitors": 0, "new_customers": 383250681907454125092379203977958465694859264, "churned_customers": 157741807911568462908621597079838871611506688}, "generation": 0, "timestamp": "2025-11-13T11:52:53.293061"}