{"key": "daily_snapshot", "value": {"day": 0, "customers": 62364624679984968499349094970179, "mrr": 5.306259742389221e-41, "total_revenue": 3.6902796439842023, "conversion_rate": 9.263435552169234e+24, "churn_rate": 0.05, "average_price": 8.508444923091454e-73, "daily_visitors": 0, "new_customers": 6723483990365148929743011184640, "churned_customers": 3173753196035091690557714464768}, "generation": 0, "timestamp": "2025-11-14T01:15:15.304872"}