{"key": "daily_snapshot", "value": {"day": 0, "customers": 1651873973670361200427010290096774315619580341716747944036663165536451384, "mrr": 1.4426890704654774e-107, "total_revenue": 8.385937104373125, "conversion_rate": 2.4063044183872958e+65, "churn_rate": 0.05, "average_price": 8.733650953165103e-180, "daily_visitors": 0, "new_customers": 256180530287516960584801009814038923475515970720615540827655283855589376, "churned_customers": 94623662404614480693447415110563201734928901633285060422137459022757888}, "generation": 0, "timestamp": "2025-11-13T13:07:29.160776"}