{"key": "daily_snapshot", "value": {"day": 0, "customers": 69124884677768307189691233771489676449273969367489235268899019625359031458261, "mrr": 8.288729893047206e-120, "total_revenue": 5.250998821828405, "conversion_rate": 8.776637840983248e+69, "churn_rate": 0.05, "average_price": 1.199094932553717e-196, "daily_visitors": 0, "new_customers": 8843240729385563837112688063247144566735641589260907369701267693854525489152, "churned_customers": 1858222345926946972650862952829917219969685888557607981392875004908514836480}, "generation": 0, "timestamp": "2025-11-14T22:18:50.736921"}