{"key": "daily_snapshot", "value": {"day": 0, "customers": 4813942158893940299325616507646632370020565336519516648949443260979380167622909570195461986433015635087534235, "mrr": 8.593957140205375e-172, "total_revenue": 13.18914372001125, "conversion_rate": 5.990549556146206e+101, "churn_rate": 0.05, "average_price": 1.7852223513586915e-280, "daily_visitors": 0, "new_customers": 593741836444851654419767851354158386322608918935098939473863867163260669021274924822285051507665108499169280, "churned_customers": 163094257255538211464383579886989690716056891319044530590003952948366652415394106177725013117927570481872896}, "generation": 0, "timestamp": "2025-11-13T18:36:08.767507"}