{"key": "daily_snapshot", "value": {"day": 0, "customers": 3457750882057, "mrr": 3.008991826995091e-07, "total_revenue": 4.816594316093013, "conversion_rate": 456586.5334686692, "churn_rate": 0.05, "average_price": 8.702164874310018e-20, "daily_visitors": 0, "new_customers": 503668986516, "churned_customers": 226194119204}, "generation": 0, "timestamp": "2025-11-15T20:04:25.995296"}