{"key": "daily_snapshot", "value": {"day": 0, "customers": 14075042475814324208120511646667558260610010295962920014514868373849885239677431616305219266355889522193796068171688535986596573150190, "mrr": 1.3907989902112365e-190, "total_revenue": 4.058738603221899, "conversion_rate": 2.024194783420255e+126, "churn_rate": 0.05, "average_price": 1e-323, "daily_visitors": 0, "new_customers": 1764915867536652329226745191788423204994729121739578521221009920253210418481078113356568648526408291896376409724738630377112552341504, "churned_customers": 624862914682211019608885157082363008371649401920581235341103417547346056731280705135890680241168987697225328059631880987263719440384}, "generation": 0, "timestamp": "2025-11-14T15:56:01.727900"}