{"key": "daily_snapshot", "value": {"day": 0, "customers": 312880276963664272702664629880823344955716411087896223235, "mrr": 1.363229823262025e-85, "total_revenue": 11.37579680016544, "conversion_rate": 3.8537852152238644e+49, "churn_rate": 0.05, "average_price": 4.3570334202316655e-142, "daily_visitors": 0, "new_customers": 31589150393387142561911976089914177555115306221209387008, "churned_customers": 12649125313493040496522628469614392288079447792270966784}, "generation": 0, "timestamp": "2025-11-14T05:37:16.929180"}