{"key": "daily_snapshot", "value": {"day": 0, "customers": 669969532694679604778157668810537415193347189785721412817616875380356382864892938185298806905586, "mrr": 2.624232120912987e-148, "total_revenue": 10.298721371422412, "conversion_rate": 8.962964641580512e+88, "churn_rate": 0.05, "average_price": 3.9169424770079944e-244, "daily_visitors": 0, "new_customers": 82205380354514989390185108879916106648321711969526323013973585663852772332656298112661910978560, "churned_customers": 14677387355160048940197130209572700940764690396393455622532774844479346519699877277680063741952}, "generation": 0, "timestamp": "2025-11-14T03:52:37.650632"}