{"key": "daily_snapshot", "value": {"day": 0, "customers": 4877652263620329079499977317875798150034, "mrr": 1.1834182697557024e-53, "total_revenue": 5.414632391501176, "conversion_rate": 6.636268133321332e+32, "churn_rate": 0.05, "average_price": 2.4262046693696373e-93, "daily_visitors": 0, "new_customers": 549545405678922703112292413686660726784, "churned_customers": 197504932566975651161479461099817402368}, "generation": 0, "timestamp": "2025-11-13T22:11:20.649159"}