{"key": "daily_snapshot", "value": {"day": 0, "customers": 4440784528601287057318284839245079280697225987924864436228072647338810602028313405411254390783307276215206966975713301, "mrr": 7.877141752548937e-188, "total_revenue": 6.513341788556554, "conversion_rate": 6.929658951074329e+110, "churn_rate": 0.05, "average_price": 1.773817599528973e-305, "daily_visitors": 0, "new_customers": 693908706813864661543531403975126912101014077839582823297607244667826152515391998440089860028601613701794285890830336, "churned_customers": 190184149486416068946816565788269791242631362518555079669280631322086912410223898792997092354594925458097665665400832}, "generation": 0, "timestamp": "2025-11-15T01:15:01.571140"}