{"key": "daily_snapshot", "value": {"day": 0, "customers": 254184734477647274563860810367887375505734061636806212188614755040291511344013582262111001589591508521020749584420610179, "mrr": 4.794550429279498e-190, "total_revenue": 4.596591164332845, "conversion_rate": 3.282293777853072e+112, "churn_rate": 0.05, "average_price": 1.886246410167927e-309, "daily_visitors": 0, "new_customers": 26802838726595169495721789606537899800458192544082421945589663580273421063338071550409558766349998650759536941289439232, "churned_customers": 10884747696319446272525098535275805814501595055121365570694496335396591703223089726511700838594741257529144143654158336}, "generation": 0, "timestamp": "2025-11-14T12:43:54.281908"}