{"key": "daily_snapshot", "value": {"day": 0, "customers": 25187022392190894962002578659516488226393517463106134436690172826031579958924085089315650714240643260, "mrr": 1.094163312712276e-157, "total_revenue": 7.827191553977371, "conversion_rate": 3.479214815782858e+93, "churn_rate": 0.05, "average_price": 4.344155079845864e-258, "daily_visitors": 0, "new_customers": 3703125052790450264899257916211666675097738823753163933545013579122898634942160862999779333503975424, "churned_customers": 1549622334956652086723508273011737611597382322144878127536028693412413005413088040355353408382697472}, "generation": 0, "timestamp": "2025-11-15T05:44:08.160902"}