{"key": "daily_snapshot", "value": {"day": 0, "customers": 14545297465448570705989072581258183387207502907116852945417255838959626123978210099913, "mrr": 1.2260378352566937e-128, "total_revenue": 3.6905216285399813, "conversion_rate": 1.9062635432279127e+78, "churn_rate": 0.05, "average_price": 8.429101145363775e-214, "daily_visitors": 0, "new_customers": 1551366756497256566467870323965811069537862588680343717185879778415275435919222505472, "churned_customers": 585058901038589833976568385100046334193203651898129144389568823158269086539687395328}, "generation": 0, "timestamp": "2025-11-15T04:21:19.052579"}