{"key": "daily_snapshot", "value": {"day": 0, "customers": 58293588246447671538065751791895168407463824039080904080582556202640602212594676572553873519650593477879413318614177, "mrr": 6.81303989974082e-181, "total_revenue": 4.323965768575599, "conversion_rate": 7.941948718319273e+108, "churn_rate": 0.05, "average_price": 1.1687460155887721e-296, "daily_visitors": 0, "new_customers": 9045912666293248647916661136986081840092082347663021872510353114312943412780668074114654579913554577472889095716864, "churned_customers": 3177656304302235844363058158911475006057016599952756612295075606230601175703929590862748604565117319083990649405440}, "generation": 0, "timestamp": "2025-11-14T14:44:03.046004"}