{"key": "daily_snapshot", "value": {"day": 0, "customers": 2506430713939823112759605918279897814768240213410, "mrr": 7.552831482875631e-70, "total_revenue": 8.401501509864964, "conversion_rate": 3.743988619538503e+41, "churn_rate": 0.05, "average_price": 3.0133813158566996e-118, "daily_visitors": 0, "new_customers": 299397464777254877111554270828619056509385441280, "churned_customers": 58405289050472325816883078142889051728744808448}, "generation": 0, "timestamp": "2025-11-14T13:12:03.815241"}