{"key": "daily_snapshot", "value": {"day": 0, "customers": 4953846993751805096336357365123617756920581010, "mrr": 5.035908429884009e-64, "total_revenue": 5.414632391501176, "conversion_rate": 7.019086400861823e+38, "churn_rate": 0.05, "average_price": 1.0165651939261964e-109, "daily_visitors": 0, "new_customers": 642198661509814920270031946538442519673307136, "churned_customers": 164873717775686433553773002521459318551740416}, "generation": 0, "timestamp": "2025-11-13T22:14:10.259662"}