{"key": "daily_snapshot", "value": {"day": 0, "customers": 236811521574739091804420951025342946196725994416837936463916782434077366117473059534484594686556037237875606727893, "mrr": 2.4476202535735698e-175, "total_revenue": 5.438023679800494, "conversion_rate": 3.431746465961074e+106, "churn_rate": 0.05, "average_price": 1.0335731290848898e-288, "daily_visitors": 0, "new_customers": 25965288406079676391315211447542792985675997089210055263631354799123437540357897199351129172966205040720001105920, "churned_customers": 16265307331105874533661268968218745635421071537543587633441831944210767033129835875786003020824547870872440930304}, "generation": 0, "timestamp": "2025-11-14T20:20:35.998980"}