{"key": "daily_snapshot", "value": {"day": 0, "customers": 16454858270025742287630234579577783698656895754419076278817406321466257560059754621765305575579, "mrr": 6.508062917592552e-147, "total_revenue": 13.18914372001125, "conversion_rate": 2.407194490747633e+87, "churn_rate": 0.05, "average_price": 3.9551011687822765e-241, "daily_visitors": 0, "new_customers": 1790366554729097399076222287331288722328358709640272611736809033924590146151746078445234290688, "churned_customers": 1022335894675870979385755688448092560725893924764595942632334277138998913813088213321706897408}, "generation": 0, "timestamp": "2025-11-13T18:29:20.528040"}