{"key": "daily_snapshot", "value": {"day": 0, "customers": 3623520827368988837605766348817575, "mrr": 1.2506347695334185e-42, "total_revenue": 7.010218214998832, "conversion_rate": 5.3271340409408906e+26, "churn_rate": 0.05, "average_price": 3.4514353004050346e-76, "daily_visitors": 0, "new_customers": 497587580525390103602266749534208, "churned_customers": 223437347360792259089822157635584}, "generation": 0, "timestamp": "2025-11-14T23:34:16.041957"}