{"key": "daily_snapshot", "value": {"day": 0, "customers": 337591112004262394983252751288905256389972362055973475767226561607, "mrr": 8.711213208062077e-101, "total_revenue": 8.531929138055917, "conversion_rate": 4.764983275188517e+58, "churn_rate": 0.05, "average_price": 2.580403600184856e-166, "daily_visitors": 0, "new_customers": 45247098363380175552528809997082067095870455426686683351766532096, "churned_customers": 17282155434461390150021341909867838038781866826092560190332207104}, "generation": 0, "timestamp": "2025-11-13T11:33:01.326153"}