{"key": "daily_snapshot", "value": {"day": 0, "customers": 3673610892452331590112940283036890985220449172996569775325767444595554023012736241025653545526013787110561, "mrr": 4.684971212584715e-164, "total_revenue": 4.323965768575599, "conversion_rate": 4.5430833896505453e+98, "churn_rate": 0.05, "average_price": 1.275304148898918e-269, "daily_visitors": 0, "new_customers": 523654033206068903432226299281519194493834073288176648949990980904895579410457897826110062143615413518336, "churned_customers": 216560544577409305197741770672577808715813408937432002097015791973907354441561005630834435781666938028032}, "generation": 0, "timestamp": "2025-11-14T14:39:22.776799"}