{"key": "daily_snapshot", "value": {"day": 0, "customers": 36025162454440, "mrr": 2.8914985715593693e-08, "total_revenue": 10.298721364917352, "conversion_rate": 4880775.883954518, "churn_rate": 0.05, "average_price": 8.026330416181094e-22, "daily_visitors": 0, "new_customers": 4793694518760, "churned_customers": 1350166554848}, "generation": 0, "timestamp": "2025-11-14T03:14:14.551849"}