{"key": "daily_snapshot", "value": {"day": 0, "customers": 4259168437437, "mrr": 3.7063985970034146e-07, "total_revenue": 4.928703480090565, "conversion_rate": 571652.1870635415, "churn_rate": 0.05, "average_price": 8.702164874310018e-20, "daily_visitors": 0, "new_customers": 470497200512, "churned_customers": 204888919337}, "generation": 0, "timestamp": "2025-11-15T06:04:05.514915"}