{"key": "daily_snapshot", "value": {"day": 0, "customers": 256051712784631025408667093184234968816689996286257354888683076547655, "mrr": 8.69769953721308e-105, "total_revenue": 8.531929138055917, "conversion_rate": 3.5496553212303786e+61, "churn_rate": 0.05, "average_price": 3.396852707065797e-173, "daily_visitors": 0, "new_customers": 31844803750067310542290108860687640385603508477234955949343632261120, "churned_customers": 7506495954118039726459410093411017043504859974361177689175938301952}, "generation": 0, "timestamp": "2025-11-13T11:34:12.558453"}