{"key": "daily_snapshot", "value": {"day": 0, "customers": 137845956463644729, "mrr": 2.4199680625315277e-15, "total_revenue": 7.180499208388138, "conversion_rate": 18946257986.69174, "churn_rate": 0.05, "average_price": 1.755559702014013e-32, "daily_visitors": 0, "new_customers": 14834938813557138, "churned_customers": 6880748190215398}, "generation": 0, "timestamp": "2025-11-15T19:05:08.628855"}