{"key": "daily_snapshot", "value": {"day": 0, "customers": 3535130144450381076977195482299612092074808176, "mrr": 1.59591906838565e-62, "total_revenue": 7.626819946521412, "conversion_rate": 5.299514083759022e+38, "churn_rate": 0.05, "average_price": 4.514456337317599e-108, "daily_visitors": 0, "new_customers": 520992767887679622382465872802291836835069952, "churned_customers": 154809936404400134184097567104592854976036864}, "generation": 0, "timestamp": "2025-11-15T01:42:02.733421"}