{"key": "daily_snapshot", "value": {"day": 0, "customers": 13641521782200498479400322440594762101316232020, "mrr": 1.5988134625505582e-65, "total_revenue": 7.997332640408474, "conversion_rate": 1.914050136802462e+39, "churn_rate": 0.05, "average_price": 1.1720198729123426e-111, "daily_visitors": 0, "new_customers": 1977663881017833790557389333948371885342326784, "churned_customers": 456621975613175148766006939707928963278962688}, "generation": 0, "timestamp": "2025-11-15T16:14:57.038186"}