{"key": "daily_snapshot", "value": {"day": 0, "customers": 9956808956174044442046797339323470865247961056988951340065721895590487148091557280488243769879794525862899783799, "mrr": 3.1405914881998472e-176, "total_revenue": 8.055065502431749, "conversion_rate": 1.3960673692790434e+105, "churn_rate": 0.05, "average_price": 3.1542148714748825e-288, "daily_visitors": 0, "new_customers": 1232460842141536129087264816593985757569619363415552240565954710980680516525035430669713218801484063002666729472, "churned_customers": 650556477544567446304778995413206541519670339259350181099677589198105822783913002858972897071421508829845651456}, "generation": 0, "timestamp": "2025-11-13T17:36:18.023227"}