{"key": "daily_snapshot", "value": {"day": 0, "customers": 218445977199384153761531675598196630057899170860356702647093632055431703925257844579673457230639076841251929801321825347878327786, "mrr": 2.158533056128719e-195, "total_revenue": 5.620306961549841, "conversion_rate": 3.0407276584309494e+121, "churn_rate": 0.05, "average_price": 1e-323, "daily_visitors": 0, "new_customers": 31819815840987272100126388793309961291223559571219985850761050600741483300578905880188365135831803816215940842840400354760196096, "churned_customers": 11522202677954086930332608626976264663092651259488255980981214738947672422504597707726337822922234936872267847256687701787672576}, "generation": 0, "timestamp": "2025-11-15T03:40:57.549002"}