{"key": "daily_snapshot", "value": {"day": 0, "customers": 60424688819485877182607673805623123069148878221661010553616434119742081986733985002784, "mrr": 5.815472739928945e-133, "total_revenue": 2.640852054669741, "conversion_rate": 8.569063810334227e+78, "churn_rate": 0.05, "average_price": 9.62433212904451e-219, "daily_visitors": 0, "new_customers": 6481947170151646948513351000114412994037506666102972520684694768823249954987629871104, "churned_customers": 3663717558128514749513614134728687264449249496955017196034532007603045722981612388352}, "generation": 0, "timestamp": "2025-11-14T02:47:09.201583"}