{"key": "daily_snapshot", "value": {"day": 0, "customers": 18342127980454355303562850497398603216094022799103169024827547213641001492769320226861060363070979307110820760642, "mrr": 2.416138072634353e-170, "total_revenue": 7.574353924996814, "conversion_rate": 2.2421055040388805e+105, "churn_rate": 0.05, "average_price": 1.3172615932071925e-282, "daily_visitors": 0, "new_customers": 2603945796083077676143605345326490710410841635555160058590975147957889233910294916238076108453291173126221070336, "churned_customers": 914514739042128808478432097574229188194506469388198544212126406482083214877729847898983376691605476887431741440}, "generation": 0, "timestamp": "2025-11-14T11:36:09.734713"}