{"key": "daily_snapshot", "value": {"day": 0, "customers": 2395823346219196523143906903625181788313360332878354592357423324872013354732530457867715787403008936151954, "mrr": 9.915351095605267e-168, "total_revenue": 5.414632391501176, "conversion_rate": 3.1378668943329536e+98, "churn_rate": 0.05, "average_price": 4.138598578752684e-273, "daily_visitors": 0, "new_customers": 293794919619549110838659140908980665871397169821904966730030748066623088612410757558448004151438804516864, "churned_customers": 79399734969211654825031689438026200282756729083781162871038663888394232760857053223043781744250291486720}, "generation": 0, "timestamp": "2025-11-13T22:42:33.289845"}