{"key": "daily_snapshot", "value": {"day": 0, "customers": 10359205169848523467001220485851422258785655399306395504279428381477378509808710578945574667301910335690462504351558462786550841, "mrr": 1.0236254785286381e-196, "total_revenue": 8.82569014329087, "conversion_rate": 1.4124772728931576e+120, "churn_rate": 0.05, "average_price": 1e-323, "daily_visitors": 0, "new_customers": 1448268549733662205864436057882091039608454201005588862544724109169097176597440498699233135461481125672674846554729731934126080, "churned_customers": 607641434841479633321028209613466374927738306161807707855803598044993880913547490463803626755138105106187431828487763526680576}, "generation": 0, "timestamp": "2025-11-13T12:30:58.447829"}