{"key": "daily_snapshot", "value": {"day": 0, "customers": 3402872341908924346367758303767868103684617082547841504223803058155664923114655197918026217385996984467703750, "mrr": 4.5261411097616735e-171, "total_revenue": 3.6346456800791516, "conversion_rate": 4.3167706608593325e+101, "churn_rate": 0.05, "average_price": 1.3300943012227795e-279, "daily_visitors": 0, "new_customers": 457436143911827743864662808188270656589084642880615897928572188211502949350234062013623757787499147454054400, "churned_customers": 224400359397455011479017195966273915828205456630459664978987521877507787379258334092815321411845566410784768}, "generation": 0, "timestamp": "2025-11-13T15:30:15.714027"}