{"key": "daily_snapshot", "value": {"day": 0, "customers": 589887940264728053837159100153551684004341789473613855785263900827, "mrr": 3.223275809461882e-98, "total_revenue": 13.18914372001125, "conversion_rate": 8.257185444390283e+58, "churn_rate": 0.05, "average_price": 5.464217166425458e-164, "daily_visitors": 0, "new_customers": 63383426706198686123860366692440879529535529725791342833564647424, "churned_customers": 17620911520337560382109825084247797355260951548114304005522325504}, "generation": 0, "timestamp": "2025-11-13T18:16:00.837859"}