{"key": "daily_snapshot", "value": {"day": 0, "customers": 1094452656790484, "mrr": 1.9589952800714256e-11, "total_revenue": 8.401501509860827, "conversion_rate": 151162207.34370637, "churn_rate": 0.05, "average_price": 1.7899314949047128e-26, "daily_visitors": 0, "new_customers": 155354677220081, "churned_customers": 24207887634189}, "generation": 0, "timestamp": "2025-11-14T12:56:11.072416"}