{"key": "daily_snapshot", "value": {"day": 0, "customers": 2868156253417638008695354280113015856674782576414954695015688113606345801003265987172989147136291283636471254708966756383307363616, "mrr": 2.834114943436791e-194, "total_revenue": 2.640852054669741, "conversion_rate": 3.919865826549188e+122, "churn_rate": 0.05, "average_price": 1e-323, "daily_visitors": 0, "new_customers": 306561206797826436359273614333300632920812896410767088306534464876931856538139549150898022745546931543821951031593591283210256384, "churned_customers": 154782353352400089952658084021141297503978972858738310171686446498418760844168811466375408366377166764107128555558112096340148224}, "generation": 0, "timestamp": "2025-11-14T03:07:11.678999"}