{"key": "daily_snapshot", "value": {"day": 0, "customers": 4542764840691789315026736252877168075688926471644270266199800377442373575691220859990852126107706936233536, "mrr": 3.7439014265348055e-161, "total_revenue": 4.61627280770732, "conversion_rate": 5.14125031375105e+98, "churn_rate": 0.05, "average_price": 8.241459899043927e-267, "daily_visitors": 0, "new_customers": 564708975330206578328549357959850151518025104085373251574641733639633349784679466758592797252012893798400, "churned_customers": 136191334843850792992678985338036757014492611500404943161343991911315380469738256089662481319176548909056}, "generation": 0, "timestamp": "2025-11-15T17:43:17.811518"}