{"key": "daily_snapshot", "value": {"day": 0, "customers": 369478881360820112391558472218258392349945488333988066770845968008956179421266926428657296353928037543, "mrr": 1.589587860103417e-159, "total_revenue": 7.010218214998832, "conversion_rate": 5.059863158719914e+94, "churn_rate": 0.05, "average_price": 4.302242808164944e-261, "daily_visitors": 0, "new_customers": 48778648339400828408960192461807883363202587857847187961714878002860215796619348750449566422642196480, "churned_customers": 14665665521767436885310668637431801807471538522870386933109731698755380095269638938220402580056440832}, "generation": 0, "timestamp": "2025-11-15T00:06:13.047250"}