{"key": "daily_snapshot", "value": {"day": 0, "customers": 14838034676517837758890721135375131951196174104107814025576459921512608088602864288294972994587973415290046325360302751, "mrr": 2.7988189642528983e-191, "total_revenue": 3.5615064647863135, "conversion_rate": 2.140492625806389e+111, "churn_rate": 0.05, "average_price": 1.886246410167927e-309, "daily_visitors": 0, "new_customers": 2403453216002852096376561996047133281889764393656802716845094905758136168386726457395049136556153868111580987830304768, "churned_customers": 485983056853828356247731761447652397195405303799268743930644974813892294608607092203443636544500998682542018008186880}, "generation": 0, "timestamp": "2025-11-13T12:28:45.420609"}