{"key": "daily_snapshot", "value": {"day": 0, "customers": 1265984506261815321144845949454600608077455852553848053944119676824654041742623765707506353825383944990361961249608030981696, "mrr": 2.7265668706312092e-191, "total_revenue": 4.61627280770732, "conversion_rate": 1.8331401587064573e+116, "churn_rate": 0.05, "average_price": 2.1537126696e-314, "daily_visitors": 0, "new_customers": 143728155882478937273915992305047016100404098125629427266743475910842799298688612306747379156333675163424029344246142074880, "churned_customers": 40920887811282335639638044737345604257222913247691489252075718349985998682039451622135991941061904147536242190953660547072}, "generation": 0, "timestamp": "2025-11-15T17:51:32.608080"}