{"key": "daily_snapshot", "value": {"day": 0, "customers": 14328608243194268297617367151733665022854957564300832767944082197, "mrr": 4.08717024203329e-94, "total_revenue": 2.963987135955569, "conversion_rate": 1.7697803015745664e+57, "churn_rate": 0.05, "average_price": 2.8524544552152118e-158, "daily_visitors": 0, "new_customers": 1935401441007743809865689856181847024330297769417756848192225280, "churned_customers": 582004942605096876263955629712666047148939112994524781529268224}, "generation": 0, "timestamp": "2025-11-14T00:38:55.935825"}