{"key": "daily_snapshot", "value": {"day": 0, "customers": 87408695502616562852889322501067610682416411218171946787732466767628179333436741878097974762, "mrr": 5.913613521081858e-144, "total_revenue": 5.620306961549841, "conversion_rate": 1.1984237484753275e+85, "churn_rate": 0.05, "average_price": 6.76547509041001e-236, "daily_visitors": 0, "new_customers": 10710937891659867068595640954390156805603118193248791088735570782662642665241334308361207808, "churned_customers": 3799440265814210543586056228987508826523974563348531623328151283600423797715424777582149632}, "generation": 0, "timestamp": "2025-11-15T03:23:58.666021"}