{"key": "daily_snapshot", "value": {"day": 0, "customers": 334202432766316099387062455775885151254984, "mrr": 1.077795884244793e-55, "total_revenue": 4.843910136547377, "conversion_rate": 4.649917833997894e+34, "churn_rate": 0.05, "average_price": 3.2249791700302154e-97, "daily_visitors": 0, "new_customers": 34609490207989205266565100535710927028224, "churned_customers": 19713219603351196532310907530766708637696}, "generation": 0, "timestamp": "2025-11-14T06:48:50.017255"}