{"key": "daily_snapshot", "value": {"day": 0, "customers": 1331, "mrr": 0.03983889775180672, "total_revenue": 2.968896161174395, "conversion_rate": 2.243189302581482, "churn_rate": 0.05, "average_price": 2.993155353253698e-05, "daily_visitors": 21, "new_customers": 266, "churned_customers": 68}, "generation": 0, "timestamp": "2025-11-14T06:32:57.125866"}