{"key": "daily_snapshot", "value": {"day": 0, "customers": 8652525003705860584332693645298004031968707310817031630567, "mrr": 7.36315246299542e-84, "total_revenue": 3.180859164035811, "conversion_rate": 1.1763468912822555e+51, "churn_rate": 0.05, "average_price": 8.509830898889972e-142, "daily_visitors": 0, "new_customers": 929610106560627984042381484054779833767366262232012816384, "churned_customers": 366739150154693358878947329005271047250789467569906515968}, "generation": 0, "timestamp": "2025-11-14T09:08:02.237734"}