{"key": "daily_snapshot", "value": {"day": 0, "customers": 973112772089397990853860692218130976917263350211758, "mrr": 6.539380974792478e-72, "total_revenue": 14.069439877331755, "conversion_rate": 1.2851428583870037e+44, "churn_rate": 0.05, "average_price": 6.72006489109334e-123, "daily_visitors": 0, "new_customers": 137585828092039465424276078191206824396402517344256, "churned_customers": 29688017031730628411257199876673303300305466687488}, "generation": 0, "timestamp": "2025-11-15T13:13:00.307384"}