{"key": "daily_snapshot", "value": {"day": 0, "customers": 3449420492740299768218682844685477178507038914593241540208993108, "mrr": 2.5793173526748125e-95, "total_revenue": 7.997332640408474, "conversion_rate": 4.281120429022896e+56, "churn_rate": 0.05, "average_price": 7.477538207079367e-159, "daily_visitors": 0, "new_customers": 402824883969785429732507767865060067274579724875685128231190528, "churned_customers": 90145315242488343115345555959759406657844586039107210476257280}, "generation": 0, "timestamp": "2025-11-15T16:23:10.138093"}