{"key": "daily_snapshot", "value": {"day": 0, "customers": 166568860433756307389347871176, "mrr": 5.97633817315175e-35, "total_revenue": 4.843910136547377, "conversion_rate": 2.1499170619190984e+22, "churn_rate": 0.05, "average_price": 3.5879084227321785e-64, "daily_visitors": 0, "new_customers": 19798595788735679773708124160, "churned_customers": 4533900503043240681069871104}, "generation": 0, "timestamp": "2025-11-14T06:43:07.556403"}