{"key": "daily_snapshot", "value": {"day": 0, "customers": 23791635603870920715611876825618810089648431485311965446781123670740559231680393055622613750394647184294905056080590778388198739399536, "mrr": 2.3509259620492163e-190, "total_revenue": 7.626819946521412, "conversion_rate": 2.7160320294642477e+126, "churn_rate": 0.05, "average_price": 1e-323, "daily_visitors": 0, "new_customers": 2619658126984009896746113369655252714239542425212405921150002113606296166148676739170235715605452859229165130728433314083924254654464, "churned_customers": 917894748687213683979147481861229282781371774225027327481123140277568071626313843988631343813667369381773215822242705850305412595712}, "generation": 0, "timestamp": "2025-11-15T02:22:44.380998"}