{"key": "daily_snapshot", "value": {"day": 0, "customers": 28464177135256556830870953790827969593, "mrr": 4.885816156079266e-48, "total_revenue": 8.82569014329087, "conversion_rate": 3.429819224201216e+30, "churn_rate": 0.05, "average_price": 1.716478973856424e-85, "daily_visitors": 0, "new_customers": 2794803517608456755629399398728859648, "churned_customers": 1048940560121564769426341990676561920}, "generation": 0, "timestamp": "2025-11-13T11:49:10.626938"}