{"key": "daily_snapshot", "value": {"day": 0, "customers": 594772443931947264881131266849470605709433072218349189711133069333, "mrr": 8.519590342163879e-99, "total_revenue": 6.513341788556554, "conversion_rate": 9.505877716878002e+58, "churn_rate": 0.05, "average_price": 1.4324117448754358e-164, "daily_visitors": 0, "new_customers": 85177114471139901010944886996801345296862891573926120198321995776, "churned_customers": 38482906454455829119378646516566395760970624115337169619881295872}, "generation": 0, "timestamp": "2025-11-15T00:50:40.018382"}