{"key": "daily_snapshot", "value": {"day": 0, "customers": 11953801609076021922255432965, "mrr": 1.0470982782439776e-35, "total_revenue": 1.5620171583249602, "conversion_rate": 1.728928473454858e+21, "churn_rate": 0.05, "average_price": 8.759542047685981e-64, "daily_visitors": 0, "new_customers": 1637843057964470868562149376, "churned_customers": 610726477679016952578703360}, "generation": 0, "timestamp": "2025-11-13T21:05:08.752371"}