{"key": "daily_snapshot", "value": {"day": 0, "customers": 2281494562193985059179075824853489279043103866765426122812483529533103477000921828947778706131112816, "mrr": 1.9736748362947187e-152, "total_revenue": 7.626819946521412, "conversion_rate": 2.4504094116366569e+92, "churn_rate": 0.05, "average_price": 8.650797898009218e-252, "daily_visitors": 0, "new_customers": 198791500187276848061335892014375437839085912764680540237350647590911386556421866753631483584315392, "churned_customers": 84820370156570980141486012772853330324198924041230086179761200342819039458835185921736638241701888}, "generation": 0, "timestamp": "2025-11-15T02:06:53.750758"}