{"key": "daily_snapshot", "value": {"day": 0, "customers": 10309628851337775494480482618670609541257466305878612452877199108898460521398065082220781438863506983999, "mrr": 7.990201175208591e-160, "total_revenue": 2.4762944740981485, "conversion_rate": 1.2089090822971401e+96, "churn_rate": 0.05, "average_price": 7.750231643083625e-263, "daily_visitors": 0, "new_customers": 1249350948171284847251763198213273361174940342675233419203743546557151854641854250380620885113580814336, "churned_customers": 227086770287577304184412971155802118965146985891196183867997907261790343852852953001215721548067897344}, "generation": 0, "timestamp": "2025-11-13T16:30:38.151308"}