{"key": "daily_snapshot", "value": {"day": 0, "customers": 212, "mrr": 0.3522454188830034, "total_revenue": 3.086658363157618, "conversion_rate": 0.5472210520948861, "churn_rate": 0.05, "average_price": 0.0016615349947311482, "daily_visitors": 39, "new_customers": 28, "churned_customers": 6}, "generation": 0, "timestamp": "2025-11-13T17:48:15.489249"}