{"key": "daily_snapshot", "value": {"day": 0, "customers": 63803277119727305652006212512751565591807348124728561934048558366575960293326028968211700531365789424696120, "mrr": 5.591606516887853e-164, "total_revenue": 8.385937104373125, "conversion_rate": 8.355529592677201e+99, "churn_rate": 0.05, "average_price": 8.763823379158351e-271, "daily_visitors": 0, "new_customers": 7673722045710150109337077208917136669192312899937069416479633203619412268867069424424939114403378946375680, "churned_customers": 2442228450878005180014975473882998651847230258982999458974383603130492027158368394580063595350175806128128}, "generation": 0, "timestamp": "2025-11-13T13:24:25.286067"}