{"key": "daily_snapshot", "value": {"day": 0, "customers": 85272270964578234954699727733906952948582765967985730, "mrr": 1.8596055244729485e-73, "total_revenue": 7.574353924996814, "conversion_rate": 1.1602723946266057e+46, "churn_rate": 0.05, "average_price": 2.1807857389483872e-126, "daily_visitors": 0, "new_customers": 11422347307146498033064214788728063282209180757262336, "churned_customers": 2541493599979080276336257267423152183349791353208832}, "generation": 0, "timestamp": "2025-11-14T10:44:19.594200"}