{"key": "daily_snapshot", "value": {"day": 0, "customers": 90498878765974280333368148577088510472551545191131334801084598450525487586008065260082245056906502400160533631026772102124, "mrr": 7.983455510920537e-193, "total_revenue": 3.8452002827692775, "conversion_rate": 1.4276063612178356e+115, "churn_rate": 0.05, "average_price": 8.821607096e-315, "daily_visitors": 0, "new_customers": 12694144982162504229021281609855160311722842932761447423592232498463615838452195568906317854515783416754685477921031716864, "churned_customers": 5162492949921141265828628813748196329378572674414039406760073941132878526020823084422256070972934708846850589244816097280}, "generation": 0, "timestamp": "2025-11-13T14:35:10.454001"}