{"key": "daily_snapshot", "value": {"day": 0, "customers": 8445018164265701578558476576250094884552071139769828023570568561130978148013867186756437, "mrr": 7.971689662954185e-137, "total_revenue": 7.593310615949716, "conversion_rate": 1.1612533565529438e+81, "churn_rate": 0.05, "average_price": 9.439517485806767e-225, "daily_visitors": 0, "new_customers": 1183091674371827764643288768748038513416616114066833248479579916048622937156997806555136, "churned_customers": 351670545533494623551276551014500797092534095454597648709525455825448331574552333123584}, "generation": 0, "timestamp": "2025-11-14T19:08:24.569068"}