{"key": "daily_snapshot", "value": {"day": 0, "customers": 7652106292435399291550798830503969738128776256353713182071164426490649130678657546804078928004351652026398394310, "mrr": 4.049413859718467e-177, "total_revenue": 3.6346456800791516, "conversion_rate": 1.0200795169980853e+105, "churn_rate": 0.05, "average_price": 5.291894420914636e-289, "daily_visitors": 0, "new_customers": 1088863170791303322689410727033081042659336467943093587550685022591117982310678317690176804152249532446710693888, "churned_customers": 385622105583472435309825357975138298527692571584972306253214770069293224209148383588010259332217157221978472448}, "generation": 0, "timestamp": "2025-11-13T15:31:53.111183"}