{"key": "daily_snapshot", "value": {"day": 0, "customers": 7040, "mrr": 0.028282109578958332, "total_revenue": 2.91097822178538, "conversion_rate": 3.9383622958075177, "churn_rate": 0.05, "average_price": 4.017345110647491e-06, "daily_visitors": 12, "new_customers": 2069, "churned_customers": 389}, "generation": 0, "timestamp": "2025-11-14T11:51:27.350017"}