{"key": "daily_snapshot", "value": {"day": 0, "customers": 3239486392, "mrr": 0.06086457390342736, "total_revenue": 7.167953870004554, "conversion_rate": 408.8937895349662, "churn_rate": 0.05, "average_price": 1.8788340662190798e-11, "daily_visitors": 0, "new_customers": 329668252, "churned_customers": 71996744}, "generation": 0, "timestamp": "2025-11-15T19:01:30.572471"}