{"key": "daily_snapshot", "value": {"day": 0, "customers": 58647609041049072556086711665259934742437803614046609978397771003870425723114124182462100351203158729155527, "mrr": 7.264954090662386e-172, "total_revenue": 4.928703564447977, "conversion_rate": 7.798710605309236e+99, "churn_rate": 0.05, "average_price": 1.2387468490961744e-278, "daily_visitors": 0, "new_customers": 7657721475059393268378746668561823221469762150388897143298904684225108125467189685073462722526575356542976, "churned_customers": 1564598774385574343495273739790952811114677898345643248300470802553311513139208766086354269334627803987968}, "generation": 0, "timestamp": "2025-11-15T06:48:50.402570"}