{"key": "daily_snapshot", "value": {"day": 0, "customers": 1285275018398821180958555920493723225196254428973218412546625551921477300407832204760357872356451330453821048131448122581, "mrr": 8.021486017417033e-187, "total_revenue": 5.438023679800494, "conversion_rate": 1.986509921645637e+113, "churn_rate": 0.05, "average_price": 6.241065843954623e-307, "daily_visitors": 0, "new_customers": 196078558446521716565123164517730115086189688424842840167414123921555782591199325619815608793463546367141771713785626624, "churned_customers": 67664063459839325568050999563707670931628838048154663840546883456437755975331762754306988105092768469818125429948547072}, "generation": 0, "timestamp": "2025-11-14T20:23:45.166427"}