{"key": "daily_snapshot", "value": {"day": 0, "customers": 836985327152877678977810920539584263442983022017719456189265872035382963522132647445402403911341824072149, "mrr": 7.264421880301881e-169, "total_revenue": 5.250998821828405, "conversion_rate": 9.744417198060794e+97, "churn_rate": 0.05, "average_price": 8.679270286628352e-274, "daily_visitors": 0, "new_customers": 99350965212766096001691261845622510792024547832441801206872028322231744513355849071441130043848672673792, "churned_customers": 19416889852197740602849755217489477166988054017691897541818619851168598752932201156862277572494981332992}, "generation": 0, "timestamp": "2025-11-14T23:07:16.166530"}