{"key": "daily_snapshot", "value": {"day": 0, "customers": 180536335357550867225683973319908281254885028028, "mrr": 6.39498102381639e-67, "total_revenue": 7.827191553977371, "conversion_rate": 2.6003816458762205e+40, "churn_rate": 0.05, "average_price": 3.5422127136629734e-114, "daily_visitors": 0, "new_customers": 25542402890632243237592834486867692516477501440, "churned_customers": 11513651461840144180471615481647205728431112192}, "generation": 0, "timestamp": "2025-11-15T05:05:15.556729"}