{"key": "daily_snapshot", "value": {"day": 0, "customers": 1732402856160265555353971259881489972808933080791481803276787922146665646, "mrr": 1.7613873183692388e-106, "total_revenue": 14.069439877331755, "conversion_rate": 2.0422343978008779e+65, "churn_rate": 0.05, "average_price": 1.0167307864368309e-178, "daily_visitors": 0, "new_customers": 218793404710434208021787904823423107973684125202226263225315690205413376, "churned_customers": 83532365895781568268532962650046150340047974178231583511788249419874304}, "generation": 0, "timestamp": "2025-11-15T13:22:39.365033"}