{"key": "daily_snapshot", "value": {"day": 0, "customers": 57996474772639709392985691449061966980742575937798117922496171990585660492241116854752218635578483448118261716895794901262563005296, "mrr": 5.73081315301196e-193, "total_revenue": 7.626819946521412, "conversion_rate": 8.437791605714029e+123, "churn_rate": 0.05, "average_price": 1e-323, "daily_visitors": 0, "new_customers": 7690603814447813872206282985383766043975183776285661157554678776125543766689218799600641356285850280165935922964168963563798396928, "churned_customers": 2259473403775876050578628080124098027894336607565311510518308932453646605312698747596648795847945490131995297556768005320872034304}, "generation": 0, "timestamp": "2025-11-15T02:21:28.931172"}