{"key": "daily_snapshot", "value": {"day": 0, "customers": 58513852652939221175109744500408910861269658393601756598828098610595278943102913326851784536229306043727691, "mrr": 4.320374167102949e-171, "total_revenue": 5.241512577835226, "conversion_rate": 7.628074462950683e+99, "churn_rate": 0.05, "average_price": 7.383506590701188e-278, "daily_visitors": 0, "new_customers": 8118445434247534381455369998577327084761077302222096566555881833609812890154372919950660748347472542171136, "churned_customers": 2320539901753456410048151756708510882499282389454122661190019627005142187083801629856180292416211175604224}, "generation": 0, "timestamp": "2025-11-13T20:41:02.265355"}