{"key": "daily_snapshot", "value": {"day": 0, "customers": 58193723159594620756240762971511667124171387387004582937111152582, "mrr": 3.447580123584621e-97, "total_revenue": 3.6346456800791516, "conversion_rate": 8.994043118674623e+57, "churn_rate": 0.05, "average_price": 5.924316122771061e-162, "daily_visitors": 0, "new_customers": 7634796137018591792072224396887232743391171370931054103161208832, "churned_customers": 2884968963057165334703387026210955531775539565819802447251505152}, "generation": 0, "timestamp": "2025-11-13T15:09:52.637892"}