{"key": "daily_snapshot", "value": {"day": 0, "customers": 24833738138121163842141, "mrr": 1.1804725140831602e-23, "total_revenue": 7.058512489256422, "conversion_rate": 3511327137046817.0, "churn_rate": 0.05, "average_price": 4.753503107416074e-46, "daily_visitors": 0, "new_customers": 2594574464687034335232, "churned_customers": 1625384303640656216064}, "generation": 0, "timestamp": "2025-11-15T07:09:47.791793"}