{"key": "daily_snapshot", "value": {"day": 0, "customers": 673543468166361643280542496096886744616698146356228, "mrr": 3.3723233737424083e-71, "total_revenue": 4.445436838349596, "conversion_rate": 8.688521537556048e+43, "churn_rate": 0.05, "average_price": 5.006838508764905e-122, "daily_visitors": 0, "new_customers": 72894895446557646428247198798236042649336014700544, "churned_customers": 35563992782670664430318386749777743967569850662912}, "generation": 0, "timestamp": "2025-11-15T18:19:26.928789"}