{"key": "daily_snapshot", "value": {"day": 0, "customers": 194142686809751733914858096455819188367869032887982804031, "mrr": 1.2429180247829148e-81, "total_revenue": 2.4762944740981485, "conversion_rate": 2.5668984749688345e+49, "churn_rate": 0.05, "average_price": 6.402085214782777e-138, "daily_visitors": 0, "new_customers": 24252363031092661943300451714167902797975076356178837504, "churned_customers": 5463696839484426225922471883124339036533063546772127744}, "generation": 0, "timestamp": "2025-11-13T16:09:03.702478"}