{"key": "daily_snapshot", "value": {"day": 0, "customers": 18343073104458402130431216530, "mrr": 4.903470463326451e-35, "total_revenue": 5.414632391501176, "conversion_rate": 2.5794138979019197e+21, "churn_rate": 0.05, "average_price": 2.673200087794793e-63, "daily_visitors": 0, "new_customers": 2202450206158735545022283776, "churned_customers": 736135805425513797519409152}, "generation": 0, "timestamp": "2025-11-13T22:06:09.559090"}