{"key": "daily_snapshot", "value": {"day": 0, "customers": 16329349609391632309816118005553956248204729927750832772311956472974265721039974588, "mrr": 1.883565997872423e-126, "total_revenue": 7.827191553977371, "conversion_rate": 2.1903529526892958e+75, "churn_rate": 0.05, "average_price": 1.153485008851248e-208, "daily_visitors": 0, "new_customers": 2352878766822293853268911017706120134237036175759982168495939399590302076689711104, "churned_customers": 962303954079320052389556637126124541395287213057470739337413764600988529391042560}, "generation": 0, "timestamp": "2025-11-15T05:21:35.795556"}