{"key": "daily_snapshot", "value": {"day": 0, "customers": 5298184659600444203141788001823462880340358150634425602553976951, "mrr": 2.5355122061007437e-95, "total_revenue": 8.055065502431749, "conversion_rate": 8.615124620863805e+56, "churn_rate": 0.05, "average_price": 4.785624452530796e-159, "daily_visitors": 0, "new_customers": 749283616195547722013504040589688654758465813092580848851484672, "churned_customers": 130027173643492476072984264991572326563807957869498059909496832}, "generation": 0, "timestamp": "2025-11-13T17:13:52.959746"}