{"key": "daily_snapshot", "value": {"day": 0, "customers": 41381291729655720729026772678142573908032587590273718820461996119882243587, "mrr": 1.0713188081843061e-114, "total_revenue": 11.37579680016544, "conversion_rate": 6.6863943701167596e+66, "churn_rate": 0.05, "average_price": 2.5888964877733634e-188, "daily_visitors": 0, "new_customers": 6192946822033682613998829223548749477059751914583455224995272089191579648, "churned_customers": 1780142182318443295087926557278076607156308022079723915140085062836420608}, "generation": 0, "timestamp": "2025-11-14T06:03:27.365115"}