{"key": "daily_snapshot", "value": {"day": 0, "customers": 3635098278255164354736480464242704632494644962124086568146731396127160036242695026837792280159558746245422590505943455201965778, "mrr": 3.591954357085082e-197, "total_revenue": 7.180499208388138, "conversion_rate": 5.153287292968649e+119, "churn_rate": 0.05, "average_price": 1e-323, "daily_visitors": 0, "new_customers": 424603868325177170481851268929740977011008354172812982647429766308162187334553703710660964222567123067003305266121875681968128, "churned_customers": 166572534327278970749519925294912784943215481409541023668911125790195389736345993558190498648758278411888462605207195034320896}, "generation": 0, "timestamp": "2025-11-15T19:56:51.188845"}