{"key": "daily_snapshot", "value": {"day": 0, "customers": 9038250078863346743917093348645339778161194858154363192976313533489303897531589578022897096254688192919310429168468, "mrr": 6.296288232544921e-181, "total_revenue": 7.997332640408474, "conversion_rate": 1.109274628867355e+108, "churn_rate": 0.05, "average_price": 6.966269109182189e-296, "daily_visitors": 0, "new_customers": 1109031540522244990471937991587621092405152391132868300949821701293095861214048193916725077181236353993050628816896, "churned_customers": 232012508269635977040143193625831392104816702294356290771676233858823232181856088083854453522198418407630871461888}, "generation": 0, "timestamp": "2025-11-15T16:47:04.585972"}