{"key": "daily_snapshot", "value": {"day": 0, "customers": 4334634564008942459764494522905685079867170546368708776650333588388704354432839395283801752949997373280609641147548839, "mrr": 2.3464511343889334e-187, "total_revenue": 7.010218214998832, "conversion_rate": 5.1125902538567055e+110, "churn_rate": 0.05, "average_price": 5.413261717312539e-305, "daily_visitors": 0, "new_customers": 395509382459174719015041980038849848538708548053617788008636961002597163514677927068593365729320047162737004409520128, "churned_customers": 129931762809584689428703483875455116017774425626357861328983971587594410623658092644775310041522695274346761831841792}, "generation": 0, "timestamp": "2025-11-15T00:13:48.494630"}