{"key": "daily_snapshot", "value": {"day": 0, "customers": 69093838524455234535, "mrr": 4.872973677347606e-19, "total_revenue": 3.180859164035811, "conversion_rate": 8287299341532.565, "churn_rate": 0.05, "average_price": 7.052689185335758e-39, "daily_visitors": 0, "new_customers": 8581285648442763264, "churned_customers": 2931952801320800768}, "generation": 0, "timestamp": "2025-11-14T08:40:59.376297"}