{"key": "daily_snapshot", "value": {"day": 0, "customers": 1923366691753009768722348856, "mrr": 8.111926122750271e-33, "total_revenue": 8.385937104373125, "conversion_rate": 2.704794829396302e+20, "churn_rate": 0.05, "average_price": 4.21756608218937e-60, "daily_visitors": 0, "new_customers": 255530157285311241791733760, "churned_customers": 107777089297034560080445440}, "generation": 0, "timestamp": "2025-11-13T12:46:47.242171"}