{"key": "daily_snapshot", "value": {"day": 0, "customers": 2567442938817031045839504679689626320570641857062888880584, "mrr": 2.7310631564852553e-84, "total_revenue": 4.843910136547377, "conversion_rate": 3.4461516141190063e+50, "churn_rate": 0.05, "average_price": 1.0637288623612463e-141, "daily_visitors": 0, "new_customers": 366534816278951401287638997982055254685500960172620644352, "churned_customers": 167465519460183954208197923798404959760915797829371297792}, "generation": 0, "timestamp": "2025-11-14T06:56:31.239415"}