{"key": "daily_snapshot", "value": {"day": 0, "customers": 460220744957150809122078409752674959166453172159524018735525917071457270046484379857381968309140392093248773, "mrr": 7.577888896615718e-175, "total_revenue": 1.5620171583249602, "conversion_rate": 6.7362799313825814e+100, "churn_rate": 0.05, "average_price": 1.6465769915089907e-282, "daily_visitors": 0, "new_customers": 72067625353412046782802732225300307464184220677127325535990193433674952447927404686178453992583489319337984, "churned_customers": 25109768845059574573149588654479792940881479971264794860316925495444744434752584531826546941402948661411840}, "generation": 0, "timestamp": "2025-11-13T21:42:55.457460"}