{"key": "daily_snapshot", "value": {"day": 0, "customers": 610391873182051402734894011014665226865558722990447535826094, "mrr": 6.90445101246445e-86, "total_revenue": 14.069439877331755, "conversion_rate": 8.863925341821727e+52, "churn_rate": 0.05, "average_price": 1.1311505470200084e-145, "daily_visitors": 0, "new_customers": 92801575000831901544224467210798414513053806634437045125120, "churned_customers": 31588783946660341188316079862860039117887060590443110596608}, "generation": 0, "timestamp": "2025-11-15T13:16:56.575172"}