{"key": "daily_snapshot", "value": {"day": 0, "customers": 9250004225658229672362678799644593151893536513512814479457129120659782895894159817191673320657202724281074, "mrr": 6.9634651193638e-166, "total_revenue": 10.298721371422412, "conversion_rate": 1.1808909190006568e+99, "churn_rate": 0.05, "average_price": 7.52806696028107e-272, "daily_visitors": 0, "new_customers": 1044811026574894722323524065023771098109244121702050932725173236313315851496114854255632640845136443473920, "churned_customers": 490305972740154521640138352516363330341258545219794987198358342681404334529636338607738461123096596185088}, "generation": 0, "timestamp": "2025-11-14T03:57:24.955900"}