{"key": "daily_snapshot", "value": {"day": 0, "customers": 136685874002276078666531941686133122954036380060139800938906367065290778977327905344504446522844582188930406410792239876768790038743297, "mrr": 1.3506358923261956e-189, "total_revenue": 6.966800923949336, "conversion_rate": 1.8282113133026166e+127, "churn_rate": 0.05, "average_price": 1e-323, "daily_visitors": 0, "new_customers": 14973279939181340276448926477498206077433231547908251618874740623848590046642717484047123299858666713898858304890652803719955073728512, "churned_customers": 5482175967087361826778282402336858487945305528207604954545961917883743330759328154903551473495724660935318026351443957879063112056832}, "generation": 0, "timestamp": "2025-11-14T05:11:35.029148"}