{"key": "daily_snapshot", "value": {"day": 0, "customers": 1461286726453485023277634036246955398109183059733261902456436516716811628491821231254146707512508201848157742699531734588959813455431622, "mrr": 1.443943140528964e-188, "total_revenue": 3.6346456800791516, "conversion_rate": 2.0274934840290882e+128, "churn_rate": 0.05, "average_price": 1e-323, "daily_visitors": 0, "new_customers": 228870521369673314896909349238142758753775496226605839287126603524491653326872675252604624947660355419731144533062404020946909676961792, "churned_customers": 55052487731445802163300863061727635483626315915560846973654276406050326272590801712550742444904998762229399612475053628371962731429888}, "generation": 0, "timestamp": "2025-11-13T15:44:48.910125"}