{"key": "daily_snapshot", "value": {"day": 0, "customers": 18948265121003783911315186566593402039223192229584561885336458168517799, "mrr": 5.4755231809883e-107, "total_revenue": 7.010218214998832, "conversion_rate": 2.653527869430627e+63, "churn_rate": 0.05, "average_price": 2.8897226981053734e-177, "daily_visitors": 0, "new_customers": 1978556801827151432731163384124524129456836261601527423960052874084352, "churned_customers": 1028304284370328133400637291124296297538342377533440235693010115887104}, "generation": 0, "timestamp": "2025-11-14T23:51:43.866338"}