{"key": "daily_snapshot", "value": {"day": 0, "customers": 45081381544875210289372170443391405240353653519583817831529777070810812986105002152684789517190655926329187843, "mrr": 7.970381865582654e-174, "total_revenue": 11.37579680016544, "conversion_rate": 5.580715799392934e+102, "churn_rate": 0.05, "average_price": 1.7679985822192967e-283, "daily_visitors": 0, "new_customers": 4728818123773864435842838823102111575048925014380237467582530595736066994990300745207294213665791213228261376, "churned_customers": 2646848158130798836055940629101190523003584623131470274450811868291754648181316803479703965281842242378530816}, "generation": 0, "timestamp": "2025-11-14T06:19:54.407535"}