{"key": "daily_snapshot", "value": {"day": 0, "customers": 35966739345904993979119561956901634046003625550546029858011674054062229520737880844568092967319125739462, "mrr": 1.8970780161193052e-163, "total_revenue": 3.6346456800791516, "conversion_rate": 5.076671843398061e+96, "churn_rate": 0.05, "average_price": 5.274534335388114e-267, "daily_visitors": 0, "new_customers": 4929871683753093826589374546149418150455259631373357325134855264721294647788885725344429789938989400064, "churned_customers": 1959828336665466792867462845583375493786423511141925294015343733596025910661645812921185104609922777088}, "generation": 0, "timestamp": "2025-11-13T15:28:05.120461"}