{"key": "daily_snapshot", "value": {"day": 0, "customers": 2702886311616977833514807675210855179324992, "mrr": 9.359541249736697e-56, "total_revenue": 4.61627280770732, "conversion_rate": 3.653590388513619e+35, "churn_rate": 0.05, "average_price": 3.462795016390251e-98, "daily_visitors": 0, "new_customers": 351488785996955138905902868484610806775808, "churned_customers": 126316012516224465496931431137172902641664}, "generation": 0, "timestamp": "2025-11-15T17:14:05.145853"}