{"key": "daily_snapshot", "value": {"day": 0, "customers": 185226731023984494854037050052208037248956620684520397761788473430974642975819013231185388479407570421387606978769731, "mrr": 2.3020421547898166e-184, "total_revenue": 3.6902796439842023, "conversion_rate": 2.336608114097694e+109, "churn_rate": 0.05, "average_price": 1.2428239391061388e-300, "daily_visitors": 0, "new_customers": 20197550421926187122608769030171837523908769347878168462322019988778704188277320556474713472731718241019993941606400, "churned_customers": 4461479782345629566776480352382488341009559296456677880912369726463197924953421539166623162708320626468564441759744}, "generation": 0, "timestamp": "2025-11-14T02:00:10.902380"}