{"key": "daily_snapshot", "value": {"day": 0, "customers": 632342871132640421133191589291677124294515543083074138624688526509711685072506717664147787975797070075951661769, "mrr": 3.177493964696473e-171, "total_revenue": 3.6905216285399813, "conversion_rate": 9.274969187303495e+103, "churn_rate": 0.05, "average_price": 5.0249541977203074e-282, "daily_visitors": 0, "new_customers": 76488241750215537114723117760380410454644858322108372602084743573782394399066490101373294585536845430826991616, "churned_customers": 36763111357591941381875508020237177144321658046579064106240121762250717866623438738778778513822593196438323200}, "generation": 0, "timestamp": "2025-11-15T04:33:07.021066"}