{"key": "daily_snapshot", "value": {"day": 0, "customers": 90488821793712882720299806103262778189036387489, "mrr": 2.2241282080092726e-65, "total_revenue": 4.323965768575599, "conversion_rate": 1.1336545660161267e+40, "churn_rate": 0.05, "average_price": 2.457903820517866e-112, "daily_visitors": 0, "new_customers": 12938371806009183695148009906987792261732892672, "churned_customers": 5149623056017595410181581015267541672416772096}, "generation": 0, "timestamp": "2025-11-14T14:12:11.681097"}