{"key": "daily_snapshot", "value": {"day": 0, "customers": 12729897244661376344215056686841975966188309, "mrr": 9.155270650719033e-59, "total_revenue": 2.963987135955569, "conversion_rate": 1.8842772814730103e+36, "churn_rate": 0.05, "average_price": 7.19194387414128e-102, "daily_visitors": 0, "new_customers": 1406053363881077668957411300306152947974144, "churned_customers": 507308100774111321392362286099193760055296}, "generation": 0, "timestamp": "2025-11-14T00:29:11.800031"}