{"key": "daily_snapshot", "value": {"day": 0, "customers": 137883130334438688403510083204095509413338877171798986275272, "mrr": 1.6746783826970641e-87, "total_revenue": 4.843910136547377, "conversion_rate": 1.9602660424353145e+52, "churn_rate": 0.05, "average_price": 1.2145636515758625e-146, "daily_visitors": 0, "new_customers": 18964406736888828989623102961920300184153859572112732192768, "churned_customers": 4931462607355913969264333453254115211904420362878839685120}, "generation": 0, "timestamp": "2025-11-14T06:57:22.488798"}