{"key": "daily_snapshot", "value": {"day": 0, "customers": 32996144574346444381, "mrr": 7.101792968666636e-19, "total_revenue": 7.058512489256422, "conversion_rate": 4342592058947.736, "churn_rate": 0.05, "average_price": 2.152309932048266e-38, "daily_visitors": 0, "new_customers": 3646867305629494272, "churned_customers": 1106365248074957312}, "generation": 0, "timestamp": "2025-11-15T07:08:28.395382"}