{"key": "daily_snapshot", "value": {"day": 0, "customers": 133858698618364645246014532752310825666256738805430728, "mrr": 5.646498702722562e-76, "total_revenue": 4.843910136547377, "conversion_rate": 1.5667898640466597e+46, "churn_rate": 0.05, "average_price": 4.218253098979325e-129, "daily_visitors": 0, "new_customers": 13491797565424589473278495699351035773808646268387328, "churned_customers": 6801474472386574799860387452452244583292840099971072}, "generation": 0, "timestamp": "2025-11-14T06:54:20.615656"}