{"key": "daily_snapshot", "value": {"day": 0, "customers": 12486975342089259469121678250890401874246638, "mrr": 6.171395614168302e-60, "total_revenue": 4.058738603221899, "conversion_rate": 1.7178690015431927e+36, "churn_rate": 0.05, "average_price": 4.942266197456697e-103, "daily_visitors": 0, "new_customers": 1336118169746875657225200050708500883439616, "churned_customers": 477659610280752518830134538129540638572544}, "generation": 0, "timestamp": "2025-11-14T15:11:43.508438"}