{"key": "daily_snapshot", "value": {"day": 0, "customers": 1342407659568809763136069813925877032259239315410904252720576551973977710228165030115799428748184630597887905813, "mrr": 8.27000430350338e-177, "total_revenue": 6.513341788556554, "conversion_rate": 1.606936816338079e+104, "churn_rate": 0.05, "average_price": 6.1605759208493796e-288, "daily_visitors": 0, "new_customers": 182323325979311338413725399406634923976182941148617046654761518439999529193799676211345187985685128162784051200, "churned_customers": 34656306989613344829024050730363206850019312791765850090208601127236509840133358869694845332450680099234119680}, "generation": 0, "timestamp": "2025-11-15T01:11:59.591259"}