{"key": "daily_snapshot", "value": {"day": 0, "customers": 2833370814431210120894726358976179213137919568033426543870190224023148191560591223291723, "mrr": 8.764015688613224e-138, "total_revenue": 5.241512577835226, "conversion_rate": 3.836279633165973e+80, "churn_rate": 0.05, "average_price": 3.093141089749162e-225, "daily_visitors": 0, "new_customers": 352130504481103571299531240638498190584719600850303394135965604271724647854626956115968, "churned_customers": 148586689517340887831402529420840706254508226094297251552924380640609553532541288316928}, "generation": 0, "timestamp": "2025-11-13T20:22:29.452202"}