{"key": "daily_snapshot", "value": {"day": 0, "customers": 276599418532253165877349745184391958, "mrr": 5.992529310597673e-47, "total_revenue": 8.73321624443256, "conversion_rate": 3.647866477306541e+28, "churn_rate": 0.05, "average_price": 2.1665010513747368e-82, "daily_visitors": 0, "new_customers": 39372698039944367057374299193081856, "churned_customers": 6407816268808949858097280002818048}, "generation": 0, "timestamp": "2025-11-14T16:10:57.049240"}