{"key": "daily_snapshot", "value": {"day": 0, "customers": 19973403679506540707607607543402436895955501959953502868842254, "mrr": 1.3207839627525847e-89, "total_revenue": 5.934471667464104, "conversion_rate": 2.6284439210026908e+54, "churn_rate": 0.05, "average_price": 6.612713506149973e-151, "daily_visitors": 0, "new_customers": 2838103023591522818437358222895323846807656305234588679012352, "churned_customers": 760887726635568429005584924733363332348465919824314975125504}, "generation": 0, "timestamp": "2025-11-14T17:54:33.383163"}