{"key": "daily_snapshot", "value": {"day": 0, "customers": 19369516451479487446754766805877246366678160376306767215112192755650901524360776767, "mrr": 4.3637591514607815e-126, "total_revenue": 2.4762944740981485, "conversion_rate": 2.7714176434991663e+75, "churn_rate": 0.05, "average_price": 2.252900407912593e-208, "daily_visitors": 0, "new_customers": 2767045041835182509459478673143638343317995133788680414679056170144397568981860352, "churned_customers": 1124438642952657374514266987744993170358705637824081360684129984248511140244488192}, "generation": 0, "timestamp": "2025-11-13T16:21:14.006755"}