{"key": "daily_snapshot", "value": {"day": 0, "customers": 3679108860147831696258781379049592951, "mrr": 3.7641006713942447e-48, "total_revenue": 8.055065502431749, "conversion_rate": 4.88965829755843e+29, "churn_rate": 0.05, "average_price": 1.0231011950113913e-84, "daily_visitors": 0, "new_customers": 385791322613789158014530954415046656, "churned_customers": 149821265198600867069165768454176768}, "generation": 0, "timestamp": "2025-11-13T17:00:58.483126"}