{"key": "daily_snapshot", "value": {"day": 0, "customers": 80958195906873727214914469540219424557671628233116132201525384114526548362198157141044451621688, "mrr": 4.33949012864185e-144, "total_revenue": 8.385937104373125, "conversion_rate": 1.2065680803903243e+88, "churn_rate": 0.05, "average_price": 5.360161599492124e-239, "daily_visitors": 0, "new_customers": 10625260562479717517109556321986005595287948824539610169455410891772188725400069343433958883328, "churned_customers": 4595065299262218577574457143248000596376849285038137250079353639901510833401191139695684222976}, "generation": 0, "timestamp": "2025-11-13T13:18:05.494820"}