{"key": "daily_snapshot", "value": {"day": 0, "customers": 139331012485177528758397124996555603105, "mrr": 9.035162246745823e-50, "total_revenue": 4.323965768575599, "conversion_rate": 2.0009029495577662e+31, "churn_rate": 0.05, "average_price": 6.484674219752055e-88, "daily_visitors": 0, "new_customers": 15144386538645051510895743752606842880, "churned_customers": 6742079029864974091355988618045816832}, "generation": 0, "timestamp": "2025-11-14T14:07:58.547223"}