{"key": "daily_snapshot", "value": {"day": 0, "customers": 1245004050956413922009187696416628296698835309179782306843008419992679611739387263982, "mrr": 4.615426588606709e-131, "total_revenue": 4.058738603221899, "conversion_rate": 1.7993944788932347e+77, "churn_rate": 0.05, "average_price": 3.7071578884109904e-215, "daily_visitors": 0, "new_customers": 199573342496206692730233768772251935179214411345645984966217466041748511378481610752, "churned_customers": 74882827183616956196928546968734105569060034708971563156910888838263338967907696640}, "generation": 0, "timestamp": "2025-11-14T15:31:05.372350"}