{"key": "daily_snapshot", "value": {"day": 0, "customers": 657363479919792364643331285, "mrr": 3.49935405365551e-30, "total_revenue": 5.438023679800494, "conversion_rate": 9.036121509856487e+19, "churn_rate": 0.05, "average_price": 5.323316795880538e-57, "daily_visitors": 0, "new_customers": 79445245383187447895031808, "churned_customers": 33900561302412065071169536}, "generation": 0, "timestamp": "2025-11-14T19:40:33.482732"}