{"key": "daily_snapshot", "value": {"day": 0, "customers": 7758323738529685714751973452949407474793831355308038596298616262797734602330550704337704533152316252562019620983, "mrr": 4.779574240974012e-176, "total_revenue": 8.055065502431749, "conversion_rate": 1.091896558693493e+105, "churn_rate": 0.05, "average_price": 6.1605759208493796e-288, "daily_visitors": 0, "new_customers": 1044878398155303565163021369356051002130577474829929066594249368608270437340645948222595953040390761822732419072, "churned_customers": 489235215951871216626262330838327840517914120317327397370350418304188593768391590556945331247636889593347833856}, "generation": 0, "timestamp": "2025-11-13T17:36:15.008578"}