{"key": "daily_snapshot", "value": {"day": 0, "customers": 1609139088228643054030548211033512776742388316153542042881076224369992968205108349076992985829023325063433069428502679272637129, "mrr": 3.1800813714963166e-197, "total_revenue": 3.6905216285399813, "conversion_rate": 2.1149947873529073e+119, "churn_rate": 0.05, "average_price": 2e-323, "daily_visitors": 0, "new_customers": 233895594454740329942004314067289454610240705595651955146518716419168146029448464549506224366908353355749485412451062481158144, "churned_customers": 104524142781824896917850423498088832384875995775594152638227199672306325659083977309482434280264870198693976147621553031348224}, "generation": 0, "timestamp": "2025-11-15T04:40:17.510416"}