{"key": "daily_snapshot", "value": {"day": 0, "customers": 384696937814524532231224617699761855505679682450, "mrr": 4.4652245288020326e-67, "total_revenue": 5.414632391501176, "conversion_rate": 5.223888452496133e+40, "churn_rate": 0.05, "average_price": 1.1607122620130834e-114, "daily_visitors": 0, "new_customers": 45428160878787785975582924479599910631178764288, "churned_customers": 18086308186720489557560185913154403047437238272}, "generation": 0, "timestamp": "2025-11-13T22:15:01.438491"}