{"key": "daily_snapshot", "value": {"day": 0, "customers": 2018658850815332695952626532009750816797153805023639734160419261901834227682940904841296473961252141303872312, "mrr": 6.164472909563421e-167, "total_revenue": 8.385937104373125, "conversion_rate": 2.3703187426298907e+101, "churn_rate": 0.05, "average_price": 3.053746752242758e-275, "daily_visitors": 0, "new_customers": 251168689234363072349585007732085045729155070164144986368949534619060874348911348263996235163417671599390720, "churned_customers": 59916990736420269170037954117655181440725521138782836145028993990069306211840589980391991973709930630742016}, "generation": 0, "timestamp": "2025-11-13T13:25:11.483758"}