{"key": "daily_snapshot", "value": {"day": 0, "customers": 9641594219046421786511801341597903881477020168309825762068292226822017697117278155375636509572638749629087, "mrr": 3.16141666006667e-170, "total_revenue": 3.5615064647863135, "conversion_rate": 1.4095531453365685e+99, "churn_rate": 0.05, "average_price": 3.2789356077872173e-276, "daily_visitors": 0, "new_customers": 1136338713958162521263781622900508698913388996672133889602049384392470322136150114267997986236702629298176, "churned_customers": 408685286382140829413702511619862543951541749606594386036946115387997842380046902377679673826321782276096}, "generation": 0, "timestamp": "2025-11-13T12:23:01.148195"}