{"key": "daily_snapshot", "value": {"day": 0, "customers": 1603490219856763287076898204804848903965866203945281056543022311198270604053, "mrr": 9.347829459237945e-115, "total_revenue": 2.963987135955569, "conversion_rate": 1.7599944999029196e+68, "churn_rate": 0.05, "average_price": 5.829676628818459e-190, "daily_visitors": 0, "new_customers": 198912299074993001491969484286175873790705564175734443608747831137079918592, "churned_customers": 106549998327059065774239330558545996823632149857726940889406376541685809152}, "generation": 0, "timestamp": "2025-11-14T00:44:24.178952"}