{"key": "daily_snapshot", "value": {"day": 0, "customers": 883289492933359567845807484840237245060744572558859180176371452989530583648507057446893236351989294352732022522101423487082459917573, "mrr": 8.72805987581815e-192, "total_revenue": 1.5620171583249602, "conversion_rate": 1.1318910557176695e+125, "churn_rate": 0.05, "average_price": 1e-323, "daily_visitors": 0, "new_customers": 98410450835732299578169773054102656727168736039064913223044641127409315380504043627959928590618535074484917559666672017076931002368, "churned_customers": 47163956429207161451033214820762345201157347526087640907073787525725865132682420939236901916015133297778767291014773964153825525760}, "generation": 0, "timestamp": "2025-11-13T21:54:15.695142"}