{"key": "daily_snapshot", "value": {"day": 0, "customers": 1230633406649519180954876432654248716321196814268606872580, "mrr": 3.465053692856231e-82, "total_revenue": 4.445436838349596, "conversion_rate": 1.7813934825791612e+50, "churn_rate": 0.05, "average_price": 2.815666854266592e-139, "daily_visitors": 0, "new_customers": 133114318740305616754413162249341497961154780656218144768, "churned_customers": 83358127721590923926493857747859901742052332328995258368}, "generation": 0, "timestamp": "2025-11-15T18:22:26.167327"}