{"key": "daily_snapshot", "value": {"day": 0, "customers": 539509207723225, "mrr": 1.886102583388456e-11, "total_revenue": 3.6346456800751916, "conversion_rate": 76739079.47271496, "churn_rate": 0.05, "average_price": 3.4959599509857673e-26, "daily_visitors": 0, "new_customers": 74963151011755, "churned_customers": 17970097657493}, "generation": 0, "timestamp": "2025-11-13T14:46:25.727957"}