{"key": "daily_snapshot", "value": {"day": 0, "customers": 5181572329642867897774076193848804819235871148902634822168541601053016415580598144997211733842742760192824, "mrr": 2.9345773321646776e-162, "total_revenue": 8.385937104373125, "conversion_rate": 7.773039661450545e+98, "churn_rate": 0.05, "average_price": 5.663488118030264e-268, "daily_visitors": 0, "new_customers": 618805118629733409443722867217949568186011498910921626372865725398589454109012813000235135653659755413504, "churned_customers": 280211046081269548584743252539406642957492213997870924028977142967270858564066708923630430419882640146432}, "generation": 0, "timestamp": "2025-11-13T13:23:56.156891"}