{"key": "daily_snapshot", "value": {"day": 0, "customers": 13934490864344746643727304311423184947707169353447, "mrr": 3.910617382879583e-68, "total_revenue": 3.180859164035811, "conversion_rate": 1.7798895042701438e+42, "churn_rate": 0.05, "average_price": 2.806430045381838e-117, "daily_visitors": 0, "new_customers": 1349695900942300503757291163958950214042183008256, "churned_customers": 415626186108213693555814624837088891653561778176}, "generation": 0, "timestamp": "2025-11-14T08:54:31.826539"}