{"key": "daily_snapshot", "value": {"day": 0, "customers": 870982048986242665987, "mrr": 1.4852296062761198e-20, "total_revenue": 11.37579680016544, "conversion_rate": 110858275752829.17, "churn_rate": 0.05, "average_price": 1.7052356107738557e-41, "daily_visitors": 0, "new_customers": 106197409357153042432, "churned_customers": 54902523728310648832}, "generation": 0, "timestamp": "2025-11-14T05:19:53.515297"}