{"key": "daily_snapshot", "value": {"day": 0, "customers": 244717804514332844648855277143566094, "mrr": 2.5281018293877565e-46, "total_revenue": 5.934471667464104, "conversion_rate": 3.2287121986667676e+28, "churn_rate": 0.05, "average_price": 1.0330682045816116e-81, "daily_visitors": 0, "new_customers": 27311555905661009419338394978222080, "churned_customers": 11526400112036981915824869370494976}, "generation": 0, "timestamp": "2025-11-14T17:26:54.160063"}