{"key": "daily_snapshot", "value": {"day": 0, "customers": 29740777036743932731841288902378725478572555080412607670403200976023528266636889706320386771993289, "mrr": 1.8026405142532571e-149, "total_revenue": 3.6905216285399813, "conversion_rate": 4.279781502726739e+90, "churn_rate": 0.05, "average_price": 6.061174904832321e-247, "daily_visitors": 0, "new_customers": 4436679681405460619744750030444056853644157540526501376483029525323387741680593445594659668623360, "churned_customers": 1237033387820109305531834893124019981990016532967684875948269354338112182080465084096511576375296}, "generation": 0, "timestamp": "2025-11-15T04:27:02.943950"}