{"key": "daily_snapshot", "value": {"day": 0, "customers": 866750746918, "mrr": 2.3018212599523284e-07, "total_revenue": 1.5620171053395175, "conversion_rate": 120516.83476112135, "churn_rate": 0.05, "average_price": 2.655689964083867e-19, "daily_visitors": 0, "new_customers": 95176344045, "churned_customers": 44582859514}, "generation": 0, "timestamp": "2025-11-13T20:57:28.158023"}