{"key": "daily_snapshot", "value": {"day": 0, "customers": 1299736097902571513248569131691603406079721922342353676200414985832347538922, "mrr": 4.472695647870422e-117, "total_revenue": 5.620306961549841, "conversion_rate": 1.7926894304301e+68, "churn_rate": 0.05, "average_price": 3.441233689737604e-192, "daily_visitors": 0, "new_customers": 180595090600175628554660198350978893558143320349150302442399183579471937536, "churned_customers": 35814165351539423671896210223314971927998814897235959850554348963744448512}, "generation": 0, "timestamp": "2025-11-15T03:16:25.531169"}