{"key": "daily_snapshot", "value": {"day": 0, "customers": 396302312408137563999814371515415201989437731055340322170473674984514, "mrr": 1.1790004895434007e-99, "total_revenue": 7.574353924996814, "conversion_rate": 5.716505474111968e+61, "churn_rate": 0.05, "average_price": 2.9750028012180516e-168, "daily_visitors": 0, "new_customers": 63036577262911286354404927863632886432973916794020880211390398201856, "churned_customers": 19616454543175988094517091879143412492987578278588042715377302503424}, "generation": 0, "timestamp": "2025-11-14T10:51:33.411137"}