{"key": "daily_snapshot", "value": {"day": 0, "customers": 427870091, "mrr": 3.3248396627979857, "total_revenue": 7.9484258574383135, "conversion_rate": 66.05942957547403, "churn_rate": 0.05, "average_price": 7.770675568902959e-09, "daily_visitors": 0, "new_customers": 58391500, "churned_customers": 13951564}, "generation": 0, "timestamp": "2025-11-14T15:58:15.407349"}