{"key": "daily_snapshot", "value": {"day": 0, "customers": 1036183265578304771079101164135700212894071993644014882801135260525805638832452567027336645040970034633812745663483472768503798824193090, "mrr": 1.023885108635674e-188, "total_revenue": 7.574353924996814, "conversion_rate": 1.4762136246882608e+128, "churn_rate": 0.05, "average_price": 1e-323, "daily_visitors": 0, "new_customers": 109738891142696642755196076499723174048090275691147221818093590334911930066166029753156434184122711320544982356139289459090026328489984, "churned_customers": 38239843623422033474341860722794151083414562571378865075311643756891867227038414167698326739382788677928180328676546307067422869291008}, "generation": 0, "timestamp": "2025-11-14T11:48:54.411420"}