{"key": "daily_snapshot", "value": {"day": 0, "customers": 105086066021482243633534169193883643539492329745437003913335, "mrr": 4.868839877197021e-87, "total_revenue": 8.055065502431749, "conversion_rate": 1.3745495729953126e+52, "churn_rate": 0.05, "average_price": 4.633192640593956e-146, "daily_visitors": 0, "new_customers": 13541410074443375839197537073572081725074622375076116299776, "churned_customers": 6751865153381230152305876390634366737021655092210872352768}, "generation": 0, "timestamp": "2025-11-13T17:11:37.532157"}