{"key": "daily_snapshot", "value": {"day": 0, "customers": 839877165552462297604227, "mrr": 1.7389174701830336e-26, "total_revenue": 4.596591164332845, "conversion_rate": 1.1567405277137043e+17, "churn_rate": 0.05, "average_price": 2.0704426093537049e-50, "daily_visitors": 0, "new_customers": 102449893292441646137344, "churned_customers": 34902531787792857432064}, "generation": 0, "timestamp": "2025-11-14T11:59:06.332324"}