{"key": "daily_snapshot", "value": {"day": 0, "customers": 74374293972778858677193799809331308025760125452290205309346762259255783119076505057831519174050, "mrr": 5.2990768610371915e-148, "total_revenue": 8.401501509864964, "conversion_rate": 1.1198317929058871e+88, "churn_rate": 0.05, "average_price": 7.124876859976196e-243, "daily_visitors": 0, "new_customers": 8727351829648613953648562633534504544202510154067333249419853114040297573890137040939812651008, "churned_customers": 2829735842140219397147550701987745342319248100621090552756950264183412866772707066211635036160}, "generation": 0, "timestamp": "2025-11-14T13:33:36.680013"}