{"key": "daily_snapshot", "value": {"day": 0, "customers": 251785897553665440628235982265436449223092573370088713728763370177100343899637712845449906424999185051088904527812897, "mrr": 2.331476964123704e-183, "total_revenue": 9.426328809042326, "conversion_rate": 3.1401547616411492e+109, "churn_rate": 0.05, "average_price": 9.259759926096634e-300, "daily_visitors": 0, "new_customers": 25146234484552369054156133769270848907083296540484379293655308873102452045323678138685716720415466756331467798740992, "churned_customers": 15515670819927701455491346121497300169386702918802230002001466558233936593265747441217128334293541705996867813244928}, "generation": 0, "timestamp": "2025-11-15T12:42:25.280411"}