{"key": "daily_snapshot", "value": {"day": 0, "customers": 18920214269188615351531310452478877938823960378304916114835389056996143558112421972352925900302284434151453564624814460641885, "mrr": 1.8695655764722884e-199, "total_revenue": 7.058512489256422, "conversion_rate": 2.409274174507911e+117, "churn_rate": 0.05, "average_price": 1e-323, "daily_visitors": 0, "new_customers": 2204841751893554191538434869743990384135042297858305909836198374183317986749596656594022271592767425043430864923516521676800, "churned_customers": 1118648961067908482349768450105111688602456158258678125958605066489294001352078539798221311026912744996681629369160169422848}, "generation": 0, "timestamp": "2025-11-15T11:45:22.948873"}