{"key": "daily_snapshot", "value": {"day": 0, "customers": 153857252535759247530880675852562106073072973560489218836721423420696445095506447474842119883720375934319381986104, "mrr": 1.5902272193578878e-175, "total_revenue": 8.385937104373125, "conversion_rate": 2.1646901788217985e+106, "churn_rate": 0.05, "average_price": 1.0335731290848898e-288, "daily_visitors": 0, "new_customers": 17876462710195674157560237080465469714607008825706565101686743862386964985351153637429353773978393699011516170240, "churned_customers": 7214310958848472553492315867513391028674025049469286086297158765256667119042677140329891058692097810941956063232}, "generation": 0, "timestamp": "2025-11-13T13:27:31.053573"}