{"key": "daily_snapshot", "value": {"day": 0, "customers": 62069883673159876261218296953740413865727661817235989800458864375931011, "mrr": 1.6704644236628907e-105, "total_revenue": 4.596591164332845, "conversion_rate": 7.521005043240053e+63, "churn_rate": 0.05, "average_price": 2.6912639831242817e-176, "daily_visitors": 0, "new_customers": 6975849233092858446404748486426593562243303225106372364575733675196416, "churned_customers": 2553447400958436403099157748112636773653054327492818049071008257671168}, "generation": 0, "timestamp": "2025-11-14T12:20:52.050383"}