{"key": "daily_snapshot", "value": {"day": 0, "customers": 294028319614334844515454482958580657577584733454345008136905, "mrr": 1.2687312872738977e-85, "total_revenue": 3.6905216285399813, "conversion_rate": 3.615036129031872e+52, "churn_rate": 0.05, "average_price": 4.3149968987274476e-145, "daily_visitors": 0, "new_customers": 33163964404854043577469075686917144663277386750866669699072, "churned_customers": 6527833058971826951871033696926992129774007451285763129344}, "generation": 0, "timestamp": "2025-11-15T04:09:26.149036"}