{"key": "daily_snapshot", "value": {"day": 0, "customers": 601010656809231814976586702097618280303747221091972850951927389828435515649533133932272190649736366806680807579, "mrr": 1.6442721764210775e-175, "total_revenue": 13.18914372001125, "conversion_rate": 8.915598440581218e+103, "churn_rate": 0.05, "average_price": 2.73584529291132e-286, "daily_visitors": 0, "new_customers": 84588499863035053928075169633093529467835835381347373219254837567436921216087407886162464043936907270375342080, "churned_customers": 36745805051544491211123122040260958541614510571187975450821734934263073303094735709985707279056266502481117184}, "generation": 0, "timestamp": "2025-11-13T18:37:09.061944"}