{"key": "daily_snapshot", "value": {"day": 0, "customers": 25129818290481361890996213347580234614663704518787, "mrr": 3.1017256922075346e-69, "total_revenue": 4.596591164332845, "conversion_rate": 3.625466360340364e+42, "churn_rate": 0.05, "average_price": 1.2342809869749046e-118, "daily_visitors": 0, "new_customers": 2742186118631572402673771362689514220987007107072, "churned_customers": 1489559422332025936565264917764779349664132497408}, "generation": 0, "timestamp": "2025-11-14T12:10:53.886851"}