{"key": "daily_snapshot", "value": {"day": 0, "customers": 8161620262530568260264523795805595954253783538212113359342619458449420664295908295, "mrr": 8.08682781014091e-128, "total_revenue": 4.928703564447977, "conversion_rate": 1.1067802791254662e+75, "churn_rate": 0.05, "average_price": 9.90836077888477e-210, "daily_visitors": 0, "new_customers": 942718436760799047148413760559954846639841313121933808357371562425287480717606912, "churned_customers": 505325517555308779980191536296338311898165650801250114888712218762288241848614912}, "generation": 0, "timestamp": "2025-11-15T06:36:55.212650"}