{"key": "daily_snapshot", "value": {"day": 0, "customers": 50119996376203448080880585233688650209627503176084469952507487095698, "mrr": 6.107428029081351e-101, "total_revenue": 5.414632391501176, "conversion_rate": 7.529743692224339e+60, "churn_rate": 0.05, "average_price": 1.2185611473789143e-168, "daily_visitors": 0, "new_customers": 7970888837509192776386010567971706705366832518937339172754194169856, "churned_customers": 1307255516001866371930444831693024929494072532436547652057523290112}, "generation": 0, "timestamp": "2025-11-13T22:24:23.837922"}