{"key": "daily_snapshot", "value": {"day": 0, "customers": 4980103499607, "mrr": 4.333768174470843e-07, "total_revenue": 8.401501420252124, "conversion_rate": 605014.6313863584, "churn_rate": 0.05, "average_price": 8.702164874310018e-20, "daily_visitors": 0, "new_customers": 476973712889, "churned_customers": 300401348093}, "generation": 0, "timestamp": "2025-11-14T12:55:01.814374"}