{"key": "daily_snapshot", "value": {"day": 0, "customers": 23167710482202985310694168598637511963090452423348632559986222719175941189710570645040069870057571184966847174945, "mrr": 2.9931903771029175e-176, "total_revenue": 9.426328809042326, "conversion_rate": 3.1469681436304333e+105, "churn_rate": 0.05, "average_price": 1.2919664113561122e-288, "daily_visitors": 0, "new_customers": 2987467902918451550691719237452693402998109462710067605369549488962724966749451456657209616664384929014862577664, "churned_customers": 710712746518621508767257035452534724401568287320252851535113148427459198460781004103564920589545560750818328576}, "generation": 0, "timestamp": "2025-11-15T12:40:29.546698"}