{"key": "daily_snapshot", "value": {"day": 0, "customers": 967048517, "mrr": 0.26439719621357505, "total_revenue": 4.5349131935234706, "conversion_rate": 143.0665732687802, "churn_rate": 0.05, "average_price": 2.7340634059787826e-10, "daily_visitors": 0, "new_customers": 152293516, "churned_customers": 30639051}, "generation": 0, "timestamp": "2025-11-14T11:52:10.518276"}