{"key": "daily_snapshot", "value": {"day": 0, "customers": 11019941185419524855615058977104368434909514815162896799930041968352955699271823765599283388307114595615746186601991058, "mrr": 1.8029262545803184e-189, "total_revenue": 5.414632391501176, "conversion_rate": 1.3163308853280734e+111, "churn_rate": 0.05, "average_price": 1.6360579645976412e-307, "daily_visitors": 0, "new_customers": 1313748536977378900139326835028981055993521309919778162557628983248736801319893773577165538873004995563382018857238528, "churned_customers": 642193976156182099826357903984520962277898192557728524303738518156363101415938363493725273019114238980791780893523968}, "generation": 0, "timestamp": "2025-11-14T00:03:37.849443"}