{"key": "daily_snapshot", "value": {"day": 0, "customers": 53716054286002114753678412972235525116943262324855, "mrr": 2.5047697977913664e-71, "total_revenue": 8.055065502431749, "conversion_rate": 6.678964917003232e+42, "churn_rate": 0.05, "average_price": 4.662981730666851e-121, "daily_visitors": 0, "new_customers": 5674165833940363878008752073953538894853885132800, "churned_customers": 3367178415609533611280601189448762715342993620992}, "generation": 0, "timestamp": "2025-11-13T17:07:15.306674"}