{"key": "daily_snapshot", "value": {"day": 0, "customers": 17586649803107807391739141, "mrr": 1.0898721902649021e-30, "total_revenue": 1.5620171583249602, "conversion_rate": 2.3768553546517637e+18, "churn_rate": 0.05, "average_price": 6.197156379791598e-56, "daily_visitors": 0, "new_customers": 2184731470899033761906688, "churned_customers": 1152872491635928874352640}, "generation": 0, "timestamp": "2025-11-13T21:03:47.467414"}