{"key": "daily_snapshot", "value": {"day": 0, "customers": 55835373903620136619117781946579683106004169234238324527309111344164559317, "mrr": 1.1564160271407577e-114, "total_revenue": 5.250998821828405, "conversion_rate": 7.494237114457268e+66, "churn_rate": 0.05, "average_price": 2.071117190218691e-188, "daily_visitors": 0, "new_customers": 6814953289845359976166825525669829395912036161025069564922593174219653120, "churned_customers": 1745015921819657204136877741022862262807715515286500146278444638417190912}, "generation": 0, "timestamp": "2025-11-14T22:17:25.268331"}