{"key": "daily_snapshot", "value": {"day": 0, "customers": 53265053661046217818468520578630102031488809022834936935921891615731640017300647286916212945934854078987768523401406278917, "mrr": 2.1974221670074232e-198, "total_revenue": 1.5620171583249602, "conversion_rate": 5.840599681416579e+114, "churn_rate": 0.05, "average_price": 4.1254e-320, "daily_visitors": 0, "new_customers": 5099025926043401361903807425402521397434335565226985433287511767902027341214930937223933808751472661804791669078150348800, "churned_customers": 2022670286343391575781631107852117483803433785409663086149893271494917231106648427603175164782956811934847786317974077440}, "generation": 0, "timestamp": "2025-11-13T21:49:25.290611"}