{"key": "daily_snapshot", "value": {"day": 0, "customers": 788879847747540889695289022875788863422135278, "mrr": 2.849090902436823e-63, "total_revenue": 4.058738603221899, "conversion_rate": 1.053711934984505e+38, "churn_rate": 0.05, "average_price": 3.611565069854079e-108, "daily_visitors": 0, "new_customers": 96429088006837393647239249651933798981435392, "churned_customers": 41461946516607730620114829021194978859155456}, "generation": 0, "timestamp": "2025-11-14T15:12:36.722163"}