{"key": "daily_snapshot", "value": {"day": 0, "customers": 414995630957489439256005450606298889197265306780472927070245710276242119640272730722845130848750490216238611448010221889691, "mrr": 1.275646281291602e-196, "total_revenue": 13.18914372001125, "conversion_rate": 5.290196786645055e+115, "churn_rate": 0.05, "average_price": 3.0739e-319, "daily_visitors": 0, "new_customers": 44415912438161542148473404629029370368717055716578965717220267638016557056013624093984952631630998820143184695963512995840, "churned_customers": 13105265163913317895878031188910253982766357849197615375174793450144064961398176362631775403551895204338294091639091625984}, "generation": 0, "timestamp": "2025-11-13T18:42:50.882558"}