{"key": "daily_snapshot", "value": {"day": 0, "customers": 101576367644090794160625135829214906428251458985795802946005, "mrr": 4.3407299023205044e-89, "total_revenue": 5.250998821828405, "conversion_rate": 1.5473673039453572e+52, "churn_rate": 0.05, "average_price": 4.2733659442615696e-148, "daily_visitors": 0, "new_customers": 12415666050716939758480270624908365959631531305544953364480, "churned_customers": 5858864095248004793550059918111366514247099320037382553600}, "generation": 0, "timestamp": "2025-11-14T22:10:27.093480"}