{"key": "daily_snapshot", "value": {"day": 0, "customers": 158641660307918936234210888325310597111446326993863, "mrr": 5.083476313114173e-72, "total_revenue": 4.928703564447977, "conversion_rate": 1.9564456360845036e+43, "churn_rate": 0.05, "average_price": 3.2043766456095397e-122, "daily_visitors": 0, "new_customers": 15991244516065939410096464433445200010601849421824, "churned_customers": 9373748715166853919557723080788511459183727476736}, "generation": 0, "timestamp": "2025-11-15T06:21:47.297677"}