{"key": "daily_snapshot", "value": {"day": 0, "customers": 642843385166184739417411383581554874456734522601555663469146435165721255906071830446479326506208874432549593208824237632, "mrr": 1.4253586379357012e-185, "total_revenue": 4.61627280770732, "conversion_rate": 9.073981297695036e+112, "churn_rate": 0.05, "average_price": 2.2172719994112164e-305, "daily_visitors": 0, "new_customers": 94428451556742472127723183574138438330088462482208698143924738612832712273014300860795286039172706449970181325335822336, "churned_customers": 23388716471254020258939818596393738991124518947781624870501527173178369430100452920313762005298681990433891576388255744}, "generation": 0, "timestamp": "2025-11-15T17:49:59.056792"}