{"key": "daily_snapshot", "value": {"day": 0, "customers": 637632845098091944, "mrr": 1.2905832463060765e-16, "total_revenue": 2.640852054669741, "conversion_rate": 99798849712.32793, "churn_rate": 0.05, "average_price": 2.0240225330731455e-34, "daily_visitors": 0, "new_customers": 81103535914476160, "churned_customers": 14565794266493754}, "generation": 0, "timestamp": "2025-11-14T02:15:18.979878"}