{"key": "daily_snapshot", "value": {"day": 0, "customers": 1539762361838744517614, "mrr": 4.0630083584696097e-23, "total_revenue": 4.058738603221899, "conversion_rate": 216296517772231.75, "churn_rate": 0.05, "average_price": 2.6387242987402743e-44, "daily_visitors": 0, "new_customers": 185975054523542011904, "churned_customers": 64591182310463258624}, "generation": 0, "timestamp": "2025-11-14T15:01:34.644707"}