{"key": "daily_snapshot", "value": {"day": 0, "customers": 83512475385918188989242785617214497244288344297584412186192229933624753586268618875632416285879032144661315403, "mrr": 5.989393044181795e-177, "total_revenue": 5.241512577835226, "conversion_rate": 1.0890253633453768e+103, "churn_rate": 0.05, "average_price": 7.171854284649454e-287, "daily_visitors": 0, "new_customers": 11944857512448269254046202978165800840146966828389885293491636273364713238572644975036029006615664924400025600, "churned_customers": 5026218314343633265121308676555577651016872093210636667501241784692895014377783207152861235449034693251432448}, "generation": 0, "timestamp": "2025-11-13T20:42:35.621810"}