{"key": "daily_snapshot", "value": {"day": 0, "customers": 1549843078591672474483166953693093188918450847, "mrr": 6.010118597960343e-64, "total_revenue": 3.5615064647863135, "conversion_rate": 1.8402427483350907e+38, "churn_rate": 0.05, "average_price": 3.877888465599808e-109, "daily_visitors": 0, "new_customers": 137504863855972795719034285356574277013340160, "churned_customers": 83070224093099179803728869088761687004151808}, "generation": 0, "timestamp": "2025-11-13T11:54:10.439730"}