{"key": "daily_snapshot", "value": {"day": 0, "customers": 174547383092160309349056874501889944461997282316219977060207651081156797542173313866737524764423, "mrr": 1.0045951914445187e-144, "total_revenue": 7.42566689692798, "conversion_rate": 2.329309804006294e+88, "churn_rate": 0.05, "average_price": 5.755429692773432e-240, "daily_visitors": 0, "new_customers": 19559730552685006571793767343428217831015261955921878650144265953706566691241211838556585066496, "churned_customers": 7648972383931270742620314730517564951681294644102346010319144020246300457246775057042691325952}, "generation": 0, "timestamp": "2025-11-15T14:34:33.483696"}