{"key": "daily_snapshot", "value": {"day": 0, "customers": 4, "mrr": 2.1990232555520013, "total_revenue": 0.14774687498240008, "conversion_rate": 0.05997917837078144, "churn_rate": 0.05, "average_price": 0.5497558138880003, "daily_visitors": 81, "new_customers": 2, "churned_customers": 0}, "generation": 0, "timestamp": "2025-11-15T17:58:31.160259"}