{"key": "daily_snapshot", "value": {"day": 0, "customers": 2729073878633206555127512319343940316413993774775436358147305856748240686709872199696821431774040551842929945669931077184, "mrr": 1.3625863815653176e-186, "total_revenue": 4.61627280770732, "conversion_rate": 3.551782057706891e+113, "churn_rate": 0.05, "average_price": 4.992852675163699e-307, "daily_visitors": 0, "new_customers": 384957771440176524915747301960837766800712699233340655271276136220133129239672913062515182919269169569951478546744475648, "churned_customers": 82005020269069093695665757495472230945479553555591563096083528279196178158605018692362427920662860099046329372203024384}, "generation": 0, "timestamp": "2025-11-15T17:50:16.154888"}