{"key": "daily_snapshot", "value": {"day": 0, "customers": 106327563927146439185676088885224363247208016553827462289867261894, "mrr": 1.6512925073894655e-97, "total_revenue": 3.6346456800791516, "conversion_rate": 1.4896063694758856e+58, "churn_rate": 0.05, "average_price": 1.5530239256876974e-162, "daily_visitors": 0, "new_customers": 15010258773569511495134228415764543534972211110182884821044297728, "churned_customers": 4275981635980234407562472677528758073384489316303240831466209280}, "generation": 0, "timestamp": "2025-11-13T15:09:58.719477"}