{"key": "daily_snapshot", "value": {"day": 0, "customers": 5862657214035162764905683615, "mrr": 2.4726144217417526e-32, "total_revenue": 3.5615064647863135, "conversion_rate": 7.19384671270781e+20, "churn_rate": 0.05, "average_price": 4.21756608218937e-60, "daily_visitors": 0, "new_customers": 830080181230751572232765440, "churned_customers": 285293148543763506387746816}, "generation": 0, "timestamp": "2025-11-13T11:45:41.423756"}