{"key": "daily_snapshot", "value": {"day": 0, "customers": 6343998553015058013450408397611342836573169088667757246292611093, "mrr": 3.259879598072e-96, "total_revenue": 6.513341788556554, "conversion_rate": 9.504491673194733e+56, "churn_rate": 0.05, "average_price": 5.138525128639421e-160, "daily_visitors": 0, "new_customers": 877553405780812177608390987583617676312082976738449830837223424, "churned_customers": 251954609496033457250522119573357798161833978859570730392092672}, "generation": 0, "timestamp": "2025-11-15T00:49:52.762500"}