{"key": "daily_snapshot", "value": {"day": 0, "customers": 12911174689020450494299406223514327509, "mrr": 2.0440615637843298e-50, "total_revenue": 5.250998821828405, "conversion_rate": 1.6258601528411703e+30, "churn_rate": 0.05, "average_price": 1.5831724169316538e-87, "daily_visitors": 0, "new_customers": 1369468598989136984459757842511953920, "churned_customers": 294309620573272541129557088172769280}, "generation": 0, "timestamp": "2025-11-14T21:59:58.991545"}