{"key": "daily_snapshot", "value": {"day": 0, "customers": 18879046659751343775158488867230346978176491530477624679162148757230824523032068747367159357337357038403, "mrr": 4.4221595197347987e-162, "total_revenue": 3.6902796439842023, "conversion_rate": 2.1858343867217946e+96, "churn_rate": 0.05, "average_price": 2.3423637853295307e-265, "daily_visitors": 0, "new_customers": 2095597746596091409713066794962087030882161514535061751716753796121249711797218766012335551882943528960, "churned_customers": 816922109593109033761476710306999693445949848135273161204967305292141307931618951215662667674867990528}, "generation": 0, "timestamp": "2025-11-14T01:54:04.907682"}