{"key": "daily_snapshot", "value": {"day": 0, "customers": 1449158410654230320221017876138552914576377025029743197, "mrr": 6.500368283754442e-79, "total_revenue": 7.058512489256422, "conversion_rate": 1.923984855961695e+47, "churn_rate": 0.05, "average_price": 4.4856160899758475e-133, "daily_visitors": 0, "new_customers": 189420153658879558960691538256517158352102899736117248, "churned_customers": 32830669260115351289569315583641759242211875656564736}, "generation": 0, "timestamp": "2025-11-15T09:19:28.536717"}