{"key": "daily_snapshot", "value": {"day": 0, "customers": 1621077467113971553254890958890849149939237497323350417989493277464730554571286189387374504902458951860149728471197805038569729, "mrr": 1.601837371496713e-197, "total_revenue": 6.966800923949336, "conversion_rate": 2.0314617636839206e+119, "churn_rate": 0.05, "average_price": 1e-323, "daily_visitors": 0, "new_customers": 229316750705975813852277192530487278337138834557510143939140356885986991260461621901947184652932925340749569200143893241266176, "churned_customers": 52348463044394942517824061714290272655222396832613203586137845185506601627598930924570101830362288851348321562685326646837248}, "generation": 0, "timestamp": "2025-11-14T05:07:52.701938"}