{"key": "daily_snapshot", "value": {"day": 0, "customers": 65448649569019941654981688764536310914138953686979458480058140761603, "mrr": 5.4277202749591326e-105, "total_revenue": 11.37579680016544, "conversion_rate": 9.061802443409682e+60, "churn_rate": 0.05, "average_price": 8.293097429359854e-173, "daily_visitors": 0, "new_customers": 6913923113212286610597834394599946797176472092141648966136216158208, "churned_customers": 2980349404525886889955671690333158827237920242830634415343250964480}, "generation": 0, "timestamp": "2025-11-14T06:00:46.507946"}