{"key": "daily_snapshot", "value": {"day": 0, "customers": 2193379350038301852786039602443074799459693917766574196781427386872358078258965487767218588773750812646735062798, "mrr": 9.376166516204965e-175, "total_revenue": 5.934471667464104, "conversion_rate": 3.325035093088111e+104, "churn_rate": 0.05, "average_price": 4.274758270173937e-286, "daily_visitors": 0, "new_customers": 348361867927374419755924989815124236569821247361822967381259175059891007213223913636244992672694451440378183680, "churned_customers": 139734739808225642990311741611005067169220834361473464041496924500692650962719957900575766091615224377762643968}, "generation": 0, "timestamp": "2025-11-14T18:17:54.600091"}