{"key": "daily_snapshot", "value": {"day": 0, "customers": 1248142752364238598496158065532609819434687503315991334978054831161, "mrr": 1.805271540857252e-95, "total_revenue": 8.82569014329087, "conversion_rate": 1.6524642773903562e+59, "churn_rate": 0.05, "average_price": 1.446366240910903e-161, "daily_visitors": 0, "new_customers": 127206721142650462356199809029789107171111827188973850747494989824, "churned_customers": 48684651682600102341592099086409195178636960558752072998219415552}, "generation": 0, "timestamp": "2025-11-13T12:02:17.951705"}