{"key": "daily_snapshot", "value": {"day": 0, "customers": 35524564237010275108779183306936248789192621452772041, "mrr": 3.173231127364728e-74, "total_revenue": 3.6905216285399813, "conversion_rate": 5.258312740437466e+45, "churn_rate": 0.05, "average_price": 8.932498386732597e-127, "daily_visitors": 0, "new_customers": 5292061035141461526927011879499941104880546878586880, "churned_customers": 2435018544145250050097766491082036234716608016154624}, "generation": 0, "timestamp": "2025-11-15T04:06:16.170567"}