{"key": "daily_snapshot", "value": {"day": 0, "customers": 2336033557276895372693360388686748908396287631554043650071950535020014883174461594984241551320232049081741263229872299793251310, "mrr": 2.3083078563656678e-197, "total_revenue": 4.058738603221899, "conversion_rate": 3.229940423955457e+119, "churn_rate": 0.05, "average_price": 1e-323, "daily_visitors": 0, "new_customers": 309613405523097227673989371443031411594700596086606274263317106479709823368337787014633732245981199532020399581313878695346176, "churned_customers": 120001921572544972135902989900756032597334125926874030718582708719307038417668543903392525447916038121793439787564986819149824}, "generation": 0, "timestamp": "2025-11-14T15:52:59.907676"}