{"key": "daily_snapshot", "value": {"day": 0, "customers": 243589832026452, "mrr": 3.0254209705725034e-10, "total_revenue": 8.401501509800829, "conversion_rate": 31907301.766362645, "churn_rate": 0.05, "average_price": 1.2420144738405853e-24, "daily_visitors": 0, "new_customers": 34545468035255, "churned_customers": 13050584533385}, "generation": 0, "timestamp": "2025-11-14T12:55:52.003597"}