{"key": "daily_snapshot", "value": {"day": 0, "customers": 120553825823661565725371235089523293, "mrr": 9.96322595192755e-47, "total_revenue": 7.058512489256422, "conversion_rate": 1.8710546063986093e+28, "churn_rate": 0.05, "average_price": 8.264545636652894e-82, "daily_visitors": 0, "new_customers": 14544370543315069665229510646169600, "churned_customers": 5746434314368199919674816884375552}, "generation": 0, "timestamp": "2025-11-15T07:15:58.611434"}