{"key": "daily_snapshot", "value": {"day": 0, "customers": 2794597053411, "mrr": 2.611237500184537e-08, "total_revenue": 2.6408520488696006, "conversion_rate": 420728.02005051676, "churn_rate": 0.05, "average_price": 9.343878384890374e-21, "daily_visitors": 0, "new_customers": 389871852181, "churned_customers": 168527685908}, "generation": 0, "timestamp": "2025-11-14T02:12:57.325142"}