{"key": "daily_snapshot", "value": {"day": 0, "customers": 20783007944720342695895679639551757504372729263463892077944210449351, "mrr": 8.298615933207681e-102, "total_revenue": 4.928703564447977, "conversion_rate": 2.414716161487117e+60, "churn_rate": 0.05, "average_price": 3.9929811677312275e-169, "daily_visitors": 0, "new_customers": 2563073638963339114781262906500539991622834893395995800559406809088, "churned_customers": 668366404149005049348640773551742785028911224215167692531575029760}, "generation": 0, "timestamp": "2025-11-15T06:29:53.899466"}