{"key": "daily_snapshot", "value": {"day": 0, "customers": 77562761175401825272107022751973857659477382753100345837496389447548429175624902485387813722783, "mrr": 2.0877586840921576e-150, "total_revenue": 3.5615064647863135, "conversion_rate": 1.0201523495282089e+88, "churn_rate": 0.05, "average_price": 2.691702374250012e-245, "daily_visitors": 0, "new_customers": 9972760009141321167378333660087915196559288690024660129057880170064510743698410794316940181504, "churned_customers": 2595459058237574526072822657061171945582511684662614388103884332329968061409739828670656151552}, "generation": 0, "timestamp": "2025-11-13T12:17:40.900883"}