{"key": "daily_snapshot", "value": {"day": 0, "customers": 3004498304500374919480108892313008087605804285310513878833779517685398957089916433236385082253366574163450999, "mrr": 8.99879119827908e-173, "total_revenue": 3.0646080228541357, "conversion_rate": 3.7247711207834726e+101, "churn_rate": 0.05, "average_price": 2.995106099677267e-281, "daily_visitors": 0, "new_customers": 354823048366348607879062382195565525229868818328961751766333374945088974979781706109890755645377422779482112, "churned_customers": 167102696991787857518746137765642605163652148126685658859858544747062588541428693681240216738280704976093184}, "generation": 0, "timestamp": "2025-11-14T21:32:19.182903"}