{"key": "daily_snapshot", "value": {"day": 0, "customers": 768211839227049442549027406410312479941000523908876301204181033988945393155885661445982131672994817039291054001112231, "mrr": 7.0448267920909315e-186, "total_revenue": 7.010218214998832, "conversion_rate": 9.57080022913151e+109, "churn_rate": 0.05, "average_price": 9.170422053348221e-303, "daily_visitors": 0, "new_customers": 103051148441117071698709236293569483086142964945488701375360951646010317336829620340493303230704246144076698456424448, "churned_customers": 46165393674708555312039305110765255359907547767330184550198079520879284319405629469410954600765987975319422712676352}, "generation": 0, "timestamp": "2025-11-15T00:13:25.372060"}