{"key": "daily_snapshot", "value": {"day": 0, "customers": 589141952678048346189711878598979769517018317224628832762862, "mrr": 3.3790912320975376e-89, "total_revenue": 4.058738603221899, "conversion_rate": 6.930854188710697e+52, "churn_rate": 0.05, "average_price": 5.735614679513628e-149, "daily_visitors": 0, "new_customers": 53306084848341087799943557175293216067356721855603689914368, "churned_customers": 17564049271971906806281220753545700027530382892368373219328}, "generation": 0, "timestamp": "2025-11-14T15:19:39.502601"}