{"key": "daily_snapshot", "value": {"day": 0, "customers": 12293394922127036388398166759985320988820120885272062726073374141496738, "mrr": 1.9720060219909793e-105, "total_revenue": 8.401501509864964, "conversion_rate": 1.512751623673373e+63, "churn_rate": 0.05, "average_price": 1.604118337109256e-175, "daily_visitors": 0, "new_customers": 1286312699793506849132170608073379884150204872861374856735186531385344, "churned_customers": 548815639189809298078042943068366877361530690192488402983206860619776}, "generation": 0, "timestamp": "2025-11-14T13:21:57.389940"}