{"key": "daily_snapshot", "value": {"day": 0, "customers": 26060476835629257489854747456791904687737862939045158750465, "mrr": 2.0454695318239588e-85, "total_revenue": 6.966800923949336, "conversion_rate": 2.9751014071044035e+51, "churn_rate": 0.05, "average_price": 7.848933635118456e-144, "daily_visitors": 0, "new_customers": 2372647943155967109442194546407123528060512127742436704256, "churned_customers": 720452167759372009540047449960316436684071717108833058816}, "generation": 0, "timestamp": "2025-11-14T04:36:25.691189"}