{"key": "daily_snapshot", "value": {"day": 0, "customers": 2264633108672571027991332999732876236363866598598661255903450384797248, "mrr": 9.042637354750202e-100, "total_revenue": 4.61627280770732, "conversion_rate": 3.1061095600863403e+62, "churn_rate": 0.05, "average_price": 3.9929811677312275e-169, "daily_visitors": 0, "new_customers": 266730736857273136987019818103780070925904695127412731037916237660160, "churned_customers": 57967654468972327399886142596935446492710558219243798875750952599552}, "generation": 0, "timestamp": "2025-11-15T17:26:23.737690"}