{"key": "daily_snapshot", "value": {"day": 0, "customers": 837539463378200048148050733552783765629773355464522547625033085589791536199, "mrr": 1.0239521294372669e-115, "total_revenue": 8.531929138055917, "conversion_rate": 1.3082479145045072e+68, "churn_rate": 0.05, "average_price": 1.2225718001479892e-190, "daily_visitors": 0, "new_customers": 121638245208444886422089286635641914295932273490095022914700933346279555072, "churned_customers": 40982748251311679452255031724119294415283189237213703293552676091339997184}, "generation": 0, "timestamp": "2025-11-13T11:37:13.140137"}