{"key": "daily_snapshot", "value": {"day": 0, "customers": 15848605497151623378511099261232395075, "mrr": 9.571485546082238e-50, "total_revenue": 3.6902796439842023, "conversion_rate": 1.8741125989095964e+30, "churn_rate": 0.05, "average_price": 6.0393234898821e-87, "daily_visitors": 0, "new_customers": 1911703591305274962973711522594816000, "churned_customers": 894517979979672236277791956905492480}, "generation": 0, "timestamp": "2025-11-14T01:17:41.967686"}