{"key": "daily_snapshot", "value": {"day": 0, "customers": 4409915526532411680788173352871978999808397891490638042996020252673012539578064825703124204577476351595364457301, "mrr": 1.738727641967065e-176, "total_revenue": 7.593310615949716, "conversion_rate": 5.592956574458249e+104, "churn_rate": 0.05, "average_price": 3.942768589343603e-288, "daily_visitors": 0, "new_customers": 469954502500378607873729683495392968229137259948560694224866449094133513837337417095727252605627302907433975808, "churned_customers": 231831549145321215800911718361972797933809982148876627717773826360429260942382348945053498829757736195545104384}, "generation": 0, "timestamp": "2025-11-14T19:19:22.016143"}