{"key": "daily_snapshot", "value": {"day": 0, "customers": 8807771371943410616591447731879424516929660716085726457150159962449060135416118523858539975649019200263024, "mrr": 4.600867788059668e-164, "total_revenue": 7.626819946521412, "conversion_rate": 1.2416362905742216e+99, "churn_rate": 0.05, "average_price": 5.223645793889969e-270, "daily_visitors": 0, "new_customers": 1228289738825708634141174533738051360864083904756656850973375369388472750689669887263784062868710290882560, "churned_customers": 339050002720821694288686282739808148378704460710951280989559174730416886501316341430241768338460898230272}, "generation": 0, "timestamp": "2025-11-15T02:10:02.875731"}