{"key": "daily_snapshot", "value": {"day": 0, "customers": 3171680444651234439504709674769428518438844688409628059812223951950834017933236665062196532986335591958760270953088647795325752, "mrr": 3.1340366945773284e-197, "total_revenue": 8.385937104373125, "conversion_rate": 4.148596620392887e+119, "churn_rate": 0.05, "average_price": 1e-323, "daily_visitors": 0, "new_customers": 392269936555127414639496603354527460298273261851782616678166477048242033342481414290914982126527619211625548078553176920293376, "churned_customers": 157978705934738839579138257667633262491942812650593766831410987592896413896710121552935265992116778343024969031369057084899328}, "generation": 0, "timestamp": "2025-11-13T13:33:43.775821"}