{"key": "daily_snapshot", "value": {"day": 0, "customers": 87159215353053159703330929202354341128376331654603608817409867475757015319435766219384705590627513990976987956914400766737667332385, "mrr": 8.6124748048845e-193, "total_revenue": 9.426328809042326, "conversion_rate": 1.0186446898475752e+124, "churn_rate": 0.05, "average_price": 1e-323, "daily_visitors": 0, "new_customers": 11287871205605515703366133457348316669213519053910845907472850542778292597520768983894083105796216339413085172548547644135728742400, "churned_customers": 3455404860094329538535415771410878607828936219092877566783274308818051127285141311876425901460428564653350932497669838489413222400}, "generation": 0, "timestamp": "2025-11-15T12:49:14.836272"}