{"key": "daily_snapshot", "value": {"day": 0, "customers": 20107098049953872082367502436423004742590473681099612482464089579204257743566385572559317623491848034094721275149115557317099682064833266, "mrr": 1.9868452768087458e-187, "total_revenue": 10.298721371422412, "conversion_rate": 2.999536403944683e+129, "churn_rate": 0.05, "average_price": 1e-323, "daily_visitors": 0, "new_customers": 3002352426080598179726045455150739396599604259675467604897239566796687116083500045331962955684142569026026264890118997957487508949303296, "churned_customers": 1050657407076382749400745685487856412791076199768024450236187540916058976433534313397056664042998220007554283608137344813283512059691008}, "generation": 0, "timestamp": "2025-11-14T04:11:13.619124"}