{"key": "daily_snapshot", "value": {"day": 0, "customers": 97, "mrr": 0.3934787463108431, "total_revenue": 2.8734776636350507, "conversion_rate": 0.32959901026170524, "churn_rate": 0.05, "average_price": 0.004056481920730342, "daily_visitors": 43, "new_customers": 12, "churned_customers": 2}, "generation": 0, "timestamp": "2025-11-14T06:32:35.049554"}