{"key": "daily_snapshot", "value": {"day": 0, "customers": 3738625595547093750763743943421564670089433513493558604242404776517315228311865582325023298886891595919598916697492370, "mrr": 2.1730557556919255e-188, "total_revenue": 5.414632391501176, "conversion_rate": 4.29896297490319e+110, "churn_rate": 0.05, "average_price": 5.812445510136541e-306, "daily_visitors": 0, "new_customers": 456397416605370782558693516906365439667418519262982916680724243459925302858610452131949901999426284444927296316375040, "churned_customers": 242836196494345384211863223811618039224912634639118211464340644412517651322365646367924058260432245506687187703300096}, "generation": 0, "timestamp": "2025-11-14T00:03:21.777727"}