{"key": "daily_snapshot", "value": {"day": 0, "customers": 67633605410534915901728434215381, "mrr": 4.603654452685093e-41, "total_revenue": 5.250998821828405, "conversion_rate": 8.61183062047102e+24, "churn_rate": 0.05, "average_price": 6.806755938473163e-73, "daily_visitors": 0, "new_customers": 8054988551125006865491495485440, "churned_customers": 2533668660157803148150141091840}, "generation": 0, "timestamp": "2025-11-14T21:57:27.320257"}