{"key": "daily_snapshot", "value": {"day": 0, "customers": 1378218066963059598046018586865316358077248928212821288591992074194586409283920011531014452942671908353020578272931330037120161, "mrr": 1.3618603987283568e-197, "total_revenue": 4.323965768575599, "conversion_rate": 1.947987770096371e+119, "churn_rate": 0.05, "average_price": 1e-323, "daily_visitors": 0, "new_customers": 209714245622204036081933831992821846968509727265035526463803275883368183209410975720422285083423390349278092114269719800840192, "churned_customers": 87313635118014737080240858242098692915866912077378871226775286334877739007991751947746289651502823456539534792141747685163008}, "generation": 0, "timestamp": "2025-11-14T14:48:46.499443"}