{"key": "daily_snapshot", "value": {"day": 0, "customers": 4846741567794769580876046685846123291419769491163477067121095453121266923473819156212522085735115560615887704249651663644840427339, "mrr": 4.789217005836277e-194, "total_revenue": 5.241512577835226, "conversion_rate": 6.703925428923973e+122, "churn_rate": 0.05, "average_price": 1e-323, "daily_visitors": 0, "new_customers": 651095133663964467793267406480659380870368434022714658951009555257395555756883676759268520010505441845252957447982896080079552512, "churned_customers": 200689272290755615551462210742879573123208701221298882845132757396280820428687077708305063033185251570814413888561762420582776832}, "generation": 0, "timestamp": "2025-11-13T20:52:01.878011"}