{"key": "daily_snapshot", "value": {"day": 0, "customers": 162524271420315633630721743206757517562924762131856545, "mrr": 2.808088623423912e-76, "total_revenue": 4.323965768575599, "conversion_rate": 2.305338214469034e+46, "churn_rate": 0.05, "average_price": 1.7277964693419317e-129, "daily_visitors": 0, "new_customers": 18421003807611701247016939823503266673911129679331328, "churned_customers": 9400767842018069440907414437148533008249618618646528}, "generation": 0, "timestamp": "2025-11-14T14:15:09.501755"}