{"key": "daily_snapshot", "value": {"day": 0, "customers": 22880208673140754690843366738899881624367429526404091621260304049095, "mrr": 5.847055510119152e-102, "total_revenue": 4.928703564447977, "conversion_rate": 3.0516402941500717e+60, "churn_rate": 0.05, "average_price": 2.555507947347986e-169, "daily_visitors": 0, "new_customers": 2451618865290168177439099797640831082041628111944017298670594555904, "churned_customers": 1207510433561236595104693095552818794151108047150851423032940953600}, "generation": 0, "timestamp": "2025-11-15T06:29:55.911504"}