{"key": "daily_snapshot", "value": {"day": 0, "customers": 9607593266913553039741808, "mrr": 1.8347104422006275e-27, "total_revenue": 7.626819946521412, "conversion_rate": 1.2821843521151127e+18, "churn_rate": 0.05, "average_price": 1.9096462467025622e-52, "daily_visitors": 0, "new_customers": 1038898019033672472068096, "churned_customers": 396501641152784817455104}, "generation": 0, "timestamp": "2025-11-15T01:32:26.007242"}