{"key": "daily_snapshot", "value": {"day": 0, "customers": 24130909557277068974, "mrr": 2.4765585093253056e-18, "total_revenue": 14.069439877331755, "conversion_rate": 3193465525633.239, "churn_rate": 0.05, "average_price": 1.0263013515702558e-37, "daily_visitors": 0, "new_customers": 2976243867402065408, "churned_customers": 961541890835498368}, "generation": 0, "timestamp": "2025-11-15T12:58:16.726310"}