{"key": "daily_snapshot", "value": {"day": 0, "customers": 8131426562714198589, "mrr": 7.772160760599987e-18, "total_revenue": 7.058512489256422, "conversion_rate": 1063927210376.9779, "churn_rate": 0.05, "average_price": 9.558176170757554e-37, "daily_visitors": 0, "new_customers": 984006797983449728, "churned_customers": 319173915770383424}, "generation": 0, "timestamp": "2025-11-15T07:08:11.313269"}