{"key": "daily_snapshot", "value": {"day": 0, "customers": 253128804180826031494576045913124986597300576829715889186278189446977903940126247326874395966584012392807842, "mrr": 1.113997813442611e-169, "total_revenue": 8.401501509864964, "conversion_rate": 3.425769017397854e+100, "churn_rate": 0.05, "average_price": 4.4009128753549965e-277, "daily_visitors": 0, "new_customers": 34302720858851382483687900147944388260739130127752375650867899348525345079982242730458670979270031320285184, "churned_customers": 15346376276829957705559531543203356922107092230649442153423615158261734751519883807399016209603848935833600}, "generation": 0, "timestamp": "2025-11-14T13:39:31.732314"}