{"key": "daily_snapshot", "value": {"day": 0, "customers": 5319613534589442343653631627447766905847611777056431150004446818044932342150817424399929871986873073483, "mrr": 5.480172702966276e-164, "total_revenue": 5.241512577835226, "conversion_rate": 6.861274004339193e+95, "churn_rate": 0.05, "average_price": 1.0301824873804908e-266, "daily_visitors": 0, "new_customers": 659312221881653911900885530692341897761597316692340347607864772192975907005477302169837491399493156864, "churned_customers": 241215358743566506723107071979019821675289514874090191089760801448690086001682781330360312506146095104}, "generation": 0, "timestamp": "2025-11-13T20:39:06.833959"}