{"key": "daily_snapshot", "value": {"day": 0, "customers": 118383483774573474661331960320880, "mrr": 4.802986867426151e-40, "total_revenue": 7.626819946521412, "conversion_rate": 1.4620969972131992e+25, "churn_rate": 0.05, "average_price": 4.0571426978547336e-72, "daily_visitors": 0, "new_customers": 14818319744962389640865636155392, "churned_customers": 4321924489658098878584572608512}, "generation": 0, "timestamp": "2025-11-15T01:35:50.016776"}