{"key": "daily_snapshot", "value": {"day": 0, "customers": 113401438711882474710264642472708462203517234906593284561666407736795106194, "mrr": 3.183050463719044e-112, "total_revenue": 5.414632391501176, "conversion_rate": 1.3431134148016375e+67, "churn_rate": 0.05, "average_price": 2.8068871963839698e-186, "daily_visitors": 0, "new_customers": 14668442348129489944113709027806876018383410796791332954506294348981731328, "churned_customers": 2519124757309386143618769580701147260737391822559579746474231659197628416}, "generation": 0, "timestamp": "2025-11-13T22:27:27.188829"}