{"key": "daily_snapshot", "value": {"day": 0, "customers": 164958857397595810279667646979343052890056994112291423858548107676753242555755078556219507057948864700290538, "mrr": 3.4616926165815727e-169, "total_revenue": 5.620306961549841, "conversion_rate": 2.2382091385993746e+100, "churn_rate": 0.05, "average_price": 2.0985187889838193e-276, "daily_visitors": 0, "new_customers": 23444218401696850492790185391666707833924444665640711288753369896768402374596879633134358504039652389814272, "churned_customers": 9548774981724104562023069875287766746975467648178439858379319311862091041796157799845840187790771221430272}, "generation": 0, "timestamp": "2025-11-15T03:30:59.040870"}