{"key": "daily_snapshot", "value": {"day": 0, "customers": 35604174816657119162813746509833810108197579225403999803422130451741253515830979060439878118613, "mrr": 1.0593977397213563e-142, "total_revenue": 5.438023679800494, "conversion_rate": 4.708466755555458e+87, "churn_rate": 0.05, "average_price": 2.9754874117338786e-237, "daily_visitors": 0, "new_customers": 5013734013691768637474221989599813605724087021922861411417131141658951520806776092971637932032, "churned_customers": 1882849328837241875772886956979915339002324007305794365202222264751400033441485980483555688448}, "generation": 0, "timestamp": "2025-11-14T20:11:42.322561"}