{"key": "daily_snapshot", "value": {"day": 0, "customers": 154816584996200775725891, "mrr": 1.5284483633554627e-26, "total_revenue": 3.6902796439842023, "conversion_rate": 2.45859139573406e+16, "churn_rate": 0.05, "average_price": 9.872639700668832e-50, "daily_visitors": 0, "new_customers": 19898807413380919328768, "churned_customers": 9492180196104230404096}, "generation": 0, "timestamp": "2025-11-14T01:11:16.263081"}