{"key": "daily_snapshot", "value": {"day": 0, "customers": 38541175056084863315166298155243118827437797453105656092635864332667794, "mrr": 1.740207943300329e-106, "total_revenue": 5.414632391501176, "conversion_rate": 5.112872164389639e+63, "churn_rate": 0.05, "average_price": 4.515191715789645e-177, "daily_visitors": 0, "new_customers": 3947957172556932726615111646694360064577053042745637212686853152440320, "churned_customers": 1485283303225871826988220147086263187844885306114199360724039360315392}, "generation": 0, "timestamp": "2025-11-13T22:25:51.530589"}