{"key": "daily_snapshot", "value": {"day": 0, "customers": 17391829782471479452622553963878654352801067567029120153240451921172735655202267265328993902777175724677334891472046, "mrr": 8.406897856040991e-179, "total_revenue": 14.069439877331755, "conversion_rate": 2.4124113389845723e+108, "churn_rate": 0.05, "average_price": 4.8338202254681464e-294, "daily_visitors": 0, "new_customers": 2104821229426859989653314935536285676835241669766049994539012839761580870574012954673844212138657339030944153075712, "churned_customers": 704984250513350825515743945676392861510437131645120363715390023095265831881244914606949054508988608322540754960384}, "generation": 0, "timestamp": "2025-11-15T13:42:36.863860"}