{"key": "daily_snapshot", "value": {"day": 0, "customers": 720126405576913459, "mrr": 2.277425111794755e-16, "total_revenue": 13.18914372001125, "conversion_rate": 88761992323.54382, "churn_rate": 0.05, "average_price": 3.1625352079267893e-34, "daily_visitors": 0, "new_customers": 91614357459439408, "churned_customers": 42193081296112640}, "generation": 0, "timestamp": "2025-11-13T17:53:33.836198"}