{"key": "daily_snapshot", "value": {"day": 0, "customers": 52061882146195414818613154051360, "mrr": 3.543725254667056e-41, "total_revenue": 2.640852054669741, "conversion_rate": 6.325901868670456e+24, "churn_rate": 0.05, "average_price": 6.806755938473163e-73, "daily_visitors": 0, "new_customers": 5327453016528387095418112049152, "churned_customers": 2150973400693950545182456807424}, "generation": 0, "timestamp": "2025-11-14T02:21:57.715640"}