{"key": "daily_snapshot", "value": {"day": 0, "customers": 978143172, "mrr": 0.41786022693331404, "total_revenue": 5.3157689111384565, "conversion_rate": 137.4050661156764, "churn_rate": 0.05, "average_price": 4.2719740718418473e-10, "daily_visitors": 0, "new_customers": 114903405, "churned_customers": 40442503}, "generation": 0, "timestamp": "2025-11-13T21:56:58.560342"}