{"key": "daily_snapshot", "value": {"day": 0, "customers": 1404801518371025303966527845536193510714126973401407759090343356634318362758481946775231552183063740170309380435878773150817802960290, "mrr": 1.3881283389054887e-191, "total_revenue": 8.401501509864964, "conversion_rate": 1.795797587332217e+125, "churn_rate": 0.05, "average_price": 1e-323, "daily_visitors": 0, "new_customers": 176883726146203696169312777837927802425241168880804236321511919028771067206523110641694601497989219179473276690261178115529214263296, "churned_customers": 41252219818445304015049584253682563111051013262092316066867075438045233761162350917677853656120448847072787457236933025184778027008}, "generation": 0, "timestamp": "2025-11-14T13:51:13.258399"}