{"key": "daily_snapshot", "value": {"day": 0, "customers": 21199264466349274060227332513952580082929014903, "mrr": 2.4845959245685816e-65, "total_revenue": 8.055065502431749, "conversion_rate": 2.5873873733077455e+39, "churn_rate": 0.05, "average_price": 1.1720198729123426e-111, "daily_visitors": 0, "new_customers": 2759761414856205413293999679570360345951207424, "churned_customers": 1000780991238944983976029920142469320377630720}, "generation": 0, "timestamp": "2025-11-13T17:05:37.888454"}