{"key": "daily_snapshot", "value": {"day": 0, "customers": 17415987956029, "mrr": 3.972970542330332e-07, "total_revenue": 8.82569005693594, "conversion_rate": 2412935.669769632, "churn_rate": 0.05, "average_price": 2.2812203088111258e-20, "daily_visitors": 0, "new_customers": 1909081548108, "churned_customers": 1077424936367}, "generation": 0, "timestamp": "2025-11-13T11:37:56.776822"}