{"key": "daily_snapshot", "value": {"day": 0, "customers": 95186527741583274066204045145121087365473918071, "mrr": 7.666379331923721e-66, "total_revenue": 3.0646080228541357, "conversion_rate": 1.2527938189294743e+40, "churn_rate": 0.05, "average_price": 8.054059239072946e-113, "daily_visitors": 0, "new_customers": 10494847679871643235698792022235200106455367680, "churned_customers": 3125276069584663462883893955307319256139431936}, "generation": 0, "timestamp": "2025-11-14T21:03:12.194920"}