{"key": "daily_snapshot", "value": {"day": 0, "customers": 600957918843709093526651490225169986944655865385003376096107375731661823725595204933170688180440097109649870148213407, "mrr": 4.366293946455146e-189, "total_revenue": 3.5615064647863135, "conversion_rate": 7.816150322822003e+109, "churn_rate": 0.05, "average_price": 7.265556887670676e-306, "daily_visitors": 0, "new_customers": 70010175881550708067357320111501950833157792455107781388611805476154844688466562412107625318583390032771699330514944, "churned_customers": 37931833881159063692404083089735963887085231474785133928888837980729944802060876317533889845401943613932732841721856}, "generation": 0, "timestamp": "2025-11-13T12:28:08.301402"}