{"key": "daily_snapshot", "value": {"day": 0, "customers": 50520088050516700260785033912711848416545284283573219957478696331643757251328552681311000978979062280655345872628063681875520, "mrr": 2.8247578410219617e-193, "total_revenue": 4.61627280770732, "conversion_rate": 6.510872344738216e+117, "churn_rate": 0.05, "average_price": 5.591356e-318, "daily_visitors": 0, "new_customers": 6870486848256694827364588753826558469292684413622927156166298077644824227075334652491056934773698037774652233439489103495168, "churned_customers": 1096292566802639230939415773037726394631457656550053771095695415163861391043303701408153665496699226389075588925052650782720}, "generation": 0, "timestamp": "2025-11-15T17:52:09.838717"}