{"key": "daily_snapshot", "value": {"day": 0, "customers": 3066502697986787179444680637185698122967724972461455616026305914275557976099820, "mrr": 3.1585428688541517e-119, "total_revenue": 3.8452002827692775, "conversion_rate": 4.313787439918742e+71, "churn_rate": 0.05, "average_price": 1.0300147040235088e-197, "daily_visitors": 0, "new_customers": 327054051968029342724666393237951715808100488426412684320860168131912233123840, "churned_customers": 205808475572057249507080266061273522641437328860624391563774276503766390800384}, "generation": 0, "timestamp": "2025-11-13T14:14:56.371637"}