{"key": "daily_snapshot", "value": {"day": 0, "customers": 10167913758034317967845270538558439026142102555270213280349, "mrr": 1.5587359432503758e-85, "total_revenue": 7.058512489256422, "conversion_rate": 1.3174266738743113e+51, "churn_rate": 0.05, "average_price": 1.5329948506090732e-143, "daily_visitors": 0, "new_customers": 1294957104464784271947578234210019712657525839926174679040, "churned_customers": 659562321520342566926810785116823402424064403202981756928}, "generation": 0, "timestamp": "2025-11-15T09:36:18.740556"}