{"key": "daily_snapshot", "value": {"day": 0, "customers": 691759008077660963423572758097793091451382014176002567270179397776025364042652812471773339, "mrr": 1.456209949859725e-139, "total_revenue": 13.18914372001125, "conversion_rate": 8.976769318213596e+82, "churn_rate": 0.05, "average_price": 2.1050827424805175e-229, "daily_visitors": 0, "new_customers": 87445077641591522048403261584720756562804751938658419539789555949263296808717021679190016, "churned_customers": 41455287116486782532396508686008524532269685364100019694108730330833787736049079333945344}, "generation": 0, "timestamp": "2025-11-13T18:27:19.001770"}