{"key": "daily_snapshot", "value": {"day": 0, "customers": 164150290699386, "mrr": 6.221833402520049e-10, "total_revenue": 8.401501509733135, "conversion_rate": 21045426.06846058, "churn_rate": 0.05, "average_price": 3.790327373781082e-24, "daily_visitors": 0, "new_customers": 18804645242952, "churned_customers": 8929302455823}, "generation": 0, "timestamp": "2025-11-14T12:55:46.985458"}