{"key": "daily_snapshot", "value": {"day": 0, "customers": 1146738778798459, "mrr": 2.986902628035648e-10, "total_revenue": 8.825690143228167, "conversion_rate": 163707123.6420588, "churn_rate": 0.05, "average_price": 2.6046931378437326e-25, "daily_visitors": 0, "new_customers": 155913918712522, "churned_customers": 72748421041175}, "generation": 0, "timestamp": "2025-11-13T11:38:47.880307"}