{"key": "daily_snapshot", "value": {"day": 0, "customers": 743862782838139785842731438137993728549623881318800692095869488924845133376143201496313694297910162008642808074534001564236857, "mrr": 7.350340924403849e-198, "total_revenue": 8.82569014329087, "conversion_rate": 1.0213723191434172e+119, "churn_rate": 0.05, "average_price": 1e-323, "daily_visitors": 0, "new_customers": 89980701245234918069786179226871304260890707429423881999959673266930286997192935458753191400756169642371770834523729027923968, "churned_customers": 40989472626770440908939709578762806683865034734670956458032250433344500464789491807771766080301645484546899427273998906425344}, "generation": 0, "timestamp": "2025-11-13T12:30:27.381850"}