{"key": "daily_snapshot", "value": {"day": 0, "customers": 12562073219526199641533905902, "mrr": 6.558776412758213e-35, "total_revenue": 4.058738603221899, "conversion_rate": 1.6056723475825413e+21, "churn_rate": 0.05, "average_price": 5.221093921474205e-63, "daily_visitors": 0, "new_customers": 1733628137268505766325649408, "churned_customers": 285068625185351585518059520}, "generation": 0, "timestamp": "2025-11-14T15:04:48.562048"}