{"key": "daily_snapshot", "value": {"day": 0, "customers": 50540212553429877869203014081888749494261433615849732812544302216715337394687324221596277025954411690841318574, "mrr": 2.0514907440156566e-169, "total_revenue": 14.069439877331755, "conversion_rate": 6.732139857125554e+102, "churn_rate": 0.05, "average_price": 4.0591256751183444e-279, "daily_visitors": 0, "new_customers": 6328577052495215396792124281610475473870190816008855615082501240359712320622393784233616517805600457179004928, "churned_customers": 1350403062331300785482626155669077926818631954234087832504716092362183117186481627028262625533678215464222720}, "generation": 0, "timestamp": "2025-11-15T13:40:01.797516"}