{"key": "daily_snapshot", "value": {"day": 0, "customers": 6659062580871249971818899717678370016859910373052400591024706071622520633960413933859110547565851016432525065795759397344355044664875762, "mrr": 6.580028109430864e-188, "total_revenue": 10.298721371422412, "conversion_rate": 1.1065652924963176e+129, "churn_rate": 0.05, "average_price": 1e-323, "daily_visitors": 0, "new_customers": 994433516944922489954870734678180909971065036952156541515778884576219687651504601146498974998580964146019216659844497365507824808886272, "churned_customers": 383799127745094693371419737727972405764047008992914567439016311028815994620680150682111770942577827933214191300981906445566737240817664}, "generation": 0, "timestamp": "2025-11-14T04:11:02.555189"}