{"key": "daily_snapshot", "value": {"day": 0, "customers": 34727079553569663458241952116760266817609409322133974335882696723888396725523194149062275209491755310340492281342199097589848377601, "mrr": 3.431491397562949e-193, "total_revenue": 6.966800923949336, "conversion_rate": 4.753676742957916e+123, "churn_rate": 0.05, "average_price": 1e-323, "daily_visitors": 0, "new_customers": 3455833288677837185070338084843072656026751182208185173898702586339278792585777134301707399442612420810368339237895707259387772928, "churned_customers": 1669786448894725529272595457000066674142420815255013457330471949306944967259527532465065486113906640015322722772014002981685952512}, "generation": 0, "timestamp": "2025-11-14T05:09:56.468490"}