{"key": "daily_snapshot", "value": {"day": 0, "customers": 18131348040119220859624534671836499851507069466496870052158507805994013495988625260113372793182375585326034903057265638968124558399, "mrr": 1.7916152358827844e-193, "total_revenue": 2.4762944740981485, "conversion_rate": 2.488359413611394e+123, "churn_rate": 0.05, "average_price": 1e-323, "daily_visitors": 0, "new_customers": 2304151453334472316336719491049165490850520991722186162328175105069014089003145520803495362596059254884871720876015091843667591168, "churned_customers": 1232056349019629571411302370298525585882080112455437964533147800088305831810156735490907191465501669519047958811867195813602000896}, "generation": 0, "timestamp": "2025-11-13T16:43:28.686787"}