{"key": "daily_snapshot", "value": {"day": 0, "customers": 31, "mrr": 2.287396265139987, "total_revenue": 1.2970264990737526, "conversion_rate": 0.12297781053212238, "churn_rate": 0.05, "average_price": 0.0737869762948383, "daily_visitors": 63, "new_customers": 5, "churned_customers": 1}, "generation": 0, "timestamp": "2025-11-13T14:42:13.743878"}