{"key": "daily_snapshot", "value": {"day": 0, "customers": 180881582897030625416542934997265567711495346193750485, "mrr": 6.045142848962697e-79, "total_revenue": 5.250998821828405, "conversion_rate": 2.4152647053596476e+46, "churn_rate": 0.05, "average_price": 3.3420444205223364e-132, "daily_visitors": 0, "new_customers": 24308782817594984871825694494609136069383309469155328, "churned_customers": 12434385531815149820091613104757474118741496545935360}, "generation": 0, "timestamp": "2025-11-14T22:07:42.243833"}