{"key": "daily_snapshot", "value": {"day": 0, "customers": 246191324069171430176083166682549687166244374856883438942120997947999824726281098181426184697313232516167, "mrr": 2.0094004288533271e-165, "total_revenue": 8.531929138055917, "conversion_rate": 3.227834856129359e+97, "churn_rate": 0.05, "average_price": 8.161946552953075e-270, "daily_visitors": 0, "new_customers": 25135315135901518806662617899141232226305720824613334649224367452413262778686309104954055775082023747584, "churned_customers": 15555802026184531377547087333692760260570306437513243290501363994092186537513319356605701035106385264640}, "generation": 0, "timestamp": "2025-11-13T11:50:52.594618"}