{"key": "daily_snapshot", "value": {"day": 0, "customers": 1013562951873993172326600025203668759390733393967677379867007129429649561136354284538539376704494, "mrr": 8.853546996744165e-153, "total_revenue": 4.058738603221899, "conversion_rate": 1.1921674112984766e+89, "churn_rate": 0.05, "average_price": 8.735073613705687e-249, "daily_visitors": 0, "new_customers": 134446394564690509636630424889784224325874300645007397747260114837839306978063994344574394826752, "churned_customers": 24402944920805977137234174971883281677254823022475313045055259357347767440505976213798589038592}, "generation": 0, "timestamp": "2025-11-14T15:36:54.028728"}