{"key": "daily_snapshot", "value": {"day": 0, "customers": 2552026715195241664191796949714606751, "mrr": 5.099573402377436e-48, "total_revenue": 3.5615064647863135, "conversion_rate": 4.454497045043739e+29, "churn_rate": 0.05, "average_price": 1.9982445215066235e-84, "daily_visitors": 0, "new_customers": 314105345300438322780998051307716608, "churned_customers": 81809481013517176595444864185794560}, "generation": 0, "timestamp": "2025-11-13T11:49:53.291780"}