{"key": "daily_snapshot", "value": {"day": 0, "customers": 137595395378, "mrr": 0.0005369227825642892, "total_revenue": 13.189025588794696, "conversion_rate": 19029.674570858613, "churn_rate": 0.05, "average_price": 3.902185687895028e-15, "daily_visitors": 0, "new_customers": 18874034973, "churned_customers": 3430289343}, "generation": 0, "timestamp": "2025-11-13T17:50:16.069023"}