{"key": "daily_snapshot", "value": {"day": 0, "customers": 1525005034185227992321913526266330834650317679882960908514232858405383403038568263793294393, "mrr": 6.797993741706483e-137, "total_revenue": 8.82569014329087, "conversion_rate": 1.9823130537959427e+83, "churn_rate": 0.05, "average_price": 4.457686098943589e-227, "daily_visitors": 0, "new_customers": 180499871445144856307428059966495374449845069345926614907160916537660480567363845526388736, "churned_customers": 97967550081270406823624489973384393472332882625014276659742680901887457080733429806399488}, "generation": 0, "timestamp": "2025-11-13T12:13:36.085879"}