{"key": "daily_snapshot", "value": {"day": 0, "customers": 89189586836996209832044235935070204417561164875803262133810353999318233214279934853667975711608156418398695237071048577660537919, "mrr": 8.813102164586895e-196, "total_revenue": 2.4762944740981485, "conversion_rate": 1.0711641797889586e+121, "churn_rate": 0.05, "average_price": 1e-323, "daily_visitors": 0, "new_customers": 8919402425018480918567945081565767827400563534146300351147372524429516100228259546635081162588591978903993157592213501935353856, "churned_customers": 4503984509622050132765660380738127090679734058182582062377740069250854287822867260075002243304462314684303700254308387547774976}, "generation": 0, "timestamp": "2025-11-13T16:42:25.424296"}