{"key": "daily_snapshot", "value": {"day": 0, "customers": 39, "mrr": 1.841722928319164, "total_revenue": 2.951686259529381, "conversion_rate": 0.1102335601379543, "churn_rate": 0.05, "average_price": 0.04722366482869651, "daily_visitors": 59, "new_customers": 3, "churned_customers": 2}, "generation": 0, "timestamp": "2025-11-14T14:54:16.631202"}