{"key": "daily_snapshot", "value": {"day": 0, "customers": 114250130713355826182963424704391432902644640704382003358670134584588449234100241522196993107826898063412993167679599283271361479, "mrr": 1.1289412923668197e-195, "total_revenue": 4.928703564447977, "conversion_rate": 1.7691175760953357e+121, "churn_rate": 0.05, "average_price": 1e-323, "daily_visitors": 0, "new_customers": 17770213776404546860349614904421662172243534434069267487011373865373579865442722921244705607818065610774069133688059950704623616, "churned_customers": 4236988963395355548890610395982298818004798911855929800279289640251617469777329563712033077035517394020101058359092991542427648}, "generation": 0, "timestamp": "2025-11-15T06:59:01.231585"}