{"key": "daily_snapshot", "value": {"day": 0, "customers": 46265848110502122502210118438699995424909310672766497735862793725648711399, "mrr": 7.208845558893328e-111, "total_revenue": 3.180859164035811, "conversion_rate": 5.9160458959106454e+66, "churn_rate": 0.05, "average_price": 1.558135396475517e-184, "daily_visitors": 0, "new_customers": 5612991316094500444199387593973388965868284589766873103533438730370023424, "churned_customers": 2683167727163504472710104753053317732238455674412593552463261188516478976}, "generation": 0, "timestamp": "2025-11-14T09:15:25.420829"}