{"key": "daily_snapshot", "value": {"day": 0, "customers": 19296127684423028216448202286918422881657782280669968290395940375408975292908973947961490232, "mrr": 7.933583083042862e-138, "total_revenue": 8.385937104373125, "conversion_rate": 2.309035881188417e+84, "churn_rate": 0.05, "average_price": 4.11148973140726e-229, "daily_visitors": 0, "new_customers": 2490801277524668065192983728522897335570053193241430697789731842246156743323573142293577728, "churned_customers": 650614202389084884972097764352657770566538795189484913018494960976889312181036524740018176}, "generation": 0, "timestamp": "2025-11-13T13:16:01.405190"}