{"key": "daily_snapshot", "value": {"day": 0, "customers": 3332189016219498521877174063243229626150925910807041692990913782523160037306024926042035971709085088612720523584278941814040731, "mrr": 3.292640236727189e-197, "total_revenue": 13.18914372001125, "conversion_rate": 4.246254030385563e+119, "churn_rate": 0.05, "average_price": 1e-323, "daily_visitors": 0, "new_customers": 455824465515891399871312555725267724958727167334777583216765321209039504775343541429153840574860011564256942871095301610930176, "churned_customers": 185160541429484653920177502998905241726342974209197868276086577027781146707195267930559860113495752116713767121727422940053504}, "generation": 0, "timestamp": "2025-11-13T18:44:45.541731"}