{"key": "daily_snapshot", "value": {"day": 0, "customers": 2291708165356733036796141006980070773233798948286325999805957863199757138414892529066219639, "mrr": 2.121721127254508e-140, "total_revenue": 8.055065502431749, "conversion_rate": 3.260558193511229e+83, "churn_rate": 0.05, "average_price": 9.258251811151687e-231, "daily_visitors": 0, "new_customers": 296675852834773002246201922173127565670990257206131292725385776865888059605888440943509504, "churned_customers": 130509407229629995393591267580367074188668713358215179907978781011490500989588316778135552}, "generation": 0, "timestamp": "2025-11-13T17:26:16.857446"}