{"key": "daily_snapshot", "value": {"day": 0, "customers": 188315705162477753833418728141793449497215573043248972411140690063896762279587304281241448649989673375905337082719299990816, "mrr": 1.4270004354888007e-193, "total_revenue": 2.640852054669741, "conversion_rate": 2.563245368235065e+115, "churn_rate": 0.05, "average_price": 7.57770274e-316, "daily_visitors": 0, "new_customers": 20875612156831631428352962816965836343021445120313968697714805655119532950064817220201410725077924821992209712353533493248, "churned_customers": 12545579860603426417432347301381496617452273404542084902520003275374646606222988719814736762328516999599392295953289445376}, "generation": 0, "timestamp": "2025-11-14T03:03:55.747235"}