{"key": "daily_snapshot", "value": {"day": 0, "customers": 79383176981451463255518945127702354887032348803666144038100293150999001770139, "mrr": 7.689222597842612e-117, "total_revenue": 13.18914372001125, "conversion_rate": 1.1129322411041984e+70, "churn_rate": 0.05, "average_price": 9.686211726748178e-194, "daily_visitors": 0, "new_customers": 10905491214800984760308131740001754150002306258689456980303578061129933389824, "churned_customers": 2998767728825113333989170948284744514189659922644254938947737760431834398720}, "generation": 0, "timestamp": "2025-11-13T18:21:09.203363"}