{"key": "daily_snapshot", "value": {"day": 0, "customers": 751468913788006215245539021566256437358947316332122758986552, "mrr": 1.1408835349701348e-86, "total_revenue": 8.385937104373125, "conversion_rate": 1.023944214373968e+53, "churn_rate": 0.05, "average_price": 1.518204564469828e-146, "daily_visitors": 0, "new_customers": 95412347344943530213887364502821013589960657497114487554048, "churned_customers": 45696360473330023468632053403858410468649000340605888364544}, "generation": 0, "timestamp": "2025-11-13T13:01:43.648439"}