{"key": "daily_snapshot", "value": {"day": 0, "customers": 86127029759672388241152975326564689697237, "mrr": 3.7280031178536043e-57, "total_revenue": 5.250998821828405, "conversion_rate": 1.3308292720547688e+34, "churn_rate": 0.05, "average_price": 4.3284937704878135e-98, "daily_visitors": 0, "new_customers": 12836958268056820481420121890865329209344, "churned_customers": 3367268724832898049644385424221356949504}, "generation": 0, "timestamp": "2025-11-14T22:01:48.494146"}