{"key": "daily_snapshot", "value": {"day": 0, "customers": 74864191792123020443907950035719354474942180261449929605028838920699986390217382798126746610820722023251001, "mrr": 7.564278265389371e-166, "total_revenue": 8.82569014329087, "conversion_rate": 9.468825953969384e+99, "churn_rate": 0.05, "average_price": 1.0104000436407918e-272, "daily_visitors": 0, "new_customers": 10849356297079578733659858927542617793781941077919611536187698925507250668861443839133037659025257015541760, "churned_customers": 4292440262758748280666383321380969697473442840025848957884996735839140662435971122045547634650136407179264}, "generation": 0, "timestamp": "2025-11-13T12:21:28.578367"}