{"key": "daily_snapshot", "value": {"day": 0, "customers": 1923298820684832857971157, "mrr": 1.880484031594627e-28, "total_revenue": 5.250998821828405, "conversion_rate": 2.7202290596763635e+17, "churn_rate": 0.05, "average_price": 9.77738878311712e-53, "daily_visitors": 0, "new_customers": 204338777347343064760320, "churned_customers": 52902719225269745352704}, "generation": 0, "timestamp": "2025-11-14T21:53:58.453894"}