{"key": "daily_snapshot", "value": {"day": 0, "customers": 175585032009730930942240201607925781, "mrr": 4.755064455684361e-47, "total_revenue": 6.513341788556554, "conversion_rate": 2.6055278749639056e+28, "churn_rate": 0.05, "average_price": 2.708126314218421e-82, "daily_visitors": 0, "new_customers": 21226889542912289062200523433705472, "churned_customers": 8807847426170662818532900363829248}, "generation": 0, "timestamp": "2025-11-15T00:36:26.918744"}