{"key": "daily_snapshot", "value": {"day": 0, "customers": 357081549624277456, "mrr": 2.0541537611058333e-15, "total_revenue": 4.61627280770732, "conversion_rate": 57364594618.48032, "churn_rate": 0.05, "average_price": 5.7526180315595185e-33, "daily_visitors": 0, "new_customers": 48980241083399840, "churned_customers": 23309623126559292}, "generation": 0, "timestamp": "2025-11-15T17:02:48.860471"}