{"key": "daily_snapshot", "value": {"day": 0, "customers": 62735168536625470354789776289602250483940232330994308050439324624681825597630090401176401189980808963184771409143221691566, "mrr": 6.985205642062155e-190, "total_revenue": 14.069439877331755, "conversion_rate": 8.449419717173836e+114, "churn_rate": 0.05, "average_price": 1.113443353226e-311, "daily_visitors": 0, "new_customers": 8742934727171626655060687976566613244403382915352037969574908571148505041565864473867893542009521177377157006245727567872, "churned_customers": 1941785907723041016810849038295883288741361341618767886332171781556260817398917440930494003656105681012007058326280994816}, "generation": 0, "timestamp": "2025-11-15T13:45:46.303222"}