{"key": "daily_snapshot", "value": {"day": 0, "customers": 3871813568725727055691791725231939320107710694242002, "mrr": 7.252993576821735e-76, "total_revenue": 7.180499208388138, "conversion_rate": 4.430212280463972e+44, "churn_rate": 0.05, "average_price": 1.873280685673305e-127, "daily_visitors": 0, "new_customers": 502835535839409064368525473836468128678202556022784, "churned_customers": 165915280271750162325191594848634751047505358618624}, "generation": 0, "timestamp": "2025-11-15T19:21:38.162277"}