{"key": "daily_snapshot", "value": {"day": 0, "customers": 7278559062084344077692062676853967285002751039, "mrr": 8.613720774244331e-63, "total_revenue": 2.4762944740981485, "conversion_rate": 8.883047583769485e+38, "churn_rate": 0.05, "average_price": 1.1834376420897847e-108, "daily_visitors": 0, "new_customers": 830267389479318417074671770432304435853000704, "churned_customers": 265346893908701180713022596694293606888898560}, "generation": 0, "timestamp": "2025-11-13T16:04:00.520363"}