{"key": "daily_snapshot", "value": {"day": 0, "customers": 550733426918273702574706600615991200192717275800974671410936843077955412424332767420, "mrr": 5.4042178201802715e-129, "total_revenue": 7.827191553977371, "conversion_rate": 6.784507119512165e+76, "churn_rate": 0.05, "average_price": 9.812765225493081e-213, "daily_visitors": 0, "new_customers": 72438079929586648807604653096966020048891474019063088715523369338604544303118155776, "churned_customers": 28546151333121755740989920655387854666835922926731753716802887426764381813278244864}, "generation": 0, "timestamp": "2025-11-15T05:22:18.007823"}