{"key": "daily_snapshot", "value": {"day": 0, "customers": 684269416168, "mrr": 4.131851304116216e-06, "total_revenue": 7.593309727993997, "conversion_rate": 92661.14734249264, "churn_rate": 0.05, "average_price": 6.038339879714535e-18, "daily_visitors": 0, "new_customers": 80614001666, "churned_customers": 25230986246}, "generation": 0, "timestamp": "2025-11-14T18:32:41.417523"}