{"key": "daily_snapshot", "value": {"day": 0, "customers": 120392476733750659001011505086128660390888453923002217468207875882259694991983412551643127934277448806380762299553, "mrr": 6.840855073339936e-177, "total_revenue": 4.323965768575599, "conversion_rate": 1.6047434102194745e+106, "churn_rate": 0.05, "average_price": 5.682128367928309e-290, "daily_visitors": 0, "new_customers": 13295513172946766243510323783314649140750076850997338844422371438309594973469820050646471371096335407544377802752, "churned_customers": 6813120310456022504965920975761457913937898533296095338459239739046908604097327976007625805916044721800492351488}, "generation": 0, "timestamp": "2025-11-14T14:42:53.732899"}