{"key": "daily_snapshot", "value": {"day": 0, "customers": 37337164443454292031768120853274762217695421619457944989652925807792599150565570791856408913175176738810287329955061251, "mrr": 3.9094889768451364e-189, "total_revenue": 11.37579680016544, "conversion_rate": 4.3632150950054865e+111, "churn_rate": 0.05, "average_price": 1.0470770973424904e-307, "daily_visitors": 0, "new_customers": 4489276486569235267786023952241736484427978077857574127593765955339416265309969166455228562153362113104579931532165120, "churned_customers": 1709985863632892386608824829770478646688653521588909139798580631774278323761399557613492516301977179677468059739619328}, "generation": 0, "timestamp": "2025-11-14T06:24:05.517424"}