{"key": "daily_snapshot", "value": {"day": 0, "customers": 70758252496623716000159809227137783138808989892765073426658753349914390554275751832330997061505943177015873995122175953983, "mrr": 6.242015023170282e-193, "total_revenue": 2.4762944740981485, "conversion_rate": 1.0079108011410088e+115, "churn_rate": 0.05, "average_price": 8.821607096e-315, "daily_visitors": 0, "new_customers": 8200698499219332392036737800060281655790182594940254321154591961496815678602644584888373731557185523085566980654498840576, "churned_customers": 4237174369946746474649525051124720103797078707943317491021992778592435897510186727141894814719323222859420648551672184832}, "generation": 0, "timestamp": "2025-11-13T16:39:36.615884"}