{"key": "daily_snapshot", "value": {"day": 0, "customers": 6082165650255351897151600532801661986170390074821642376872617266353525321479, "mrr": 2.460327701562793e-112, "total_revenue": 7.42566689692798, "conversion_rate": 7.86607564175154e+68, "churn_rate": 0.05, "average_price": 4.04515076214588e-188, "daily_visitors": 0, "new_customers": 654216369377932791604216298870700936081035259372893919464309597417230041088, "churned_customers": 293915464601658722162395694158353305303224294929488390114189586968873009152}, "generation": 0, "timestamp": "2025-11-15T14:25:35.798838"}