{"key": "daily_snapshot", "value": {"day": 0, "customers": 744877393336815, "mrr": 1.2417133023739706e-10, "total_revenue": 5.438023679774118, "conversion_rate": 92323383.3132266, "churn_rate": 0.05, "average_price": 1.667003608219989e-25, "daily_visitors": 0, "new_customers": 99697143847692, "churned_customers": 44296490010043}, "generation": 0, "timestamp": "2025-11-14T19:35:07.428027"}