{"key": "daily_snapshot", "value": {"day": 0, "customers": 2147190106319048650061878327919201050067151441512668556422620307055345646183535543154083706739900327002094216149119024013851080, "mrr": 2.121705733244911e-197, "total_revenue": 4.843910136547377, "conversion_rate": 3.0883211110191405e+119, "churn_rate": 0.05, "average_price": 1e-323, "daily_visitors": 0, "new_customers": 265960692417824229382355651246434601981511334197241460347846336639031722265232614991166634219537753996544863884114734018985984, "churned_customers": 133678761506929333052853346958929993192060557544571240905020261109302324945543335244378990776158995688021585084650426629881856}, "generation": 0, "timestamp": "2025-11-14T07:28:42.625743"}