{"key": "daily_snapshot", "value": {"day": 0, "customers": 554314798764817158235037584022523784249616969407667763421907595103090268724343, "mrr": 5.317408529907405e-119, "total_revenue": 3.0646080228541357, "conversion_rate": 7.597775143665936e+70, "churn_rate": 0.05, "average_price": 9.592759460429737e-197, "daily_visitors": 0, "new_customers": 72753814106707746769188559941386645903472007164035021654621173820192431538176, "churned_customers": 14615860147376757474945386902283521421814408267204884897329523357721858932736}, "generation": 0, "timestamp": "2025-11-14T21:17:42.673481"}