{"key": "daily_snapshot", "value": {"day": 0, "customers": 201562833476018, "mrr": 2.50343956565534e-10, "total_revenue": 6.513341788507447, "conversion_rate": 22097512.925785635, "churn_rate": 0.05, "average_price": 1.2420144738405853e-24, "daily_visitors": 0, "new_customers": 18880721630625, "churned_customers": 12021234899564}, "generation": 0, "timestamp": "2025-11-15T00:26:29.540591"}