{"key": "daily_snapshot", "value": {"day": 0, "customers": 39892693089005339428031984565737509902756309487046545911336873868740250174935273262031453, "mrr": 4.043365684817261e-137, "total_revenue": 7.058512489256422, "conversion_rate": 4.64107619602171e+81, "churn_rate": 0.05, "average_price": 1.0135604722890058e-225, "daily_visitors": 0, "new_customers": 3722116023391829461445730820877100986363100416655224924937652289451125708979744221954048, "churned_customers": 1138984526810036366582978955849920743452685014842301496780630233359591236725608917499904}, "generation": 0, "timestamp": "2025-11-15T11:23:15.813909"}