{"key": "daily_snapshot", "value": {"day": 0, "customers": 267554852530168954467481923722176622408557329933276914188015396301626793621262959879087484289307328590033628373, "mrr": 3.8211592236106896e-170, "total_revenue": 5.438023679800494, "conversion_rate": 3.848410186605427e+103, "churn_rate": 0.05, "average_price": 1.4281778810869533e-280, "daily_visitors": 0, "new_customers": 35691957484767813139369356138967748495478693225804247511486245455836544226069501506653449818006449873433395200, "churned_customers": 8476700069731122568189331286940986011561484649778272262124678196032679609236118609591446451845779022340423680}, "generation": 0, "timestamp": "2025-11-14T20:19:11.490931"}