{"key": "daily_snapshot", "value": {"day": 0, "customers": 1264596221433143909045056986761134409414897888003496143530095759767299377026777000430745298, "mrr": 3.8364611403641606e-141, "total_revenue": 7.180499208388138, "conversion_rate": 1.935611380920424e+83, "churn_rate": 0.05, "average_price": 3.0337439534781853e-231, "daily_visitors": 0, "new_customers": 144218433227251869451489717604475506548495278733161307890365878528330896451658160218832896, "churned_customers": 74108063731030531466610245209725520454768487161425252649008162606507765918016664833622016}, "generation": 0, "timestamp": "2025-11-15T19:39:46.057423"}