{"key": "daily_snapshot", "value": {"day": 0, "customers": 1201413268128456462831166638, "mrr": 5.898810748884989e-32, "total_revenue": 14.069439877331755, "conversion_rate": 1.5706065350837148e+20, "churn_rate": 0.05, "average_price": 4.9098931278443985e-59, "daily_visitors": 0, "new_customers": 143728888710701747602980864, "churned_customers": 52570313547751240755052544}, "generation": 0, "timestamp": "2025-11-15T13:01:57.690882"}