{"key": "daily_snapshot", "value": {"day": 0, "customers": 25815702822734898426280899581440846062168452169017109646527493440259209502894208037162027800510672534189625721658999161036584168661, "mrr": 2.550930377592042e-193, "total_revenue": 5.438023679800494, "conversion_rate": 3.4914436151500943e+123, "churn_rate": 0.05, "average_price": 1e-323, "daily_visitors": 0, "new_customers": 3562494088826446481698322831131624838926263670644987066952569144042240258910484944423593738037111242526398129850371117187069902848, "churned_customers": 731212005712044690037887376047483901482831354272553908449413666320494089259520545376098867964071157025640998755268675093840003072}, "generation": 0, "timestamp": "2025-11-14T20:28:34.880496"}