{"key": "daily_snapshot", "value": {"day": 0, "customers": 265596653269347128597623, "mrr": 4.399221022644787e-27, "total_revenue": 3.0646080228541357, "conversion_rate": 3.8056360422131304e+16, "churn_rate": 0.05, "average_price": 1.656354087482964e-50, "daily_visitors": 0, "new_customers": 28874991657029281513472, "churned_customers": 10547664476391082033152}, "generation": 0, "timestamp": "2025-11-14T20:52:26.298488"}