{"key": "daily_snapshot", "value": {"day": 0, "customers": 214658964729698737222844293129086254482214960718707670967860423663499204652909832946969507716660803874079994044, "mrr": 1.3353058380675131e-174, "total_revenue": 7.827191553977371, "conversion_rate": 2.3591250327730822e+103, "churn_rate": 0.05, "average_price": 6.2205919969331216e-285, "daily_visitors": 0, "new_customers": 18163898944587642153692013925240568453220162546286663109882176730388667146049502500674334992412486410252058624, "churned_customers": 13411785220499986495050307866537798465384936639676068397564867974255769666509194517093737129681850007900127232}, "generation": 0, "timestamp": "2025-11-15T05:48:46.645130"}