{"key": "daily_snapshot", "value": {"day": 0, "customers": 8143404199456839550492947767934009, "mrr": 1.4390493552369632e-42, "total_revenue": 8.82569014329087, "conversion_rate": 1.1998859058888291e+27, "churn_rate": 0.05, "average_price": 1.767134873807378e-76, "daily_visitors": 0, "new_customers": 1140215949701926107369665086881792, "churned_customers": 380944277723844964364549105909760}, "generation": 0, "timestamp": "2025-11-13T11:47:37.421850"}