{"key": "daily_snapshot", "value": {"day": 0, "customers": 55242284203627574713504120460121792032581144722500240305169222642805229220723329985017433230908409911799964057312645031734632041138781188, "mrr": 5.45866296456219e-187, "total_revenue": 4.445436838349596, "conversion_rate": 7.316837463791911e+129, "churn_rate": 0.05, "average_price": 1e-323, "daily_visitors": 0, "new_customers": 7171828098831287118716219816826346536217129476710773215054710020212121379499508575786488510274363172579085800497204808445595755028152320, "churned_customers": 3819391953663552379844014724848491076901598120633818139020169470287984392579143624833924412482645579138633507978194826427875664660004864}, "generation": 0, "timestamp": "2025-11-15T18:59:13.694512"}