{"key": "daily_snapshot", "value": {"day": 0, "customers": 676754441594864651522322988193, "mrr": 2.7994467069195224e-36, "total_revenue": 4.323965768575599, "conversion_rate": 1.0277014796828164e+23, "churn_rate": 0.05, "average_price": 4.136576777127967e-66, "daily_visitors": 0, "new_customers": 91716142466136245927709507584, "churned_customers": 44106975013726521451033395200}, "generation": 0, "timestamp": "2025-11-14T14:04:12.554280"}