{"key": "daily_snapshot", "value": {"day": 0, "customers": 30011007727816341296152446274361021177082513440569755194201, "mrr": 7.119195143235945e-88, "total_revenue": 4.2636659399133805, "conversion_rate": 4.215732082994869e+51, "churn_rate": 0.05, "average_price": 2.372194631984106e-146, "daily_visitors": 0, "new_customers": 3408338941786028195240552439710498584576782135883263377408, "churned_customers": 1669441212944745810907011283105173206525357394832406872064}, "generation": 0, "timestamp": "2025-11-15T15:19:48.129464"}