{"key": "daily_snapshot", "value": {"day": 0, "customers": 27063200210917972135221789982330184842978484358779994242988797465451755420013080380467475095734723832957333185357788879400509571, "mrr": 2.6741994981476297e-196, "total_revenue": 4.596591164332845, "conversion_rate": 4.010816032866188e+120, "churn_rate": 0.05, "average_price": 1e-323, "daily_visitors": 0, "new_customers": 3272005609002155567239191879161241003299606723802787418443909158808588653056630750185661270299767100805642459947266379830263808, "churned_customers": 1240527510766620327663547228723824748929098429345250198155393908426681584870249147819904674545564349590344329686818779002044416}, "generation": 0, "timestamp": "2025-11-14T12:47:45.410022"}