{"key": "daily_snapshot", "value": {"day": 0, "customers": 765462780167647949128043069420618562850663008958248860571578980287253, "mrr": 5.912089175059426e-103, "total_revenue": 2.963987135955569, "conversion_rate": 9.637028815324898e+61, "churn_rate": 0.05, "average_price": 7.72354884944842e-172, "daily_visitors": 0, "new_customers": 95626640726955647386533094498437914537127834247186933263050431528960, "churned_customers": 44678671727943659130152655829261447279317491206022521779383248617472}, "generation": 0, "timestamp": "2025-11-14T00:41:16.489926"}