{"key": "daily_snapshot", "value": {"day": 0, "customers": 3142669264465174023851974646638555304693693929328627021498630149254478283244442925017109027006606010757455363, "mrr": 2.140183797398074e-171, "total_revenue": 11.37579680016544, "conversion_rate": 4.1313600327769453e+101, "churn_rate": 0.05, "average_price": 6.810082822260632e-280, "daily_visitors": 0, "new_customers": 440002342029442558057612202782393981440163049380760873567495039631307803501682752111815218841786999445127168, "churned_customers": 129392104123976538475084675491139827208849714231862446653326712556533101119713874670254813520792911687450624}, "generation": 0, "timestamp": "2025-11-14T06:19:17.240220"}