{"key": "daily_snapshot", "value": {"day": 0, "customers": 3895275897110023431213788610913391528308394620772819029784106479619960982759811062049, "mrr": 1.9570395067833659e-128, "total_revenue": 9.426328809042326, "conversion_rate": 5.0080439859297e+77, "churn_rate": 0.05, "average_price": 5.024135795452459e-213, "daily_visitors": 0, "new_customers": 400214976433299418073494659619423292389076901519939429561754008798831788541079453696, "churned_customers": 167068135684305977616336265414087854120211286751313545556586323167888887046832390144}, "generation": 0, "timestamp": "2025-11-15T12:27:22.598506"}