{"key": "daily_snapshot", "value": {"day": 0, "customers": 259017772276502804, "mrr": 7.628955173335999e-16, "total_revenue": 5.250998821828405, "conversion_rate": 36552658410.754524, "churn_rate": 0.05, "average_price": 2.9453404321584737e-33, "daily_visitors": 0, "new_customers": 29318072397342532, "churned_customers": 17330162874911926}, "generation": 0, "timestamp": "2025-11-14T21:50:36.532932"}