{"key": "daily_snapshot", "value": {"day": 0, "customers": 10878350148403963021238411942925767994232531972418873707092965169659000993311153861426337, "mrr": 5.700238972094359e-135, "total_revenue": 4.323965768575599, "conversion_rate": 1.4724624059904809e+81, "churn_rate": 0.05, "average_price": 5.239984827047215e-223, "daily_visitors": 0, "new_customers": 1435761183323128191022809350026462729787129534733059927402272488891895605378234707869696, "churned_customers": 251136826555898746873552345436581753945692091674556477487135153287284335355137003356160}, "generation": 0, "timestamp": "2025-11-14T14:31:19.303800"}