{"key": "daily_snapshot", "value": {"day": 0, "customers": 90290769626900243536769909953401834063692555272982, "mrr": 4.520713023539848e-72, "total_revenue": 8.73321624443256, "conversion_rate": 1.245140158954474e+43, "churn_rate": 0.05, "average_price": 5.006838508764905e-122, "daily_visitors": 0, "new_customers": 9318873056568121328518829521779698431242581049344, "churned_customers": 5296117454777166567339434450667996117641484828672}, "generation": 0, "timestamp": "2025-11-14T16:17:47.645433"}