{"key": "daily_snapshot", "value": {"day": 0, "customers": 534997396398956157996384117760110969475833346039000933886913048645438259016675321238404442378361538842800638464718574000980758, "mrr": 5.286476683504713e-198, "total_revenue": 8.73321624443256, "conversion_rate": 7.386286952029847e+118, "churn_rate": 0.05, "average_price": 1e-323, "daily_visitors": 0, "new_customers": 59140303046927395152338683969565811269384294956384841104721169586719795981131237684723823104460041846964648987119754309271552, "churned_customers": 22215311807544119348890382849415621943400960623849673038967475455227024269776363886294487833142329683701458414513236763213824}, "generation": 0, "timestamp": "2025-11-14T17:06:50.966900"}