{"key": "daily_snapshot", "value": {"day": 0, "customers": 4755603877468643041182339579379617737541534865434426461900478909795813940159057702651110871525016010392922561266, "mrr": 8.326781749198983e-175, "total_revenue": 10.298721371422412, "conversion_rate": 6.674375582766796e+104, "churn_rate": 0.05, "average_price": 1.750940987463245e-286, "daily_visitors": 0, "new_customers": 542206945197536717541748671889801964363266396183814985066075364429150721073725958855443718631614608969935355904, "churned_customers": 173977401064557586650978254176104059365062160709812338356565869954515463693465279844163057293226961133128122368}, "generation": 0, "timestamp": "2025-11-14T03:59:56.749502"}