{"key": "daily_snapshot", "value": {"day": 0, "customers": 855, "mrr": 0.008385815599618172, "total_revenue": 1.115644505528042, "conversion_rate": 1.896786600760961, "churn_rate": 0.05, "average_price": 9.807971461541723e-06, "daily_visitors": 16, "new_customers": 152, "churned_customers": 31}, "generation": 0, "timestamp": "2025-11-13T20:55:07.735123"}