{"key": "daily_snapshot", "value": {"day": 0, "customers": 16299255342260518909276773038029576311, "mrr": 3.0040428361846996e-49, "total_revenue": 8.055065502431749, "conversion_rate": 2.191260177747279e+30, "churn_rate": 0.05, "average_price": 1.843055264246246e-86, "daily_visitors": 0, "new_customers": 1865187894795469609905718863763341312, "churned_customers": 619100649750666437005769452118081536}, "generation": 0, "timestamp": "2025-11-13T17:01:16.552441"}