{"key": "daily_snapshot", "value": {"day": 0, "customers": 824408679134387663760792908661054813334083609163339347036541820872350356066582, "mrr": 2.390153382469363e-121, "total_revenue": 6.2331957973706755, "conversion_rate": 1.2051081425771346e+71, "churn_rate": 0.05, "average_price": 2.899233648266507e-199, "daily_visitors": 0, "new_customers": 90195114080115234382863617472892405154263783030970172372132233824262126829568, "churned_customers": 21446755503432050204345524924261661174792747233527545741757949297298497339392}, "generation": 0, "timestamp": "2025-11-14T08:07:35.096812"}