{"key": "daily_snapshot", "value": {"day": 0, "customers": 471784061685038507584019668066635357670463, "mrr": 1.901867214608124e-55, "total_revenue": 2.4762944740981485, "conversion_rate": 6.049242514503684e+34, "churn_rate": 0.05, "average_price": 4.031223962537769e-97, "daily_visitors": 0, "new_customers": 67405927116594682533683472178859032444928, "churned_customers": 26600553761959393703405240179529000943616}, "generation": 0, "timestamp": "2025-11-13T16:02:00.932857"}