{"key": "daily_snapshot", "value": {"day": 0, "customers": 573447820119163280794489387563124993, "mrr": 3.033142834952925e-46, "total_revenue": 6.966800923949336, "conversion_rate": 7.356718991229418e+28, "churn_rate": 0.05, "average_price": 5.289309207457853e-82, "daily_visitors": 0, "new_customers": 68948283384333704046207723999592448, "churned_customers": 14504663955353958270697482838081536}, "generation": 0, "timestamp": "2025-11-14T04:25:44.429212"}