{"key": "daily_snapshot", "value": {"day": 0, "customers": 117755075787886664839902957402643089350, "mrr": 1.375585422513595e-51, "total_revenue": 3.6346456800791516, "conversion_rate": 1.6345648346615978e+31, "churn_rate": 0.05, "average_price": 1.1681750559877775e-89, "daily_visitors": 0, "new_customers": 12485093014113438745861922141417504768, "churned_customers": 4696592051197607132647769646401847296}, "generation": 0, "timestamp": "2025-11-13T14:57:23.443401"}