{"key": "daily_snapshot", "value": {"day": 0, "customers": 75268624928849878144842734, "mrr": 2.5643439058341068e-31, "total_revenue": 4.058738603221899, "conversion_rate": 1.0795657500796174e+19, "churn_rate": 0.05, "average_price": 3.4069227493635446e-57, "daily_visitors": 0, "new_customers": 9221085874662678103851008, "churned_customers": 1702865630174775286431744}, "generation": 0, "timestamp": "2025-11-14T15:03:48.276472"}