{"key": "daily_snapshot", "value": {"day": 0, "customers": 17957147060327375843652640679694, "mrr": 3.235398974071245e-39, "total_revenue": 5.934471667464104, "conversion_rate": 1.981100144711132e+24, "churn_rate": 0.05, "average_price": 1.801733294939258e-70, "daily_visitors": 0, "new_customers": 2182012201181643100339027574784, "churned_customers": 1135086381858341047100696952832}, "generation": 0, "timestamp": "2025-11-14T17:24:57.182587"}