{"key": "daily_snapshot", "value": {"day": 0, "customers": 532489009733123121694248961827676342400076234280274968130108651440866910125102900318246041565389682162745, "mrr": 2.246905252043339e-162, "total_revenue": 8.82569014329087, "conversion_rate": 6.873454115943966e+97, "churn_rate": 0.05, "average_price": 4.2196274683104915e-267, "daily_visitors": 0, "new_customers": 67377252132504572466522525910895519683439816549396989922530554585851000628374461556364652941216107724800, "churned_customers": 24095586269802210111071897994154282816870949312422768409122188274611213577682689330512166779780371316736}, "generation": 0, "timestamp": "2025-11-13T12:20:30.395395"}