{"key": "daily_snapshot", "value": {"day": 0, "customers": 6586746939939216698929955628844788832237531936032834648753018632852189843708742565787233706300968702123068232233194941902249079, "mrr": 6.508570761747847e-197, "total_revenue": 3.0646080228541357, "conversion_rate": 9.630300447216853e+119, "churn_rate": 0.05, "average_price": 1e-323, "daily_visitors": 0, "new_customers": 1020520714937481181478249174653034662454234941489983346558596907970984320778825773573778138891822530639628314131938551525277696, "churned_customers": 373999166185386576485378331104290023494666807556164508478906649803195776772517648646963038504457471514409463672795611309015040}, "generation": 0, "timestamp": "2025-11-14T21:40:57.434778"}