{"key": "daily_snapshot", "value": {"day": 0, "customers": 3160586474682408044775200085163752186372416945644651528522036761162036567159, "mrr": 3.0912351167006874e-115, "total_revenue": 3.0646080228541357, "conversion_rate": 4.738137790858501e+68, "churn_rate": 0.05, "average_price": 9.780574401183914e-191, "daily_visitors": 0, "new_customers": 446428639574916974239408399073980336088727890089562935718955643073116241920, "churned_customers": 181928438083206615515588794334412510501020163677329017059731823671371628544}, "generation": 0, "timestamp": "2025-11-14T21:16:40.339524"}