{"key": "daily_snapshot", "value": {"day": 0, "customers": 33757813186960299992531810118421139120348921384434222281912647720396926854282901070731808647088328424248, "mrr": 1.559441518562348e-158, "total_revenue": 8.385937104373125, "conversion_rate": 4.624312309835949e+96, "churn_rate": 0.05, "average_price": 4.6194980401299125e-262, "daily_visitors": 0, "new_customers": 3946020402796218286257438832406805839206528866697956809791900558104185868142115631621532754032084385792, "churned_customers": 1720278589972134023780756581574490426168150887730916727827914710184333370053974027660179014979411771392}, "generation": 0, "timestamp": "2025-11-13T13:22:54.920329"}