{"key": "daily_snapshot", "value": {"day": 0, "customers": 73975622236432864471103511301729583887516593290401, "mrr": 1.644835352912897e-70, "total_revenue": 4.323965768575599, "conversion_rate": 1.0881223309077982e+43, "churn_rate": 0.05, "average_price": 2.22348295720427e-120, "daily_visitors": 0, "new_customers": 8486314985424073700012828608385243057009285136384, "churned_customers": 2660476047070434179498734816913968266381015121920}, "generation": 0, "timestamp": "2025-11-14T14:13:35.031454"}