{"key": "daily_snapshot", "value": {"day": 0, "customers": 14720736513005468775, "mrr": 6.188200664845162e-19, "total_revenue": 7.010218214998832, "conversion_rate": 1828929344746.1702, "churn_rate": 0.05, "average_price": 4.203730336031769e-38, "daily_visitors": 0, "new_customers": 1430576719162087424, "churned_customers": 915386524827540608}, "generation": 0, "timestamp": "2025-11-14T23:27:41.237404"}