{"key": "daily_snapshot", "value": {"day": 0, "customers": 55795319592894127100214117872632815842706599746507452074348115312784677313942390417491239747601929651898801970684635307345658782301, "mrr": 5.513310121916398e-193, "total_revenue": 7.058512489256422, "conversion_rate": 7.378336260142005e+123, "churn_rate": 0.05, "average_price": 1e-323, "daily_visitors": 0, "new_customers": 7824401233014788826783725023088384053814276933179444281835771237100427534733664680658291577470095484125749107427117496215214751744, "churned_customers": 2667332534426108072997917021549815738643293601549034914905465885281262888459283887065501453822275092639329116180280745783273193472}, "generation": 0, "timestamp": "2025-11-15T11:48:22.933567"}