{"key": "daily_snapshot", "value": {"day": 0, "customers": 496229641226851655942632137606609020642304659872604558566068185346012413881477051468866, "mrr": 1.71326252532888e-127, "total_revenue": 7.574353924996814, "conversion_rate": 7.65468679723139e+79, "churn_rate": 0.05, "average_price": 3.4525598291410028e-214, "daily_visitors": 0, "new_customers": 68979794705749542752128520475385542991618028434359139266274548180956892016023556849664, "churned_customers": 29672221689754980334077516885721832429706883262258610631752363752444579143522784903168}, "generation": 0, "timestamp": "2025-11-14T11:05:27.305607"}