{"key": "daily_snapshot", "value": {"day": 0, "customers": 146374307165705038468041362045673668887032838836735607847238328019355296480613523106862715488880166608212962327168526217925465, "mrr": 1.4463703320877813e-198, "total_revenue": 4.2636659399133805, "conversion_rate": 1.8500713074831983e+118, "churn_rate": 0.05, "average_price": 1e-323, "daily_visitors": 0, "new_customers": 20487106814349558386297246967520674682296573981049018381641141743166325270244785190004634600690719973119761192614971964391424, "churned_customers": 8594852998154257077385670979071249800915611218378112778526200088423316621560092560727095891476089515601959283903195523317760}, "generation": 0, "timestamp": "2025-11-15T15:50:39.964550"}