{"key": "daily_snapshot", "value": {"day": 0, "customers": 9065685999871052430554075226995646894802776714591644622802588729197906733859611229, "mrr": 3.9890796263900344e-126, "total_revenue": 7.058512489256422, "conversion_rate": 1.236217660582102e+75, "churn_rate": 0.05, "average_price": 4.4001961092042825e-208, "daily_visitors": 0, "new_customers": 1228435599601173523097379261154970850198672180741811500192090642962037959475331072, "churned_customers": 550505316098933350335511626343726789839156155308841957532813529444687139804545024}, "generation": 0, "timestamp": "2025-11-15T11:03:36.153008"}