{"key": "daily_snapshot", "value": {"day": 0, "customers": 110658241564832051784492848900025052883632909979874281696351446953338171475618099023597864711875708823454794420353828013223, "mrr": 9.0037038117748e-195, "total_revenue": 7.010218214998832, "conversion_rate": 1.593593154044173e+115, "churn_rate": 0.05, "average_price": 8.1364964e-317, "daily_visitors": 0, "new_customers": 14506898515252119172538650777279845562750622438939657964043135624329403070742333175321611174486764594617458668356128210944, "churned_customers": 5740804856984732592041648157724890754659240774445109629823812366284374473795341335311010244747955848322515260614117425152}, "generation": 0, "timestamp": "2025-11-15T00:15:51.140392"}