{"key": "daily_snapshot", "value": {"day": 0, "customers": 13383205660003178118305, "mrr": 1.5531520920901725e-23, "total_revenue": 4.323965768575599, "conversion_rate": 1666480795259912.5, "churn_rate": 0.05, "average_price": 1.160523219584002e-45, "daily_visitors": 0, "new_customers": 1519636784141114802176, "churned_customers": 509398206329773817856}, "generation": 0, "timestamp": "2025-11-14T14:00:40.636655"}