{"key": "daily_snapshot", "value": {"day": 0, "customers": 9735973949751443183496937303554174823262410060826645260395036072035456716502168956121950844446525951594462369, "mrr": 6.174928411206162e-170, "total_revenue": 4.323965768575599, "conversion_rate": 1.3272951413432733e+102, "churn_rate": 0.05, "average_price": 6.342383867372413e-279, "daily_visitors": 0, "new_customers": 1416490848412758623696394372066246709944757681726139779451594570331407868239249612690947540809122977092206592, "churned_customers": 364826993938573601107506392438222157903351035371643064877537974514612820015644576619698408539957442690154496}, "generation": 0, "timestamp": "2025-11-14T14:40:59.200040"}