{"key": "daily_snapshot", "value": {"day": 0, "customers": 2988915645269104589114351898923810321676744, "mrr": 4.551979106936141e-57, "total_revenue": 4.843910136547377, "conversion_rate": 3.930211234744916e+35, "churn_rate": 0.05, "average_price": 1.5229533540503474e-99, "daily_visitors": 0, "new_customers": 389594522142807350127695814938528619429888, "churned_customers": 199306775387297918705866049012433411899392}, "generation": 0, "timestamp": "2025-11-14T06:49:14.121395"}