{"key": "daily_snapshot", "value": {"day": 0, "customers": 51502338530656200409357626554698353942461045600463708930864274032480979192121876050786677989592130, "mrr": 9.61931693343986e-146, "total_revenue": 7.574353924996814, "conversion_rate": 7.340806483084256e+90, "churn_rate": 0.05, "average_price": 1.8677437195816007e-243, "daily_visitors": 0, "new_customers": 7522804079300123320355409647401819499204911154422497713682211388081013223432749762444150429450240, "churned_customers": 2222138407245563468112633214151152765806886808626715844179734157702667445365575889230844055781376}, "generation": 0, "timestamp": "2025-11-14T11:25:32.844330"}