{"key": "daily_snapshot", "value": {"day": 0, "customers": 902507321648907439246512934761065833395110840495441449004803431975625309, "mrr": 3.4666211533029464e-109, "total_revenue": 7.058512489256422, "conversion_rate": 1.4286029679203343e+65, "churn_rate": 0.05, "average_price": 3.841100310376793e-181, "daily_visitors": 0, "new_customers": 113328014986561784515813042182134406082892358326794961355745138978062336, "churned_customers": 23284540511306335524938375525648498054596646012181330426430285454245888}, "generation": 0, "timestamp": "2025-11-15T10:42:36.755556"}