{"key": "daily_snapshot", "value": {"day": 0, "customers": 3586354484473673305991800371682722235418817563680509810694777331486272, "mrr": 4.692458182184736e-100, "total_revenue": 4.61627280770732, "conversion_rate": 4.938540749889182e+62, "churn_rate": 0.05, "average_price": 1.3084200690421691e-169, "daily_visitors": 0, "new_customers": 470801220542020389542024153624589055197673885530625119598177683505152, "churned_customers": 124503570889594596912733758542836042965852261592943981748190332321792}, "generation": 0, "timestamp": "2025-11-15T17:26:28.766079"}