{"key": "daily_snapshot", "value": {"day": 0, "customers": 16414396690405, "mrr": 5.39637233334108e-09, "total_revenue": 5.620306960412137, "conversion_rate": 1857129.9671890645, "churn_rate": 0.05, "average_price": 3.2875849384677767e-22, "daily_visitors": 0, "new_customers": 2134762856713, "churned_customers": 679298455701}, "generation": 0, "timestamp": "2025-11-15T02:28:22.317151"}