{"key": "daily_snapshot", "value": {"day": 0, "customers": 25702089624544543628820255391303150909870428146754, "mrr": 2.7515837307517472e-67, "total_revenue": 7.574353924996814, "conversion_rate": 3.5532464161596637e+42, "churn_rate": 0.05, "average_price": 1.0705681020285941e-116, "daily_visitors": 0, "new_customers": 3601828151351808336207189925896469468501025751040, "churned_customers": 1269394234326683719346214532770657797683225296896}, "generation": 0, "timestamp": "2025-11-14T10:42:39.199463"}