{"key": "daily_snapshot", "value": {"day": 0, "customers": 3529279165188445762132748824043234454035212882066333690761388209024626341678160161, "mrr": 7.47719211461845e-123, "total_revenue": 9.426328809042326, "conversion_rate": 4.910264690642743e+74, "churn_rate": 0.05, "average_price": 2.1186173619731794e-204, "daily_visitors": 0, "new_customers": 373881210266418306168989945140124736667273179479656637333095490216634999115874304, "churned_customers": 153719485408085978278142960253882007077035211267694647387658410620100778838196224}, "generation": 0, "timestamp": "2025-11-15T12:25:53.168826"}