{"key": "daily_snapshot", "value": {"day": 0, "customers": 24497243814463507362245002256771383387710888508420, "mrr": 7.381953680049044e-69, "total_revenue": 4.445436838349596, "conversion_rate": 3.484681827572518e+42, "churn_rate": 0.05, "average_price": 3.0133813158566996e-118, "daily_visitors": 0, "new_customers": 3758708067484761390209296270314218771069062348800, "churned_customers": 915401232162930707034530750857572276498652463104}, "generation": 0, "timestamp": "2025-11-15T18:18:47.739154"}