{"key": "daily_snapshot", "value": {"day": 0, "customers": 9231234791580174859355056494435861453541309725508371247857618647628404591451689840, "mrr": 2.444681787736578e-122, "total_revenue": 7.626819946521412, "conversion_rate": 1.3075638520180518e+75, "churn_rate": 0.05, "average_price": 2.648271702466474e-204, "daily_visitors": 0, "new_customers": 1175325286470940903119821767313971756778302431693950932119283121075671529036972032, "churned_customers": 201301309760046845622245965803309210545216046547078895638819990352194961626103808}, "generation": 0, "timestamp": "2025-11-15T01:58:40.928681"}