{"key": "daily_snapshot", "value": {"day": 0, "customers": 1454850970669768, "mrr": 1.0666326314166317e-11, "total_revenue": 4.616272807704891, "conversion_rate": 193095614.79814306, "churn_rate": 0.05, "average_price": 7.331559403129705e-27, "daily_visitors": 0, "new_customers": 150428832027286, "churned_customers": 88078583165057}, "generation": 0, "timestamp": "2025-11-15T17:01:45.564733"}