{"key": "daily_snapshot", "value": {"day": 0, "customers": 87008759069791501286919970862379919000243873989753741946540201639318840741498533549988467281490867773062369650448968046001570, "mrr": 8.59760774873239e-199, "total_revenue": 8.401501509864964, "conversion_rate": 1.0975313097125405e+118, "churn_rate": 0.05, "average_price": 1e-323, "daily_visitors": 0, "new_customers": 10276881587577093262728112283410036360080569962885962008912154418741076064303975854512884644827685093191848468863452364931072, "churned_customers": 3185632439805223668395793645321002252561178057979055016394742900493890955923160250428306970697896293951472610831227389214720}, "generation": 0, "timestamp": "2025-11-14T13:47:49.208371"}