{"key": "daily_snapshot", "value": {"day": 0, "customers": 413943777198175286415898706952177632616319331567477439975888149324036351581292077661, "mrr": 9.916828862791773e-129, "total_revenue": 7.058512489256422, "conversion_rate": 5.5761641427133557e+76, "churn_rate": 0.05, "average_price": 2.3956946351301466e-212, "daily_visitors": 0, "new_customers": 59041487547885251353357571770603339937548154132525505752122970367094440021588967424, "churned_customers": 22235963704285069331430874632958297494502769945750522606472347824313084526911815680}, "generation": 0, "timestamp": "2025-11-15T11:05:32.527468"}