{"key": "daily_snapshot", "value": {"day": 0, "customers": 124808031967779227813631945160795860099812600765300407775933399074274414108359543578698020552750155585875315438679328, "mrr": 2.257211743887167e-183, "total_revenue": 2.640852054669741, "conversion_rate": 1.781497741467733e+109, "churn_rate": 0.05, "average_price": 1.8085468605657483e-299, "daily_visitors": 0, "new_customers": 15574154395420612601497000589558016393108292428918103656894622913652268065614768000354936823579585904873204510359552, "churned_customers": 6085244486712106888618026006889711205026159511086366498452688481628721523408027508282407221626220267255226599211008}, "generation": 0, "timestamp": "2025-11-14T03:01:05.953779"}