{"key": "daily_snapshot", "value": {"day": 0, "customers": 858842029653922404259848984617433278477904863111145992081771123943195229074243, "mrr": 5.6615674814523815e-120, "total_revenue": 3.6902796439842023, "conversion_rate": 1.2171038582930197e+71, "churn_rate": 0.05, "average_price": 6.5920941057504576e-198, "daily_visitors": 0, "new_customers": 120947236224536096462365570610067601213522450484611692776659850514520933924864, "churned_customers": 22114661269446326451870009726139815854250935338885860698787707493873778425856}, "generation": 0, "timestamp": "2025-11-14T01:36:52.399211"}