{"key": "daily_snapshot", "value": {"day": 0, "customers": 715686592770043347854035621756855546232128306040227589609032416873811111168037092513, "mrr": 1.0219612900816e-127, "total_revenue": 4.323965768575599, "conversion_rate": 9.701528451951053e+76, "churn_rate": 0.05, "average_price": 1.427945277172414e-211, "daily_visitors": 0, "new_customers": 92117082467113198203042047395345435396595195790024496387806578709211086205717839872, "churned_customers": 16844688286348584935345027065172757952907750418161303597459559530067281564108062720}, "generation": 0, "timestamp": "2025-11-14T14:29:20.663903"}