{"key": "daily_snapshot", "value": {"day": 0, "customers": 37301657143009421332864937350024600246035828416931079411063412435241051004596912702551011528602119429, "mrr": 7.57849085782807e-163, "total_revenue": 1.5620171583249602, "conversion_rate": 5.834401426514796e+93, "churn_rate": 0.05, "average_price": 2.0316767238445143e-263, "daily_visitors": 0, "new_customers": 4249595527423991759594011853337842556838275286354536053576905320131949392814303381073788873658597376, "churned_customers": 1693809817087707966927867151950526646859815268655304994109899285314685071332674990712741748870742016}, "generation": 0, "timestamp": "2025-11-13T21:39:37.542599"}