{"key": "daily_snapshot", "value": {"day": 0, "customers": 1602961177594823156877939675070308252462851291359612246871523453064731821896818142992972857, "mrr": 5.716398206808551e-137, "total_revenue": 8.82569014329087, "conversion_rate": 2.1898096319576983e+83, "churn_rate": 0.05, "average_price": 3.5661488791548713e-227, "daily_visitors": 0, "new_customers": 185475865502420050327085071073280015198693249620923859614716961008004091532088470562406400, "churned_customers": 107519722092824885771058922269302597386159638144272521257426366348655672673838591362727936}, "generation": 0, "timestamp": "2025-11-13T12:13:37.088917"}