{"key": "daily_snapshot", "value": {"day": 0, "customers": 16712436198977513798148624980466245992414252526372997146041246792837455133908902209706453, "mrr": 3.814338279611582e-139, "total_revenue": 5.250998821828405, "conversion_rate": 2.351087109105205e+81, "churn_rate": 0.05, "average_price": 2.282335282659118e-227, "daily_visitors": 0, "new_customers": 1804303174732537739199313483096831734207321716967064116958280874212462228018244521820160, "churned_customers": 1092759417342620439863913263392381413858555073425982480370374205777055284475960435408896}, "generation": 0, "timestamp": "2025-11-14T22:24:09.566562"}