{"key": "daily_snapshot", "value": {"day": 0, "customers": 236596033969529681978196, "mrr": 7.128379510462554e-26, "total_revenue": 7.997332640408474, "conversion_rate": 3.4814317496612404e+16, "churn_rate": 0.05, "average_price": 3.012890533651376e-49, "daily_visitors": 0, "new_customers": 29178161575803658174464, "churned_customers": 8950001518574105001984}, "generation": 0, "timestamp": "2025-11-15T16:04:10.660896"}