{"key": "daily_snapshot", "value": {"day": 0, "customers": 6428420300060089495817825405517157324884578738834269322213106539444858324809479102112701051987560257683829669048138589127, "mrr": 2.6780068879926486e-196, "total_revenue": 4.928703564447977, "conversion_rate": 8.388802369459467e+113, "churn_rate": 0.05, "average_price": 4.1658864e-317, "daily_visitors": 0, "new_customers": 896487348796952276266768854869794966369657824211771600986078420242904065911248247542484533284288023892683994466955034624, "churned_customers": 416648062271272209714285431355524095845095132159690911123564541497450142753721664629105707703914544061682308217160335360}, "generation": 0, "timestamp": "2025-11-15T06:55:29.934685"}