{"key": "daily_snapshot", "value": {"day": 0, "customers": 19475747544268848958775785665395134016, "mrr": 1.992566058628163e-47, "total_revenue": 4.61627280770732, "conversion_rate": 2.950298610550123e+30, "churn_rate": 0.05, "average_price": 1.0231011950113913e-84, "daily_visitors": 0, "new_customers": 2409849750945138726972020239588392960, "churned_customers": 1305332136364849949721779682234335232}, "generation": 0, "timestamp": "2025-11-15T17:11:45.442134"}