{"key": "daily_snapshot", "value": {"day": 0, "customers": 1737022375403, "mrr": 1.7597171362864936e-06, "total_revenue": 3.8451998701132286, "conversion_rate": 251577.00393591562, "churn_rate": 0.05, "average_price": 1.013065324433848e-18, "daily_visitors": 0, "new_customers": 213878250074, "churned_customers": 71164522972}, "generation": 0, "timestamp": "2025-11-13T13:44:00.200102"}