{"key": "daily_snapshot", "value": {"day": 0, "customers": 843472765512131372061096784468084055624120230738145362517517809584280674705032109175, "mrr": 2.9121401871816534e-130, "total_revenue": 3.0646080228541357, "conversion_rate": 1.1877517517935565e+77, "churn_rate": 0.05, "average_price": 3.4525598291410028e-214, "daily_visitors": 0, "new_customers": 107700141545432199678450054772765509838191810971851884578411735835346935580647751680, "churned_customers": 51681448841992663799614809332038062161361271216482244626362683508643839412839383040}, "generation": 0, "timestamp": "2025-11-14T21:20:43.543062"}