{"key": "daily_snapshot", "value": {"day": 0, "customers": 253118071286399771791678519301605351309646865992134068914452131297221855519866592680803002746946786600763557326037, "mrr": 2.092928295739331e-175, "total_revenue": 5.438023679800494, "conversion_rate": 3.4662080769656623e+106, "churn_rate": 0.05, "average_price": 8.268585032679118e-289, "daily_visitors": 0, "new_customers": 31195509192090316955399723717843812459306665812478705955117953360487460109105026624903196065490891330158315175936, "churned_customers": 14888959480429636968142155441581407346385794237182573504582604497342970706711493478584788005100141967270364577792}, "generation": 0, "timestamp": "2025-11-14T20:20:37.003817"}