{"key": "daily_snapshot", "value": {"day": 0, "customers": 291, "mrr": 0.3094442774187291, "total_revenue": 4.539749801862358, "conversion_rate": 0.7425252011416927, "churn_rate": 0.05, "average_price": 0.001063382396627935, "daily_visitors": 37, "new_customers": 45, "churned_customers": 10}, "generation": 0, "timestamp": "2025-11-14T18:30:13.860272"}