{"key": "daily_snapshot", "value": {"day": 0, "customers": 6880260426367933768154330533985362007506774604108180899040251925, "mrr": 2.8283512873980006e-96, "total_revenue": 6.513341788556554, "conversion_rate": 1.0568193734132784e+57, "churn_rate": 0.05, "average_price": 4.110820102911537e-160, "daily_visitors": 0, "new_customers": 777588059015650110842673665504828755626474047943336494299611136, "churned_customers": 241326185662774356138751529130809584692868532502912841551970304}, "generation": 0, "timestamp": "2025-11-15T00:49:53.767160"}