{"key": "daily_snapshot", "value": {"day": 0, "customers": 337287722309016850084262633646895153823135752429501120618201437435367160836, "mrr": 2.4817921929948474e-112, "total_revenue": 4.445436838349596, "conversion_rate": 5.016202628968433e+67, "churn_rate": 0.05, "average_price": 7.358086372088797e-187, "daily_visitors": 0, "new_customers": 40117154371183874246422931774481362560719748805775307310972629877394505728, "churned_customers": 11706432503943776762399083489342873598906183197347718266835784616283996160}, "generation": 0, "timestamp": "2025-11-15T18:30:39.941354"}