{"key": "daily_snapshot", "value": {"day": 0, "customers": 6413369994631732440847988474646, "mrr": 1.1555182252092403e-39, "total_revenue": 8.73321624443256, "conversion_rate": 8.446956852020867e+23, "churn_rate": 0.05, "average_price": 1.801733294939258e-70, "daily_visitors": 0, "new_customers": 971667382838111548209471946752, "churned_customers": 279653725414851720822420144128}, "generation": 0, "timestamp": "2025-11-14T16:08:53.667257"}