{"key": "daily_snapshot", "value": {"day": 0, "customers": 89517043977237864932437891401659398035636571977138078592958345295864399916832097192387661045098805550340470060928063, "mrr": 7.719791834457373e-183, "total_revenue": 2.4762944740981485, "conversion_rate": 1.34697933719111e+109, "churn_rate": 0.05, "average_price": 8.623823454693544e-299, "daily_visitors": 0, "new_customers": 11816618937106572245360448796182946654736634121734255320314536146321019183365354678040490516122510341504505617580032, "churned_customers": 3598308392796879779766840907885003710650636463871371084316003103181672050722282293209191660089581346156042942152704}, "generation": 0, "timestamp": "2025-11-13T16:36:50.775440"}