{"key": "daily_snapshot", "value": {"day": 0, "customers": 272701672138659494076, "mrr": 5.413552309018774e-20, "total_revenue": 7.827191553977371, "conversion_rate": 44079361690997.3, "churn_rate": 0.05, "average_price": 1.98515552418988e-40, "daily_visitors": 0, "new_customers": 37393630435950845952, "churned_customers": 9970758941922906112}, "generation": 0, "timestamp": "2025-11-15T04:52:30.296851"}