{"key": "daily_snapshot", "value": {"day": 0, "customers": 727106876965598368140486974895659055867355453074540623818915113018227614555988528338059680038574549, "mrr": 2.353388840825084e-158, "total_revenue": 5.250998821828405, "conversion_rate": 1.0165908960789419e+92, "churn_rate": 0.05, "average_price": 3.2366477547927655e-257, "daily_visitors": 0, "new_customers": 98591091347793683115674903501582572553514781229895801326369433548022788189829198279201492136099840, "churned_customers": 27071331266741045048975750076111069521388191922331266349031355069145310183041311398853751624171520}, "generation": 0, "timestamp": "2025-11-14T23:04:24.130058"}