{"key": "daily_snapshot", "value": {"day": 0, "customers": 6262972049831128742894, "mrr": 3.721382137566536e-24, "total_revenue": 4.058738603221899, "conversion_rate": 808030850981784.1, "churn_rate": 0.05, "average_price": 5.941878884270092e-46, "daily_visitors": 0, "new_customers": 832887075423783878656, "churned_customers": 363194671025904484352}, "generation": 0, "timestamp": "2025-11-14T15:01:51.725253"}