{"key": "daily_snapshot", "value": {"day": 0, "customers": 11212637991605508444084603523443132211920380553457673044, "mrr": 4.638949327219933e-80, "total_revenue": 7.997332640408474, "conversion_rate": 1.4367277727372584e+48, "churn_rate": 0.05, "average_price": 4.137250601234914e-135, "daily_visitors": 0, "new_customers": 1413810581908317143219600014522027994960429654309076992, "churned_customers": 717364233035927354743120042216161083762742614225321984}, "generation": 0, "timestamp": "2025-11-15T16:19:01.611239"}