{"key": "daily_snapshot", "value": {"day": 0, "customers": 362671060100233641058288826484184536346687449124530454914273336965321151236930644943382683, "mrr": 5.688165052340298e-139, "total_revenue": 13.18914372001125, "conversion_rate": 4.820915892733066e+82, "churn_rate": 0.05, "average_price": 1.5684088636044533e-228, "daily_visitors": 0, "new_customers": 50506366432938389762131364210754029807022945569245893144518403535060120833403422028857344, "churned_customers": 23531880711442374193320689629840092526874819595941458301668137027326884416133125017436160}, "generation": 0, "timestamp": "2025-11-13T18:27:09.963345"}