{"key": "daily_snapshot", "value": {"day": 0, "customers": 3135004465776927657329298586338992703430, "mrr": 7.606162473362648e-54, "total_revenue": 3.6346456800791516, "conversion_rate": 4.3619406904043275e+32, "churn_rate": 0.05, "average_price": 2.4262046693696373e-93, "daily_visitors": 0, "new_customers": 315878567584419373428299629731575234560, "churned_customers": 91959265233541145443350370150229475328}, "generation": 0, "timestamp": "2025-11-13T14:58:01.619644"}