{"key": "daily_snapshot", "value": {"day": 0, "customers": 80032825871, "mrr": 0.0002498423581404889, "total_revenue": 2.476241949053892, "conversion_rate": 10014.077869668228, "churn_rate": 0.05, "average_price": 3.121748550316022e-15, "daily_visitors": 0, "new_customers": 10279200746, "churned_customers": 4070289954}, "generation": 0, "timestamp": "2025-11-13T15:47:52.836263"}