{"key": "daily_snapshot", "value": {"day": 0, "customers": 32283252716903941287397041128633510656165217689600268887706401555847610016654083697866822253381718747497171797556026187068929853382, "mrr": 3.1900092206866646e-193, "total_revenue": 3.6346456800791516, "conversion_rate": 4.2103125898872423e+123, "churn_rate": 0.05, "average_price": 1e-323, "daily_visitors": 0, "new_customers": 4385236096644452059096168887770489004401783908091830890986743229381833951241354951269181362455840009823026448484913937865517301760, "churned_customers": 1562919179746321297836345219285883463254815535890908407191338848408504735813550708735791019826852360578541780097721037220783063040}, "generation": 0, "timestamp": "2025-11-13T15:40:24.744415"}