{"key": "daily_snapshot", "value": {"day": 0, "customers": 857675946227644374714871283338204786296602871110971111, "mrr": 3.8846843367761505e-76, "total_revenue": 3.180859164035811, "conversion_rate": 1.0570098816792625e+47, "churn_rate": 0.05, "average_price": 4.529314776591715e-130, "daily_visitors": 0, "new_customers": 105809057841427296955576899510063490297287913953558528, "churned_customers": 42904771827498946161671161945704214331280417689174016}, "generation": 0, "timestamp": "2025-11-14T09:00:55.615651"}