{"key": "daily_snapshot", "value": {"day": 0, "customers": 13984715083833243905335427, "mrr": 1.8352126336599103e-28, "total_revenue": 4.596591164332845, "conversion_rate": 2.0131820088787397e+18, "churn_rate": 0.05, "average_price": 1.3122989082426656e-53, "daily_visitors": 0, "new_customers": 1597014975623193788678144, "churned_customers": 751623475079226308165632}, "generation": 0, "timestamp": "2025-11-14T11:59:39.473750"}