{"key": "daily_snapshot", "value": {"day": 0, "customers": 22085581356590995443264, "mrr": 2.0504663985868316e-23, "total_revenue": 4.61627280770732, "conversion_rate": 2880890206072078.5, "churn_rate": 0.05, "average_price": 9.284185756672017e-46, "daily_visitors": 0, "new_customers": 2849232738932732461056, "churned_customers": 835850861352249851904}, "generation": 0, "timestamp": "2025-11-15T17:05:01.485331"}