{"key": "daily_snapshot", "value": {"day": 0, "customers": 66809104470300938450079459270317823180941254445149606174820387736659725283687967721062146804114111908938488539548630002887869494408914, "mrr": 6.601616669638909e-190, "total_revenue": 7.180499208388138, "conversion_rate": 9.148584107998907e+126, "churn_rate": 0.05, "average_price": 1e-323, "daily_visitors": 0, "new_customers": 8002090578339179773873930570093757057228994448269399369122140093603792256701453087446323769351804807961750081609939450616228547133440, "churned_customers": 2575832332108337329515358810571765579525481947102069773149784663002965557517740486193867118598475055756558426462392167417160822423552}, "generation": 0, "timestamp": "2025-11-15T20:00:21.644241"}