{"key": "daily_snapshot", "value": {"day": 0, "customers": 3813223485404312090245238836998668754924941159068555672725330156529389542047, "mrr": 7.2140019611396094e-118, "total_revenue": 3.5615064647863135, "conversion_rate": 5.517531927738426e+68, "churn_rate": 0.05, "average_price": 1.8918382278805033e-193, "daily_visitors": 0, "new_customers": 414665098373585416765080744869876242008954988808799493747187846064417800192, "churned_customers": 242442560360521829824002605931610932805391806277107271316025263967797510144}, "generation": 0, "timestamp": "2025-11-13T12:08:43.715177"}