{"key": "daily_snapshot", "value": {"day": 0, "customers": 13837599214846903132431739338184648956575, "mrr": 2.307108535272512e-54, "total_revenue": 3.5615064647863135, "conversion_rate": 1.7152632478600967e+33, "churn_rate": 0.05, "average_price": 1.667275153335215e-94, "daily_visitors": 0, "new_customers": 1531344675768291598368785840668156100608, "churned_customers": 855538202863089254692253573576671625216}, "generation": 0, "timestamp": "2025-11-13T11:51:37.737311"}