{"key": "daily_snapshot", "value": {"day": 0, "customers": 1370119641880389917467417977268235353266284418190275224806058004119908103, "mrr": 1.7413035262519974e-106, "total_revenue": 7.42566689692798, "conversion_rate": 1.7954711728486417e+65, "churn_rate": 0.05, "average_price": 1.2709134830460386e-178, "daily_visitors": 0, "new_customers": 189794318458709288911516850198531609003390055800713614338034726764281856, "churned_customers": 32840632348863506774201880710179360336042524235100153420887527042056192}, "generation": 0, "timestamp": "2025-11-15T14:23:57.288293"}