{"key": "daily_snapshot", "value": {"day": 0, "customers": 30613892973240128503879859703387714529515257165638674479888986215131207259270524294513419615534597806763072321986287022775852763626914, "mrr": 3.0250545607077365e-190, "total_revenue": 8.401501509864964, "conversion_rate": 4.1998389544428845e+126, "churn_rate": 0.05, "average_price": 1e-323, "daily_visitors": 0, "new_customers": 4711474461230492078387686019694877964654028714089383820689420249665668932723502750254080926852420371012514722003484017015848829976576, "churned_customers": 1192399323364832682628344300880709498263543620652258550770378526516170591075773566699749599223245009077038575319218250121357834584064}, "generation": 0, "timestamp": "2025-11-14T13:51:50.425190"}