{"key": "daily_snapshot", "value": {"day": 0, "customers": 768366114284150001, "mrr": 7.415725369267343e-16, "total_revenue": 3.6905216285399813, "conversion_rate": 102867715018.57639, "churn_rate": 0.05, "average_price": 9.651291528096889e-34, "daily_visitors": 0, "new_customers": 110440576961286352, "churned_customers": 30220507436739144}, "generation": 0, "timestamp": "2025-11-15T03:50:11.353778"}