{"key": "daily_snapshot", "value": {"day": 0, "customers": 540681278282963729615872828716311299447887931741277859557179098359660597488666564421718784988838916, "mrr": 1.5326656809085176e-153, "total_revenue": 4.445436838349596, "conversion_rate": 8.349246971521099e+91, "churn_rate": 0.05, "average_price": 2.8346934552196614e-252, "daily_visitors": 0, "new_customers": 76798697281882911110580185915645722927709438429129072888133046700189668052687766898963547443691520, "churned_customers": 25667495601513761687958300694141038213845308262127257875090367911583496309724689623990502326009856}, "generation": 0, "timestamp": "2025-11-15T18:41:59.575555"}