{"key": "daily_snapshot", "value": {"day": 0, "customers": 23781200426968250887453496, "mrr": 2.14460040944816e-29, "total_revenue": 8.385937104373125, "conversion_rate": 3.1466376429612426e+18, "churn_rate": 0.05, "average_price": 9.01804942956601e-55, "daily_visitors": 0, "new_customers": 2588621327361317871288320, "churned_customers": 646052012755832079908864}, "generation": 0, "timestamp": "2025-11-13T12:45:52.059095"}