{"key": "daily_snapshot", "value": {"day": 0, "customers": 1110390816060342233862008987913922819030715598270588378702531375098801753180356137136455406448, "mrr": 6.99639451380473e-142, "total_revenue": 7.626819946521412, "conversion_rate": 1.4426840253496023e+86, "churn_rate": 0.05, "average_price": 6.300839679697534e-235, "daily_visitors": 0, "new_customers": 160497346737855545272163786622146103415964423615719106341013037051074844621960864693158412288, "churned_customers": 74786605111752512233858722630248829458703130582179486889006444655114205681372656282653163520}, "generation": 0, "timestamp": "2025-11-15T02:03:58.739198"}