{"key": "daily_snapshot", "value": {"day": 0, "customers": 1154962440674482240505836036785512149031352509614, "mrr": 1.799294765845395e-67, "total_revenue": 14.069439877331755, "conversion_rate": 1.5184164844390457e+41, "churn_rate": 0.05, "average_price": 1.5578816266913681e-115, "daily_visitors": 0, "new_customers": 123530139308531869618585081952929722395885830144, "churned_customers": 29663983544248928702052660998579011475795345408}, "generation": 0, "timestamp": "2025-11-15T13:11:43.876719"}