{"key": "daily_snapshot", "value": {"day": 0, "customers": 8322698974483500565542052145324758834425939116835017554873265173177976786263887612161, "mrr": 1.0110094264279556e-130, "total_revenue": 6.966800923949336, "conversion_rate": 1.2209478298031366e+78, "churn_rate": 0.05, "average_price": 1.2147614968745137e-215, "daily_visitors": 0, "new_customers": 1245170697236925220193771620425801735172591598656676784249547051888103441638809927680, "churned_customers": 532766138126960984106483109610529670303680182417724066279138189233712354003548897280}, "generation": 0, "timestamp": "2025-11-14T04:48:50.431134"}