{"key": "daily_snapshot", "value": {"day": 0, "customers": 2008962138692778116049259421726170066458690115442579275089176490026821040028100573033465869525420148607331535768795224353, "mrr": 2.6040542174720927e-190, "total_revenue": 9.426328809042326, "conversion_rate": 3.169630253834525e+113, "churn_rate": 0.05, "average_price": 1.29621866301897e-310, "daily_visitors": 0, "new_customers": 251197120348019941403803842444855726473067722566938646715171128086108494491364963817428386334405061019355080277824110592, "churned_customers": 135409336035490471581878429286754354392470713462446791419694839916517874705686515472560659190009007660446241165383041024}, "generation": 0, "timestamp": "2025-11-15T12:44:17.997985"}