{"key": "daily_snapshot", "value": {"day": 0, "customers": 172436454274132980244735053740360571841240973527921875532971592363156612395289333738052374377365118002838466748, "mrr": 2.6187910826103407e-174, "total_revenue": 7.827191553977371, "conversion_rate": 1.8728874333158467e+103, "churn_rate": 0.05, "average_price": 1.5186992180012502e-284, "daily_visitors": 0, "new_customers": 20871818756095075273721261408513230685771884710478732085805997252278911247464880163133764356779399943301365760, "churned_customers": 4308183004606339554370812594365592462729358438381850598379888141790956401556243801141159133503158710528114688}, "generation": 0, "timestamp": "2025-11-15T05:48:42.626784"}