{"key": "daily_snapshot", "value": {"day": 0, "customers": 286623554320568271683, "mrr": 5.248027966205005e-22, "total_revenue": 3.6902796439842023, "conversion_rate": 37225876966848.18, "churn_rate": 0.05, "average_price": 1.8309827950620746e-42, "daily_visitors": 0, "new_customers": 36873774426922496000, "churned_customers": 8584689680700902400}, "generation": 0, "timestamp": "2025-11-14T01:10:00.930167"}