{"key": "daily_snapshot", "value": {"day": 0, "customers": 54, "mrr": 3.984496719921268, "total_revenue": 3.0711252716926594, "conversion_rate": 0.19866070615521225, "churn_rate": 0.05, "average_price": 0.0737869762948383, "daily_visitors": 63, "new_customers": 9, "churned_customers": 2}, "generation": 0, "timestamp": "2025-11-14T00:51:19.152770"}