{"key": "daily_snapshot", "value": {"day": 0, "customers": 128748626849396683871269146221018765414367404965929806896280021825758748427702267314288995109599465680890142530207, "mrr": 1.1211219775882206e-182, "total_revenue": 3.5615064647863135, "conversion_rate": 1.9518269268537435e+106, "churn_rate": 0.05, "average_price": 8.707836386477735e-296, "daily_visitors": 0, "new_customers": 14245508440854022112045448176701367369783538430168538927803413200006131163968366517149164792893445734432967229440, "churned_customers": 6505899997065576076638800185907418041970478116007709069554510195989164415759514703584286491013269599880237547520}, "generation": 0, "timestamp": "2025-11-13T12:26:23.914482"}