{"key": "daily_snapshot", "value": {"day": 0, "customers": 60735932846146604226900710630986115224132579182497123854045745212976756372313243335936482370931568408273735470640464835627280896086896, "mrr": 6.0015075774804e-190, "total_revenue": 7.626819946521412, "conversion_rate": 8.704660126123296e+126, "churn_rate": 0.05, "average_price": 1e-323, "daily_visitors": 0, "new_customers": 6603151909533015917021392111538045051733894491809787740351843488074157890068527361419220507958164344306841506562230851369162086809600, "churned_customers": 2036854690575974613636364428969975527135176102457090448069775139237560708345442561981210584497327361462634668370045112077341847191552}, "generation": 0, "timestamp": "2025-11-15T02:22:58.477722"}