{"key": "daily_snapshot", "value": {"day": 0, "customers": 8964798963437340553527809967085501120201724218647697476757670432109856, "mrr": 1.797574800718486e-105, "total_revenue": 2.640852054669741, "conversion_rate": 1.2370462036465535e+63, "churn_rate": 0.05, "average_price": 2.0051479213865697e-175, "daily_visitors": 0, "new_customers": 1091770639252329348690354771300649256191424893719096043376577041399808, "churned_customers": 336275231097329940347769499061340509699976165113742879387568268378112}, "generation": 0, "timestamp": "2025-11-14T02:39:40.219303"}