{"key": "daily_snapshot", "value": {"day": 0, "customers": 2519639014613422341373542680910789033112165330155615194566801881188919302594328159243195624315562159164886981448973494427, "mrr": 7.8967109849735415e-193, "total_revenue": 13.18914372001125, "conversion_rate": 3.46299624329667e+113, "churn_rate": 0.05, "average_price": 3.1340644192e-313, "daily_visitors": 0, "new_customers": 273123009274013958579580187782859784007966757781366834606293293117759639547707443010562723653288113570363558254367211520, "churned_customers": 140825808190317255579904163197036658061221588291853852581103906199797826233552106387956856869969837434626025058868396032}, "generation": 0, "timestamp": "2025-11-13T18:41:48.528795"}