{"key": "daily_snapshot", "value": {"day": 0, "customers": 2516886770823574428973419524834298811082834034566988673154010982167386231, "mrr": 1.2975652609657313e-109, "total_revenue": 8.055065502431749, "conversion_rate": 3.494735511822564e+65, "churn_rate": 0.05, "average_price": 5.1554375667886834e-182, "daily_visitors": 0, "new_customers": 369384807044096342604011765557162229708143220619027707638239273336963072, "churned_customers": 151267861200921727119138756799163599724919416357522673850977739100651520}, "generation": 0, "timestamp": "2025-11-13T17:17:51.395504"}