{"key": "daily_snapshot", "value": {"day": 0, "customers": 7783452138953148191716644155609934724664919151765963465, "mrr": 4.364197268755646e-78, "total_revenue": 3.6905216285399813, "conversion_rate": 1.1042353915836702e+48, "churn_rate": 0.05, "average_price": 5.6070201124698094e-133, "daily_visitors": 0, "new_customers": 924261860423549477785045331496219709156891362014003200, "churned_customers": 332464682012791507794217168413744755132327328579846144}, "generation": 0, "timestamp": "2025-11-15T04:07:20.497110"}