{"key": "daily_snapshot", "value": {"day": 0, "customers": 229350211622142917918395207189162179718070238727234, "mrr": 4.749338019388049e-69, "total_revenue": 7.574353924996814, "conversion_rate": 2.8875906071985195e+43, "churn_rate": 0.05, "average_price": 2.0707798723171175e-119, "daily_visitors": 0, "new_customers": 24100425989853590948065441731239049429789790175232, "churned_customers": 8607225196529277966601404920708862386821666963456}, "generation": 0, "timestamp": "2025-11-14T10:43:07.305506"}