{"key": "daily_snapshot", "value": {"day": 0, "customers": 2459072920258, "mrr": 8.163169094099473e-07, "total_revenue": 5.250998647531426, "conversion_rate": 367414.9359951238, "churn_rate": 0.05, "average_price": 3.319612455104834e-19, "daily_visitors": 0, "new_customers": 323750574992, "churned_customers": 170945053055}, "generation": 0, "timestamp": "2025-11-14T21:48:10.891301"}