{"key": "daily_snapshot", "value": {"day": 0, "customers": 9439186988644993728865716557563641444333285937157976267033476574358563216399189, "mrr": 1.4011601167236594e-120, "total_revenue": 7.593310615949716, "conversion_rate": 1.4278791519315631e+72, "churn_rate": 0.05, "average_price": 1.4844076279124518e-199, "daily_visitors": 0, "new_customers": 1392954753999081272891239821334814559996481418123434598149870409231641140527104, "churned_customers": 433046778056679959243338685896855115196538227266249196929131449806852708106240}, "generation": 0, "timestamp": "2025-11-14T19:04:03.166770"}