{"key": "daily_snapshot", "value": {"day": 0, "customers": 364173642406242582901145892156666348119625445095, "mrr": 2.3464608713990766e-65, "total_revenue": 3.180859164035811, "conversion_rate": 4.697879153923716e+40, "churn_rate": 0.05, "average_price": 6.443247391258358e-113, "daily_visitors": 0, "new_customers": 36367767293715880230650090972223208844548898816, "churned_customers": 13405140555651328270599894540184844994560917504}, "generation": 0, "timestamp": "2025-11-14T08:53:46.641503"}