{"key": "daily_snapshot", "value": {"day": 0, "customers": 12866150004677052019353312883365228732785937399508607176712832309003938857018237971100037076672357820421940749483908592760330994, "mrr": 1.271344542310225e-196, "total_revenue": 10.298721371422412, "conversion_rate": 1.589202714842373e+120, "churn_rate": 0.05, "average_price": 1e-323, "daily_visitors": 0, "new_customers": 1785519453625013732172624335389366073127890082508801929945950402952006109596682165803813156880171081059015015676809600372310016, "churned_customers": 760083012042681993980584399615853072863774875246200458920619708947407314815916296665683983450003822479941327180435071908708352}, "generation": 0, "timestamp": "2025-11-14T04:07:02.140408"}