{"key": "daily_snapshot", "value": {"day": 0, "customers": 3387894492365333157894322078649273101266371376386984261399825185398111948303682210214883499015400302150189625615399368, "mrr": 2.2924449447269068e-187, "total_revenue": 4.843910136547377, "conversion_rate": 4.752372782824411e+110, "churn_rate": 0.05, "average_price": 6.766577146640673e-305, "daily_visitors": 0, "new_customers": 392172027898252368209627120205199245401856062393415132815675524395401470720797135082776007938360479401913317781929984, "churned_customers": 158757735523477829011756987742772304972775658284231514779841322547275707338596164624997552365642919266269605960613888}, "generation": 0, "timestamp": "2025-11-14T07:24:43.491148"}