{"key": "daily_snapshot", "value": {"day": 0, "customers": 1225659472302947505878519767760952779553092225809724617655158119154, "mrr": 1.0464483638671458e-97, "total_revenue": 10.298721371422412, "conversion_rate": 1.8142225693036165e+59, "churn_rate": 0.05, "average_price": 8.537839322539777e-164, "daily_visitors": 0, "new_customers": 184064671281055278038147122366908637600951434376290486525204889600, "churned_customers": 72676533412170944068178231932223208214023220660348253522186207232}, "generation": 0, "timestamp": "2025-11-14T03:38:45.071123"}