{"key": "daily_snapshot", "value": {"day": 0, "customers": 2403748395279424525475729545178656340172363974086366890832040393545009521932302104667729503601831, "mrr": 3.819317349842581e-151, "total_revenue": 7.010218214998832, "conversion_rate": 3.757684312770825e+89, "churn_rate": 0.05, "average_price": 1.5889006342523645e-247, "daily_visitors": 0, "new_customers": 386354502864008931297506208597166976080558782719253675794145655256256336229446641629154015969280, "churned_customers": 139888016605361360351039012060276035556825776479970785648507661770549850213863518770510541357056}, "generation": 0, "timestamp": "2025-11-15T00:03:52.350999"}