{"key": "daily_snapshot", "value": {"day": 0, "customers": 1303595187150023533683775015258752343325750994, "mrr": 4.0441573920484e-64, "total_revenue": 7.180499208388138, "conversion_rate": 1.6292703140594935e+38, "churn_rate": 0.05, "average_price": 3.1023107724798464e-109, "daily_visitors": 0, "new_customers": 143803353630700342622274664999035847621738496, "churned_customers": 30765443514517036676844866716114692421451776}, "generation": 0, "timestamp": "2025-11-15T19:18:25.684849"}