{"key": "daily_snapshot", "value": {"day": 0, "customers": 34944546280787063243516193751218867040770462322939386269847354348678796073155667236059980328296686089670973196398319363015, "mrr": 6.874537813053696e-198, "total_revenue": 4.928703564447977, "conversion_rate": 4.215515861889588e+114, "churn_rate": 0.05, "average_price": 1.96727e-319, "daily_visitors": 0, "new_customers": 3672314217446000681121827947996758613608696837967879080999572330718317519638277216585155155044465207485427557297576476672, "churned_customers": 1281096766524686410134288467422387624806257155012272302052852729025946915973677760617643446781092747925717905761003110400}, "generation": 0, "timestamp": "2025-11-15T06:55:54.080267"}