{"key": "daily_snapshot", "value": {"day": 0, "customers": 852161535468633047494051964222163509778276999990412844840583840443754928677487670278442808486987385921885906665353178584632965004270, "mrr": 8.42047478764757e-192, "total_revenue": 4.058738603221899, "conversion_rate": 1.2265907689575624e+125, "churn_rate": 0.05, "average_price": 1e-323, "daily_visitors": 0, "new_customers": 99759000210764817881395299003909811988859637557888727616888127493284180589627727096563856769414773907972810118459478471224707776512, "churned_customers": 45579249268747345753655562829822310859497858834549845814448354729873941981997506393573197440790638632657543016345717702450915311616}, "generation": 0, "timestamp": "2025-11-14T15:55:24.575987"}