{"key": "daily_snapshot", "value": {"day": 0, "customers": 8854576569578095781481305330545216206810841015607006944825943533715579091231333826353437909830319823887632194108630763371502, "mrr": 8.749484182998743e-200, "total_revenue": 4.058738603221899, "conversion_rate": 1.2576917279323235e+117, "churn_rate": 0.05, "average_price": 1e-323, "daily_visitors": 0, "new_customers": 1040464625079302671221215546395018180006981899295633013488698003295811277796468501557532889508803967035075121784487671758848, "churned_customers": 576189521248279364489543266944432428761774489525287004631400698879078644613490633923374807473326278838067986475724646121472}, "generation": 0, "timestamp": "2025-11-14T15:51:51.585514"}