{"key": "daily_snapshot", "value": {"day": 0, "customers": 29770489282081900362756, "mrr": 1.7689264163959152e-23, "total_revenue": 4.445436838349596, "conversion_rate": 4321384989699547.0, "churn_rate": 0.05, "average_price": 5.941878884270092e-46, "daily_visitors": 0, "new_customers": 3728574422015966445568, "churned_customers": 1805354542592364118016}, "generation": 0, "timestamp": "2025-11-15T18:06:17.548047"}