{"key": "daily_snapshot", "value": {"day": 0, "customers": 7030286018805489733868014699108252624202270896794352409374327205517194747295395077, "mrr": 6.4248727793437135e-130, "total_revenue": 1.5620171583249602, "conversion_rate": 8.596243751145892e+74, "churn_rate": 0.05, "average_price": 9.13884977390345e-212, "daily_visitors": 0, "new_customers": 894682121017509800838579798977127467583530097717543204863692716612538063877308416, "churned_customers": 197445725310882001949726072571168624332156396622198089579392378151548868722950144}, "generation": 0, "timestamp": "2025-11-13T21:30:41.970194"}