{"key": "daily_snapshot", "value": {"day": 0, "customers": 562972812280042706950149272146865993960339146878504292429002249720086, "mrr": 7.832927114845833e-105, "total_revenue": 6.2331957973706755, "conversion_rate": 6.87370657881857e+61, "churn_rate": 0.05, "average_price": 1.3913508688141508e-173, "daily_visitors": 0, "new_customers": 58748370462645412594321779593237487898347707960545283113975709433856, "churned_customers": 33152550943565150238963967405856495819618232461181875277802070081536}, "generation": 0, "timestamp": "2025-11-14T08:03:08.912367"}