{"key": "daily_snapshot", "value": {"day": 0, "customers": 26527503449098842328912730515155338081909649225263632776793422032269182667318272263930148127475026924, "mrr": 8.586018447878312e-157, "total_revenue": 3.8452002827692775, "conversion_rate": 3.276506917849626e+93, "churn_rate": 0.05, "average_price": 3.2366477547927655e-257, "daily_visitors": 0, "new_customers": 3055525102598914001559161466191765769059433531502209104449229519441907008508650693103031623109050368, "churned_customers": 1139876995916619574664396384313906220946636267941777764188411553362736214290504662395453755914977280}, "generation": 0, "timestamp": "2025-11-13T14:25:13.516995"}