{"key": "daily_snapshot", "value": {"day": 0, "customers": 276426508795246341508120102569695400394328358525143580856367296438073828592899373192743169, "mrr": 3.23019762731864e-138, "total_revenue": 6.966800923949336, "conversion_rate": 3.4440155206425734e+82, "churn_rate": 0.05, "average_price": 1.1685556647214688e-227, "daily_visitors": 0, "new_customers": 27021095262944936967484852261861791195035555736351112069767103089181626994061471360483328, "churned_customers": 13810427034842396738224328658320960872215833772479293016184854876953400074821293121208320}, "generation": 0, "timestamp": "2025-11-14T04:50:55.104126"}