{"key": "daily_snapshot", "value": {"day": 0, "customers": 805211746902833017423898580262790012322148702260099626758329213794292828781974214208986798869091680603176005820, "mrr": 9.023220807929927e-176, "total_revenue": 7.827191553977371, "conversion_rate": 1.1078031234851562e+104, "churn_rate": 0.05, "average_price": 1.120602231976477e-286, "daily_visitors": 0, "new_customers": 92730161979131928290947796032389751915011328116017953701000673477209854134797294097227500903334983279474376704, "churned_customers": 48635385801429131597692539796840269987441578630346499468383854552770588276200571878985980898705051479059726336}, "generation": 0, "timestamp": "2025-11-15T05:49:04.744101"}