{"key": "daily_snapshot", "value": {"day": 0, "customers": 449370726449044085758764156101480315063506082536757242456728808967367566778427951694273218293693419643059257806066540658893063412590747, "mrr": 4.440372763703942e-189, "total_revenue": 13.18914372001125, "conversion_rate": 6.398967713308361e+127, "churn_rate": 0.05, "average_price": 1e-323, "daily_visitors": 0, "new_customers": 54305863531963553488208062722356138773629303239560614427411728062612207822553009750540380727853347478428496211489861912446713355829248, "churned_customers": 20320243373413456110831628193890412836642552581060472897764785457660189432630777255499757183256461773050861742947905757903893192245248}, "generation": 0, "timestamp": "2025-11-13T18:48:37.711304"}