{"key": "daily_snapshot", "value": {"day": 0, "customers": 1034471689132860406947066603699182, "mrr": 6.973461142856986e-43, "total_revenue": 4.058738603221899, "conversion_rate": 1.3798282517320975e+26, "churn_rate": 0.05, "average_price": 6.741084571103582e-76, "daily_visitors": 0, "new_customers": 119662186847238002561055237079040, "churned_customers": 65488844304240127755105343635456}, "generation": 0, "timestamp": "2025-11-14T15:07:02.216363"}