{"key": "daily_snapshot", "value": {"day": 0, "customers": 40831694814923474078595949400450400729906181680483374082722943182496741235474343439196082454, "mrr": 2.7624581416958834e-144, "total_revenue": 6.2331957973706755, "conversion_rate": 4.79559099657825e+84, "churn_rate": 0.05, "average_price": 6.76547509041001e-236, "daily_visitors": 0, "new_customers": 5085239420419234224920543640081283497665415358878129680213390819531894863233316851002900480, "churned_customers": 1313696200315767283648125080296418628843299033990597910805435051127966414406049572826644480}, "generation": 0, "timestamp": "2025-11-14T08:13:54.946537"}