{"key": "daily_snapshot", "value": {"day": 0, "customers": 635911258301970646079508080545925887764222432788142549, "mrr": 4.785623306346455e-80, "total_revenue": 5.250998821828405, "conversion_rate": 9.53441169599169e+46, "churn_rate": 0.05, "average_price": 7.525615003460027e-134, "daily_visitors": 0, "new_customers": 93950969319800604798120840186023774387220312850694144, "churned_customers": 35149043594413989982397480917815587386524282463977472}, "generation": 0, "timestamp": "2025-11-14T22:07:59.333957"}