{"key": "daily_snapshot", "value": {"day": 0, "customers": 14852811676259065809798722087582315162116701, "mrr": 5.872523926781226e-60, "total_revenue": 7.058512489256422, "conversion_rate": 2.0726553072095223e+36, "churn_rate": 0.05, "average_price": 3.953812957965358e-103, "daily_visitors": 0, "new_customers": 1838435915029728666453582786064565137309696, "churned_customers": 474653132890577683833689831784957918314496}, "generation": 0, "timestamp": "2025-11-15T08:02:15.041508"}