{"key": "daily_snapshot", "value": {"day": 0, "customers": 824126608123631088005866614560418656954809655413875809719389760, "mrr": 4.681267952356263e-89, "total_revenue": 4.61627280770732, "conversion_rate": 1.1129843845744457e+56, "churn_rate": 0.05, "average_price": 5.6802776493463294e-152, "daily_visitors": 0, "new_customers": 122203471874998759870796899991078975452177765553656367920709632, "churned_customers": 56358653665422211720338145757746966387545166648788775459618816}, "generation": 0, "timestamp": "2025-11-15T17:23:24.583490"}