{"key": "daily_snapshot", "value": {"day": 0, "customers": 1437903237825264572608231407482679460417846056483715077578717547970200726663142994994930650260081461102371318997, "mrr": 2.367618387419361e-171, "total_revenue": 5.438023679800494, "conversion_rate": 1.794175003322889e+104, "churn_rate": 0.05, "average_price": 1.6465769915089907e-282, "daily_visitors": 0, "new_customers": 178960805104061531221452009538954945165698295072678592389045354624749233385354971320335458375152193132824625152, "churned_customers": 73823553568296110658555188629119335783216939726010676696546314243235713763758786158804224720921027549138518016}, "generation": 0, "timestamp": "2025-11-14T20:19:31.609160"}