{"key": "daily_snapshot", "value": {"day": 0, "customers": 7555451729794680162908778358616043583783822132348639017330409395955470, "mrr": 1.7636686483321666e-104, "total_revenue": 5.934471667464104, "conversion_rate": 1.1364864153692669e+63, "churn_rate": 0.05, "average_price": 2.3342994057882682e-174, "daily_visitors": 0, "new_customers": 1220060107553650539651804506057888728762538868256393686852739576889344, "churned_customers": 447191019191143483422237898033382312803186714176250382453210320207872}, "generation": 0, "timestamp": "2025-11-14T17:58:36.515820"}