{"key": "daily_snapshot", "value": {"day": 0, "customers": 10707205666333662051725121723840263915116727418962323486263677569333821395240500753140815007729120508910, "mrr": 2.313237459891777e-164, "total_revenue": 4.058738603221899, "conversion_rate": 1.668855681149459e+96, "churn_rate": 0.05, "average_price": 2.160449263774972e-267, "daily_visitors": 0, "new_customers": 1558341051607691603336141920778004554997410475976181173255292253658500018932365626970222210482568167424, "churned_customers": 432070132233655770655337894561563792186575400743205840968837609050007531063600457292926126492965928960}, "generation": 0, "timestamp": "2025-11-14T15:40:06.915109"}