{"key": "daily_snapshot", "value": {"day": 0, "customers": 155036538507173101570959986865874, "mrr": 9.064922577226104e-42, "total_revenue": 7.180499208388138, "conversion_rate": 2.231513427715596e+25, "churn_rate": 0.05, "average_price": 5.846958829519208e-74, "daily_visitors": 0, "new_customers": 18852373417469556509179631370240, "churned_customers": 6924031121327890654882596651008}, "generation": 0, "timestamp": "2025-11-15T19:12:19.369817"}