{"key": "daily_snapshot", "value": {"day": 0, "customers": 2133184964078778623150, "mrr": 6.552886914487543e-22, "total_revenue": 14.069439877331755, "conversion_rate": 302926599063521.75, "churn_rate": 0.05, "average_price": 3.0718793845040176e-43, "daily_visitors": 0, "new_customers": 297544051283638091776, "churned_customers": 83976369867736367104}, "generation": 0, "timestamp": "2025-11-15T12:59:13.974178"}