{"key": "daily_snapshot", "value": {"day": 0, "customers": 2275960000237086400645872226459602506520298299829097023875451963433163921337529938057224058420219795065675823760498261825456385, "mrr": 2.2489472948519595e-197, "total_revenue": 6.966800923949336, "conversion_rate": 3.2436843059661045e+119, "churn_rate": 0.05, "average_price": 1e-323, "daily_visitors": 0, "new_customers": 291580908100077046684159698206756073531834929847783170239876832685146491861357351140097994220463397696868223928489427794395136, "churned_customers": 129619725699622189466447477826751002960884074144972980822376812395599371177454749610804511761690659795002444624536998057607168}, "generation": 0, "timestamp": "2025-11-14T05:07:58.738829"}