{"key": "daily_snapshot", "value": {"day": 0, "customers": 1520258800885530686662256026231412434584042247038372780431235186822062661656630128, "mrr": 2.2349113464385844e-121, "total_revenue": 7.626819946521412, "conversion_rate": 2.2630137923588517e+74, "churn_rate": 0.05, "average_price": 1.4700861097707693e-202, "daily_visitors": 0, "new_customers": 231053120899628353727329314182928722789935461714865796147721650752145143610998784, "churned_customers": 63665416475057105319497595605804974381614501107111160478393774632759311495856128}, "generation": 0, "timestamp": "2025-11-15T01:58:22.834591"}