{"key": "daily_snapshot", "value": {"day": 0, "customers": 117169410690793350599686335338551566568039630477254218432551466066111817709269297677477758304706793111090758411207, "mrr": 5.223895335912672e-183, "total_revenue": 4.928703564447977, "conversion_rate": 1.5711543579274618e+106, "churn_rate": 0.05, "average_price": 4.458412229876601e-296, "daily_visitors": 0, "new_customers": 15309264704578898061415288851803626241236842871445307621313854291530816115985829792978470366515628853125932122112, "churned_customers": 6389587553097783654382418467382924667940728128901270483255550262180817245145100918457478992091590363520864092160}, "generation": 0, "timestamp": "2025-11-15T06:51:51.566949"}