{"key": "daily_snapshot", "value": {"day": 0, "customers": 2524058794620448726732407491181061811258397119035863818774775569073258185417, "mrr": 1.9941793665546718e-112, "total_revenue": 3.6905216285399813, "conversion_rate": 3.2791315163776303e+68, "churn_rate": 0.05, "average_price": 7.900685082316172e-188, "daily_visitors": 0, "new_customers": 327028465414465502927654739210302736005400186645266884121413889509117919232, "churned_customers": 103708147056603277032085134686677515186615986782397024197131800947554516992}, "generation": 0, "timestamp": "2025-11-15T04:16:49.594037"}