{"key": "daily_snapshot", "value": {"day": 0, "customers": 192981919815229910541310390328580038588066415012958475266075209499211944691163722312837819133480625863284085014, "mrr": 2.9025384970043726e-177, "total_revenue": 6.2331957973706755, "conversion_rate": 3.172975173650905e+103, "churn_rate": 0.05, "average_price": 1.504046855676118e-287, "daily_visitors": 0, "new_customers": 22365752202886507920508788180795143722205518120602691846287011560093064889929504781949678408859090095962062848, "churned_customers": 12262044373057434357669579231759665818764200616094472814080520742611333500747221883919284397442130779651964928}, "generation": 0, "timestamp": "2025-11-14T08:22:50.337191"}