{"key": "daily_snapshot", "value": {"day": 0, "customers": 71172153418704696426567962721567588556323788245525674073345281457771817800298193696370378367059105205311, "mrr": 1.33368859753513e-161, "total_revenue": 2.4762944740981485, "conversion_rate": 1.0664811008507167e+97, "churn_rate": 0.05, "average_price": 1.8738910282636247e-265, "daily_visitors": 0, "new_customers": 7910566091138993085386059840521013917630510896312225458160900553955048768695101271207450840838512312320, "churned_customers": 1823277767009182218056363728784639038924881037920917982484616699932872123479282035706853400693385986048}, "generation": 0, "timestamp": "2025-11-13T16:31:05.274997"}