{"key": "daily_snapshot", "value": {"day": 0, "customers": 3965842365013222260877357766941221974777021326990278392419145539150320506079542590949192123311514291558365689887589301954270064, "mrr": 3.9187729387496684e-197, "total_revenue": 7.626819946521412, "conversion_rate": 5.463221707696622e+119, "churn_rate": 0.05, "average_price": 1e-323, "daily_visitors": 0, "new_customers": 502107333106891253291637830004030812673207263440694731142162685619597612085999206868760717322481802026723381641233346164948992, "churned_customers": 132757270373165701974578758347523367434878588925067839822014598692725934047771786639733772527204487062721868567966102002335744}, "generation": 0, "timestamp": "2025-11-15T02:19:37.227362"}