{"key": "daily_snapshot", "value": {"day": 0, "customers": 17471168226336790226825985342311392436559311349915, "mrr": 1.3801171687684843e-69, "total_revenue": 13.18914372001125, "conversion_rate": 2.422096943589642e+42, "churn_rate": 0.05, "average_price": 7.899398316639391e-119, "daily_visitors": 0, "new_customers": 1834073082594579642349898923064961664630703259648, "churned_customers": 581462334602682301324772298039939516107184930816}, "generation": 0, "timestamp": "2025-11-13T18:08:12.782860"}