{"key": "daily_snapshot", "value": {"day": 0, "customers": 2455981086037776955582079337538442232236852656235884324695398491496491820627426308, "mrr": 1.8307428630563619e-124, "total_revenue": 4.445436838349596, "conversion_rate": 3.635141460768875e+74, "churn_rate": 0.05, "average_price": 7.454222157752408e-206, "daily_visitors": 0, "new_customers": 344502760536960682180140978839848499597302861045073408989152456199248045427130368, "churned_customers": 167181045435136122140016006726316329833270425904073487984740984290381642074161152}, "generation": 0, "timestamp": "2025-11-15T18:33:57.600187"}