{"key": "daily_snapshot", "value": {"day": 0, "customers": 336405698453932659103320701964696118524452686258939608534685268460711, "mrr": 5.448916470840458e-104, "total_revenue": 7.010218214998832, "conversion_rate": 4.2978476620372084e+61, "churn_rate": 0.05, "average_price": 1.619745591671846e-172, "daily_visitors": 0, "new_customers": 38849961675227366602284020121029164209147348620439061039106494562304, "churned_customers": 18048309765571210501136333843743688135471526503613111709695716884480}, "generation": 0, "timestamp": "2025-11-14T23:50:54.635824"}