{"key": "daily_snapshot", "value": {"day": 0, "customers": 4994066918309916838259062152779788787839363587889328642768855220188938040855385661754210209626586292605655893, "mrr": 1.7413124778804459e-171, "total_revenue": 7.593310615949716, "conversion_rate": 5.920304078109858e+101, "churn_rate": 0.05, "average_price": 3.486762404997444e-280, "daily_visitors": 0, "new_customers": 683936987832814097394218452934026554335206175453439277583134821545029194175858365745099107115052291682467840, "churned_customers": 214711416739871060895298794079109918581380739267034246809091725378501821866296207317036168491729400776097792}, "generation": 0, "timestamp": "2025-11-14T19:17:59.580574"}