{"key": "daily_snapshot", "value": {"day": 0, "customers": 27626829272463736565054705716254002239, "mrr": 4.7420871560505165e-48, "total_revenue": 2.4762944740981485, "conversion_rate": 3.123030286668238e+30, "churn_rate": 0.05, "average_price": 1.716478973856424e-85, "daily_visitors": 0, "new_customers": 3455094257400669160546828049058889728, "churned_customers": 916470309431228847542795833589104640}, "generation": 0, "timestamp": "2025-11-13T16:00:00.510166"}