{"key": "daily_snapshot", "value": {"day": 0, "customers": 1083110782787, "mrr": 1.0219048490393075e-05, "total_revenue": 13.189141567054284, "conversion_rate": 137964.16471510965, "churn_rate": 0.05, "average_price": 9.43490606205396e-18, "daily_visitors": 0, "new_customers": 136075683306, "churned_customers": 43619189257}, "generation": 0, "timestamp": "2025-11-13T17:50:43.175279"}