{"key": "daily_snapshot", "value": {"day": 0, "customers": 705528324485052033, "mrr": 1.428005226479087e-16, "total_revenue": 5.250998821828405, "conversion_rate": 83682881435.73207, "churn_rate": 0.05, "average_price": 2.0240225330731455e-34, "daily_visitors": 0, "new_customers": 89295557676468560, "churned_customers": 29950626870944040}, "generation": 0, "timestamp": "2025-11-14T21:50:48.588611"}