{"key": "daily_snapshot", "value": {"day": 0, "customers": 75188763003996185742404124865250952178941848571933863148596131405103453932810508153942163501074980902093513, "mrr": 5.660260425547874e-165, "total_revenue": 3.6905216285399813, "conversion_rate": 1.0675133483507745e+100, "churn_rate": 0.05, "average_price": 7.52806696028107e-272, "daily_visitors": 0, "new_customers": 10213035223647034030593235429402322070708661769941089258280539832198070928641494323107801315445114841071616, "churned_customers": 2477258933089258107397966522792192544974316362003507023178057613569237363007213722201637066033205925117952}, "generation": 0, "timestamp": "2025-11-15T04:31:21.400471"}