{"key": "daily_snapshot", "value": {"day": 0, "customers": 624250356844064471334352760740546402496123190163703703548791841816980233713786036521817786926775860128920988933, "mrr": 1.4528801428738164e-179, "total_revenue": 1.5620171583249602, "conversion_rate": 8.85005235781326e+103, "churn_rate": 0.05, "average_price": 2.3273997795034353e-290, "daily_visitors": 0, "new_customers": 76591649121760342770548061643558951011964534833067792890886505584727891937123887518094452925156917346532589568, "churned_customers": 31482229974804514410652611268557914051192343851189407783239392770348221431918586930805881757121522209669513216}, "generation": 0, "timestamp": "2025-11-13T21:44:16.842580"}