{"key": "daily_snapshot", "value": {"day": 0, "customers": 1628768619553844431012333776386831056521094418151536348998122121385099131970419072499002813180909834518, "mrr": 1.819214167177246e-162, "total_revenue": 6.2331957973706755, "conversion_rate": 2.1509163491207934e+95, "churn_rate": 0.05, "average_price": 1.1169260908744477e-264, "daily_visitors": 0, "new_customers": 220947745831277852956400765469226552286076410159427496498500669288230682660013757183378120769888321536, "churned_customers": 65093420416753168813238319086954164174342539649704292550138341589269630376425574503617788200659976192}, "generation": 0, "timestamp": "2025-11-14T08:18:53.285038"}