{"key": "daily_snapshot", "value": {"day": 0, "customers": 237102257365249663, "mrr": 1.98482116836065e-14, "total_revenue": 8.82569014329087, "conversion_rate": 32218526869.156513, "churn_rate": 0.05, "average_price": 8.371160993642867e-32, "daily_visitors": 0, "new_customers": 33139396216129772, "churned_customers": 9019236698436774}, "generation": 0, "timestamp": "2025-11-13T11:39:55.090758"}