{"key": "daily_snapshot", "value": {"day": 0, "customers": 258181639346328447952947743157368338611360547551105462534392163541, "mrr": 6.792564948656277e-95, "total_revenue": 5.438023679800494, "conversion_rate": 3.5541942832027296e+58, "churn_rate": 0.05, "average_price": 2.6309248658633837e-160, "daily_visitors": 0, "new_customers": 31531738052766859446558248756902944462844992829882032466014765056, "churned_customers": 14768788978997653152891291170883193592062893154635813583899852800}, "generation": 0, "timestamp": "2025-11-14T19:58:23.946878"}