{"key": "daily_snapshot", "value": {"day": 0, "customers": 4544094497308278296555425722119, "mrr": 5.681043379578552e-38, "total_revenue": 7.42566689692798, "conversion_rate": 5.490277847125716e+23, "churn_rate": 0.05, "average_price": 1.250203617672069e-68, "daily_visitors": 0, "new_customers": 604910556387595495792921542656, "churned_customers": 169801074779789700472787435520}, "generation": 0, "timestamp": "2025-11-15T14:04:54.762390"}