{"key": "daily_snapshot", "value": {"day": 0, "customers": 5615361690021161884459167642755977219200681168917, "mrr": 1.5607076270374772e-71, "total_revenue": 6.513341788556554, "conversion_rate": 6.732080077976706e+41, "churn_rate": 0.05, "average_price": 2.779353696505337e-120, "daily_visitors": 0, "new_customers": 588649919092621514341456394383909906833125408768, "churned_customers": 125976651244218716693523479570671137477183406080}, "generation": 0, "timestamp": "2025-11-15T00:43:00.543354"}