{"key": "daily_snapshot", "value": {"day": 0, "customers": 54324384370409654784533674296627157902687563880279346261114202695620736211351881670, "mrr": 1.411030972977193e-127, "total_revenue": 3.6346456800791516, "conversion_rate": 7.031979641704612e+75, "churn_rate": 0.05, "average_price": 2.5974173280199706e-210, "daily_visitors": 0, "new_customers": 5684514328759111510400279762025452495725413142791720609461473666408766663454359552, "churned_customers": 2085495183574624623107095820791545047587678380240810461017425067943689632849330176}, "generation": 0, "timestamp": "2025-11-13T15:18:17.246287"}