{"key": "daily_snapshot", "value": {"day": 0, "customers": 3731661171582876132885394469982560450287914402545046698382145638569183922559629498897895347611084202284593412538022850311, "mrr": 1.7184649631008913e-188, "total_revenue": 7.42566689692798, "conversion_rate": 5.7646090210477336e+113, "churn_rate": 0.05, "average_price": 4.605093774824047e-309, "daily_visitors": 0, "new_customers": 514311497886076114343447614484647462598856369680900786613537657148599391540397741917126713288077325780174839132159213568, "churned_customers": 131530451794966825612813574783366411333772130139387210177717314028008000429766883474297428536347000984056539604947304448}, "generation": 0, "timestamp": "2025-11-15T14:46:37.690338"}