{"key": "daily_snapshot", "value": {"day": 0, "customers": 156948142850330140853414721606531613408165362629777282771469611708135, "mrr": 1.7639782863767075e-102, "total_revenue": 3.180859164035811, "conversion_rate": 2.3419065785440532e+61, "churn_rate": 0.05, "average_price": 1.1239242811932368e-170, "daily_visitors": 0, "new_customers": 16825573907305752829223263458781797522376183008525586837356446482432, "churned_customers": 8910931923031331431206225866761632559735916067935007581314972909568}, "generation": 0, "timestamp": "2025-11-14T09:13:01.665674"}