{"key": "daily_snapshot", "value": {"day": 0, "customers": 149030189686874265495169398780739, "mrr": 1.7019011395597496e-41, "total_revenue": 3.6902796439842023, "conversion_rate": 2.1436347147433242e+25, "churn_rate": 0.05, "average_price": 1.1419841463904701e-73, "daily_visitors": 0, "new_customers": 24153500968656520039270824542208, "churned_customers": 5750790606140213355874940354560}, "generation": 0, "timestamp": "2025-11-14T01:15:24.349130"}