{"key": "daily_snapshot", "value": {"day": 0, "customers": 83399785697936753681012073446218291769401728718142446, "mrr": 3.2447952365566504e-78, "total_revenue": 4.058738603221899, "conversion_rate": 1.1132580988022175e+46, "churn_rate": 0.05, "average_price": 3.890651767750195e-131, "daily_visitors": 0, "new_customers": 8700518098061202797451440105949416777361829769773056, "churned_customers": 3349982781057084680778254947869012992088483540500480}, "generation": 0, "timestamp": "2025-11-14T15:16:34.672970"}