{"key": "daily_snapshot", "value": {"day": 0, "customers": 5211937152775496997873965798415266596994366094345104885387049009885832310689619044919841855973988983062650964908885, "mrr": 1.596832030603465e-182, "total_revenue": 7.593310615949716, "conversion_rate": 7.317330775646032e+107, "churn_rate": 0.05, "average_price": 3.063797555105032e-297, "daily_visitors": 0, "new_customers": 600749000518890081909381763684038328923550603386720183419607026625043048711561823661965996495411746910681052479488, "churned_customers": 344939017729947393317088004075580478864421108325083273769095732078319039459563968354052512514833203632945252794368}, "generation": 0, "timestamp": "2025-11-14T19:20:56.508659"}