{"key": "daily_snapshot", "value": {"day": 0, "customers": 12308509688112129668608180937838502086849180671103159905841041490490490196669873416431182726406996, "mrr": 5.504805795874257e-152, "total_revenue": 7.997332640408474, "conversion_rate": 1.5391584002240212e+90, "churn_rate": 0.05, "average_price": 4.472357690217312e-249, "daily_visitors": 0, "new_customers": 1770340670576359510917534746547999143499217479130128508200014801046774602719549837161325349830656, "churned_customers": 447513545192017042894436849672728442416115737232372836885282559360660518671778560229937189486592}, "generation": 0, "timestamp": "2025-11-15T16:38:53.442277"}