{"key": "daily_snapshot", "value": {"day": 0, "customers": 563035854281313838191640169713021188715716701174559981288993773346099839517673077138462086446154289869650935515102574845294579779727111, "mrr": 5.563533459545506e-189, "total_revenue": 7.42566689692798, "conversion_rate": 8.252280395778728e+127, "churn_rate": 0.05, "average_price": 1e-323, "daily_visitors": 0, "new_customers": 70435835469273993469956212813745501423603055289822641026043989788500230018176145797197988943518720050950822973142442320063523295592448, "churned_customers": 27843557971194536619795345423559436633685659488832694615630059395842964458658970496517593964775015668952000709267890369677009090510848}, "generation": 0, "timestamp": "2025-11-15T14:53:09.458519"}