{"key": "daily_snapshot", "value": {"day": 0, "customers": 733384211377925984526762509333612590008869417116663158246088157188953, "mrr": 1.470543827022177e-106, "total_revenue": 4.2636659399133805, "conversion_rate": 9.981370145613135e+61, "churn_rate": 0.05, "average_price": 2.0051479213865697e-175, "daily_visitors": 0, "new_customers": 85115383131297556026063627485727494966965568232264123343679868895232, "churned_customers": 38659221715143443387757874059751830096036155752590247947092549959680}, "generation": 0, "timestamp": "2025-11-15T15:24:49.750780"}