{"key": "daily_snapshot", "value": {"day": 0, "customers": 89239085058460437375202991780961541353510879945, "mrr": 8.367198490322442e-65, "total_revenue": 3.6905216285399813, "conversion_rate": 1.184239724818831e+40, "churn_rate": 0.05, "average_price": 9.37615898329874e-112, "daily_visitors": 0, "new_customers": 10462485700465451696133600325589584551312621568, "churned_customers": 4282702567328414092917055117540564141860716544}, "generation": 0, "timestamp": "2025-11-15T04:03:40.370763"}