{"key": "daily_snapshot", "value": {"day": 0, "customers": 29012, "mrr": 0.116551216350105, "total_revenue": 3.5144108364768223, "conversion_rate": 5.570870060657416, "churn_rate": 0.05, "average_price": 4.017345110647491e-06, "daily_visitors": 12, "new_customers": 10062, "churned_customers": 1155}, "generation": 0, "timestamp": "2025-11-15T13:54:06.296663"}