{"key": "daily_snapshot", "value": {"day": 0, "customers": 1313693153643829927360592205580448913445294394913451347884007932319871792822709591226940549829092220419, "mrr": 6.068602948589757e-160, "total_revenue": 11.37579680016544, "conversion_rate": 1.7901620476071582e+95, "churn_rate": 0.05, "average_price": 4.6194980401299125e-262, "daily_visitors": 0, "new_customers": 152726441595950651688500293979417590076353811460261255447686989718952044213871492250469949170562105344, "churned_customers": 51697628453638713605559229008426214462903191814346960604229535410861334133930984139289694493923606528}, "generation": 0, "timestamp": "2025-11-14T06:16:12.379967"}