{"key": "daily_snapshot", "value": {"day": 0, "customers": 838858454994661440728665508211245608142763755221665469273, "mrr": 3.65493432325564e-85, "total_revenue": 4.2636659399133805, "conversion_rate": 1.10206911209973e+50, "churn_rate": 0.05, "average_price": 4.3570334202316655e-142, "daily_visitors": 0, "new_customers": 120590681639784338997605955753867128249299259119686909952, "churned_customers": 29961386067842872162664382344246968920290163732823146496}, "generation": 0, "timestamp": "2025-11-15T15:19:03.908166"}