{"key": "daily_snapshot", "value": {"day": 0, "customers": 5759769756306920116134894017049313948222530273805951357544615929463088941950669772240687110242146443956387109391483093696670647754883, "mrr": 5.691408729093316e-191, "total_revenue": 4.596591164332845, "conversion_rate": 7.644890790555166e+125, "churn_rate": 0.05, "average_price": 1e-323, "daily_visitors": 0, "new_customers": 743655794127871822541025926550668651324843265370894587700615263506344232952821631640184112149513876716402046302718955213275027996672, "churned_customers": 329277430273793557741177771782321798173494708227658723674529064974360249077860227087577601096490149897336416206153960181606385713152}, "generation": 0, "timestamp": "2025-11-14T12:50:14.226805"}