{"key": "daily_snapshot", "value": {"day": 0, "customers": 2255992990775154038614027277184446273655, "mrr": 7.964991860039078e-53, "total_revenue": 8.055065502431749, "conversion_rate": 3.0115131804106563e+32, "churn_rate": 0.05, "average_price": 3.5305924675334766e-92, "daily_visitors": 0, "new_customers": 255337492276029358675407648015991701504, "churned_customers": 133315230746572718166268572241118625792}, "generation": 0, "timestamp": "2025-11-13T17:02:15.996146"}