{"key": "daily_snapshot", "value": {"day": 0, "customers": 41160323238638241481499258266794424814434528543280655678252150912818660087893979045877527418362867134969952224423, "mrr": 2.0089987867323262e-178, "total_revenue": 7.010218214998832, "conversion_rate": 6.131408260957722e+105, "churn_rate": 0.05, "average_price": 4.880911102385191e-291, "daily_visitors": 0, "new_customers": 5233137193463527741522196089327732478920083235966831120278185035796096156347182710258878175039438092182459777024, "churned_customers": 1400884217364020885114262515971174449477315275197232214325841479571730214125770660717109899799730117328037216256}, "generation": 0, "timestamp": "2025-11-15T00:11:23.716587"}