{"key": "daily_snapshot", "value": {"day": 0, "customers": 127185495409493772562479206948521571210230278225763238729506240217089566320914068277336231812316537201545101617187820, "mrr": 1.7137894662643912e-182, "total_revenue": 3.8452002827692775, "conversion_rate": 1.5870450326754727e+109, "churn_rate": 0.05, "average_price": 1.347472414795866e-298, "daily_visitors": 0, "new_customers": 17168908052995708230587307951265193782190984459476679253937341742133509325198431993409723635245463095210329822461952, "churned_customers": 5366767441869536613103398954863633147926806407065045443206466008940560274363449141767833288540415337158601768697856}, "generation": 0, "timestamp": "2025-11-13T14:32:22.596819"}