{"key": "daily_snapshot", "value": {"day": 0, "customers": 467797283228786696650723112314382636906015711460895990042368119, "mrr": 2.2605114609786318e-93, "total_revenue": 8.055065502431749, "conversion_rate": 5.678770382468535e+55, "churn_rate": 0.05, "average_price": 4.832245808219195e-156, "daily_visitors": 0, "new_customers": 55828993882108825129344174280154204302211762146212583621787648, "churned_customers": 23617798125637169035791210322684967637670112774961192077623296}, "generation": 0, "timestamp": "2025-11-13T17:13:20.935887"}