{"key": "daily_snapshot", "value": {"day": 0, "customers": 51758200154103776386274482060383670926178057117959675587862081255, "mrr": 8.715003891057003e-96, "total_revenue": 3.180859164035811, "conversion_rate": 6.608733815761027e+57, "churn_rate": 0.05, "average_price": 1.6837919141525657e-160, "daily_visitors": 0, "new_customers": 7133998481097929302658134346394285873441724691206614310109315072, "churned_customers": 3154428166285659659859429226282400977493458432386582914382430208}, "generation": 0, "timestamp": "2025-11-14T09:11:16.169510"}