{"key": "daily_snapshot", "value": {"day": 0, "customers": 21567301779056211649130021029913581682645942682290672550376186606880, "mrr": 3.2851345002192546e-101, "total_revenue": 2.640852054669741, "conversion_rate": 2.4465226320910387e+60, "churn_rate": 0.05, "average_price": 1.5232014342236427e-168, "daily_visitors": 0, "new_customers": 2608754265656568854822956679985641038163377284330547008469045608448, "churned_customers": 1007587702581317867189759743436990166018804756148334724214612295680}, "generation": 0, "timestamp": "2025-11-14T02:38:28.909094"}