{"key": "daily_snapshot", "value": {"day": 0, "customers": 4429882599629651764490096283138058771259540849456532247004469609161, "mrr": 6.345415864128841e-98, "total_revenue": 3.6905216285399813, "conversion_rate": 6.442814717080336e+59, "churn_rate": 0.05, "average_price": 1.4324117448754358e-164, "daily_visitors": 0, "new_customers": 610257890629034693241327371499111133446650239663477526483076907008, "churned_customers": 271991963252764363310857370093620257628656937793924688981325250560}, "generation": 0, "timestamp": "2025-11-15T04:12:48.285640"}