{"key": "daily_snapshot", "value": {"day": 0, "customers": 483852761502978878931625480420746937957751775199231819, "mrr": 7.111893752797624e-80, "total_revenue": 5.241512577835226, "conversion_rate": 6.438554244866059e+46, "churn_rate": 0.05, "average_price": 1.4698466803632862e-133, "daily_visitors": 0, "new_customers": 53668764764525129504891534260108736872297638496567296, "churned_customers": 24840322319606348607860778364855028295571953479057408}, "generation": 0, "timestamp": "2025-11-13T19:11:54.169976"}