{"key": "daily_snapshot", "value": {"day": 0, "customers": 111864466206057039315682408281050245651394646269047, "mrr": 2.670704446615774e-71, "total_revenue": 3.0646080228541357, "conversion_rate": 1.6592913843386812e+43, "churn_rate": 0.05, "average_price": 2.387446646101428e-121, "daily_visitors": 0, "new_customers": 14977108363803235340543016203640202291382669279232, "churned_customers": 6943224011279433498975422520669728346592186990592}, "generation": 0, "timestamp": "2025-11-14T21:04:40.630618"}