{"key": "daily_snapshot", "value": {"day": 0, "customers": 33334039284803175090929800856025217772582779235904600986060878099192210008676120052294514401091324834498931020471669736666824523, "mrr": 3.293840729548753e-196, "total_revenue": 5.241512577835226, "conversion_rate": 4.297264788671419e+120, "churn_rate": 0.05, "average_price": 1e-323, "daily_visitors": 0, "new_customers": 3951345055832884420342943064463980536494218969763342148115018449994864060288432834673186273193445449786288276187774040032673792, "churned_customers": 2078278568753671301298844920555505296748958851764678526404551455792600758401983512640247777500714447521604710897822713377718272}, "generation": 0, "timestamp": "2025-11-13T20:50:59.642358"}