{"key": "daily_snapshot", "value": {"day": 0, "customers": 794735481810010454924626060767168570617721175465566410238581609374176578837464511771195830842961345516596237330083499553780758165202, "mrr": 7.853029981868341e-192, "total_revenue": 7.180499208388138, "conversion_rate": 1.1485813121094579e+125, "churn_rate": 0.05, "average_price": 1e-323, "daily_visitors": 0, "new_customers": 108937165659368267971046755359837891357659742812579223837093228356627502071644851960691513594493330189302313702801190049760166281216, "churned_customers": 31183687532574389430943846591056060971639622350801960253618755542684454896941278233111796704187393643596222721333045304005526290432}, "generation": 0, "timestamp": "2025-11-15T19:59:27.772709"}