{"key": "daily_snapshot", "value": {"day": 0, "customers": 93105156512308651780066038244047004819192654255199836475148674301226552210, "mrr": 4.0833698708081986e-112, "total_revenue": 5.414632391501176, "conversion_rate": 1.1153192943487863e+67, "churn_rate": 0.05, "average_price": 4.385761244349952e-186, "daily_visitors": 0, "new_customers": 10820326515717145032190984816818039488141782912842260587075405029425807360, "churned_customers": 4478143518602292177540912752514304314807043820956589537853530989016383488}, "generation": 0, "timestamp": "2025-11-13T22:27:25.178335"}