{"key": "daily_snapshot", "value": {"day": 0, "customers": 54004390034239062677137207713224455169184971100717324112178343925656481481913517896695092341526704993091, "mrr": 6.954297106867323e-163, "total_revenue": 3.6902796439842023, "conversion_rate": 6.911513187485038e+96, "churn_rate": 0.05, "average_price": 1.2877281092256134e-266, "daily_visitors": 0, "new_customers": 7268023196581937975535478103605788895407596933598024601634568058127500069273632176415828413319816937472, "churned_customers": 3510127225555098245661096888710594337231073886827958461477125343154349637499764376583269090863114878976}, "generation": 0, "timestamp": "2025-11-14T01:54:17.976817"}