{"key": "daily_snapshot", "value": {"day": 0, "customers": 56478279651724687202522266561261719977204469435719856377264516098839402082492, "mrr": 2.8009501423057854e-117, "total_revenue": 7.827191553977371, "conversion_rate": 8.35499385244246e+69, "churn_rate": 0.05, "average_price": 4.959340404095068e-194, "daily_visitors": 0, "new_customers": 5927264823248225178897156720969857771813900465841793038918018917383484211200, "churned_customers": 3346590887781495399626844618288611792815832835810895578646760082407941996544}, "generation": 0, "timestamp": "2025-11-15T05:19:04.035453"}