{"key": "daily_snapshot", "value": {"day": 0, "customers": 1161761567144979322348331313549068084096324549375897404172164215, "mrr": 1.8395684742714128e-93, "total_revenue": 3.0646080228541357, "conversion_rate": 1.472410594815149e+56, "churn_rate": 0.05, "average_price": 1.583430306437266e-156, "daily_visitors": 0, "new_customers": 119679635220300268193629906665475231936852044306100796860137472, "churned_customers": 51885947932262834743634773931078053122827397581532004756750336}, "generation": 0, "timestamp": "2025-11-14T21:10:45.519836"}