{"key": "daily_snapshot", "value": {"day": 0, "customers": 236, "mrr": 0.1606132771866833, "total_revenue": 2.8682200603372814, "conversion_rate": 0.6428228395827915, "churn_rate": 0.05, "average_price": 0.0006805647338418785, "daily_visitors": 35, "new_customers": 33, "churned_customers": 9}, "generation": 0, "timestamp": "2025-11-14T11:51:04.259606"}