{"key": "daily_snapshot", "value": {"day": 0, "customers": 921783219443959059504240995970594537283389545744211873660494987503893901770575971430918955559650035076858843720136496354941033333449, "mrr": 9.108428432804062e-192, "total_revenue": 3.6905216285399813, "conversion_rate": 1.154231570591628e+125, "churn_rate": 0.05, "average_price": 1e-323, "daily_visitors": 0, "new_customers": 98532164975241924213591361212346212140199690519230999292312268459661520008364655372688367102708401004028205236179710547786270244864, "churned_customers": 35547421716828723347015308690290387377104753047367066252007434349805968765445112086014192547031208381169855978893405279270784204800}, "generation": 0, "timestamp": "2025-11-15T04:43:13.512759"}