{"key": "daily_snapshot", "value": {"day": 0, "customers": 79764563683919102101754129395437508058993519212451685842730045527028098873073165122036655926824624924418863000513298927650719686, "mrr": 7.881786134348146e-196, "total_revenue": 3.6346456800791516, "conversion_rate": 1.084639939838504e+121, "churn_rate": 0.05, "average_price": 1e-323, "daily_visitors": 0, "new_customers": 8169496676126170527899291028893863975718632006190636845504303219580502323326635085222429513526132164608981030310059445548220416, "churned_customers": 3514345898366367915512178628505628226761545801092643646349737280506688752131669261882479348502980311848615545000548049264574464}, "generation": 0, "timestamp": "2025-11-13T15:39:13.415712"}