{"key": "daily_snapshot", "value": {"day": 0, "customers": 7728495936267083970451394637754613891664370242402367891105760684475169592, "mrr": 1.2159356165956113e-108, "total_revenue": 8.385937104373125, "conversion_rate": 1.1984960240287591e+66, "churn_rate": 0.05, "average_price": 1.573314687130335e-181, "daily_visitors": 0, "new_customers": 1054352481711408410701718125832858305578913540262969205271091656567816192, "churned_customers": 438910092747905745709095373679682527429295681453397167964362745541820416}, "generation": 0, "timestamp": "2025-11-13T13:07:47.223292"}