{"key": "daily_snapshot", "value": {"day": 0, "customers": 471759872093391496770102372853120020712933177149095990023217096344994861913, "mrr": 1.8899282036745925e-116, "total_revenue": 4.2636659399133805, "conversion_rate": 7.103985455570537e+67, "churn_rate": 0.05, "average_price": 4.006123274724932e-191, "daily_visitors": 0, "new_customers": 70490038214006268926879307998745329534740270168096068802772692457974923264, "churned_customers": 14398255034478824138251957329817399313172456753425456610524161132667600896}, "generation": 0, "timestamp": "2025-11-15T15:27:32.501596"}