{"key": "daily_snapshot", "value": {"day": 0, "customers": 7241850576911877068291915, "mrr": 2.491278322758576e-29, "total_revenue": 5.241512577835226, "conversion_rate": 8.849889299677549e+17, "churn_rate": 0.05, "average_price": 3.440112850023654e-54, "daily_visitors": 0, "new_customers": 731607631684127384666112, "churned_customers": 415269612450126799831040}, "generation": 0, "timestamp": "2025-11-13T18:58:10.357529"}