{"key": "daily_snapshot", "value": {"day": 0, "customers": 4381374275369399275243631710913528156299113088817226410869090079549268196370939041, "mrr": 7.973568653531485e-124, "total_revenue": 4.323965768575599, "conversion_rate": 5.740993490365033e+74, "churn_rate": 0.05, "average_price": 1.819878456482521e-205, "daily_visitors": 0, "new_customers": 450359958672472255368923643861216830688261501352800810668155640178708785519394816, "churned_customers": 142145786792172036600715036279501685368816511712479954789220366621078607078883328}, "generation": 0, "timestamp": "2025-11-14T14:28:17.320854"}