{"key": "daily_snapshot", "value": {"day": 0, "customers": 296470798783290905729906981183282393271400533866960105283622447648917690011798471874400641058487438185237430608026535476352537433, "mrr": 2.9295207334787373e-195, "total_revenue": 4.2636659399133805, "conversion_rate": 3.7928879900469603e+121, "churn_rate": 0.05, "average_price": 1e-323, "daily_visitors": 0, "new_customers": 36837438509377760415069164954246372522689845481331617530172689697960622309145757064078062604748381510775363610813629836912754688, "churned_customers": 6893611468588670188996146024559881200786592206157691637990162028440286123956306085763867947288009604177840925220561404353839104}, "generation": 0, "timestamp": "2025-11-15T15:52:08.516779"}