{"key": "daily_snapshot", "value": {"day": 0, "customers": 26555215703269318181908830573101585052182286, "mrr": 3.4404550557417937e-60, "total_revenue": 5.934471667464104, "conversion_rate": 3.724467633100519e+36, "churn_rate": 0.05, "average_price": 1.295585430066089e-103, "daily_visitors": 0, "new_customers": 3331509267805281306343161800992743764262912, "churned_customers": 656581715377460646504758615888366003027968}, "generation": 0, "timestamp": "2025-11-14T17:34:30.176782"}