{"key": "daily_snapshot", "value": {"day": 0, "customers": 878957243614325063426862414965877366998210679, "mrr": 6.200022029165466e-63, "total_revenue": 8.055065502431749, "conversion_rate": 1.0351455860961909e+38, "churn_rate": 0.05, "average_price": 7.053838027058747e-108, "daily_visitors": 0, "new_customers": 104748207382485656102776053551014323549110272, "churned_customers": 55576825530933901792047418537522436784521216}, "generation": 0, "timestamp": "2025-11-13T17:04:58.721416"}