{"key": "daily_snapshot", "value": {"day": 0, "customers": 8302279866140465784, "mrr": 2.080234630794551e-18, "total_revenue": 8.385937104373125, "conversion_rate": 1084553922600.4828, "churn_rate": 0.05, "average_price": 2.505618534107069e-37, "daily_visitors": 0, "new_customers": 841762699322898304, "churned_customers": 259170334094167776}, "generation": 0, "timestamp": "2025-11-13T12:42:51.462867"}