{"key": "daily_snapshot", "value": {"day": 0, "customers": 8012331372296268559070229265645508529972509267420953852243389877142839601417422851406291708228932631844835818657, "mrr": 5.746327308243424e-175, "total_revenue": 4.323965768575599, "conversion_rate": 1.1676690751631674e+105, "churn_rate": 0.05, "average_price": 7.171854284649454e-287, "daily_visitors": 0, "new_customers": 1249174294565937415710426071037868335025300509176870654890990339798316465088709800300190299238366256565950873600, "churned_customers": 213896182555480711925580080764050263169797478452353104618134099565221284394277217663176722433376607979280793600}, "generation": 0, "timestamp": "2025-11-14T14:42:21.572144"}