{"key": "daily_snapshot", "value": {"day": 0, "customers": 128984843694336296399977309127, "mrr": 1.129848161854743e-34, "total_revenue": 4.928703564447977, "conversion_rate": 1.6378120863694497e+22, "churn_rate": 0.05, "average_price": 8.759542047685981e-64, "daily_visitors": 0, "new_customers": 13635178002355439664053092352, "churned_customers": 7927685840755966924935921664}, "generation": 0, "timestamp": "2025-11-15T06:11:41.489970"}