{"key": "daily_snapshot", "value": {"day": 0, "customers": 630918596063461000186790267055977741345283520481491479118124925262249256811681, "mrr": 6.56186295745765e-117, "total_revenue": 4.323965768575599, "conversion_rate": 8.651690252427409e+70, "churn_rate": 0.05, "average_price": 1.0400490647128784e-194, "daily_visitors": 0, "new_customers": 91950589617462433924202488817765008752413402789037770959556802239471162490880, "churned_customers": 28062197863026851609321310498879201398056044414318183983115633547328081625088}, "generation": 0, "timestamp": "2025-11-14T14:26:25.817237"}