{"key": "daily_snapshot", "value": {"day": 0, "customers": 472829469816864896106841257315996663984071418505557076123675909, "mrr": 2.634227593234692e-95, "total_revenue": 1.5620171583249602, "conversion_rate": 5.66446913572319e+55, "churn_rate": 0.05, "average_price": 5.571200107842209e-158, "daily_visitors": 0, "new_customers": 55934816841615269643834583547025604411468132763909616046178304, "churned_customers": 25254762494151608532538298097974252843955370931452458861330432}, "generation": 0, "timestamp": "2025-11-13T21:21:24.691734"}