{"key": "daily_snapshot", "value": {"day": 0, "customers": 1029445227458748547833692457263940827263272589031000056885011539616467115047580646151017690160396507844157096621344, "mrr": 9.719049143558112e-180, "total_revenue": 2.640852054669741, "conversion_rate": 1.4895503207291282e+107, "churn_rate": 0.05, "average_price": 9.441055127867471e-294, "daily_visitors": 0, "new_customers": 135748028993533063310077044468517916468500898208444494340405378516109813793994698949592704346003446123405479247872, "churned_customers": 47335793164624092500190779306533943651708506218512423695218945865189886493837323841667938766548997446174894981120}, "generation": 0, "timestamp": "2025-11-14T03:00:06.675521"}