{"key": "daily_snapshot", "value": {"day": 0, "customers": 284036221255490884, "mrr": 6.692666933290459e-16, "total_revenue": 8.385937104373125, "conversion_rate": 32568063571.21822, "churn_rate": 0.05, "average_price": 2.356272345726779e-33, "daily_visitors": 0, "new_customers": 34407035002460780, "churned_customers": 7221643876286109}, "generation": 0, "timestamp": "2025-11-13T12:42:10.071405"}