{"key": "daily_snapshot", "value": {"day": 0, "customers": 19165172719629079292709234946727878416755081958443470360504276374695539783, "mrr": 2.7542772696685683e-113, "total_revenue": 8.531929138055917, "conversion_rate": 2.78450476711374e+66, "churn_rate": 0.05, "average_price": 1.4371262445485928e-186, "daily_visitors": 0, "new_customers": 2384333387852178268691864792382238089738875967644754288285177255167000576, "churned_customers": 1144536587307513537031734926002447379039680864271956400037709205779513344}, "generation": 0, "timestamp": "2025-11-13T11:36:31.011804"}