{"key": "daily_snapshot", "value": {"day": 0, "customers": 11692108383675466147719385395601892726496185101189753087064080243417980003106175482597751608, "mrr": 1.8338006423180538e-137, "total_revenue": 8.385937104373125, "conversion_rate": 1.4820892975977992e+84, "churn_rate": 0.05, "average_price": 1.5684088636044533e-228, "daily_visitors": 0, "new_customers": 1638447215952038208377592116072462175415303356266420297046301429802350038439226867923812352, "churned_customers": 442268143166192582723636003405604258395290524860563476961791550940779331208771551742656512}, "generation": 0, "timestamp": "2025-11-13T13:15:55.379990"}