{"key": "daily_snapshot", "value": {"day": 0, "customers": 150145234288669852172201883028101192821100470153232300745265441001750, "mrr": 1.1596540515404195e-103, "total_revenue": 6.2331957973706755, "conversion_rate": 1.820589684581301e+61, "churn_rate": 0.05, "average_price": 7.72354884944842e-172, "daily_visitors": 0, "new_customers": 20606051344642363143845769735963203385534705965654870505129523544064, "churned_customers": 8670790550788662149995530737229437177395520724672160921557189787648}, "generation": 0, "timestamp": "2025-11-14T08:02:50.825876"}