{"key": "daily_snapshot", "value": {"day": 0, "customers": 242502797928581580692203076819997492148895448178987746315502641870331341512764289814696785434295348345348355049747037243298672, "mrr": 1.150198094178182e-196, "total_revenue": 7.626819946521412, "conversion_rate": 3.4342319744178418e+118, "churn_rate": 0.05, "average_price": 4.74e-322, "daily_visitors": 0, "new_customers": 27079540641627813532627676308503588065155552095535628946940837745649173422196080736699183866949742628519334165679749126422528, "churned_customers": 16392516809410362871544990601765662668530749765845791848001702918368119952378275671321205536823514259290405794183410050138112}, "generation": 0, "timestamp": "2025-11-15T02:19:02.994543"}