{"key": "daily_snapshot", "value": {"day": 0, "customers": 23880720705292, "mrr": 3.215765410220998e-09, "total_revenue": 3.6346456793936675, "conversion_rate": 2947362.2594080437, "churn_rate": 0.05, "average_price": 1.3465947907964017e-22, "daily_visitors": 0, "new_customers": 2805842012935, "churned_customers": 1500498776377}, "generation": 0, "timestamp": "2025-11-13T14:45:48.569975"}