{"key": "daily_snapshot", "value": {"day": 0, "customers": 39976575199297961295713495486269576666895594344087567814468877369, "mrr": 5.437438966344993e-93, "total_revenue": 8.82569014329087, "conversion_rate": 5.545326908938896e+57, "churn_rate": 0.05, "average_price": 1.360156276328664e-157, "daily_visitors": 0, "new_customers": 5334356103862903652679043693651829202507754402694665524855439360, "churned_customers": 2439914934558656895561682224384174629300816298720093062903627776}, "generation": 0, "timestamp": "2025-11-13T12:01:36.830882"}