{"key": "daily_snapshot", "value": {"day": 0, "customers": 8137808024094138989906357161078006886538650409391096557864872379669419717855375831390677, "mrr": 1.729764638179589e-138, "total_revenue": 5.250998821828405, "conversion_rate": 1.1293541121032329e+81, "churn_rate": 0.05, "average_price": 2.1255903715818338e-226, "daily_visitors": 0, "new_customers": 918066629633022311381534842872382430768397749322348627017229997532653418561878498476032, "churned_customers": 292212146580546353421191184040550565441163022682728631149770009823922214005432974835712}, "generation": 0, "timestamp": "2025-11-14T22:23:59.487670"}