{"key": "daily_snapshot", "value": {"day": 0, "customers": 1382457785996351949812513131922614105998564329551314832104217682051, "mrr": 4.834591722303872e-98, "total_revenue": 4.596591164332845, "conversion_rate": 1.9664935484884407e+59, "churn_rate": 0.05, "average_price": 3.497098986512294e-164, "daily_visitors": 0, "new_customers": 202380878902749866112633353041139158379030754658966565674886889472, "churned_customers": 61695597078959567605664446386841447962263348082318149710126252032}, "generation": 0, "timestamp": "2025-11-14T12:18:46.473854"}