{"key": "daily_snapshot", "value": {"day": 0, "customers": 149754363097, "mrr": 5.0196943426887e-05, "total_revenue": 4.323954878275022, "conversion_rate": 19075.58042173453, "churn_rate": 0.05, "average_price": 3.3519519824856834e-16, "daily_visitors": 0, "new_customers": 19143942495, "churned_customers": 5085546173}, "generation": 0, "timestamp": "2025-11-14T13:55:34.664246"}