{"key": "daily_snapshot", "value": {"day": 0, "customers": 9727797344341263714167339161812575315943215690616311096452449106250786824559517094290205255343926120296281608929829058598974275, "mrr": 9.612340955089459e-197, "total_revenue": 3.6902796439842023, "conversion_rate": 1.3641223482826853e+120, "churn_rate": 0.05, "average_price": 1e-323, "daily_visitors": 0, "new_customers": 1526602684021763354421069967439264183839027969067571960105263205815937249023716578510193816347551465014630421270381719973789696, "churned_customers": 312530224643201936276483785103290755371238307491498600516887890360496162254579160016483362155162994786132880208345265080369152}, "generation": 0, "timestamp": "2025-11-14T02:04:58.710741"}