{"key": "daily_snapshot", "value": {"day": 0, "customers": 1531007702829109518974728604335024167493145445752883992730536422815085379, "mrr": 3.232978790894812e-110, "total_revenue": 3.6902796439842023, "conversion_rate": 2.309676148263521e+65, "churn_rate": 0.05, "average_price": 2.111667227356645e-182, "daily_visitors": 0, "new_customers": 168988761536083918774762521936981044147792380792611668457897864000962560, "churned_customers": 56992399525289609944253686509626024167579217453342702446566717498851328}, "generation": 0, "timestamp": "2025-11-14T01:34:11.574815"}