{"key": "daily_snapshot", "value": {"day": 0, "customers": 17460788598598287551885031005963841615821229785792213555047188318692417917931648846453386950739359542775500362978019270, "mrr": 5.1962819734203367e-188, "total_revenue": 3.6346456800791516, "conversion_rate": 2.2359389684976634e+111, "churn_rate": 0.05, "average_price": 2.97597210118991e-306, "daily_visitors": 0, "new_customers": 2014231768365669646662020222568882269609223346637299410426799428528754014643853857084901786089371364953654142510825472, "churned_customers": 1211085498826788074652413246850670829583991666811575808197179039749806705241990818675359311892131999218864061383966720}, "generation": 0, "timestamp": "2025-11-13T15:34:52.219094"}