{"key": "daily_snapshot", "value": {"day": 0, "customers": 165, "mrr": 0.14036647635488742, "total_revenue": 2.338626605937579, "conversion_rate": 0.5087623931198169, "churn_rate": 0.05, "average_price": 0.000850705917302348, "daily_visitors": 36, "new_customers": 21, "churned_customers": 9}, "generation": 0, "timestamp": "2025-11-14T01:03:20.121094"}