{"key": "daily_snapshot", "value": {"day": 0, "customers": 1244712975987264986018626542912625590779754315595, "mrr": 1.536325560502032e-70, "total_revenue": 5.241512577835226, "conversion_rate": 1.566657342471611e+41, "churn_rate": 0.05, "average_price": 1.2342809869749046e-118, "daily_visitors": 0, "new_customers": 163773125595434797005476119672485485480773681152, "churned_customers": 81523398707508039669367908546364787685123424256}, "generation": 0, "timestamp": "2025-11-13T19:09:19.487335"}