{"key": "daily_snapshot", "value": {"day": 0, "customers": 48322424508, "mrr": 0.00036828725257715913, "total_revenue": 4.616187249150935, "conversion_rate": 7357.128765669096, "churn_rate": 0.05, "average_price": 7.621456421669974e-15, "daily_visitors": 0, "new_customers": 7032978597, "churned_customers": 3321801013}, "generation": 0, "timestamp": "2025-11-15T16:59:41.025156"}