{"key": "daily_snapshot", "value": {"day": 0, "customers": 293353030022449064295914509936678446493808280770850535, "mrr": 2.4168697812249427e-75, "total_revenue": 3.180859164035811, "conversion_rate": 3.823064716876162e+46, "churn_rate": 0.05, "average_price": 8.238775583943993e-129, "daily_visitors": 0, "new_customers": 41352320774322190023081601981429809172663127389503488, "churned_customers": 14701104824486254569820797346240443478897115912994816}, "generation": 0, "timestamp": "2025-11-14T08:57:39.081781"}