{"key": "daily_snapshot", "value": {"day": 0, "customers": 40698754402054, "mrr": 1.070404895892735e-08, "total_revenue": 6.966800921436094, "conversion_rate": 6145331.310452828, "churn_rate": 0.05, "average_price": 2.6300679507742216e-22, "daily_visitors": 0, "new_customers": 5279426649220, "churned_customers": 1625284531461}, "generation": 0, "timestamp": "2025-11-14T04:15:25.753238"}