{"key": "daily_snapshot", "value": {"day": 0, "customers": 10118432884043535745670237191150, "mrr": 1.166765914866528e-39, "total_revenue": 4.058738603221899, "conversion_rate": 1.3512386699179278e+24, "churn_rate": 0.05, "average_price": 1.1531093087611252e-70, "daily_visitors": 0, "new_customers": 1042869918830112140767757598720, "churned_customers": 454402774975615951207607042048}, "generation": 0, "timestamp": "2025-11-14T15:06:07.954055"}