{"key": "daily_snapshot", "value": {"day": 0, "customers": 22, "mrr": 4.953959590107551, "total_revenue": 2.2304074213394585, "conversion_rate": 0.07976924866147041, "churn_rate": 0.05, "average_price": 0.22517998136852502, "daily_visitors": 73, "new_customers": 3, "churned_customers": 1}, "generation": 0, "timestamp": "2025-11-14T14:54:09.595224"}