{"key": "daily_snapshot", "value": {"day": 0, "customers": 19659853258729924415881243471417257728903379972, "mrr": 8.186070032597546e-64, "total_revenue": 4.445436838349596, "conversion_rate": 2.9458959815747265e+39, "churn_rate": 0.05, "average_price": 4.1638510343217013e-110, "daily_visitors": 0, "new_customers": 2681947258968648908106686018758654596980146176, "churned_customers": 710117540395731602826233692078523556103716864}, "generation": 0, "timestamp": "2025-11-15T18:17:23.313923"}