{"key": "daily_snapshot", "value": {"day": 0, "customers": 5974733279632279, "mrr": 1.2329761393062667e-12, "total_revenue": 7.180499208387884, "conversion_rate": 782288263.9327536, "churn_rate": 0.05, "average_price": 2.0636505122487266e-28, "daily_visitors": 0, "new_customers": 679733637897075, "churned_customers": 359489524328508}, "generation": 0, "timestamp": "2025-11-15T19:04:26.427890"}