{"key": "daily_snapshot", "value": {"day": 0, "customers": 92611504998086105777820455732797879956529314800317199349191382639818663739704159557320792865026962801430, "mrr": 8.79971955417335e-165, "total_revenue": 8.73321624443256, "conversion_rate": 1.3636888829786495e+97, "churn_rate": 0.05, "average_price": 9.501756346962727e-269, "daily_visitors": 0, "new_customers": 11826990535315245160808783518394704359377194997064743470468060018844642375135404365561434763491626975232, "churned_customers": 2446026076696478699965464615595525115839740615605151778524040011480829379670644501718302088641686536192}, "generation": 0, "timestamp": "2025-11-14T16:43:08.372610"}