{"key": "daily_snapshot", "value": {"day": 0, "customers": 3266686839779174566802, "mrr": 1.1569415065531054e-23, "total_revenue": 5.414632391501176, "conversion_rate": 473882622797817.94, "churn_rate": 0.05, "average_price": 3.5416358019531304e-45, "daily_visitors": 0, "new_customers": 428272807580039970816, "churned_customers": 219824157163261689856}, "generation": 0, "timestamp": "2025-11-13T22:03:01.883788"}