{"key": "daily_snapshot", "value": {"day": 0, "customers": 1314908104819537025780322510705410615238984044290918849475289425317963534, "mrr": 3.0104481753941075e-108, "total_revenue": 5.934471667464104, "conversion_rate": 1.7932092700877293e+65, "churn_rate": 0.05, "average_price": 2.2894741954665135e-180, "daily_visitors": 0, "new_customers": 174242824562391820432303653028864545092265813572484149977662451708067840, "churned_customers": 50033166156750186848179986202690690559903914090228763155030130877792256}, "generation": 0, "timestamp": "2025-11-14T17:59:38.762524"}