{"key": "daily_snapshot", "value": {"day": 0, "customers": 1840268714995957380501906291716, "mrr": 1.0217207546577506e-36, "total_revenue": 4.445436838349596, "conversion_rate": 2.502404674834023e+23, "churn_rate": 0.05, "average_price": 5.552019367236785e-67, "daily_visitors": 0, "new_customers": 192935806029113305867627790336, "churned_customers": 48653326435152705886707777536}, "generation": 0, "timestamp": "2025-11-15T18:09:55.676733"}