{"key": "daily_snapshot", "value": {"day": 0, "customers": 158179274942460207804891965151621145750434184962878302042892045444637880508, "mrr": 4.7673211588649114e-113, "total_revenue": 7.827191553977371, "conversion_rate": 2.029914400701172e+67, "churn_rate": 0.05, "average_price": 3.013872178007572e-187, "daily_visitors": 0, "new_customers": 15874963204640799268860033724596407261571546573290067154379131288259919872, "churned_customers": 4752575374324282282366924407839910758174447810030222214983036488422260736}, "generation": 0, "timestamp": "2025-11-15T05:17:53.681790"}