{"key": "daily_snapshot", "value": {"day": 0, "customers": 49023937354519575696281434581257361966950395200600814647244266187965035014282359, "mrr": 9.008676168893948e-123, "total_revenue": 3.0646080228541357, "conversion_rate": 6.265023704707765e+72, "churn_rate": 0.05, "average_price": 1.8376076372134616e-202, "daily_visitors": 0, "new_customers": 5939081159141827906483132285261742928555409628220365517126349531988862619877376, "churned_customers": 3154542611567089030981407119948357552616743703173612208689617605894217731670016}, "generation": 0, "timestamp": "2025-11-14T21:18:41.964354"}