{"key": "daily_snapshot", "value": {"day": 0, "customers": 98510264966140730954635034114319627477786777685841631972017933712707971367141137587058863851296109488268498649151391562756, "mrr": 1.8402189991150326e-190, "total_revenue": 4.445436838349596, "conversion_rate": 1.2649341515131458e+115, "churn_rate": 0.05, "average_price": 1.868047964085e-312, "daily_visitors": 0, "new_customers": 11958453189809750566774338645174794205617391702128621007225614733314074715316614662379169855694066750672727786194821185536, "churned_customers": 5366857307229755420536456999114161824541649374194351071799436452976364544630033658789446793560536111329632184214218604544}, "generation": 0, "timestamp": "2025-11-15T18:52:23.743298"}