{"key": "daily_snapshot", "value": {"day": 0, "customers": 16733951557714511366360151057835587141918440888353316027166960221611711818452884858468912522720083927132462203593, "mrr": 2.1830321598519935e-173, "total_revenue": 3.6905216285399813, "conversion_rate": 2.533370333249448e+105, "churn_rate": 0.05, "average_price": 1.3045526947552294e-285, "daily_visitors": 0, "new_customers": 2562678754040584317036980524245622775846564417511664600758554909019365033838330703849921181145584236946960416768, "churned_customers": 733093089674481119563057063494686592854955356882567441819335719144237498582034900490882869082283058556567552000}, "generation": 0, "timestamp": "2025-11-15T04:33:44.221716"}