{"key": "daily_snapshot", "value": {"day": 0, "customers": 354084705499214245756055557338836381898379849218110955630824294869659595095881326513452103, "mrr": 3.816333326964185e-140, "total_revenue": 8.531929138055917, "conversion_rate": 5.3984709792230935e+82, "churn_rate": 0.05, "average_price": 1.0778023641500251e-229, "daily_visitors": 0, "new_customers": 47518361442383432363923833833010317971348025101645271142904513674629176737570490886914048, "churned_customers": 16133825052312186994887348137600287953713025272989987351232856626668676650900290650767360}, "generation": 0, "timestamp": "2025-11-13T11:43:57.323834"}