{"key": "daily_snapshot", "value": {"day": 0, "customers": 11095223672117568, "mrr": 1.5734467700750412e-13, "total_revenue": 4.816594378793694, "conversion_rate": 1716331957.9762836, "churn_rate": 0.05, "average_price": 1.4181298336771092e-29, "daily_visitors": 0, "new_customers": 1266194884295681, "churned_customers": 692841087788717}, "generation": 0, "timestamp": "2025-11-15T20:06:07.365930"}