{"key": "daily_snapshot", "value": {"day": 0, "customers": 82810428469932644136053293519819755528028963757140218645567158495943687513558299841849562057502908, "mrr": 1.7489655286643942e-153, "total_revenue": 7.827191553977371, "conversion_rate": 1.2666299397301707e+91, "churn_rate": 0.05, "average_price": 2.1120112055686564e-251, "daily_visitors": 0, "new_customers": 12713696239815302598080749646916966660265564340794843472998798050849433994127717297628215324442624, "churned_customers": 4473832626533610674941926781417555139760979394887545573932687833370454921821697732050805051097088}, "generation": 0, "timestamp": "2025-11-15T05:42:58.792161"}