{"key": "daily_snapshot", "value": {"day": 0, "customers": 2954904206845964086859949843914129381628867937309722134046120566683716499876751300404766278977945488658304471281062688461778532050, "mrr": 2.9198333107087353e-194, "total_revenue": 7.180499208388138, "conversion_rate": 3.622807286120406e+122, "churn_rate": 0.05, "average_price": 1e-323, "daily_visitors": 0, "new_customers": 382158266261368412035185342450819854342757207185785410172477037531337031375671949176701462113840754395698249018296509927404863488, "churned_customers": 149108753821461186160803272903102518816102504554119441035433161740809873203334026046596776816586238517206155541536897737842229248}, "generation": 0, "timestamp": "2025-11-15T19:58:17.451410"}