{"key": "daily_snapshot", "value": {"day": 0, "customers": 51601702829053175424216702890271040373914062106189625249077907130347516999, "mrr": 4.076888037636126e-114, "total_revenue": 8.531929138055917, "conversion_rate": 7.614774129714767e+66, "churn_rate": 0.05, "average_price": 7.900685082316172e-188, "daily_visitors": 0, "new_customers": 5725943792535302884065247127977483761038422721781608495041770994425397248, "churned_customers": 2963169035378566123447373313264932163497115207710291239089309179709489152}, "generation": 0, "timestamp": "2025-11-13T11:36:44.049981"}