{"key": "daily_snapshot", "value": {"day": 0, "customers": 151815331793285832568201303770112949179943710819830282696, "mrr": 2.547868476509093e-82, "total_revenue": 4.843910136547377, "conversion_rate": 2.1601695281967914e+49, "churn_rate": 0.05, "average_price": 1.6782682265440168e-138, "daily_visitors": 0, "new_customers": 22327969981711126391835062381891462652040119924186677248, "churned_customers": 5511264586056741810605088357253843417047594253147963392}, "generation": 0, "timestamp": "2025-11-14T06:55:58.072620"}