{"key": "daily_snapshot", "value": {"day": 0, "customers": 145265775183748809, "mrr": 2.375084357284164e-14, "total_revenue": 4.5965911643328425, "conversion_rate": 18893164536.21751, "churn_rate": 0.05, "average_price": 1.6349923815708724e-31, "daily_visitors": 0, "new_customers": 15155145457341964, "churned_customers": 5356032155513526}, "generation": 0, "timestamp": "2025-11-14T11:55:50.493852"}