{"key": "daily_snapshot", "value": {"day": 0, "customers": 3895062943067521053282030275475777294, "mrr": 2.5504278730860593e-48, "total_revenue": 5.934471667464104, "conversion_rate": 5.246542106303348e+29, "churn_rate": 0.05, "average_price": 6.547847648072904e-85, "daily_visitors": 0, "new_customers": 524275605481486924098134044089253888, "churned_customers": 240487912307537539455782463098322944}, "generation": 0, "timestamp": "2025-11-14T17:28:34.887295"}