{"key": "daily_snapshot", "value": {"day": 0, "customers": 329675622066442212, "mrr": 3.977244422837407e-16, "total_revenue": 8.385937104373125, "conversion_rate": 42809610356.60923, "churn_rate": 0.05, "average_price": 1.206411441012111e-33, "daily_visitors": 0, "new_customers": 35979028288747140, "churned_customers": 21055020634272916}, "generation": 0, "timestamp": "2025-11-13T12:42:13.080006"}