{"key": "daily_snapshot", "value": {"day": 0, "customers": 546192332504720146447869262588891911388615299626360821259996741708774032771215111, "mrr": 2.4504082070266306e-121, "total_revenue": 7.42566689692798, "conversion_rate": 6.641906213037459e+73, "churn_rate": 0.05, "average_price": 4.486346770540677e-202, "daily_visitors": 0, "new_customers": 72627763037291801935586343100013692420382060775381950303156774441543333314560000, "churned_customers": 15018631066139468017368613594331551479514502819131724976213386524219693647003648}, "generation": 0, "timestamp": "2025-11-15T14:28:00.523636"}