{"key": "daily_snapshot", "value": {"day": 0, "customers": 10420, "mrr": 0.04186073605294685, "total_revenue": 2.1344216521936676, "conversion_rate": 4.182951077402562, "churn_rate": 0.05, "average_price": 4.017345110647491e-06, "daily_visitors": 12, "new_customers": 3021, "churned_customers": 362}, "generation": 0, "timestamp": "2025-11-15T14:55:24.193368"}