{"key": "daily_snapshot", "value": {"day": 0, "customers": 4896700673841205944677406182235811264616024042896792686220462118745498632521280761556870926, "mrr": 5.666860985282254e-140, "total_revenue": 5.934471667464104, "conversion_rate": 6.878505023289602e+83, "churn_rate": 0.05, "average_price": 1.1572814763939608e-230, "daily_visitors": 0, "new_customers": 508026225111374319473366715772660493729678802521564040007307120922888169719435707797209088, "churned_customers": 238773478516622841421449818062668449439876030612868224868427214908436283608611593553707008}, "generation": 0, "timestamp": "2025-11-14T18:08:20.011876"}