{"key": "daily_snapshot", "value": {"day": 0, "customers": 271329626414778180213795714261583808801046319109308944075853910896, "mrr": 7.138478609800623e-95, "total_revenue": 7.626819946521412, "conversion_rate": 3.5448730881223986e+58, "churn_rate": 0.05, "average_price": 2.6309248658633837e-160, "daily_visitors": 0, "new_customers": 28114710137780472128724506516009644963153797933507826160888709120, "churned_customers": 11095808211120286161487179747840796707642743183046583871267143680}, "generation": 0, "timestamp": "2025-11-15T01:51:04.442079"}