{"key": "daily_snapshot", "value": {"day": 0, "customers": 296533690696134117806024015739355921596957626560347167280149974441115297064683273440605065993551980601731209559022, "mrr": 2.065733489328265e-182, "total_revenue": 4.058738603221899, "conversion_rate": 3.5376914319234827e+106, "churn_rate": 0.05, "average_price": 6.966269109182189e-296, "daily_visitors": 0, "new_customers": 32971900729302576107128319776072100363130294084878310775992026103056045932978906360674241732466252081952909688832, "churned_customers": 8349769313992954979202057037403028122688079271595423884656887949300484611765127926250704159956879869503439110144}, "generation": 0, "timestamp": "2025-11-14T15:46:43.978530"}