{"key": "daily_snapshot", "value": {"day": 0, "customers": 4877056238047476246039670896955666079777623775223341988994422790601112262872038068076986658585852728, "mrr": 3.3752342282059084e-152, "total_revenue": 8.385937104373125, "conversion_rate": 6.499082335251664e+92, "churn_rate": 0.05, "average_price": 6.920638318407375e-252, "daily_visitors": 0, "new_customers": 652957706469334565039805686930686998212013497665270777169800111488981880389170324805721158395625472, "churned_customers": 185334008836059530503701190395516147544957227024583463257997071404791199448818081542845593058017280}, "generation": 0, "timestamp": "2025-11-13T13:21:09.429703"}