{"key": "daily_snapshot", "value": {"day": 0, "customers": 8626679969454064891626162390207151723376, "mrr": 1.3395258382750064e-53, "total_revenue": 7.626819946521412, "conversion_rate": 1.1602112337552868e+33, "churn_rate": 0.05, "average_price": 1.5527709883965682e-93, "daily_visitors": 0, "new_customers": 1122037162890834017380438809026905505792, "churned_customers": 376030195260973603952629832914292441088}, "generation": 0, "timestamp": "2025-11-15T01:39:32.053623"}