{"key": "daily_snapshot", "value": {"day": 0, "customers": 2124402262725813539997316582345260914431907599470565705117116426934868437, "mrr": 1.6947744572957552e-112, "total_revenue": 5.250998821828405, "conversion_rate": 2.8022968108926517e+65, "churn_rate": 0.05, "average_price": 7.977653229954649e-185, "daily_visitors": 0, "new_customers": 301504482593305097838201442885601124499029340976216018522966527481741312, "churned_customers": 103094344476136507681436555683254243111071934316430447598369534489133056}, "generation": 0, "timestamp": "2025-11-14T22:16:48.065252"}