{"key": "daily_snapshot", "value": {"day": 0, "customers": 85769479809751884852355320674697127937849118390578729683572923172808509857668818486934683301524948135, "mrr": 2.048367740268026e-158, "total_revenue": 7.010218214998832, "conversion_rate": 1.3072347282534406e+94, "churn_rate": 0.05, "average_price": 2.3882245115763536e-259, "daily_visitors": 0, "new_customers": 10885241843953966113868643186720259368675401028373630476169689311675410437962983960212930437861867520, "churned_customers": 3404493079380924782742784376286500392467995176526360809941544018259936030767527684299326470976700416}, "generation": 0, "timestamp": "2025-11-15T00:05:54.949937"}