{"key": "daily_snapshot", "value": {"day": 0, "customers": 7140270038971294058214107812507442318619547097482179099644604688142, "mrr": 1.473982281188287e-99, "total_revenue": 5.934471667464104, "conversion_rate": 9.477584577419969e+59, "churn_rate": 0.05, "average_price": 2.0643228801478848e-166, "daily_visitors": 0, "new_customers": 753577200190059364825907581158129632461678887114019067365225922560, "churned_customers": 312559909131087042906980040900977805136808794675164384910404222976}, "generation": 0, "timestamp": "2025-11-14T17:57:14.211878"}