{"key": "daily_snapshot", "value": {"day": 0, "customers": 1863097661659341479357924163563701415, "mrr": 2.7737950499673023e-47, "total_revenue": 7.010218214998832, "conversion_rate": 2.759064775012753e+29, "churn_rate": 0.05, "average_price": 1.4888081859846582e-83, "daily_visitors": 0, "new_customers": 204084678237596321475237441190232064, "churned_customers": 59013613538649366365762533768298496}, "generation": 0, "timestamp": "2025-11-14T23:35:32.389560"}