{"key": "daily_snapshot", "value": {"day": 0, "customers": 721239720711141252426089604281427862588282220018077588058034856570777970251619231954001855967597482305749312763294287932708403113735, "mrr": 7.126795368390206e-192, "total_revenue": 7.42566689692798, "conversion_rate": 9.030045990779009e+124, "churn_rate": 0.05, "average_price": 1e-323, "daily_visitors": 0, "new_customers": 85712765643790148489470344910704505482458774236070509141070151477335056186838961180840462495880512839130114194701727426055323516928, "churned_customers": 39066186275851576438530136375075387829342427094913202726407974937616091447200662359469431716152515920649755096617966164094929076224}, "generation": 0, "timestamp": "2025-11-15T14:51:49.094739"}