{"key": "daily_snapshot", "value": {"day": 0, "customers": 11213928996188848632786892455156511495090524809938364810701256064025923589009117061251, "mrr": 4.157180533830223e-130, "total_revenue": 4.596591164332845, "conversion_rate": 1.3765696033839051e+78, "churn_rate": 0.05, "average_price": 3.7071578884109904e-215, "daily_visitors": 0, "new_customers": 1228535261195227606405450749277805084319408121211668129105449488915788559962142146560, "churned_customers": 609269637360469657800333941034099613186773833300191757140758932109965640402267537408}, "generation": 0, "timestamp": "2025-11-14T12:27:35.452574"}