{"key": "daily_snapshot", "value": {"day": 0, "customers": 248913562683, "mrr": 5.339816383378281e-05, "total_revenue": 4.5965785501647165, "conversion_rate": 37404.541235461176, "churn_rate": 0.05, "average_price": 2.1452492687908377e-16, "daily_visitors": 0, "new_customers": 30701881929, "churned_customers": 17294644323}, "generation": 0, "timestamp": "2025-11-14T11:53:13.776030"}