{"key": "daily_snapshot", "value": {"day": 0, "customers": 11129172641179604691401497710887777295529833180446806477399160866386833596, "mrr": 5.291979316927751e-111, "total_revenue": 7.827191553977371, "conversion_rate": 1.2817443384724934e+66, "churn_rate": 0.05, "average_price": 4.755051869126942e-184, "daily_visitors": 0, "new_customers": 1496096911624359032289052909264970685617224702273138697488214929879072768, "churned_customers": 586032856987252763364447306834072768601610038867748963274644336494510080}, "generation": 0, "timestamp": "2025-11-15T05:17:20.512743"}