{"key": "daily_snapshot", "value": {"day": 0, "customers": 20717141082302981964964185148993155615619436853100524578574, "mrr": 1.514400033879859e-84, "total_revenue": 5.934471667464104, "conversion_rate": 2.364762712173308e+51, "churn_rate": 0.05, "average_price": 7.3098890810445435e-143, "daily_visitors": 0, "new_customers": 2271294203362019463601512261808619861558444837354619273216, "churned_customers": 622743707812628867505439224220321467263777238162562088960}, "generation": 0, "timestamp": "2025-11-14T17:52:08.757095"}