{"key": "daily_snapshot", "value": {"day": 0, "customers": 145578854243180479064611676263152661791070179189874733321375711038221067870273688730220029622846495009, "mrr": 3.2379756501947045e-157, "total_revenue": 9.426328809042326, "conversion_rate": 1.623749750902286e+94, "churn_rate": 0.05, "average_price": 2.2242074008810827e-258, "daily_visitors": 0, "new_customers": 18528880293964615652926421454520972988694099700676628315137218794219147883713728123914394977242710016, "churned_customers": 6287632466771385581660490531251363680329022269258714618149989737671596418778044847571928384156991488}, "generation": 0, "timestamp": "2025-11-15T12:35:15.526563"}