{"key": "daily_snapshot", "value": {"day": 0, "customers": 33971401320637355770749650235677856224964381315266831505224252698507437722578122900674790244094712780919, "mrr": 5.092696332182832e-162, "total_revenue": 8.055065502431749, "conversion_rate": 4.650436012459304e+96, "churn_rate": 0.05, "average_price": 1.4991128226109e-265, "daily_visitors": 0, "new_customers": 4096181390554201276227433081600296760846337578011177346042516654161868874626641265365220439303603093504, "churned_customers": 1856386949725418810515563682321870137098246259335953143783594087063551982647420551631493936882420547584}, "generation": 0, "timestamp": "2025-11-13T17:32:20.392851"}