{"key": "daily_snapshot", "value": {"day": 0, "customers": 26035996128191862338654609833412094850347022355976882158538482831634554536660863950594757488, "mrr": 1.4367568988142638e-138, "total_revenue": 7.626819946521412, "conversion_rate": 3.1273975307656798e+84, "churn_rate": 0.05, "average_price": 5.518348104448129e-230, "daily_visitors": 0, "new_customers": 3652984477878035796910711263394866378661052210172079278878371872683769625942803634431459328, "churned_customers": 1736014366033946260548593336711092707597246529339527659427176343791397778826907415264362496}, "generation": 0, "timestamp": "2025-11-15T02:03:07.439655"}