{"key": "daily_snapshot", "value": {"day": 0, "customers": 2929963547147970356055551492405364174178499299895941244035656627011, "mrr": 8.71664976023199e-102, "total_revenue": 3.6902796439842023, "conversion_rate": 4.397459633586483e+59, "churn_rate": 0.05, "average_price": 2.9750028012180516e-168, "daily_visitors": 0, "new_customers": 356013410548932396888667800496895894760544067883373375199366873088, "churned_customers": 192956938037439385347294119764816170379839486586398739513470877696}, "generation": 0, "timestamp": "2025-11-14T01:31:44.717516"}