{"key": "daily_snapshot", "value": {"day": 0, "customers": 9429330265119056133101724253, "mrr": 7.1641143485301036e-34, "total_revenue": 7.058512489256422, "conversion_rate": 1.24285295088985e+21, "churn_rate": 0.05, "average_price": 7.597691614463404e-62, "daily_visitors": 0, "new_customers": 1273567610432641356315754496, "churned_customers": 546100468993985130184835072}, "generation": 0, "timestamp": "2025-11-15T07:12:31.593717"}