{"key": "daily_snapshot", "value": {"day": 0, "customers": 6964738384665838437142, "mrr": 1.0103425767165849e-23, "total_revenue": 8.73321624443256, "conversion_rate": 846548702634905.0, "churn_rate": 0.05, "average_price": 1.4506540244800024e-45, "daily_visitors": 0, "new_customers": 663534357212118515712, "churned_customers": 290259558774976577536}, "generation": 0, "timestamp": "2025-11-14T16:04:35.699796"}