{"key": "daily_snapshot", "value": {"day": 0, "customers": 138692170245581344610881112424989798531101108345690469509266283124951242837623573496789409684439916689991338223315251025728218286, "mrr": 1.3704607333101453e-195, "total_revenue": 14.069439877331755, "conversion_rate": 1.9419337830160395e+121, "churn_rate": 0.05, "average_price": 1e-323, "daily_visitors": 0, "new_customers": 20547400318935960442294966452283619504371761463381838244210023817626467815096328348733804414169197421169468304063832320083230720, "churned_customers": 6274459504235493305637660028979185614403350114465365140355570883097160659427080851988351665383238766073271867014114752149323776}, "generation": 0, "timestamp": "2025-11-15T13:48:46.423269"}