{"key": "daily_snapshot", "value": {"day": 0, "customers": 96531967999805042455412460374068100626908459033543, "mrr": 1.4749755087533118e-71, "total_revenue": 4.928703564447977, "conversion_rate": 1.2527324148182569e+43, "churn_rate": 0.05, "average_price": 1.5279658535049142e-121, "daily_visitors": 0, "new_customers": 13045423180995369801483822111470391451317543370752, "churned_customers": 6261124815800061619927599181509405333910252945408}, "generation": 0, "timestamp": "2025-11-15T06:21:40.263234"}