{"key": "daily_snapshot", "value": {"day": 0, "customers": 656707031699672050286966942499996568368171696926668756938346283721, "mrr": 1.2748521654961746e-96, "total_revenue": 3.6905216285399813, "conversion_rate": 9.127011709369361e+58, "churn_rate": 0.05, "average_price": 1.9412799071096214e-162, "daily_visitors": 0, "new_customers": 92636857866449551327162518976994915187101517948806710344684666880, "churned_customers": 18301743278827674875245663524597695266782076539797871950787772416}, "generation": 0, "timestamp": "2025-11-15T04:12:26.156133"}