{"key": "daily_snapshot", "value": {"day": 0, "customers": 238560380764132068531924574535926127288247301046107496027365672388188396566372126649615760734509491606823128779528946, "mrr": 8.426711478248839e-183, "total_revenue": 10.298721371422412, "conversion_rate": 3.337558983501058e+109, "churn_rate": 0.05, "average_price": 3.5323180870424767e-299, "daily_visitors": 0, "new_customers": 27436455034141059166919267894189776128610698018806160570436706784741549034457843208231887894091914614655236721082368, "churned_customers": 7195230339305423587944108239704224993415486037826158962466254266329361465417080024158983025801323499784243752468480}, "generation": 0, "timestamp": "2025-11-14T04:02:08.462079"}