{"key": "daily_snapshot", "value": {"day": 0, "customers": 16055213683364119100, "mrr": 6.285662652201024e-18, "total_revenue": 7.827191553977371, "conversion_rate": 2065943486564.9414, "churn_rate": 0.05, "average_price": 3.915028959542295e-37, "daily_visitors": 0, "new_customers": 2287027585868686592, "churned_customers": 762997858935797120}, "generation": 0, "timestamp": "2025-11-15T04:51:56.141096"}