{"key": "daily_snapshot", "value": {"day": 0, "customers": 4762482078621837, "mrr": 1.5356404033005209e-12, "total_revenue": 3.561506464785947, "conversion_rate": 758565928.2509176, "churn_rate": 0.05, "average_price": 3.224453925388635e-28, "daily_visitors": 0, "new_customers": 564375407866410, "churned_customers": 259243719975390}, "generation": 0, "timestamp": "2025-11-13T11:40:11.387015"}