{"key": "daily_snapshot", "value": {"day": 0, "customers": 48, "mrr": 1.4507109835375571, "total_revenue": 2.361146156621527, "conversion_rate": 0.16429894422541344, "churn_rate": 0.05, "average_price": 0.030223145490365772, "daily_visitors": 55, "new_customers": 5, "churned_customers": 2}, "generation": 0, "timestamp": "2025-11-13T10:42:00.862931"}