{"key": "daily_snapshot", "value": {"day": 0, "customers": 261320435024234232669300898478844536461290757, "mrr": 8.7895966616701e-63, "total_revenue": 1.5620171583249602, "conversion_rate": 3.298073949499462e+37, "churn_rate": 0.05, "average_price": 3.36353207924783e-107, "daily_visitors": 0, "new_customers": 30755098414375020609715202203933685487501312, "churned_customers": 9356058977109230729805248106315978173841408}, "generation": 0, "timestamp": "2025-11-13T21:12:38.458596"}