{"key": "daily_snapshot", "value": {"day": 0, "customers": 12157286119806035, "mrr": 1.2845255541090337e-12, "total_revenue": 4.596591164332549, "conversion_rate": 1894593154.1692057, "churn_rate": 0.05, "average_price": 1.0565890622713481e-28, "daily_visitors": 0, "new_customers": 1437165786949528, "churned_customers": 324846623283175}, "generation": 0, "timestamp": "2025-11-14T11:55:21.376697"}