{"key": "daily_snapshot", "value": {"day": 0, "customers": 156017663224005454253641953666069357891136, "mrr": 1.065469433343204e-53, "total_revenue": 4.61627280770732, "conversion_rate": 1.9531377931056275e+34, "churn_rate": 0.05, "average_price": 6.829159028061041e-95, "daily_visitors": 0, "new_customers": 14967172959770385840063624861566086676480, "churned_customers": 7970293630200792285551848187729633345536}, "generation": 0, "timestamp": "2025-11-15T17:13:30.981225"}