{"key": "daily_snapshot", "value": {"day": 0, "customers": 6765842609290115352966734960679949062614118905098330003179597502472211244458024701253462467189961877726036, "mrr": 6.366714525682347e-166, "total_revenue": 7.997332640408474, "conversion_rate": 9.770909946092794e+98, "churn_rate": 0.05, "average_price": 9.410083700351336e-272, "daily_visitors": 0, "new_customers": 840927020994100169700951232212245303983464744900590315314525243217399039514811278577843709195044587044864, "churned_customers": 249469606940379691125616750929721301046306416152754831963842609632746422433857174142841935238351168733184}, "generation": 0, "timestamp": "2025-11-15T16:42:51.029301"}