{"key": "daily_snapshot", "value": {"day": 0, "customers": 459886820456385338480787463523075385298274188310006098284212878208675497010777823111075154870592340905245854274502565379, "mrr": 4.768911036416093e-191, "total_revenue": 11.37579680016544, "conversion_rate": 5.73910604480389e+112, "churn_rate": 0.05, "average_price": 1.03697493041516e-310, "daily_visitors": 0, "new_customers": 60971010829411705279651212496239445884637059680485404727157395648804760669029453809356160392971817642874995776388333568, "churned_customers": 20704487845618032037932834356564500784705102254908005044143381035910670730777847534910801403764151107496633763297755136}, "generation": 0, "timestamp": "2025-11-14T06:24:36.647479"}