{"key": "daily_snapshot", "value": {"day": 0, "customers": 26530445020837600657196411611636401830385212027762677622140603123545791627987058109205114204080217403912100635529734339016, "mrr": 1.4978634364048702e-193, "total_revenue": 4.843910136547377, "conversion_rate": 3.589084273664962e+114, "churn_rate": 0.05, "average_price": 5.64582854e-315, "daily_visitors": 0, "new_customers": 3441221654572834313773181385219489563090335741211644816239093239651770690999753068839907173798630349162820444302031716352, "churned_customers": 1183152255593550623598931990764260891754122443538290743841658408572040602915508710032846783786862785013958271072741621760}, "generation": 0, "timestamp": "2025-11-14T07:26:27.988854"}