{"key": "daily_snapshot", "value": {"day": 0, "customers": 2178044776128831683749057708094757648716900828384033767342170853620176671577, "mrr": 1.2574793608141953e-117, "total_revenue": 4.2636659399133805, "conversion_rate": 3.2377154902356005e+68, "churn_rate": 0.05, "average_price": 5.773432091920479e-193, "daily_visitors": 0, "new_customers": 267097341038887359582506816347068855003581844050296124378860714807078682624, "churned_customers": 123711408903378997946777311852434225955722868959846958236103805796584783872}, "generation": 0, "timestamp": "2025-11-15T15:27:51.581633"}