{"key": "daily_snapshot", "value": {"day": 0, "customers": 1079879602388998379796340065410286115140089716060583742302598874274081, "mrr": 5.389923644695445e-100, "total_revenue": 9.426328809042326, "conversion_rate": 1.5533365132015332e+62, "churn_rate": 0.05, "average_price": 4.9912264596640343e-169, "daily_visitors": 0, "new_customers": 119546671946364780211406695354677168337937387350958413942795146362880, "churned_customers": 39712995540170433751348708812073507923833794747804010241120459030528}, "generation": 0, "timestamp": "2025-11-15T12:19:46.410846"}