{"key": "daily_snapshot", "value": {"day": 0, "customers": 7809833496723473137331868347194438894077974532058004014264621996321, "mrr": 2.0348847513065787e-96, "total_revenue": 9.426328809042326, "conversion_rate": 1.1156608029073746e+60, "churn_rate": 0.05, "average_price": 2.605541785443046e-163, "daily_visitors": 0, "new_customers": 794005967439823895606749340931365328234877283692805572938598187008, "churned_customers": 343359246169942797711151537376237400450745660985919655438285012992}, "generation": 0, "timestamp": "2025-11-15T12:18:47.134092"}