{"key": "daily_snapshot", "value": {"day": 0, "customers": 10256558081805889297057763724178, "mrr": 9.461546079983618e-40, "total_revenue": 5.414632391501176, "conversion_rate": 1.264395643598473e+24, "churn_rate": 0.05, "average_price": 9.224874470089003e-71, "daily_visitors": 0, "new_customers": 1276344637160033736829419126784, "churned_customers": 657820252689656314142459428864}, "generation": 0, "timestamp": "2025-11-13T22:07:26.816884"}