{"key": "daily_snapshot", "value": {"day": 0, "customers": 23907765253288796255553903793306372868517939188842380088, "mrr": 7.912993293468182e-80, "total_revenue": 8.385937104373125, "conversion_rate": 3.576835253151159e+48, "churn_rate": 0.05, "average_price": 3.3098004809879315e-135, "daily_visitors": 0, "new_customers": 3244673563247193711739596558631625006087057204813234176, "churned_customers": 1526360025366962094269447789188631029418023657706356736}, "generation": 0, "timestamp": "2025-11-13T12:59:46.230328"}