{"key": "daily_snapshot", "value": {"day": 0, "customers": 50079371130046349873058757427030890970000384924530378968360603614545867512562, "mrr": 2.8912984842540553e-116, "total_revenue": 10.298721371422412, "conversion_rate": 6.667887609006014e+69, "churn_rate": 0.05, "average_price": 5.773432091920479e-193, "daily_visitors": 0, "new_customers": 7237057764732985038721709213236335712416621744504207000389023647096553603072, "churned_customers": 1967311955105435076131113817006974853266901986649445697365858381141546893312}, "generation": 0, "timestamp": "2025-11-14T03:43:47.339753"}