{"key": "daily_snapshot", "value": {"day": 0, "customers": 1350610506185009574455285682126761603069050416095093162843899839622844358905861523772010011244242, "mrr": 1.7167887119242152e-151, "total_revenue": 7.180499208388138, "conversion_rate": 1.711881423500656e+89, "churn_rate": 0.05, "average_price": 1.2711205074018917e-247, "daily_visitors": 0, "new_customers": 171374234256139023289918412362050757714281637886146629880079620059520147164385653177798270910464, "churned_customers": 64111349244259143299874185075010455348877299965708062106607332546076995960820220784506883276800}, "generation": 0, "timestamp": "2025-11-15T19:42:36.100910"}