{"key": "daily_snapshot", "value": {"day": 0, "customers": 2798052629118883654496279952766460708638893788556219060747971828565, "mrr": 6.202023036468186e-101, "total_revenue": 7.593310615949716, "conversion_rate": 3.532768682104928e+59, "churn_rate": 0.05, "average_price": 2.2165498146549242e-167, "daily_visitors": 0, "new_customers": 309527849208702093325571172806868240717250397962197413471893585920, "churned_customers": 138439762579154327856069457555599650564422537386350396534201253888}, "generation": 0, "timestamp": "2025-11-14T18:58:29.743377"}