{"key": "daily_snapshot", "value": {"day": 0, "customers": 226746038859483254203714906031909858772133155107497346632501659686316625493901642003760998993005458, "mrr": 1.4473567429593114e-155, "total_revenue": 5.414632391501176, "conversion_rate": 3.2486904381033077e+91, "churn_rate": 0.05, "average_price": 6.383162194318432e-254, "daily_visitors": 0, "new_customers": 31669001393649460873800293908790764633224152623336082091524526008541875919366505716741132993429504, "churned_customers": 8338911917149535269098858726439772456935540969250680333520962694105566028196903444215717005623296}, "generation": 0, "timestamp": "2025-11-13T22:39:12.124788"}