{"key": "daily_snapshot", "value": {"day": 0, "customers": 7200750568741871006567955629378703225394578604999368211482337431873984679959316715070368290393001502412813155385, "mrr": 3.847683505648624e-174, "total_revenue": 8.82569014329087, "conversion_rate": 1.0319227744521993e+105, "churn_rate": 0.05, "average_price": 5.343447837717421e-286, "daily_visitors": 0, "new_customers": 869827934022962832119743870348742410434103881409424659955636905781298507417953105995387417349887270642587271168, "churned_customers": 403963937454796338803581421869911400234572320593034596646176699865237294423326430248188639152515554712003543040}, "generation": 0, "timestamp": "2025-11-13T12:23:46.047404"}