{"key": "daily_snapshot", "value": {"day": 0, "customers": 3258347209471360291808192270, "mrr": 5.242269391884914e-32, "total_revenue": 5.934471667464104, "conversion_rate": 4.2477718550323436e+20, "churn_rate": 0.05, "average_price": 1.608873780132053e-59, "daily_visitors": 0, "new_customers": 301027859802528110616772608, "churned_customers": 131549314021455203634511872}, "generation": 0, "timestamp": "2025-11-14T17:23:02.858528"}