{"key": "daily_snapshot", "value": {"day": 0, "customers": 1154600892141465037098531050467353993456693829851064999647483253741902097972126035504347036758972014151548985547423, "mrr": 4.74790299151404e-184, "total_revenue": 3.5615064647863135, "conversion_rate": 1.5959258231921953e+107, "churn_rate": 0.05, "average_price": 4.1121594689815234e-298, "daily_visitors": 0, "new_customers": 176000752082419291009020908197597780637481021985382398290259877122334310290462849705579137337510326666615437918208, "churned_customers": 40210966021745042777134136830156498276937226871641994259815562482710073947686576033549744919901196211242944954368}, "generation": 0, "timestamp": "2025-11-13T12:26:48.001716"}