{"key": "daily_snapshot", "value": {"day": 0, "customers": 32127814041545911217137577371696460466522639531799797331198365385786672951920907408544388709163771459124547677424964464, "mrr": 6.178746965163263e-185, "total_revenue": 7.626819946521412, "conversion_rate": 3.7903059660245053e+111, "churn_rate": 0.05, "average_price": 1.9231768950023333e-303, "daily_visitors": 0, "new_customers": 3372958369044542501312136944724401139068249780854212297647375850293579484089688642191715878278433677638671607714021376, "churned_customers": 1216333978790179241591081481086439749851594540077872374070275236521920754015723173728516076519169215550417441459798016}, "generation": 0, "timestamp": "2025-11-15T02:15:49.801622"}