{"key": "daily_snapshot", "value": {"day": 0, "customers": 89762823953195372303619538350859653670101252396585650507815301710287830638897326723343930997370508144, "mrr": 8.866291583617188e-156, "total_revenue": 7.626819946521412, "conversion_rate": 1.2869353078348006e+94, "churn_rate": 0.05, "average_price": 9.877465071999404e-257, "daily_visitors": 0, "new_customers": 13105589350094972817000897190039488051712423616305190433992729257338352688534666103438774104385126400, "churned_customers": 5688249117640790500996905220055253605336633646355311430113248437309439619386605667666151919836987392}, "generation": 0, "timestamp": "2025-11-15T02:07:45.027085"}