{"key": "daily_snapshot", "value": {"day": 0, "customers": 47420213888045003710366597019487536760482006506321855361162562242084001, "mrr": 1.1885567913664997e-104, "total_revenue": 4.323965768575599, "conversion_rate": 5.968825648644928e+63, "churn_rate": 0.05, "average_price": 2.506434901733212e-175, "daily_visitors": 0, "new_customers": 6017333291692215857313334163027067171937812718781606866819395969089536, "churned_customers": 1563061259068780283791951643963775674542497765785317112924491520933888}, "generation": 0, "timestamp": "2025-11-14T14:23:04.760852"}