{"key": "daily_snapshot", "value": {"day": 0, "customers": 41295352275917061794019559811849778683713420677208526976291014207202562336817651718343627177529478826989387965005797007812132744935, "mrr": 4.0805229784885507e-193, "total_revenue": 3.180859164035811, "conversion_rate": 5.187861397614389e+123, "churn_rate": 0.05, "average_price": 1e-323, "daily_visitors": 0, "new_customers": 4666250126447816358876008354315969405239686636308196085551227556572541764288715001180852264216088864017584668362016387094240296960, "churned_customers": 1610248828314360515155755314377486381153309943523359691257572014858862095236687008003502770256585234488424872210307830257392025600}, "generation": 0, "timestamp": "2025-11-14T09:41:59.651278"}