{"key": "daily_snapshot", "value": {"day": 0, "customers": 15232768864646509, "mrr": 3.375319371322344e-13, "total_revenue": 3.180859164035737, "conversion_rate": 2005918716.1124117, "churn_rate": 0.05, "average_price": 2.215827865120483e-29, "daily_visitors": 0, "new_customers": 2174605764457670, "churned_customers": 338367033467072}, "generation": 0, "timestamp": "2025-11-14T08:39:20.936390"}