{"key": "daily_snapshot", "value": {"day": 0, "customers": 38205698581976079843932673890170951492300292862077889273366970722091258934641547214267052876845772588312014011810, "mrr": 2.5028736479965333e-179, "total_revenue": 8.401501509864964, "conversion_rate": 5.648688959742922e+105, "churn_rate": 0.05, "average_price": 6.551047987321161e-292, "daily_visitors": 0, "new_customers": 4528732713964649208482577636495989486886221885880960551624821312648382396607236274118637826191535991340264325120, "churned_customers": 999436648999961979957057595116835206931992380791480309483587018875731231143425212010582725489646827098561576960}, "generation": 0, "timestamp": "2025-11-14T13:42:05.540800"}