{"key": "daily_snapshot", "value": {"day": 0, "customers": 170811540632848999035088232731058383698059185079033260430218549417295465870467860295945546357621487116408560542421365651413281, "mrr": 2.5317634241972064e-198, "total_revenue": 9.426328809042326, "conversion_rate": 2.061431848446236e+118, "churn_rate": 0.05, "average_price": 1.5e-323, "daily_visitors": 0, "new_customers": 17032434016322392885919394882993542282071623667849616798138495419610785551142196982160891280276931500852636813829198208565248, "churned_customers": 5441492547007329904350788439722175804449154603060197855525064347015378825176005308836749032624152317847080619095114540646400}, "generation": 0, "timestamp": "2025-11-15T12:46:32.838688"}