{"key": "daily_snapshot", "value": {"day": 0, "customers": 406909306559930133710893729883542288567261629294613947460816208963221840518971282966666065718512028768473756483, "mrr": 5.308346323937386e-175, "total_revenue": 3.6902796439842023, "conversion_rate": 5.048711513361081e+103, "churn_rate": 0.05, "average_price": 1.3045526947552294e-285, "daily_visitors": 0, "new_customers": 41602639170802873609575839703787329867197233134963230465737333700970484892093280191678064787525796198193561600, "churned_customers": 11891017298763637454361831973287341123522209514898209065557467571399024539411755415904409714817740165538119680}, "generation": 0, "timestamp": "2025-11-14T01:57:35.026373"}