{"key": "daily_snapshot", "value": {"day": 0, "customers": 4548408411876819513508952619349580866192197828065764071789531321592724641441413242866668, "mrr": 9.091793466739062e-135, "total_revenue": 3.8452002827692775, "conversion_rate": 5.652815401301643e+80, "churn_rate": 0.05, "average_price": 1.9988955791653494e-222, "daily_visitors": 0, "new_customers": 470949793171726009072808744782310786958857222575961811492216929958367941965707260985344, "churned_customers": 215989429235529178676549417263601973865116132770736946749508056424437566317146331414528}, "generation": 0, "timestamp": "2025-11-13T14:19:12.963711"}