{"key": "daily_snapshot", "value": {"day": 0, "customers": 2069058924278029704289249073800297867336724079216788292694997586344364120546785917346402414030557140291256992612506093466479893151, "mrr": 2.044501867414039e-194, "total_revenue": 3.5615064647863135, "conversion_rate": 2.8623711179185213e+122, "churn_rate": 0.05, "average_price": 1e-323, "daily_visitors": 0, "new_customers": 213363845676883466523008774408158802057941512606271765515526276581844757119084555040714356165652550897799018838502730665794994176, "churned_customers": 68697154601595385853668534886278396192218764001437262441317652920545668629192329094708692452836682386056426945488674400046678016}, "generation": 0, "timestamp": "2025-11-13T12:33:57.606934"}