{"key": "daily_snapshot", "value": {"day": 0, "customers": 15130218041001421455447912636, "mrr": 3.508139976047344e-33, "total_revenue": 7.827191553977371, "conversion_rate": 1.9546229975623147e+21, "churn_rate": 0.05, "average_price": 2.3186314741404422e-61, "daily_visitors": 0, "new_customers": 2039903406807941703729676288, "churned_customers": 930132554877243900876029952}, "generation": 0, "timestamp": "2025-11-15T04:56:07.614836"}