{"key": "daily_snapshot", "value": {"day": 0, "customers": 3062812868718864526586296150050234816195319266597810173357904160514219637869251780963897897162740609993522376908075300738617673618717700, "mrr": 3.0264612361489334e-188, "total_revenue": 4.445436838349596, "conversion_rate": 4.145951436711704e+128, "churn_rate": 0.05, "average_price": 1e-323, "daily_visitors": 0, "new_customers": 324493057628457949882388876607150493047329729372820039611845268431235102640129630991319662695034577201411049910260650682982029018005504, "churned_customers": 198146230277126291258797306610656896125223165448740861189816606424667606783587236308691636194829281647374838249026832587385460473462784}, "generation": 0, "timestamp": "2025-11-15T18:58:39.536573"}