{"key": "daily_snapshot", "value": {"day": 0, "customers": 26543189870008790086940630413711348847311148647135773315265159910351971290528779741278554225448426, "mrr": 3.341407444297969e-153, "total_revenue": 5.620306961549841, "conversion_rate": 3.8769677647965294e+90, "churn_rate": 0.05, "average_price": 1.2588567766956422e-250, "daily_visitors": 0, "new_customers": 3355421503591762184762032648745329423682055470518754694953008662841086204134126314802027119509504, "churned_customers": 1718866108426095025226195459802862894823046145897086411438137254578772725213735128738015848955904}, "generation": 0, "timestamp": "2025-11-15T03:26:31.387768"}