{"key": "daily_snapshot", "value": {"day": 0, "customers": 12999732362006, "mrr": 3.706906684164664e-07, "total_revenue": 7.4256668086363975, "conversion_rate": 1891749.8302598416, "churn_rate": 0.05, "average_price": 2.851525386013907e-20, "daily_visitors": 0, "new_customers": 1425867059659, "churned_customers": 685500437384}, "generation": 0, "timestamp": "2025-11-15T13:56:32.894329"}