{"key": "daily_snapshot", "value": {"day": 0, "customers": 2621446265535696458385435841400596636852752645779562854873503617080340914161867480973189725, "mrr": 3.0337512044665858e-140, "total_revenue": 7.058512489256422, "conversion_rate": 3.9780739709520747e+83, "churn_rate": 0.05, "average_price": 1.1572814763939608e-230, "daily_visitors": 0, "new_customers": 321706784805176999702193439254786964413808200797795923090847015778978807605952146088919040, "churned_customers": 151428398251970656503978150075597770599856230511266867175474357023049438344164415987777536}, "generation": 0, "timestamp": "2025-11-15T11:24:19.891587"}