{"key": "daily_snapshot", "value": {"day": 0, "customers": 444137234841224995528390354214112204606218946020756883568051162995750307550218860473689896820484251, "mrr": 5.537109387749284e-155, "total_revenue": 13.18914372001125, "conversion_rate": 6.3336893795103315e+91, "churn_rate": 0.05, "average_price": 1.2467113660778185e-253, "daily_visitors": 0, "new_customers": 58419234287582085267249834010428974594744023528788629283966449221850393403340394230936635969634304, "churned_customers": 25937889551389854231255959436636293985493052828111505876970142379306929711989422651618687576965120}, "generation": 0, "timestamp": "2025-11-13T18:31:30.239028"}