{"key": "daily_snapshot", "value": {"day": 0, "customers": 69272387069915911165129503349204520273451023622244181562861126110317458, "mrr": 6.559432352329801e-107, "total_revenue": 5.414632391501176, "conversion_rate": 8.941692084074151e+63, "churn_rate": 0.05, "average_price": 9.46904333715169e-178, "daily_visitors": 0, "new_customers": 8785226737936853058945392314817367753530938924859417229595330813624320, "churned_customers": 1720734821323438918538985416815992137868916227513663903469217698021376}, "generation": 0, "timestamp": "2025-11-13T22:25:58.637534"}