{"key": "daily_snapshot", "value": {"day": 0, "customers": 353686329484813350344, "mrr": 3.859958554120953e-21, "total_revenue": 4.843910136547377, "conversion_rate": 41036453929016.04, "churn_rate": 0.05, "average_price": 1.0913507908952677e-41, "daily_visitors": 0, "new_customers": 30529293879164968960, "churned_customers": 7943203282913831936}, "generation": 0, "timestamp": "2025-11-14T06:39:14.615704"}