{"key": "daily_snapshot", "value": {"day": 0, "customers": 6420817856321302919499007807031481398307558776469640431970671208603, "mrr": 5.4291010396431e-100, "total_revenue": 13.18914372001125, "conversion_rate": 8.195244625557507e+59, "churn_rate": 0.05, "average_price": 8.455466517085738e-167, "daily_visitors": 0, "new_customers": 824669509297340117057267110662350566772998433063187491031242244096, "churned_customers": 439792188066504018998981893402470884983915336703193000423553236992}, "generation": 0, "timestamp": "2025-11-13T18:16:29.973069"}