{"key": "daily_snapshot", "value": {"day": 0, "customers": 124633141612531162902, "mrr": 1.2667707881945901e-20, "total_revenue": 8.73321624443256, "conversion_rate": 16891832541173.559, "churn_rate": 0.05, "average_price": 1.0163996283852188e-40, "daily_visitors": 0, "new_customers": 13939630465440106496, "churned_customers": 8288153098729815040}, "generation": 0, "timestamp": "2025-11-14T16:03:45.491931"}