{"key": "daily_snapshot", "value": {"day": 0, "customers": 891817279213480801330288378783349527809660436247800161067686919516837690910518047600278730287006924688478065077739990759, "mrr": 1.6821871414421558e-189, "total_revenue": 3.180859164035811, "conversion_rate": 1.1644983705534142e+113, "churn_rate": 0.05, "average_price": 1.886246410167927e-309, "daily_visitors": 0, "new_customers": 111547957324973801683772063537528626003854428175093007609809737342551980177218907840567069832018164667652046918296535040, "churned_customers": 60630901684793861269461626137881977392719144870826407351681331951536053088947284896416749718505204647889102571543986176}, "generation": 0, "timestamp": "2025-11-14T09:37:01.050392"}