{"key": "daily_snapshot", "value": {"day": 0, "customers": 1572261255793970197798197173030458941875285350878668418135522375875763986286255472917194307693832358975, "mrr": 6.299698427595188e-158, "total_revenue": 2.4762944740981485, "conversion_rate": 2.1632894628785505e+95, "churn_rate": 0.05, "average_price": 4.006775848721101e-260, "daily_visitors": 0, "new_customers": 217323358227979522612823126539560050057886423980411816021974308147781148525614012263992023584362987520, "churned_customers": 46647477056164301958913320318759768438289364753028125753076453386005457712019621748013807733236039680}, "generation": 0, "timestamp": "2025-11-13T16:30:10.025226"}