{"key": "daily_snapshot", "value": {"day": 0, "customers": 513537664620719218922431133413636692350338059413306433875535792187966429921655319328953480012772466628251249396689299065710855867458, "mrr": 5.074426358692822e-192, "total_revenue": 7.574353924996814, "conversion_rate": 6.705882361029865e+124, "churn_rate": 0.05, "average_price": 1e-323, "daily_visitors": 0, "new_customers": 64524399235678050922581154292758319058301111178005768400005792354970330211447952837995196913117343249188890386127011740155365031936, "churned_customers": 23156020832911682290051746498704678085642830962346853980299749498960517038414569106191648065121813510670892787289010449771231444992}, "generation": 0, "timestamp": "2025-11-14T11:47:18.924158"}