{"key": "daily_snapshot", "value": {"day": 0, "customers": 3949596264379865336817546107361070131175413112222194834250026045896314477746851715191, "mrr": 4.468315718852048e-130, "total_revenue": 8.055065502431749, "conversion_rate": 5.410766987049544e+77, "churn_rate": 0.05, "average_price": 1.131334804812924e-214, "daily_visitors": 0, "new_customers": 474333810429977313268180247937618875366917124260182715646412977030116216242136154112, "churned_customers": 256236544742839143447922335644070556034552459026723132017741781625496299442857312256}, "generation": 0, "timestamp": "2025-11-13T17:23:30.045260"}