{"key": "daily_snapshot", "value": {"day": 0, "customers": 944707702230106430449631256147011642317116069609214139138392520361328608310643447197867948179111638087, "mrr": 3.7487122059717605e-161, "total_revenue": 8.531929138055917, "conversion_rate": 1.1733780676451835e+95, "churn_rate": 0.05, "average_price": 3.968118601258816e-263, "daily_visitors": 0, "new_customers": 122941198019491438485435608491523838058667497537949058852248910715604495296484011154147203176565047296, "churned_customers": 44995030220915604152568794422580741249055561058104202958325280137308111356537527117036858086936018944}, "generation": 0, "timestamp": "2025-11-13T11:49:43.364186"}