{"key": "daily_snapshot", "value": {"day": 0, "customers": 395448498132881307088635164314015124493666939677873148166062164200511, "mrr": 1.1651099368172914e-102, "total_revenue": 2.4762944740981485, "conversion_rate": 4.972135384950544e+61, "churn_rate": 0.05, "average_price": 2.9463000676911994e-171, "daily_visitors": 0, "new_customers": 37034466027745282327939101214016842607079992323879418869464986288128, "churned_customers": 15178104347066020960196590903780649980890975871563029935924967374848}, "generation": 0, "timestamp": "2025-11-13T16:14:49.006004"}