{"key": "daily_snapshot", "value": {"day": 0, "customers": 1734918748059630844365143063437475923706926079567142752957774425283029, "mrr": 3.735299472239963e-107, "total_revenue": 5.250998821828405, "conversion_rate": 2.273681308835356e+62, "churn_rate": 0.05, "average_price": 2.1530111864994255e-176, "daily_visitors": 0, "new_customers": 243205423905578309883529603190896392694277160665012162475725275791360, "churned_customers": 65907654999014596074099725358809865732955357352434813759121864523776}, "generation": 0, "timestamp": "2025-11-14T22:15:20.614711"}