{"key": "daily_snapshot", "value": {"day": 0, "customers": 1664311450848586374094703078211289241083699948179890826991849455795165602102558176736135970050905, "mrr": 4.1319148747606116e-151, "total_revenue": 4.2636659399133805, "conversion_rate": 2.0314728056167896e+89, "churn_rate": 0.05, "average_price": 2.482657241019319e-247, "daily_visitors": 0, "new_customers": 180987850929966701445353899796421114198422092462804795730043250119649121582199652889385033007104, "churned_customers": 65664987942697007586688153658601944223650443421290730570307480931167626475139328176364804112384}, "generation": 0, "timestamp": "2025-11-15T15:37:15.484226"}