{"key": "daily_snapshot", "value": {"day": 0, "customers": 10710719395025455984420683111490477967883214182131470, "mrr": 7.653878697344835e-75, "total_revenue": 5.934471667464104, "conversion_rate": 1.3716023804981032e+45, "churn_rate": 0.05, "average_price": 7.145998709386078e-127, "daily_visitors": 0, "new_customers": 1265197655899139323228401469032510453631208837349376, "churned_customers": 612010052008739236587497823707302971339233566916608}, "generation": 0, "timestamp": "2025-11-14T17:39:38.055295"}