{"key": "daily_snapshot", "value": {"day": 0, "customers": 22453052614741577905862822639341706457419059366090108038660963751493072492227903112940910892131156, "mrr": 2.105919826147797e-152, "total_revenue": 7.997332640408474, "conversion_rate": 3.1752811189480986e+90, "churn_rate": 0.05, "average_price": 9.37921387475462e-250, "daily_visitors": 0, "new_customers": 2730571439273036980150416527821677687816315494023997596325125006502482606072815214438105181323264, "churned_customers": 1508935560516627771429000579437097164116036106133253283371846488034399888710143866368010378805248}, "generation": 0, "timestamp": "2025-11-15T16:39:00.478842"}