{"key": "daily_snapshot", "value": {"day": 0, "customers": 4882814470758601444913340, "mrr": 2.2764766424387495e-27, "total_revenue": 7.827191553977371, "conversion_rate": 6.327339112196724e+17, "churn_rate": 0.05, "average_price": 4.6622222819886754e-52, "daily_visitors": 0, "new_customers": 594055429248215649615872, "churned_customers": 309825222301674870145024}, "generation": 0, "timestamp": "2025-11-15T04:54:31.076469"}