{"key": "daily_snapshot", "value": {"day": 0, "customers": 61813, "mrr": 0.15892745812765016, "total_revenue": 2.7670015647034845, "conversion_rate": 5.873703277894692, "churn_rate": 0.05, "average_price": 2.5711008708143945e-06, "daily_visitors": 10, "new_customers": 25185, "churned_customers": 3000}, "generation": 0, "timestamp": "2025-11-14T09:45:46.000752"}