{"key": "daily_snapshot", "value": {"day": 0, "customers": 1715114688558560296122288316003985350910919431610641411384719661676376502231593761591953097010597645934790373632642639169818176, "mrr": 1.7794964172184365e-196, "total_revenue": 4.61627280770732, "conversion_rate": 2.3569700883287186e+119, "churn_rate": 0.05, "average_price": 1.04e-322, "daily_visitors": 0, "new_customers": 218138324204541171909634613600660662779534775612970228422066259042350482333866070436392813629507045743904960401773507404365824, "churned_customers": 64871366875787793164909962441291941262753022542074770141105240631365396518292722190848178586370357101371408318755735385145344}, "generation": 0, "timestamp": "2025-11-15T17:52:59.129708"}