{"key": "daily_snapshot", "value": {"day": 0, "customers": 379571697605450724287895360421085884087871714006107602251284279720294326384496473298474555351676915008861758458770, "mrr": 1.260852142214152e-181, "total_revenue": 5.414632391501176, "conversion_rate": 5.244965830071264e+106, "churn_rate": 0.05, "average_price": 3.3217759653006487e-295, "daily_visitors": 0, "new_customers": 41476735858451857610594367536153159497166314403128182209014927569736114468061424307935667149959223343748803985408, "churned_customers": 9879666613763837998335750808625575144467163194119012932648313566795820555126356714767737653719910363183196405760}, "generation": 0, "timestamp": "2025-11-13T23:10:14.913901"}