{"key": "daily_snapshot", "value": {"day": 0, "customers": 1261358767805970693014453036171074142584207037296, "mrr": 3.5744008510500577e-66, "total_revenue": 7.626819946521412, "conversion_rate": 1.715984783912431e+41, "churn_rate": 0.05, "average_price": 2.833770170930379e-114, "daily_visitors": 0, "new_customers": 142274686672475724518415757573619141897852289024, "churned_customers": 80745477760036056269542036219394316462844805120}, "generation": 0, "timestamp": "2025-11-15T01:43:07.047328"}