{"key": "daily_snapshot", "value": {"day": 0, "customers": 2270602790764192043043849515838534703683703, "mrr": 5.801598430695026e-58, "total_revenue": 8.055065502431749, "conversion_rate": 2.9980899953690368e+35, "churn_rate": 0.05, "average_price": 2.5550917378827167e-100, "daily_visitors": 0, "new_customers": 332681513989375248855271504394328697995264, "churned_customers": 62014786399181255072760011809370323025920}, "generation": 0, "timestamp": "2025-11-13T17:03:40.408458"}