{"key": "daily_snapshot", "value": {"day": 0, "customers": 51142632774420609852529783, "mrr": 1.298181705635183e-30, "total_revenue": 3.0646080228541357, "conversion_rate": 7.793174015860791e+18, "churn_rate": 0.05, "average_price": 2.538355253162639e-56, "daily_visitors": 0, "new_customers": 6128360787965138058608640, "churned_customers": 2098043863372254173724672}, "generation": 0, "timestamp": "2025-11-14T20:53:26.552418"}