{"key": "daily_snapshot", "value": {"day": 0, "customers": 660158214409317282994725086772851300032991972563242920536201998188821230768406, "mrr": 2.990551419367231e-121, "total_revenue": 6.2331957973706755, "conversion_rate": 1.0122394285497257e+71, "churn_rate": 0.05, "average_price": 4.530052575416417e-199, "daily_visitors": 0, "new_customers": 93948157664023790749592091658146823138434182014611953997192222085547070324736, "churned_customers": 40712235433041299293847091362309037073682519042747779643569096142449459331072}, "generation": 0, "timestamp": "2025-11-14T08:07:33.087775"}