{"key": "daily_snapshot", "value": {"day": 0, "customers": 58893175112064153778132588006186795953064861407312361344982724889951392182241649595166471224481, "mrr": 5.686730120093363e-146, "total_revenue": 4.323965768575599, "conversion_rate": 7.2150953845223815e+87, "churn_rate": 0.05, "average_price": 9.656008712847354e-241, "daily_visitors": 0, "new_customers": 5972081910668114439224298055788372741138684487960559324888971072011216107184449889087541739520, "churned_customers": 2133354437223229733426635344972488041727121446114270363723526205944429672123876680918926098432}, "generation": 0, "timestamp": "2025-11-14T14:34:23.315119"}