{"key": "daily_snapshot", "value": {"day": 0, "customers": 61405553828380108407342275733532510958731797078539904771207813889214714843030181783701359049067455102009, "mrr": 5.486837215641047e-161, "total_revenue": 8.82569014329087, "conversion_rate": 9.491352988841881e+96, "churn_rate": 0.05, "average_price": 8.935408726995582e-265, "daily_visitors": 0, "new_customers": 8861357244241423669040746675637207178228607964581418367746365816434094250135618289339674436470403235840, "churned_customers": 4159487768953310039303103451643863125375598223383251703130221587374516156640915457200488842909894836224}, "generation": 0, "timestamp": "2025-11-13T12:20:06.323258"}