{"key": "daily_snapshot", "value": {"day": 0, "customers": 68377805176, "mrr": 0.0019879854673703133, "total_revenue": 13.18871851285136, "conversion_rate": 8825.141509667827, "churn_rate": 0.05, "average_price": 2.9073548971824534e-14, "daily_visitors": 0, "new_customers": 9004534501, "churned_customers": 4090098295}, "generation": 0, "timestamp": "2025-11-13T17:50:07.038867"}