{"key": "daily_snapshot", "value": {"day": 0, "customers": 101993884925795593951986, "mrr": 5.589689142348236e-25, "total_revenue": 10.298721371422412, "conversion_rate": 1.4587768065970832e+16, "churn_rate": 0.05, "average_price": 5.48041595475547e-48, "daily_visitors": 0, "new_customers": 14569934323832246501376, "churned_customers": 4096986396712338718720}, "generation": 0, "timestamp": "2025-11-14T03:18:45.514615"}