{"key": "daily_snapshot", "value": {"day": 0, "customers": 144762147028363394740537281731006582470991429125524626924495054180797523657249998380908334622610685314595059647112437925674145, "mrr": 2.624857534503072e-196, "total_revenue": 4.323965768575599, "conversion_rate": 2.073831213460468e+118, "churn_rate": 0.05, "average_price": 1.813e-321, "daily_visitors": 0, "new_customers": 20687534033950449777952712253938733215443969787650384849810734196481982827234668235377715640556095181889207274600871344734208, "churned_customers": 3380720205938423011642856827818821371584165896390393555196086107994688275126351105155117665113514733948136227917707832459264}, "generation": 0, "timestamp": "2025-11-14T14:48:20.358002"}