{"key": "daily_snapshot", "value": {"day": 0, "customers": 4285173649686472, "mrr": 3.622134086553696e-13, "total_revenue": 3.064608022854059, "conversion_rate": 532180652.78701764, "churn_rate": 0.05, "average_price": 8.452712498170785e-29, "daily_visitors": 0, "new_customers": 438983133931363, "churned_customers": 218993987151553}, "generation": 0, "timestamp": "2025-11-14T20:48:41.337762"}