{"key": "daily_snapshot", "value": {"day": 0, "customers": 2704640765697282482205941395048179073340642264532517165903486397822349584873668219024195, "mrr": 4.3250355758261466e-135, "total_revenue": 3.6902796439842023, "conversion_rate": 4.1761193630055877e+80, "churn_rate": 0.05, "average_price": 1.5991164633322795e-222, "daily_visitors": 0, "new_customers": 332712287394916959886149986254616871929628428951784136127968989213957404278790585057280, "churned_customers": 106114489684716092917811143015388763831750952364169519034579073420981341857372946038784}, "generation": 0, "timestamp": "2025-11-14T01:41:07.541619"}