{"key": "daily_snapshot", "value": {"day": 0, "customers": 105148544194740107501155682561, "mrr": 1.7989318244663935e-34, "total_revenue": 6.966800923949336, "conversion_rate": 1.3300162798947509e+22, "churn_rate": 0.05, "average_price": 1.710848056188668e-63, "daily_visitors": 0, "new_customers": 14582709857688375652966727680, "churned_customers": 6006346333039550400301105152}, "generation": 0, "timestamp": "2025-11-14T04:22:32.549851"}