{"key": "daily_snapshot", "value": {"day": 0, "customers": 1811306956435388595642920018958721876, "mrr": 5.655365941349767e-48, "total_revenue": 7.997332640408474, "conversion_rate": 2.714350983001681e+29, "churn_rate": 0.05, "average_price": 3.1222570648540988e-84, "daily_visitors": 0, "new_customers": 203699402383562202399011843094872064, "churned_customers": 84801555796391771709272488457273344}, "generation": 0, "timestamp": "2025-11-15T16:10:12.959288"}