{"key": "daily_snapshot", "value": {"day": 0, "customers": 598940536008, "mrr": 1.3796259018534487e-05, "total_revenue": 6.96679792856927, "conversion_rate": 84430.80110684542, "churn_rate": 0.05, "average_price": 2.303443862806142e-17, "daily_visitors": 0, "new_customers": 79199989434, "churned_customers": 20717247214}, "generation": 0, "timestamp": "2025-11-14T04:14:34.558476"}