{"key": "daily_snapshot", "value": {"day": 0, "customers": 65148547696449607025111563043460941346017535281453373644776843544823380925075233522, "mrr": 2.462445506274432e-126, "total_revenue": 10.298721371422412, "conversion_rate": 9.382142397092175e+75, "churn_rate": 0.05, "average_price": 3.779739677003771e-209, "daily_visitors": 0, "new_customers": 9048341062105595856006550098802578625272286485293065726758625063656925368539938816, "churned_customers": 4310101912167883118573108125606663206144499801033107005240473382285472361479143424}, "generation": 0, "timestamp": "2025-11-14T03:46:35.053702"}