{"key": "daily_snapshot", "value": {"day": 0, "customers": 102371678419247010128987609776806545612572478750188589295883871980388280742390480755599612193, "mrr": 3.580622095829138e-141, "total_revenue": 9.426328809042326, "conversion_rate": 1.4275299858510858e+85, "churn_rate": 0.05, "average_price": 3.497668643435997e-233, "daily_visitors": 0, "new_customers": 12425199990590930996660953525308673943289751617134804772638508267826772114069620018248679424, "churned_customers": 3518313685857349951809448875892216944343870538257722759314643722150409021073944412650733568}, "generation": 0, "timestamp": "2025-11-15T12:30:54.062101"}