{"key": "daily_snapshot", "value": {"day": 0, "customers": 1457406773467886883487941785748280363570267585772705, "mrr": 8.4128686299411e-73, "total_revenue": 4.323965768575599, "conversion_rate": 1.923100802496181e+44, "churn_rate": 0.05, "average_price": 5.772491786848741e-124, "daily_visitors": 0, "new_customers": 201741334907416155777094540064548673382491736768512, "churned_customers": 73430091151646404856413607241027710147234671624192}, "generation": 0, "timestamp": "2025-11-14T14:14:12.194898"}