{"key": "daily_snapshot", "value": {"day": 0, "customers": 267680759783952668041224230567580373902579488404318685136789948663178226715909520758191358278638, "mrr": 8.306994706989787e-152, "total_revenue": 4.058738603221899, "conversion_rate": 3.704980731026708e+88, "churn_rate": 0.05, "average_price": 3.103321551274149e-247, "daily_visitors": 0, "new_customers": 31294085627785794623837717902148376638169885388762697890638533734754568167083355833532774612992, "churned_customers": 11568463535796213138531784380732009545920437534308314383065111316839799802059295410608586883072}, "generation": 0, "timestamp": "2025-11-14T15:36:37.942158"}