{"key": "daily_snapshot", "value": {"day": 0, "customers": 32095057907542814086356501187172978971183798200646397201114652938700045439264973719578992705568487954830255447611681, "mrr": 6.293296636677382e-182, "total_revenue": 9.426328809042326, "conversion_rate": 4.859685119627627e+108, "churn_rate": 0.05, "average_price": 1.9608304352672206e-297, "daily_visitors": 0, "new_customers": 3855098643366613677721312535798138669291631984764103334680935316319372746370588364208956937630683370120068940693504, "churned_customers": 2211341450601138625210379596098135616010626179583025167211818176084488406860828840823727597638202822880386523070464}, "generation": 0, "timestamp": "2025-11-15T12:42:01.130024"}