{"key": "daily_snapshot", "value": {"day": 0, "customers": 855595502976577582333806534, "mrr": 2.688564787378733e-32, "total_revenue": 3.6346456800791516, "conversion_rate": 1.1640976169487501e+20, "churn_rate": 0.05, "average_price": 3.1423316018204152e-59, "daily_visitors": 0, "new_customers": 99045350733595325212131328, "churned_customers": 32120909524537905472602112}, "generation": 0, "timestamp": "2025-11-13T14:52:08.126463"}