{"key": "daily_snapshot", "value": {"day": 0, "customers": 12021189480722085347318741064394634575449468222754261935226450029896913174, "mrr": 3.142480071517124e-112, "total_revenue": 6.2331957973706755, "conversion_rate": 1.4568700559588896e+66, "churn_rate": 0.05, "average_price": 2.61411741039154e-185, "daily_visitors": 0, "new_customers": 1474505225872787457045951752085349803925864809432587518778085771428495360, "churned_customers": 346081664003635233017497005540234876409824840718649255930069601969242112}, "generation": 0, "timestamp": "2025-11-14T08:05:10.425528"}