{"key": "daily_snapshot", "value": {"day": 0, "customers": 129995358241480248, "mrr": 8.705696578125684e-15, "total_revenue": 3.690521628539981, "conversion_rate": 19176829433.489464, "churn_rate": 0.05, "average_price": 6.696928794914295e-32, "daily_visitors": 0, "new_customers": 19643347300780788, "churned_customers": 6401399343138932}, "generation": 0, "timestamp": "2025-11-15T03:49:52.257922"}