{"key": "daily_snapshot", "value": {"day": 0, "customers": 169031855619472957897869000862853708610569644848755240899835442376195776177693225040117790369124956751252123066143459333184242, "mrr": 1.1691796608013094e-197, "total_revenue": 10.298721371422412, "conversion_rate": 2.3667065266360013e+118, "churn_rate": 0.05, "average_price": 7e-323, "daily_visitors": 0, "new_customers": 21589162578806185448364289361507597221663211031270898931476954082335675582107124804869588416507066498604328886237796189077504, "churned_customers": 7053235667360520725722895402700991003301785056420313064475280841462629449089271316234390027472901979340892093765019506835456}, "generation": 0, "timestamp": "2025-11-14T04:06:14.860973"}