{"key": "daily_snapshot", "value": {"day": 0, "customers": 25805056582737081862670481920393115721237566460560981049, "mrr": 9.260126160821008e-78, "total_revenue": 8.82569014329087, "conversion_rate": 3.6668404865515674e+48, "churn_rate": 0.05, "average_price": 3.588492871980678e-133, "daily_visitors": 0, "new_customers": 2643167765291876873023548135713452679207455060203143168, "churned_customers": 1499297031244796523669204658885945253418218497140326400}, "generation": 0, "timestamp": "2025-11-13T11:57:24.063779"}