{"key": "daily_snapshot", "value": {"day": 0, "customers": 80234505068962775533490260304059089835439620099234218137672649213976100407990017370810676167216943016575625840978049745925670371408328, "mrr": 7.928222513129972e-190, "total_revenue": 4.843910136547377, "conversion_rate": 1.1513484794086598e+127, "churn_rate": 0.05, "average_price": 1e-323, "daily_visitors": 0, "new_customers": 12249492061278186867036626382438865993221564997258661364826988655441037433012907084120629453175511565791187903973947158438931991625728, "churned_customers": 3331504525117970851399229473230945002293956204138090512597502402610960370583315498398802779799484027122224048875890664706260372291584}, "generation": 0, "timestamp": "2025-11-14T07:32:13.643446"}