{"key": "daily_snapshot", "value": {"day": 0, "customers": 24096521343726685847732385338507284936670449581987557564, "mrr": 8.5635933356959e-81, "total_revenue": 7.827191553977371, "conversion_rate": 3.332924518548264e+48, "churn_rate": 0.05, "average_price": 3.553871205532061e-136, "daily_visitors": 0, "new_customers": 2836760993391002578652628140411241783199929899061084160, "churned_customers": 971439004899984284498826115694087854761796475646115840}, "generation": 0, "timestamp": "2025-11-15T05:09:03.795165"}