{"key": "daily_snapshot", "value": {"day": 0, "customers": 43741459028463231244906682013111876648818941595883916004176261725866185945994468870077356861625347815, "mrr": 4.639152378866412e-157, "total_revenue": 3.180859164035811, "conversion_rate": 5.944234701964893e+93, "churn_rate": 0.05, "average_price": 1.0605847362904938e-257, "daily_visitors": 0, "new_customers": 5168041954158402892090213472244800131569545403044321089573054936745535835201563677862322075391229952, "churned_customers": 2615927789586862191141974685668082352511672570015738927838121755517774960980253238734124378356711424}, "generation": 0, "timestamp": "2025-11-14T09:28:04.430478"}