{"key": "daily_snapshot", "value": {"day": 0, "customers": 424175625095798338746846319236191457608034630273977953050711965134102626170338591298686799290586685770170515061906337346351401423653951, "mrr": 4.191412083261402e-189, "total_revenue": 2.4762944740981485, "conversion_rate": 6.086247862915654e+127, "churn_rate": 0.05, "average_price": 1e-323, "daily_visitors": 0, "new_customers": 58377908369193617641956172632167767859027929188398836938161696382464625134210508951823140158730889195546811114215378268739323660599296, "churned_customers": 12394739179746471315697415682675812472234685767566565737179783429592561142527816079255409480540487595240710738794628861480920923766784}, "generation": 0, "timestamp": "2025-11-13T16:45:40.642454"}