{"key": "daily_snapshot", "value": {"day": 0, "customers": 3466828212490352922203331799012145796262090575087422773202238653005316721047888167665376085, "mrr": 5.38494419322378e-141, "total_revenue": 7.593310615949716, "conversion_rate": 4.0824338436669646e+83, "churn_rate": 0.05, "average_price": 1.553276904180831e-231, "daily_visitors": 0, "new_customers": 462517132906738867324637752143430841790346465224438376669400030558954984609691665243832320, "churned_customers": 111861075292910688283611672754375809587703787696290590515849569767799154789037213101326336}, "generation": 0, "timestamp": "2025-11-14T19:09:34.927802"}