{"key": "daily_snapshot", "value": {"day": 0, "customers": 584400199667837027275710543502981343195798242698461905016720818272149218325731660891450397593696123499022970554625, "mrr": 6.8966931272510076e-180, "total_revenue": 6.966800923949336, "conversion_rate": 8.290307167214409e+106, "churn_rate": 0.05, "average_price": 1.1801318909834338e-293, "daily_visitors": 0, "new_customers": 69337171400044789586318036071992869801205439919912886700072648672463152940719201810616350033984769052901359222784, "churned_customers": 31588086296302437549412208195560128439417495127812666030969923804360504689654418169803770849921455713833795452928}, "generation": 0, "timestamp": "2025-11-14T05:02:19.830314"}