{"key": "daily_snapshot", "value": {"day": 0, "customers": 116225710214010474194994636125719901781727775893995781324866782744272523096647739737198651407777850787669255485666409529, "mrr": 2.577040128692076e-186, "total_revenue": 8.82569014329087, "conversion_rate": 1.30236231551637e+112, "churn_rate": 0.05, "average_price": 2.2172719994112164e-305, "daily_visitors": 0, "new_customers": 11884618378213484350369718460819252987925933163947132491894128044220655233150560743628208368636715689077615213921959936, "churned_customers": 6576919338399314652385951435161194778308892530688741499178195698693733086632206694819536454476573090443190344012005376}, "generation": 0, "timestamp": "2025-11-13T12:27:06.700968"}