{"key": "daily_snapshot", "value": {"day": 0, "customers": 91282174082727504023758254672162770222551805671, "mrr": 3.264908510363788e-64, "total_revenue": 3.180859164035811, "conversion_rate": 1.4218745654712543e+40, "churn_rate": 0.05, "average_price": 3.576720803565498e-111, "daily_visitors": 0, "new_customers": 12193513149757692256862950315391372288185073664, "churned_customers": 3944596701421389441777076674080414864383148032}, "generation": 0, "timestamp": "2025-11-14T08:53:28.568902"}