{"key": "daily_snapshot", "value": {"day": 0, "customers": 2557707975352094683469388890187595506491050928658620340651438860347234495600079399748480084382412551, "mrr": 2.2126214776897312e-152, "total_revenue": 7.42566689692798, "conversion_rate": 3.155858032711935e+92, "churn_rate": 0.05, "average_price": 8.650797898009218e-252, "daily_visitors": 0, "new_customers": 263424237962108789754623244045632722397129084753033685809162118568594488813255360186616160651837440, "churned_customers": 119224200966067591202401284824171255369444565370777320377275681872724351693730911519312598515318784}, "generation": 0, "timestamp": "2025-11-15T14:36:36.136213"}