{"key": "daily_snapshot", "value": {"day": 0, "customers": 229031578608486758966068357932096807648778079011460239501652086107715559295831106, "mrr": 4.9473051668503885e-118, "total_revenue": 7.574353924996814, "conversion_rate": 3.632539769349361e+73, "churn_rate": 0.05, "average_price": 2.160097396572311e-198, "daily_visitors": 0, "new_customers": 32737175460430534803093347459670788427409735438742980177279823722725302205415424, "churned_customers": 13855822151298028236986871499639818262966924648566022735668692757375048057094144}, "generation": 0, "timestamp": "2025-11-14T10:58:46.410507"}