{"key": "daily_snapshot", "value": {"day": 0, "customers": 1323468758136987503729884982623811884917379512054354869270842879820548208858906345679780071790638572121096111860129670033760592477, "mrr": 1.3077608934793264e-194, "total_revenue": 7.058512489256422, "conversion_rate": 1.6383076610483486e+122, "churn_rate": 0.05, "average_price": 1e-323, "daily_visitors": 0, "new_customers": 149958326509711971168436138803432036338215932353178149040283975195857264360724355442242152108485407931632142810145319754349412352, "churned_customers": 84169284721359148275857537897720854127019074569576578708444931097643470977987194629027160063684471932742836086266545093721718784}, "generation": 0, "timestamp": "2025-11-15T11:47:34.682056"}