{"key": "daily_snapshot", "value": {"day": 0, "customers": 50601191555308048478969496559375392259, "mrr": 1.075223731789633e-50, "total_revenue": 11.37579680016544, "conversion_rate": 7.02824038550222e+30, "churn_rate": 0.05, "average_price": 2.1248980483283544e-88, "daily_visitors": 0, "new_customers": 7090003483083129362920014810282196992, "churned_customers": 2040825145011996473903736899460136960}, "generation": 0, "timestamp": "2025-11-14T05:28:00.089019"}