{"key": "daily_snapshot", "value": {"day": 0, "customers": 227111025534178733706583601037211780527347491199051610519382315656899710655604582800438772502, "mrr": 2.5778427030293273e-144, "total_revenue": 8.73321624443256, "conversion_rate": 3.187880450474091e+85, "churn_rate": 0.05, "average_price": 1.135058369344283e-236, "daily_visitors": 0, "new_customers": 33251953296320806261471180083417474711748382577415919395670010595100285351289973652001390592, "churned_customers": 11062995253301995844689821963118401308746003040606852318621248344503948970480125650533351424}, "generation": 0, "timestamp": "2025-11-14T16:37:35.926808"}