{"key": "daily_snapshot", "value": {"day": 0, "customers": 169128505942797240584145664390096898315748522201608304540673885100735742261432030857455983800039, "mrr": 4.9357610121387336e-148, "total_revenue": 3.180859164035811, "conversion_rate": 2.1507108523765028e+88, "churn_rate": 0.05, "average_price": 2.918349561846251e-243, "daily_visitors": 0, "new_customers": 16499114577257265598209996999134656712804068327884465960621775279625854939736651858576458907648, "churned_customers": 4190845659566007527006896141929499444903597987106255321774810275153028848938322718483401408512}, "generation": 0, "timestamp": "2025-11-14T09:25:34.758577"}