{"key": "daily_snapshot", "value": {"day": 0, "customers": 27744035481547257116914976, "mrr": 1.0248072533943356e-29, "total_revenue": 2.640852054669741, "conversion_rate": 3.654731232754326e+18, "churn_rate": 0.05, "average_price": 3.693793046350238e-55, "daily_visitors": 0, "new_customers": 3781581947751208010645504, "churned_customers": 1200179765657442084454400}, "generation": 0, "timestamp": "2025-11-14T02:18:53.832246"}