{"key": "daily_snapshot", "value": {"day": 0, "customers": 1503593111081221126320327528189511707460410076648849586318227166741070830325024022033677558827341161876470841, "mrr": 3.9441479932382213e-168, "total_revenue": 8.82569014329087, "conversion_rate": 2.008123937794627e+101, "churn_rate": 0.05, "average_price": 2.623148486229774e-276, "daily_visitors": 0, "new_customers": 157963811501601560745138086364655925466284699675588761229972479984969987208524700378696760333981590547857408, "churned_customers": 57202635227114686150274053531538229314097997589572123817652160707360737252967824698074322631322128900685824}, "generation": 0, "timestamp": "2025-11-13T12:22:05.697943"}