{"key": "daily_snapshot", "value": {"day": 0, "customers": 57564267259849801847368885305219892391, "mrr": 3.732855198788653e-50, "total_revenue": 7.010218214998832, "conversion_rate": 7.141576785551755e+30, "churn_rate": 0.05, "average_price": 6.484674219752055e-88, "daily_visitors": 0, "new_customers": 5851284861393398993442360406419963904, "churned_customers": 2760958083780579225970973642261004288}, "generation": 0, "timestamp": "2025-11-14T23:36:17.597237"}