{"key": "daily_snapshot", "value": {"day": 0, "customers": 38241470917031856650414558289989856657640352504599432169496972777609242287062761146213770599193741629966899429104736256475849, "mrr": 1.836722690341285e-194, "total_revenue": 3.6905216285399813, "conversion_rate": 5.086285592225718e+117, "churn_rate": 0.05, "average_price": 4.80296e-319, "daily_visitors": 0, "new_customers": 4959895363136542237117929200143281459711155666473252145551929957038795422092303622170285713539567354512627819437302380232704, "churned_customers": 2388649076639716977793971216428334096237517895118981563466788165371003783823755986298816164366137055503901658843817921478656}, "generation": 0, "timestamp": "2025-11-15T04:39:31.224595"}