{"key": "daily_snapshot", "value": {"day": 0, "customers": 4033759537744991883140167150665328104806306507048458578209997672522952602765482054207577447693082148494455, "mrr": 1.3355289191953208e-167, "total_revenue": 3.0646080228541357, "conversion_rate": 5.147529884925934e+98, "churn_rate": 0.05, "average_price": 3.3108788630021477e-273, "daily_visitors": 0, "new_customers": 411419388764963112391309536045736040692556315084156408411977029710678520543641990668561321841321303867392, "churned_customers": 249540138133677986474111112284246285101700921489136933946721026423631604224310383313097696843237754404864}, "generation": 0, "timestamp": "2025-11-14T21:30:55.758280"}