{"key": "daily_snapshot", "value": {"day": 0, "customers": 5890058948955838696306948724499390713304712121305047015856642291173847970360861568213, "mrr": 1.4110782624613813e-127, "total_revenue": 5.438023679800494, "conversion_rate": 9.457154267194876e+77, "churn_rate": 0.05, "average_price": 2.3956946351301466e-212, "daily_visitors": 0, "new_customers": 688125515577249273277658758857257243924969185632979769397757014649738571309394165760, "churned_customers": 304687793233713012947456848650726026788516735871732812452784506509526555983081373696}, "generation": 0, "timestamp": "2025-11-14T20:07:24.018189"}