{"key": "daily_snapshot", "value": {"day": 0, "customers": 46363013668536816590565146283506043956496050963252027690784133535921121096031956948551611932090197052204814, "mrr": 4.023971269318757e-167, "total_revenue": 5.934471667464104, "conversion_rate": 6.31605131146213e+99, "churn_rate": 0.05, "average_price": 8.679270286628352e-274, "daily_visitors": 0, "new_customers": 5284051267397517889746756287884915298340007405410203247940734976939870247010388485521232074363613866885120, "churned_customers": 3087512456719263249680399996203493255992032831467650745515994689142600451870359148157682717702970643841024}, "generation": 0, "timestamp": "2025-11-14T18:15:46.999592"}