{"key": "daily_snapshot", "value": {"day": 0, "customers": 5, "mrr": 2.7487790694400016, "total_revenue": 0.2534030704640001, "conversion_rate": 0.05260005608199023, "churn_rate": 0.05, "average_price": 0.5497558138880003, "daily_visitors": 81, "new_customers": 2, "churned_customers": 0}, "generation": 0, "timestamp": "2025-11-14T08:34:26.763051"}