{"key": "daily_snapshot", "value": {"day": 0, "customers": 347891669956783244858984146770771360132542067406817780796982842490245893186, "mrr": 2.0678036693521193e-109, "total_revenue": 7.574353924996814, "conversion_rate": 5.430313241101054e+67, "churn_rate": 0.05, "average_price": 5.943814836408677e-184, "daily_visitors": 0, "new_customers": 45840629585022702579666969591619213590518183171777399757840973973988311040, "churned_customers": 13648296315555422511614149764014972035748148004436917540300738169743081472}, "generation": 0, "timestamp": "2025-11-14T10:54:16.121508"}