{"key": "daily_snapshot", "value": {"day": 0, "customers": 10268942659959426303758659517364449726612245, "mrr": 1.4424542823672506e-58, "total_revenue": 2.963987135955569, "conversion_rate": 1.4227559694911406e+36, "churn_rate": 0.05, "average_price": 1.4046765379182183e-101, "daily_visitors": 0, "new_customers": 1451214200918097747588280114828439057334272, "churned_customers": 569547744813890660867326553769069896531968}, "generation": 0, "timestamp": "2025-11-14T00:29:08.786391"}