{"key": "daily_snapshot", "value": {"day": 0, "customers": 60458529067067274837642239632297773124090187334004505991717494426397902594612675330905240017015, "mrr": 5.3844946842268236e-148, "total_revenue": 8.055065502431749, "conversion_rate": 8.60340504124568e+87, "churn_rate": 0.05, "average_price": 8.906096074970245e-243, "daily_visitors": 0, "new_customers": 6520308258095516053665146711646375944168957581704241771911910943486848429790737611085796343808, "churned_customers": 2054676746302108368750504204351707832379646398269958245595050736745718393129049146937860685824}, "generation": 0, "timestamp": "2025-11-13T17:28:21.413027"}