{"key": "daily_snapshot", "value": {"day": 0, "customers": 159141903330786045277251682097632926364481140309895749274827997559663180063279510002149769348457630180045787686383124299, "mrr": 2.3782776681450286e-193, "total_revenue": 5.241512577835226, "conversion_rate": 2.131417470701204e+112, "churn_rate": 0.05, "average_price": 1.49443837127e-312, "daily_visitors": 0, "new_customers": 18394078987245797185700952967165323919825941876880314423054421898021147829302579559204962981326059455862496961203535872, "churned_customers": 9789000005875128431256065424251707412980336842003930939377943135937353224180704636776556447943457134350527862346350592}, "generation": 0, "timestamp": "2025-11-13T20:47:01.683346"}