{"key": "daily_snapshot", "value": {"day": 0, "customers": 4475643234273, "mrr": 1.595301287658856e-07, "total_revenue": 4.816594343852216, "conversion_rate": 552862.1644187726, "churn_rate": 0.05, "average_price": 3.5644067325173835e-20, "daily_visitors": 0, "new_customers": 524359539208, "churned_customers": 229620412673}, "generation": 0, "timestamp": "2025-11-15T20:04:30.011499"}