{"key": "daily_snapshot", "value": {"day": 0, "customers": 148541147478499044207775441320888051126810793174932908753609, "mrr": 3.820387069601652e-85, "total_revenue": 3.6905216285399813, "conversion_rate": 2.0845717927575477e+52, "churn_rate": 0.05, "average_price": 2.571938573555616e-144, "daily_visitors": 0, "new_customers": 19778208336756760527417076793184341083387846895310779449344, "churned_customers": 9456336355704952540820983794282423987246639586526917296128}, "generation": 0, "timestamp": "2025-11-15T04:09:18.105201"}