{"key": "daily_snapshot", "value": {"day": 0, "customers": 8427181332691364258363480921055380857424506842870173679952345994661744638479146572713018687078222955177440933074451907367800793153426265, "mrr": 8.327161575514911e-188, "total_revenue": 4.2636659399133805, "conversion_rate": 1.112458695884688e+129, "churn_rate": 0.05, "average_price": 1e-323, "daily_visitors": 0, "new_customers": 1168330384019456460127228572470335099772729919306271901315536154262434455071706657089329207262354658743511525707723871116916597157003264, "churned_customers": 582204463391418079902919626572631425625100570452260383824091998678592308386949126905301308792640927677467543619305194395226755085369344}, "generation": 0, "timestamp": "2025-11-15T15:55:34.909676"}