{"key": "daily_snapshot", "value": {"day": 0, "customers": 57556245345747279965240634166006508897290423654954553924279767742387785684632572763248511257509729901962681355840, "mrr": 1.0077758906035954e-173, "total_revenue": 4.61627280770732, "conversion_rate": 8.173219013043816e+105, "churn_rate": 0.05, "average_price": 1.750940987463245e-286, "daily_visitors": 0, "new_customers": 8555700997230056087314002004307853322459385884588103635584323922914082788859537746053225770889927084260357832704, "churned_customers": 3970857706866201485813622534861706119786797598299269034404192905336977216517089809170160153520328463486579376128}, "generation": 0, "timestamp": "2025-11-15T17:46:42.946100"}