{"key": "daily_snapshot", "value": {"day": 0, "customers": 7, "mrr": 9.395240960000004, "total_revenue": 1.2230328320000006, "conversion_rate": 0.05116592054051667, "churn_rate": 0.05, "average_price": 1.3421772800000007, "daily_visitors": 89, "new_customers": 2, "churned_customers": 0}, "generation": 0, "timestamp": "2025-11-14T01:00:20.434150"}