{"key": "daily_snapshot", "value": {"day": 0, "customers": 71335091546219792391382102368527197224644374409800020913606705865, "mrr": 5.727455632250686e-95, "total_revenue": 3.6905216285399813, "conversion_rate": 8.259233378227911e+57, "churn_rate": 0.05, "average_price": 8.028945513499095e-160, "daily_visitors": 0, "new_customers": 8408734940949243362837830477467551780882716703297467061328936960, "churned_customers": 2809590984308539635980919672449864675049849739006347991471620096}, "generation": 0, "timestamp": "2025-11-15T04:11:58.989658"}