{"key": "daily_snapshot", "value": {"day": 0, "customers": 524474774604950559712212152637626973284997313347, "mrr": 7.018574550133707e-69, "total_revenue": 3.6902796439842023, "conversion_rate": 8.343682523452428e+40, "churn_rate": 0.05, "average_price": 1.3382101275357425e-116, "daily_visitors": 0, "new_customers": 65038684232979261376967247183310424054398189568, "churned_customers": 25361449365194717423523704936472198373556879360}, "generation": 0, "timestamp": "2025-11-14T01:22:49.460249"}