{"key": "daily_snapshot", "value": {"day": 0, "customers": 520606555852, "mrr": 2.9277050195652635e-05, "total_revenue": 9.426322764872413, "conversion_rate": 64976.952121513255, "churn_rate": 0.05, "average_price": 5.623642243179056e-17, "daily_visitors": 0, "new_customers": 65671166502, "churned_customers": 22250758086}, "generation": 0, "timestamp": "2025-11-15T11:53:30.426331"}