{"key": "daily_snapshot", "value": {"day": 0, "customers": 8938249953562356831545711831154056124757869988493768, "mrr": 9.294704451506073e-74, "total_revenue": 4.843910136547377, "conversion_rate": 1.066148057949795e+45, "churn_rate": 0.05, "average_price": 1.0398796744100505e-125, "daily_visitors": 0, "new_customers": 1120672215472437526338911282623841024810071307059200, "churned_customers": 587870776737779740488455434845375799624197879103488}, "generation": 0, "timestamp": "2025-11-14T06:53:45.437364"}