{"key": "daily_snapshot", "value": {"day": 0, "customers": 535713474294955451417736265916880804529460138005, "mrr": 1.202753911981803e-69, "total_revenue": 6.513341788556554, "conversion_rate": 6.952451204889482e+40, "churn_rate": 0.05, "average_price": 2.2451440363054706e-117, "daily_visitors": 0, "new_customers": 70075800868586895853789120650289473565778509824, "churned_customers": 19982334744934462332976840647911232370194251776}, "generation": 0, "timestamp": "2025-11-15T00:42:30.427310"}