{"key": "daily_snapshot", "value": {"day": 0, "customers": 418665895522611599732943705647724001412537130533230971599419716663047412270032501560, "mrr": 3.8633986736209224e-125, "total_revenue": 8.385937104373125, "conversion_rate": 5.84324010691399e+76, "churn_rate": 0.05, "average_price": 9.227880070809985e-209, "daily_visitors": 0, "new_customers": 42249625465253994824749303502767178050809681713090928283626985269543582877985275904, "churned_customers": 12703375977176808488333246664080056751768190031209183096437498029377210220279758848}, "generation": 0, "timestamp": "2025-11-13T13:12:30.419628"}