{"key": "daily_snapshot", "value": {"day": 0, "customers": 3567523266004989810977, "mrr": 2.298269123127106e-22, "total_revenue": 9.426328809042326, "conversion_rate": 465073402434900.8, "churn_rate": 0.05, "average_price": 6.442197994971371e-44, "daily_visitors": 0, "new_customers": 398963708758247997440, "churned_customers": 104961840106940964864}, "generation": 0, "timestamp": "2025-11-15T11:58:09.715325"}