{"key": "daily_snapshot", "value": {"day": 0, "customers": 260730281766403759637675289021844062994588981558297759402099705638825561838539570430959890801504420806607254258061250470812328541, "mrr": 2.5763575010257694e-195, "total_revenue": 7.058512489256422, "conversion_rate": 3.3967611008458575e+121, "churn_rate": 0.05, "average_price": 1e-323, "daily_visitors": 0, "new_customers": 36712338470735837473723552641139944886790967144966683488750470229462154653311574175651268335605859247982788763148732693028536320, "churned_customers": 17289707430530361704258575745702045441275666920329595082517020186996336915162226610340744303878315486604432663437112019108495360}, "generation": 0, "timestamp": "2025-11-15T11:47:15.580650"}