{"key": "daily_snapshot", "value": {"day": 0, "customers": 293199399528, "mrr": 7.862322468091933e-05, "total_revenue": 9.42631212641987, "conversion_rate": 37320.350717385016, "churn_rate": 0.05, "average_price": 2.681561585988547e-16, "daily_visitors": 0, "new_customers": 40623945224, "churned_customers": 10710969233}, "generation": 0, "timestamp": "2025-11-15T11:53:23.396038"}