{"key": "daily_snapshot", "value": {"day": 0, "customers": 207189220529488490250205703934759925346945649983648765418, "mrr": 2.0525711946873562e-84, "total_revenue": 5.620306961549841, "conversion_rate": 2.5823077812670656e+49, "churn_rate": 0.05, "average_price": 9.906747027870695e-141, "daily_visitors": 0, "new_customers": 25212211676222036533292652376966555720057265083698380800, "churned_customers": 7391546718174441815971165897605338701078213171481673728}, "generation": 0, "timestamp": "2025-11-15T03:07:31.744113"}