{"key": "daily_snapshot", "value": {"day": 0, "customers": 338452137988360194579564598023246563059386610523090627037668556338514202442741332792, "mrr": 6.099991677862927e-125, "total_revenue": 8.385937104373125, "conversion_rate": 4.166296520150447e+76, "churn_rate": 0.05, "average_price": 1.8023203263300745e-208, "daily_visitors": 0, "new_customers": 42512325604784548904643726817382242917881240048302023212378227129602808197584781312, "churned_customers": 11101105677481699838126035706788922250936876090515272107014244735891795758429503488}, "generation": 0, "timestamp": "2025-11-13T13:12:27.408556"}