{"key": "daily_snapshot", "value": {"day": 0, "customers": 12382687815428415062516187430540972540096727754588229717503584583325306185955546623328934194688066098330117981587698558219098231, "mrr": 1.2235721305560348e-196, "total_revenue": 8.055065502431749, "conversion_rate": 1.8578908073658363e+120, "churn_rate": 0.05, "average_price": 1e-323, "daily_visitors": 0, "new_customers": 1608978719320839490378467003951135495776078340606326244397258747802012914741056056500279999549247904340090858260779135135645696, "churned_customers": 707122563669315650953028312802779937423340953645074939655029600221117718627962901727756192910808654261583689824752573993713664}, "generation": 0, "timestamp": "2025-11-13T17:43:24.083052"}