{"key": "daily_snapshot", "value": {"day": 0, "customers": 709188438140783555391966859285, "mrr": 8.257384886730568e-38, "total_revenue": 6.513341788556554, "conversion_rate": 9.398896605788945e+22, "churn_rate": 0.05, "average_price": 1.164342852003936e-67, "daily_visitors": 0, "new_customers": 101371197286239435831753310208, "churned_customers": 45151757157736882626766045184}, "generation": 0, "timestamp": "2025-11-15T00:33:55.330258"}