{"key": "daily_snapshot", "value": {"day": 0, "customers": 77014710639174129054102158329242022094203135558400494175552370776735, "mrr": 1.4522140618842683e-103, "total_revenue": 3.5615064647863135, "conversion_rate": 8.85669865035846e+60, "churn_rate": 0.05, "average_price": 1.8856320433223678e-171, "daily_visitors": 0, "new_customers": 9219804596643965026731784948821671471999212076004284714665692364800, "churned_customers": 3671000171028792791584703529339412969558154893598969317307535327232}, "generation": 0, "timestamp": "2025-11-13T12:04:55.734848"}