{"key": "daily_snapshot", "value": {"day": 0, "customers": 2229957854671064459737959386157339296993931081900120911567220037807489018033883579224008491301953208307081201536886876775252, "mrr": 1.6734964300075164e-195, "total_revenue": 7.997332640408474, "conversion_rate": 3.065748942119435e+116, "churn_rate": 0.05, "average_price": 7.5046e-319, "daily_visitors": 0, "new_customers": 242346834442889521259873566270799615969020089797703762154153617823365669319575013279650784764474829818613420318487119659008, "churned_customers": 66084661530856559580893390140675398659578770976201439254732437717042800162184099801225575705486715130168365564722954633216}, "generation": 0, "timestamp": "2025-11-15T16:51:05.303073"}