{"key": "daily_snapshot", "value": {"day": 0, "customers": 974244627652115385343921269071421409959031177144002377772807, "mrr": 3.1019030609640036e-87, "total_revenue": 7.42566689692798, "conversion_rate": 1.6120832431091907e+53, "churn_rate": 0.05, "average_price": 3.1839057387870303e-147, "daily_visitors": 0, "new_customers": 146869333204713398857992136951309680122798507591693366198272, "churned_customers": 62327595334392176762396864546492186813873292955135722389504}, "generation": 0, "timestamp": "2025-11-15T14:18:31.562699"}