{"key": "daily_snapshot", "value": {"day": 0, "customers": 15425858286802606437125021162233192454880371714380097361375443889467011223110634941525587440416911398920279528071088070, "mrr": 7.17295685913027e-188, "total_revenue": 3.6346456800791516, "conversion_rate": 2.0669753422615618e+111, "churn_rate": 0.05, "average_price": 4.649956408109233e-306, "daily_visitors": 0, "new_customers": 1884238436281977767599195609229869984689953485010173553668882953205626057423245121561138881314384908509065817565954048, "churned_customers": 549627026648099463441582037161927606140006402501081539795300840291343455635866976326862215319006990113808084153401344}, "generation": 0, "timestamp": "2025-11-13T15:34:50.207965"}