{"key": "daily_snapshot", "value": {"day": 0, "customers": 1087662924376917023724, "mrr": 1.59319368108883e-21, "total_revenue": 3.8452002827692775, "conversion_rate": 149781591627652.25, "churn_rate": 0.05, "average_price": 1.46478623604966e-42, "daily_visitors": 0, "new_customers": 130002801808958914560, "churned_customers": 46866055076003799040}, "generation": 0, "timestamp": "2025-11-13T13:48:07.240380"}