{"key": "daily_snapshot", "value": {"day": 0, "customers": 2148642333079684841139455656272061194628337355856168212998319217456846203158035134171945788959524574670626291331246334750940482665686190, "mrr": 2.1231407239497146e-188, "total_revenue": 14.069439877331755, "conversion_rate": 2.9823728791384868e+128, "churn_rate": 0.05, "average_price": 1e-323, "daily_visitors": 0, "new_customers": 254106927302555965142237885651471062269240160190970827603428231587300655456575755292196411177289896988806460158673572907401313970552832, "churned_customers": 80957012757375972365338716523866407142790667879233787523034606782767335634756736218697437018882530016466443892685077201213887776555008}, "generation": 0, "timestamp": "2025-11-15T13:52:07.583487"}