{"key": "daily_snapshot", "value": {"day": 0, "customers": 644053588991785511661117144576893253154185457141784268600190972321239996307097681164942491678476121632973507824274060429645725092844, "mrr": 6.364095048031986e-192, "total_revenue": 3.8452002827692775, "conversion_rate": 9.837720575328513e+124, "churn_rate": 0.05, "average_price": 1e-323, "daily_visitors": 0, "new_customers": 99654202948123877057720251529734559391812683528020130860372825595274018126231243974324341638601390373691171037215277216882696912896, "churned_customers": 25923906039472000789753271553244004918302400302537794190573874616943056872984364697039658540589635403009388306476485625439827525632}, "generation": 0, "timestamp": "2025-11-13T14:39:37.861364"}