{"key": "daily_snapshot", "value": {"day": 0, "customers": 18679073947254281316944101444798812105048805991309568171085830034693203250660914028611121354858874507301138111565004199195936, "mrr": 1.6159433972299998e-196, "total_revenue": 2.640852054669741, "conversion_rate": 2.5866262334414417e+117, "churn_rate": 0.05, "average_price": 8.65e-321, "daily_visitors": 0, "new_customers": 2740951954666437569859888489750883244029819302063566164459437844826847144278594549133484509891225001903691036998268272771072, "churned_customers": 731801195337253707735055466710473463675980780179489547605096914316149884451050232072136462666441237889410878020798285611008}, "generation": 0, "timestamp": "2025-11-14T03:04:46.989109"}