{"key": "daily_snapshot", "value": {"day": 0, "customers": 114824506280806411663299156978713206939565206208002461704504859445183425479210916222909325542146457834186851390195416482, "mrr": 4.2302209525678915e-190, "total_revenue": 8.401501509864964, "conversion_rate": 1.6159653014156849e+112, "churn_rate": 0.05, "average_price": 3.68407501985924e-309, "daily_visitors": 0, "new_customers": 13394683975613763370901074156154020927704577038187029199008535128306362140267460159069267831924240202780753741867909120, "churned_customers": 7139982051874255131906508410806963066706235820768288488907902648852220518542705877591903830464056311341388040465547264}, "generation": 0, "timestamp": "2025-11-14T13:45:04.445324"}