{"key": "daily_snapshot", "value": {"day": 0, "customers": 26765874776884348341288994327515360689252864777947614500215026183400709, "mrr": 4.902382369661179e-110, "total_revenue": 1.5620171583249602, "conversion_rate": 3.279622111209233e+63, "churn_rate": 0.05, "average_price": 1.8315793563732109e-180, "daily_visitors": 0, "new_customers": 2696017846032813713960847447355334543016346192282215029888449222017024, "churned_customers": 1438701781365831628203230925281437753312708808796464134621947123204096}, "generation": 0, "timestamp": "2025-11-13T21:25:17.693415"}