{"key": "daily_snapshot", "value": {"day": 0, "customers": 312614388438248862453427968531944220063952753708215917701558659356332757134674767575933209949468992340, "mrr": 3.2835522568050254e-159, "total_revenue": 7.997332640408474, "conversion_rate": 4.061550130435512e+94, "churn_rate": 0.05, "average_price": 1.0503522480871445e-260, "daily_visitors": 0, "new_customers": 43333669877796879441207204855873796499229852154078843980549917467509376455314646243530264567290527744, "churned_customers": 14557359539517094417447237093800215423698212495198248306876173175235099200042231429187185936986800128}, "generation": 0, "timestamp": "2025-11-15T16:40:56.194410"}