{"key": "daily_snapshot", "value": {"day": 0, "customers": 305490184920249955868003391, "mrr": 1.8931704484422422e-29, "total_revenue": 2.4762944740981485, "conversion_rate": 3.837480907644135e+19, "churn_rate": 0.05, "average_price": 6.197156379791598e-56, "daily_visitors": 0, "new_customers": 34123116364346567413465088, "churned_customers": 16212262254383578264633344}, "generation": 0, "timestamp": "2025-11-13T15:54:54.398996"}