{"key": "daily_snapshot", "value": {"day": 0, "customers": 5681036822270697726821355195825281249368698115370288845809951808601506, "mrr": 1.060899270279021e-104, "total_revenue": 8.401501509864964, "conversion_rate": 7.107147955297721e+62, "churn_rate": 0.05, "average_price": 1.8674395246306147e-174, "daily_visitors": 0, "new_customers": 681864580654188077186278469075359396417423733323045814517939423936512, "churned_customers": 200866246335967540753421316654233595224025352271461827720663573463040}, "generation": 0, "timestamp": "2025-11-14T13:21:46.339283"}