{"key": "daily_snapshot", "value": {"day": 0, "customers": 2491725293267408884625221333040536588660967459845795820694344379652036870725137220775, "mrr": 2.8189755483061094e-130, "total_revenue": 7.010218214998832, "conversion_rate": 3.77358563854896e+77, "churn_rate": 0.05, "average_price": 1.131334804812924e-214, "daily_visitors": 0, "new_customers": 317602338357768268138578245773900624335125032553178999282857651887633300137344761856, "churned_customers": 124099053419621057387249143120252782532392053550871592544865598839818858039343054848}, "generation": 0, "timestamp": "2025-11-14T23:58:11.718179"}