{"key": "daily_snapshot", "value": {"day": 0, "customers": 285588101487881359299625749, "mrr": 1.7527588211118465e-32, "total_revenue": 2.963987135955569, "conversion_rate": 4.126651523255288e+19, "churn_rate": 0.05, "average_price": 6.137366409805497e-59, "daily_visitors": 0, "new_customers": 33568102189316826644611072, "churned_customers": 14484949842847501484294144}, "generation": 0, "timestamp": "2025-11-14T00:21:47.160601"}