{"key": "daily_snapshot", "value": {"day": 0, "customers": 14159671646015670452307123549512970863203967280761248260948, "mrr": 2.7133379649571653e-85, "total_revenue": 7.997332640408474, "conversion_rate": 2.0017531758793706e+51, "churn_rate": 0.05, "average_price": 1.9162435632613414e-143, "daily_visitors": 0, "new_customers": 2088669005550673753263209931564767505624782169063825604608, "churned_customers": 747052091115902363353316961251694673216094305182426333184}, "generation": 0, "timestamp": "2025-11-15T16:20:30.305480"}