{"key": "daily_snapshot", "value": {"day": 0, "customers": 298848575113257299296409707020466544731098150750754159181353607913246299038693416846025, "mrr": 8.174703063962431e-131, "total_revenue": 3.6905216285399813, "conversion_rate": 3.690107707204094e+79, "churn_rate": 0.05, "average_price": 2.7353997123340445e-217, "daily_visitors": 0, "new_customers": 34755719015949045234909223120634400076910855815623854655176189460316595216480355745792, "churned_customers": 8133075810852175837097310134719348367737338444634882863186129077206270491039803375616}, "generation": 0, "timestamp": "2025-11-15T04:21:55.242916"}