{"key": "daily_snapshot", "value": {"day": 0, "customers": 335994023314394486434903333364081713385022253534357743581988146580276406798487712401509948821056, "mrr": 1.5470319827024602e-144, "total_revenue": 4.61627280770732, "conversion_rate": 4.29016081267112e+88, "churn_rate": 0.05, "average_price": 4.604343754218746e-240, "daily_visitors": 0, "new_customers": 34482679576630257680868938188631332216282535866673641428238678444588843353367246385789720854528, "churned_customers": 17863379931270140867955432773471531907819405085457103339591227442115152840009644151328024297472}, "generation": 0, "timestamp": "2025-11-15T17:38:40.123826"}