{"key": "daily_snapshot", "value": {"day": 0, "customers": 17391668793723976017541261657277965193729363051824301341704365142834031407407824993433250274323786181740112761110, "mrr": 3.733378067571728e-180, "total_revenue": 6.2331957973706755, "conversion_rate": 2.879527430979045e+105, "churn_rate": 0.05, "average_price": 2.146647404485399e-292, "daily_visitors": 0, "new_customers": 2677509335806629963556528513318821845974731072327569259377943044347886060644648586436614279075946529181474488320, "churned_customers": 1159860083373628728534260009216688429898796547139049073537984163849917187081586927955660891939589571126574972928}, "generation": 0, "timestamp": "2025-11-14T08:23:40.575144"}