{"key": "daily_snapshot", "value": {"day": 0, "customers": 673715160462489837835838591512307381224238825006428550596094821300869390748507601306940144141977037532265825221957002720291252476575, "mrr": 6.6571903173387814e-192, "total_revenue": 3.5615064647863135, "conversion_rate": 9.490544021613047e+124, "churn_rate": 0.05, "average_price": 1e-323, "daily_visitors": 0, "new_customers": 106495703451757970260936181126064602614537694344774608736659806006602083444178561072548247821039651259468898444151290826969573228544, "churned_customers": 18921942172125060957625371873614814934515027796961327665166150839144614106595039595437733476973846267284055688592120148011664801792}, "generation": 0, "timestamp": "2025-11-13T12:35:09.923483"}