{"key": "daily_snapshot", "value": {"day": 0, "customers": 435317989965503156773710411519296155214432518849404059919235977330611400677806629648228901928467165948612099758539542, "mrr": 1.0464918753506414e-186, "total_revenue": 8.73321624443256, "conversion_rate": 5.5583157111997475e+109, "churn_rate": 0.05, "average_price": 2.4039711187529164e-303, "daily_visitors": 0, "new_customers": 64995532259494800750033575142249879031017895131159371395114020236098697508692121851063802794174036368339656178139136, "churned_customers": 18338407171651893088780508164268454562290578899692780306020236799350890303334033730056866052606200112973860753637376}, "generation": 0, "timestamp": "2025-11-14T17:00:07.213112"}