{"key": "daily_snapshot", "value": {"day": 0, "customers": 1302241266664039765772193986015516327743132884517253941780726665689546162876483787223581448681364210, "mrr": 7.741541807773749e-154, "total_revenue": 10.298721371422412, "conversion_rate": 1.8831826907476042e+92, "churn_rate": 0.05, "average_price": 5.944783049000826e-253, "daily_visitors": 0, "new_customers": 166768273459409882746411651966150368548646404184512118206181461195406540581172393488837420183977984, "churned_customers": 78467106965366741027150452277339903313823406803858373994236636832202012484269008129003784046116864}, "generation": 0, "timestamp": "2025-11-14T03:54:09.066433"}