{"key": "daily_snapshot", "value": {"day": 0, "customers": 269018832216734392406873, "mrr": 5.980613679101141e-28, "total_revenue": 4.2636659399133805, "conversion_rate": 4.135824128333123e+16, "churn_rate": 0.05, "average_price": 2.223120823854768e-51, "daily_visitors": 0, "new_customers": 38410839317021192093696, "churned_customers": 9098339928050739707904}, "generation": 0, "timestamp": "2025-11-15T15:03:13.532153"}