{"key": "daily_snapshot", "value": {"day": 0, "customers": 173145739779599109986975653888599371775576530961813155657659339674400728388591291068186905666, "mrr": 1.73800520298031e-136, "total_revenue": 7.574353924996814, "conversion_rate": 2.1319861925609544e+85, "churn_rate": 0.05, "average_price": 1.0037816727068503e-228, "daily_visitors": 0, "new_customers": 16739830723676406459191837576120387409958300177730747145981741483835404451729507624098463744, "churned_customers": 4490492503909397964954153877262706498620658619390307289632135308350715521417043431368163328}, "generation": 0, "timestamp": "2025-11-14T11:07:58.104785"}