{"key": "daily_snapshot", "value": {"day": 0, "customers": 462215127642, "mrr": 4.061457058193672e-05, "total_revenue": 8.055056603653863, "conversion_rate": 64188.62763992882, "churn_rate": 0.05, "average_price": 8.786941004967274e-17, "daily_visitors": 0, "new_customers": 63620790752, "churned_customers": 19599302266}, "generation": 0, "timestamp": "2025-11-13T16:49:14.784878"}