{"key": "daily_snapshot", "value": {"day": 0, "customers": 354674794605166771257, "mrr": 2.883930635474363e-20, "total_revenue": 8.82569014329087, "conversion_rate": 47672917939014.63, "churn_rate": 0.05, "average_price": 8.131197027081751e-41, "daily_visitors": 0, "new_customers": 53414579957256568832, "churned_customers": 21586624837324832768}, "generation": 0, "timestamp": "2025-11-13T11:41:28.347935"}