{"key": "daily_snapshot", "value": {"day": 0, "customers": 3638531179194898006826952924633615237180418749547544871931686293180275285638488896068441568321829538607960249522478199, "mrr": 1.3535209098242049e-188, "total_revenue": 3.0646080228541357, "conversion_rate": 4.249345626288206e+110, "churn_rate": 0.05, "average_price": 3.7199651264873867e-306, "daily_visitors": 0, "new_customers": 467711147191918343956847313979754452124476450202399019757336972234972499716391537090309391319292123761184784984834048, "churned_customers": 217220090472148736787826316394251586521565096346475388424519578961145646674652378649705498114016465239074431549046784}, "generation": 0, "timestamp": "2025-11-14T21:36:37.811987"}