{"key": "daily_snapshot", "value": {"day": 0, "customers": 7536091657835581065832935903025709434148888472536279895206214426441780261756640891916202102090437609414, "mrr": 2.206533522779756e-162, "total_revenue": 3.6346456800791516, "conversion_rate": 9.161127024990063e+95, "churn_rate": 0.05, "average_price": 2.927954731661913e-265, "daily_visitors": 0, "new_customers": 907167913947505977609137286556014320222875580215707816903261259191155953316343360576943468314640777216, "churned_customers": 411665987059877537086795209326685630277409094859629210433933318221485377465799658644267125746696192000}, "generation": 0, "timestamp": "2025-11-13T15:27:47.038345"}