{"key": "daily_snapshot", "value": {"day": 0, "customers": 34752989777997332853786988911004690002573245574830463752235639561238577795438143227412497276806993052226455362679, "mrr": 1.1656627391413368e-179, "total_revenue": 3.0646080228541357, "conversion_rate": 4.663929529516421e+105, "churn_rate": 0.05, "average_price": 3.354136569508435e-292, "daily_visitors": 0, "new_customers": 4851299669785647357895652229074136240436623475358292152458161043646519263077507405186589599553013140530885820416, "churned_customers": 2316360712659462756106525320940844030030252514495085458054886278745739593813233344625592882019175327620988403712}, "generation": 0, "timestamp": "2025-11-14T21:34:12.876075"}