{"key": "daily_snapshot", "value": {"day": 0, "customers": 697853444564490162418442436089794879367323, "mrr": 4.054253555431664e-57, "total_revenue": 13.18914372001125, "conversion_rate": 9.622734456761571e+34, "churn_rate": 0.05, "average_price": 5.809605995370281e-99, "daily_visitors": 0, "new_customers": 94825108130849259956985697181295523659776, "churned_customers": 26699617090783777751704511837849006374912}, "generation": 0, "timestamp": "2025-11-13T18:04:46.912878"}