{"key": "daily_snapshot", "value": {"day": 0, "customers": 6941444272084643976682, "mrr": 3.299617691730986e-24, "total_revenue": 5.620306961549841, "conversion_rate": 820195380434116.4, "churn_rate": 0.05, "average_price": 4.753503107416074e-46, "daily_visitors": 0, "new_customers": 776836455975071514624, "churned_customers": 265014848061108879360}, "generation": 0, "timestamp": "2025-11-15T02:32:29.559236"}