{"key": "daily_snapshot", "value": {"day": 0, "customers": 1554062567549838390546049444423898070384397242199772023529427801, "mrr": 3.0462606639224014e-96, "total_revenue": 4.2636659399133805, "conversion_rate": 2.0274121660063174e+56, "churn_rate": 0.05, "average_price": 1.9601917757566144e-159, "daily_visitors": 0, "new_customers": 217948952150270499227246025144665714363463552035068093667475456, "churned_customers": 48588643441502617073569871668673670187375241890879503696134144}, "generation": 0, "timestamp": "2025-11-15T15:22:03.738906"}