{"key": "daily_snapshot", "value": {"day": 0, "customers": 714468633914587351289931533666271327702748848127277395395795604796707884749370588360675480256838567709507416252, "mrr": 1.2509924153779233e-175, "total_revenue": 7.827191553977371, "conversion_rate": 9.380197377187706e+103, "churn_rate": 0.05, "average_price": 1.750940987463245e-286, "daily_visitors": 0, "new_customers": 76972350574566728730994916164632360789973307965879320119273845164729561835633019991106808435142960960277315584, "churned_customers": 27800758128729403563898967535971620788865150712008667060961394336652439772462654090501300923693472641364000768}, "generation": 0, "timestamp": "2025-11-15T05:49:02.730987"}