{"key": "daily_snapshot", "value": {"day": 0, "customers": 576559544274922533861359435643630517477798625743302407, "mrr": 5.476543970084164e-77, "total_revenue": 7.42566689692798, "conversion_rate": 7.764495616089892e+46, "churn_rate": 0.05, "average_price": 9.498661542358872e-131, "daily_visitors": 0, "new_customers": 76904751675123509435930655621732047220955297154596864, "churned_customers": 27740572457515064878264848983112843493927297841364992}, "generation": 0, "timestamp": "2025-11-15T14:15:40.677289"}