{"key": "daily_snapshot", "value": {"day": 0, "customers": 11013212833475233558254369164351, "mrr": 6.565455687810511e-37, "total_revenue": 2.4762944740981485, "conversion_rate": 1.5495596369859264e+24, "churn_rate": 0.05, "average_price": 5.961435402260153e-68, "daily_visitors": 0, "new_customers": 1367368228339004487161849315328, "churned_customers": 576027090165090283695198175232}, "generation": 0, "timestamp": "2025-11-13T15:56:58.866263"}