{"key": "daily_snapshot", "value": {"day": 0, "customers": 16178002127568494753806196147215396357146429481680261071335175, "mrr": 7.970667866728841e-89, "total_revenue": 7.42566689692798, "conversion_rate": 2.4231696626466302e+54, "churn_rate": 0.05, "average_price": 4.926855494193712e-150, "daily_visitors": 0, "new_customers": 1951777526166988891279963393074152198985518212754885526421504, "churned_customers": 578224182545549484159205281070259351650646227644512529809408}, "generation": 0, "timestamp": "2025-11-15T14:19:00.734162"}