{"key": "daily_snapshot", "value": {"day": 0, "customers": 27612738332740821416757211971, "mrr": 3.023436780967421e-35, "total_revenue": 3.6902796439842023, "conversion_rate": 3.7074789630111446e+21, "churn_rate": 0.05, "average_price": 1.0949427559607476e-63, "daily_visitors": 0, "new_customers": 3618502534650174627022635008, "churned_customers": 1209001602204515232213106688}, "generation": 0, "timestamp": "2025-11-14T01:13:40.889591"}