{"key": "daily_snapshot", "value": {"day": 0, "customers": 1968512145170840297514223719084247725223762389, "mrr": 1.6008967444813346e-64, "total_revenue": 5.250998821828405, "conversion_rate": 2.8015384035922483e+38, "churn_rate": 0.05, "average_price": 8.132521551409571e-110, "daily_visitors": 0, "new_customers": 280356018944982501503132089174537408417366016, "churned_customers": 63692144345205516380256809047732924501196800}, "generation": 0, "timestamp": "2025-11-14T22:03:50.095057"}