{"key": "daily_snapshot", "value": {"day": 0, "customers": 35527608501388347136638396108354898860758525990271122192019467796894009167889811474088436910, "mrr": 6.898026718248133e-140, "total_revenue": 14.069439877331755, "conversion_rate": 5.1746640201112384e+84, "churn_rate": 0.05, "average_price": 1.9415961302260386e-231, "daily_visitors": 0, "new_customers": 5297276714862862809779531019001455527794137095014355607464019936861659293068637201665884160, "churned_customers": 1729074639589163681613548599168139569071136611852890447450208331667521754513974889981935616}, "generation": 0, "timestamp": "2025-11-15T13:31:46.279872"}