{"key": "daily_snapshot", "value": {"day": 0, "customers": 44943960320081608450579977972398754129892967871309621373208799391607367432244984240953990112453192035699236835411098785, "mrr": 2.265846541385273e-185, "total_revenue": 4.323965768575599, "conversion_rate": 6.561291275072066e+111, "churn_rate": 0.05, "average_price": 5.041492839634918e-304, "daily_visitors": 0, "new_customers": 5448497257128330240382638778060558845799490341737010697402523747052838328552601372502862135287339962085989754265927680, "churned_customers": 1749920122047607127688751486587692368137417416687619681693477460932926139202593354041222093324113019048634791296499712}, "generation": 0, "timestamp": "2025-11-14T14:45:19.394190"}