{"key": "daily_snapshot", "value": {"day": 0, "customers": 427974335070202939510145210691893421362600933192154183076389133872597789629831137877354989398611101852750629868, "mrr": 1.1822781525474451e-172, "total_revenue": 3.8452002827692775, "conversion_rate": 6.194160196842981e+103, "churn_rate": 0.05, "average_price": 2.7624977847176508e-283, "daily_visitors": 0, "new_customers": 52761245957060325593977297715807100106278664927496150115435894736645740492924014267682230292436566669564837888, "churned_customers": 23649223456206538299631243328075466186334195137669997050422721142453678280674003699185665592316691183266955264}, "generation": 0, "timestamp": "2025-11-13T14:29:43.808017"}