{"key": "daily_snapshot", "value": {"day": 0, "customers": 56137795278288046207844541258128708270604397441324700760822956821, "mrr": 3.605818396298732e-95, "total_revenue": 2.963987135955569, "conversion_rate": 7.609752545216623e+57, "churn_rate": 0.05, "average_price": 6.423156410799276e-160, "daily_visitors": 0, "new_customers": 8059239042590695628073940081319526175502058733568647981179076608, "churned_customers": 2338514022591497416261894524371056216258867371274124910865154048}, "generation": 0, "timestamp": "2025-11-14T00:39:12.998592"}