{"key": "daily_snapshot", "value": {"day": 0, "customers": 282289421549945658611178, "mrr": 4.6757123723745404e-27, "total_revenue": 5.620306961549841, "conversion_rate": 3.716999171692109e+16, "churn_rate": 0.05, "average_price": 1.656354087482964e-50, "daily_visitors": 0, "new_customers": 35044685621492308770816, "churned_customers": 11216228317488096477184}, "generation": 0, "timestamp": "2025-11-15T02:33:15.798787"}