{"key": "daily_snapshot", "value": {"day": 0, "customers": 159343175071604398796992803257005604633867574785245217944495311064135895671823977586510215061558241190974000223587049916820642935, "mrr": 1.5745197740429408e-195, "total_revenue": 3.0646080228541357, "conversion_rate": 2.045316218826284e+121, "churn_rate": 0.05, "average_price": 1e-323, "daily_visitors": 0, "new_customers": 17111032262704161298208675848296893753817211112804673407648910904553428544626009196689102670616111946597332845517541945307561984, "churned_customers": 9494722892320595370641428998617902934276801956603813307685775899871451408161772636609994105819988248709726162755573868272812032}, "generation": 0, "timestamp": "2025-11-14T21:41:37.676649"}