{"key": "daily_snapshot", "value": {"day": 0, "customers": 2320037513144772264565914332254104718154554575309366579659072317198, "mrr": 1.0889622265463344e-98, "total_revenue": 5.934471667464104, "conversion_rate": 3.0671162387964576e+59, "churn_rate": 0.05, "average_price": 4.693726805607829e-165, "daily_visitors": 0, "new_customers": 300065307269410102736629638207436259182566270343780116643685859328, "churned_customers": 154188986048072534713893236877678598339258146336466764377110872064}, "generation": 0, "timestamp": "2025-11-14T17:57:00.158974"}