{"key": "daily_snapshot", "value": {"day": 0, "customers": 3753143346538212875820778564648196454100537152695408046915, "mrr": 5.753549423840784e-86, "total_revenue": 3.6902796439842023, "conversion_rate": 5.9437373324804495e+50, "churn_rate": 0.05, "average_price": 1.5329948506090732e-143, "daily_visitors": 0, "new_customers": 545670856069808740800149194241955475796655593819348140032, "churned_customers": 223352430606110374616552891882622280508523392287129993216}, "generation": 0, "timestamp": "2025-11-14T01:27:28.475411"}