{"key": "daily_snapshot", "value": {"day": 0, "customers": 29400310976092960994765970677432702525130447502144234187031961186812372804507281568097330144364998464416616078395914271802008499685633, "mrr": 2.9051367260673715e-190, "total_revenue": 6.966800923949336, "conversion_rate": 4.025815429005444e+126, "churn_rate": 0.05, "average_price": 1e-323, "daily_visitors": 0, "new_customers": 3664081283523297539163810310409667477509794537062231859480862385889146289836713715634119096805988839612598423657688144385031536640000, "churned_customers": 1558689128322466354188300141801224157962598910946974231400410988742266758883529794198887213874261065541003470810774557203776594247680}, "generation": 0, "timestamp": "2025-11-14T05:11:15.930083"}