{"key": "daily_snapshot", "value": {"day": 0, "customers": 43327669211801098366555674585023830391431489877309821714766749270633672416111800485844761212415680656572620372012132732770728760, "mrr": 4.281342574384881e-196, "total_revenue": 8.385937104373125, "conversion_rate": 6.201905478571371e+120, "churn_rate": 0.05, "average_price": 1e-323, "daily_visitors": 0, "new_customers": 5425685680921956378925080715536360568329787116935622690628990204214162659517813345539938054492364192613226062915931064990957568, "churned_customers": 2693486632553724730498299114465201437044202769724531369715455947284422283269788110379049251085693909271204214276812713272279040}, "generation": 0, "timestamp": "2025-11-13T13:34:16.920230"}