{"key": "daily_snapshot", "value": {"day": 0, "customers": 33100379082805386730911924546271609992786896536764654766, "mrr": 6.530025637695318e-79, "total_revenue": 14.069439877331755, "conversion_rate": 4.4609335088443995e+48, "churn_rate": 0.05, "average_price": 1.9727948194670258e-134, "daily_visitors": 0, "new_customers": 4727558429274562621602754195352455981253566598247088128, "churned_customers": 841550117138443967295487715357995927025055470586953728}, "generation": 0, "timestamp": "2025-11-15T13:14:59.944578"}