{"key": "daily_snapshot", "value": {"day": 0, "customers": 1534205057, "mrr": 0.4194613903611292, "total_revenue": 6.139110324463641, "conversion_rate": 216.6638432209583, "churn_rate": 0.05, "average_price": 2.7340634059787826e-10, "daily_visitors": 0, "new_customers": 172841768, "churned_customers": 105286062}, "generation": 0, "timestamp": "2025-11-14T07:34:56.527729"}