{"key": "daily_snapshot", "value": {"day": 0, "customers": 32997213309, "mrr": 0.007147685416586333, "total_revenue": 13.187591503235637, "conversion_rate": 4647.950417008992, "churn_rate": 0.05, "average_price": 2.1661481985319045e-13, "daily_visitors": 0, "new_customers": 4356081033, "churned_customers": 1961519822}, "generation": 0, "timestamp": "2025-11-13T17:49:58.003750"}