{"key": "daily_snapshot", "value": {"day": 0, "customers": 15001949996779557596789196783230946791747772, "mrr": 3.796153874688984e-60, "total_revenue": 7.827191553977371, "conversion_rate": 1.979927997823664e+36, "churn_rate": 0.05, "average_price": 2.5304402930978293e-103, "daily_visitors": 0, "new_customers": 2078358544478655665829174213748367512567808, "churned_customers": 714781900975923361297447348844172364742656}, "generation": 0, "timestamp": "2025-11-15T05:03:22.938198"}