{"key": "daily_snapshot", "value": {"day": 0, "customers": 6014895336041494989801006544000870686660209553127, "mrr": 1.9651352184468333e-67, "total_revenue": 3.180859164035811, "conversion_rate": 8.280977002432332e+41, "churn_rate": 0.05, "average_price": 3.267114569179058e-116, "daily_visitors": 0, "new_customers": 793055628149921877331027450668853833239315349504, "churned_customers": 198605438854125916398735677137744501539948462080}, "generation": 0, "timestamp": "2025-11-14T08:54:20.780090"}