{"key": "daily_snapshot", "value": {"day": 0, "customers": 20408337871126779197358472206207272016652083332044903737419846296537936359316782241, "mrr": 5.352538162223006e-125, "total_revenue": 4.323965768575599, "conversion_rate": 2.7518373091206414e+75, "churn_rate": 0.05, "average_price": 2.6227212603117707e-207, "daily_visitors": 0, "new_customers": 2685985481066045682322147910836342646957692336480140764556747459624900601273384960, "churned_customers": 977425319410321311605091825090232487409219761600346688777552965911012566867378176}, "generation": 0, "timestamp": "2025-11-14T14:28:36.429522"}