{"key": "daily_snapshot", "value": {"day": 0, "customers": 15639862607714218133162353322968383713511920252131863751119741098219390374734339588025348127008544376282611419623662565048599719, "mrr": 1.5454237640297374e-196, "total_revenue": 7.010218214998832, "conversion_rate": 2.1964913676261486e+120, "churn_rate": 0.05, "average_price": 1e-323, "daily_visitors": 0, "new_customers": 2297880835920492001850287993587148189900175310792667211393712981283353064789824241515852988276628440029594421872252092705406976, "churned_customers": 940320155962772714592575728179324104292349419992729031803165628887561221128075585699956913414044426418917230200633346546991104}, "generation": 0, "timestamp": "2025-11-15T00:18:13.942903"}