{"key": "daily_snapshot", "value": {"day": 0, "customers": 35030572181879650872306807902825916634606768458546655224536751027274173420, "mrr": 5.458237447537727e-111, "total_revenue": 3.8452002827692775, "conversion_rate": 5.098457994918593e+66, "churn_rate": 0.05, "average_price": 1.558135396475517e-184, "daily_visitors": 0, "new_customers": 5006638159952480372273141283532750556442304620205115579971865807912173568, "churned_customers": 2261637555663232434138179254557897270402739809643207986407124343646584832}, "generation": 0, "timestamp": "2025-11-13T14:12:38.870307"}