{"key": "daily_snapshot", "value": {"day": 0, "customers": 2908512804214431172823007471966968227800063726946696810093148547082319072534714921550335942486094414044478264, "mrr": 2.9104083860607136e-167, "total_revenue": 8.385937104373125, "conversion_rate": 3.568253726765094e+101, "churn_rate": 0.05, "average_price": 1.0006517357749072e-275, "daily_visitors": 0, "new_customers": 367701068277001474522191695866430217248067534819754672262237785743091311636384115182766112699582835811418112, "churned_customers": 72327281241940812764918192011261625706917796892723214940458880275201719537680833491831165686328699018805248}, "generation": 0, "timestamp": "2025-11-13T13:25:16.505042"}