{"key": "daily_snapshot", "value": {"day": 0, "customers": 547282974396891, "mrr": 2.2273503247973265e-10, "total_revenue": 3.8452002827208553, "conversion_rate": 70282549.45059721, "churn_rate": 0.05, "average_price": 4.0698330278808314e-25, "daily_visitors": 0, "new_customers": 72895813784479, "churned_customers": 31058257100362}, "generation": 0, "timestamp": "2025-11-13T13:45:06.494581"}