{"key": "daily_snapshot", "value": {"day": 0, "customers": 65478438459326471046897474017026724765125769850245054341289313095212180308, "mrr": 1.9734364393194506e-113, "total_revenue": 7.997332640408474, "conversion_rate": 8.707070371448018e+66, "churn_rate": 0.05, "average_price": 3.013872178007572e-187, "daily_visitors": 0, "new_customers": 6679607550278292305199168434871641933140419534116469145926429074400477184, "churned_customers": 2951188939166239389100121795129626676998232768402121398281608871089799168}, "generation": 0, "timestamp": "2025-11-15T16:28:11.997087"}