{"key": "daily_snapshot", "value": {"day": 0, "customers": 11753048468677586839334165507954880631608342170618413503707045995408675920120898503, "mrr": 4.769933085875271e-128, "total_revenue": 4.928703564447977, "conversion_rate": 1.5820872557299665e+75, "churn_rate": 0.05, "average_price": 4.0584645750312033e-210, "daily_visitors": 0, "new_customers": 1322765311382291715007998340481752529290916681907791874247366836153734183639842816, "churned_customers": 325950518276674272147497455999777600002059419980455109025861525973856830680465408}, "generation": 0, "timestamp": "2025-11-15T06:36:59.232865"}