{"key": "daily_snapshot", "value": {"day": 0, "customers": 1518555326013393220, "mrr": 1.2589425449244037e-16, "total_revenue": 3.8452002827692775, "conversion_rate": 182064115292.6751, "churn_rate": 0.05, "average_price": 8.290396295467606e-35, "daily_visitors": 0, "new_customers": 163883284348166848, "churned_customers": 56909384779011776}, "generation": 0, "timestamp": "2025-11-13T13:46:46.920789"}