{"key": "daily_snapshot", "value": {"day": 0, "customers": 4266784048240613675454271069632261480306422231210953236502830395133466681976862457250, "mrr": 1.581764214258137e-130, "total_revenue": 8.401501509864964, "conversion_rate": 5.629407244443828e+77, "churn_rate": 0.05, "average_price": 3.7071578884109904e-215, "daily_visitors": 0, "new_customers": 611944287482214923510885595064349691091222125916854114999460806810550149981522624512, "churned_customers": 158173957002501718404265117071589402467073789762734787496316063397754947157660532736}, "generation": 0, "timestamp": "2025-11-14T13:28:48.245806"}