{"key": "daily_snapshot", "value": {"day": 0, "customers": 7252688108171814792318416666077674368785007516521968147733885897495156807357372905720897389348007, "mrr": 7.91909556526608e-152, "total_revenue": 7.010218214998832, "conversion_rate": 9.323491767867547e+89, "churn_rate": 0.05, "average_price": 1.0918842017132107e-248, "daily_visitors": 0, "new_customers": 823044788692906665860658309314705598783568416683630410950703486997613172146273314464562849775616, "churned_customers": 379060601177487322388541185902733757065342471609988370500870042034484434852305834305345409777664}, "generation": 0, "timestamp": "2025-11-15T00:04:04.409013"}