{"key": "daily_snapshot", "value": {"day": 0, "customers": 905655398843218981873865980302532742497805140, "mrr": 1.6746667027389102e-63, "total_revenue": 7.997332640408474, "conversion_rate": 1.1789718430680233e+38, "churn_rate": 0.05, "average_price": 1.8491213157652885e-108, "daily_visitors": 0, "new_customers": 118678472931701755690196912297382787432841216, "churned_customers": 23319854398754337931118114958505929126969344}, "generation": 0, "timestamp": "2025-11-15T16:14:23.909475"}