{"key": "daily_snapshot", "value": {"day": 0, "customers": 66004766077226442729384543904686248760501987081105457754766727057936477963004744088633, "mrr": 1.9575207138872974e-129, "total_revenue": 8.82569014329087, "conversion_rate": 7.751056503621213e+78, "churn_rate": 0.05, "average_price": 2.9657263107287927e-215, "daily_visitors": 0, "new_customers": 6007088928135678467158588004665601084277860224154668942778906501248464858074977402880, "churned_customers": 2622198080801742055138178223811848814635330891142517219923449322997422395106290302976}, "generation": 0, "timestamp": "2025-11-13T12:11:33.745749"}