{"key": "daily_snapshot", "value": {"day": 0, "customers": 4918018333728265, "mrr": 2.1284144658297842e-13, "total_revenue": 3.6346456800791, "conversion_rate": 837644343.1295882, "churn_rate": 0.05, "average_price": 4.327788799063443e-29, "daily_visitors": 0, "new_customers": 626199894564152, "churned_customers": 315038620596571}, "generation": 0, "timestamp": "2025-11-13T14:46:55.841587"}