{"key": "daily_snapshot", "value": {"day": 0, "customers": 4434204375973576755758468809486236072530425253478608367305696398082510479655683366399245473, "mrr": 5.973994949435885e-139, "total_revenue": 4.323965768575599, "conversion_rate": 6.187129746368172e+83, "churn_rate": 0.05, "average_price": 1.3472529551875313e-229, "daily_visitors": 0, "new_customers": 598025252814334658273280053894035979292654203890633682856600689042456382312686782582358016, "churned_customers": 268054793694663004585167191558371656959650009238491253632170323889893328889421329537695744}, "generation": 0, "timestamp": "2025-11-14T14:32:27.701925"}