{"key": "daily_snapshot", "value": {"day": 0, "customers": 45327748044935590175370125627974592144645954578224916019739326023214302210903287780208, "mrr": 1.5649676204536925e-128, "total_revenue": 7.626819946521412, "conversion_rate": 6.446912113852388e+78, "churn_rate": 0.05, "average_price": 3.4525598291410028e-214, "daily_visitors": 0, "new_customers": 4829583268990974895456651852139235594486939044540069464813117914114773804935756644352, "churned_customers": 1390392333047494859703527320875891247639798434377972335295228129389617990856874131456}, "generation": 0, "timestamp": "2025-11-15T02:00:23.507101"}