{"key": "daily_snapshot", "value": {"day": 0, "customers": 725124998898940112653021224134966578637908317539904, "mrr": 2.7049956978524628e-70, "total_revenue": 4.61627280770732, "conversion_rate": 1.1071544429271999e+44, "churn_rate": 0.05, "average_price": 3.730385384533481e-121, "daily_visitors": 0, "new_customers": 116174990130109674743806341789616942310672648110080, "churned_customers": 30569419290390707401379749521284372681289254305792}, "generation": 0, "timestamp": "2025-11-15T17:18:03.372818"}