{"key": "daily_snapshot", "value": {"day": 0, "customers": 3138354794729888943524428246403514795846340703536110239958267751114088617099028867768283745351598577058163968782237715929487107957341, "mrr": 3.101106577074391e-191, "total_revenue": 7.058512489256422, "conversion_rate": 4.4622679576051856e+125, "churn_rate": 0.05, "average_price": 1e-323, "daily_visitors": 0, "new_customers": 385591004401781371067380661447859378873382409643050267287874020491083711520286452759329126199587872626859912791886178653989058379776, "churned_customers": 171879553547189250431251549974075459260963145744570889011473731586702180719142013757646361530882248159364542034221470248609534443520}, "generation": 0, "timestamp": "2025-11-15T11:49:09.113039"}