{"key": "daily_snapshot", "value": {"day": 0, "customers": 416850796679714856836480069804465527313583871114533855026583155246794863719686786659821613464488142299680386261, "mrr": 1.5606404547384279e-170, "total_revenue": 5.438023679800494, "conversion_rate": 6.879925346962477e+103, "churn_rate": 0.05, "average_price": 3.743882624596584e-281, "daily_visitors": 0, "new_customers": 53477129199316728334898421272396991306088771600754625754040794914336438307968218145560982627706484801025343488, "churned_customers": 28524471506750849914693263804853262444804879546815452288409303063468295235066778776100263058090331373020643328}, "generation": 0, "timestamp": "2025-11-14T20:19:17.526885"}