{"key": "daily_snapshot", "value": {"day": 0, "customers": 309493905138945265130997037673497794168072784052043, "mrr": 1.5346356454266613e-74, "total_revenue": 5.241512577835226, "conversion_rate": 4.586953769658604e+43, "churn_rate": 0.05, "average_price": 4.958532688188793e-125, "daily_visitors": 0, "new_customers": 47147301692099842241183911558423282241435670151168, "churned_customers": 14770743231253973194662866518985776310388374110208}, "generation": 0, "timestamp": "2025-11-13T19:10:25.764269"}