{"key": "daily_snapshot", "value": {"day": 0, "customers": 2834750021911746201797286211354057028129415593037321234296511605416380568937964125, "mrr": 2.8361355400608795e-125, "total_revenue": 7.058512489256422, "conversion_rate": 3.4667572584633837e+74, "churn_rate": 0.05, "average_price": 1.0004887620207861e-206, "daily_visitors": 0, "new_customers": 311158970259496453535308936124362611260476116953832967655481147403460527523889152, "churned_customers": 128944597499841101531331275272663208903744517687617668131172531956512620986499072}, "generation": 0, "timestamp": "2025-11-15T11:00:24.436214"}