{"key": "daily_snapshot", "value": {"day": 0, "customers": 151008783049143105705330630, "mrr": 1.0048344889137296e-30, "total_revenue": 3.6346456800791516, "conversion_rate": 2.1555015809643344e+19, "churn_rate": 0.05, "average_price": 6.654145994850672e-57, "daily_visitors": 0, "new_customers": 19480363084568826359054336, "churned_customers": 5035475214459325657382912}, "generation": 0, "timestamp": "2025-11-13T14:51:44.028993"}