{"key": "daily_snapshot", "value": {"day": 0, "customers": 412560476874218948841394244059642752665134218836865182498566985864667318025976643989096421212901776676468895566828, "mrr": 2.7027034816751103e-178, "total_revenue": 3.8452002827692775, "conversion_rate": 5.2059926468263325e+106, "churn_rate": 0.05, "average_price": 6.551047987321161e-292, "daily_visitors": 0, "new_customers": 39436698066741882168485102535970848128597400210218075108004535026018145715200930651380410087454004894087354777600, "churned_customers": 15962694251225070852559346248380855822217320194576356712036122630336843969003680093001561533175321836829173350400}, "generation": 0, "timestamp": "2025-11-13T14:31:13.233122"}