{"key": "daily_snapshot", "value": {"day": 0, "customers": 16191127258148897, "mrr": 2.87014007570545e-13, "total_revenue": 3.1808591640357466, "conversion_rate": 2159132226.592727, "churn_rate": 0.05, "average_price": 1.7726622920963865e-29, "daily_visitors": 0, "new_customers": 2080728044651062, "churned_customers": 1122369651148674}, "generation": 0, "timestamp": "2025-11-14T08:39:21.941416"}