{"key": "daily_snapshot", "value": {"day": 0, "customers": 12810119366554023531769629348097796462553854808340455564165484022674, "mrr": 5.545755411648979e-100, "total_revenue": 5.414632391501176, "conversion_rate": 1.6542858991274436e+60, "churn_rate": 0.05, "average_price": 4.3291988567478984e-167, "daily_visitors": 0, "new_customers": 1786503362516041364584087354964815056586288244148597210146689515520, "churned_customers": 519825473156724289292941805330837684839464196225668139776768737280}, "generation": 0, "timestamp": "2025-11-13T22:24:07.383516"}