{"key": "daily_snapshot", "value": {"day": 0, "customers": 1649187071089087128423160277, "mrr": 9.335588500421501e-34, "total_revenue": 5.250998821828405, "conversion_rate": 2.2386870613876736e+20, "churn_rate": 0.05, "average_price": 5.660721372413187e-61, "daily_visitors": 0, "new_customers": 251446159061963786632036352, "churned_customers": 43696203069113797510692864}, "generation": 0, "timestamp": "2025-11-14T21:55:23.821209"}