{"key": "daily_snapshot", "value": {"day": 0, "customers": 3657535675079191894485, "mrr": 1.6192074117226598e-23, "total_revenue": 5.250998821828405, "conversion_rate": 500356976356476.5, "churn_rate": 0.05, "average_price": 4.427044752441413e-45, "daily_visitors": 0, "new_customers": 399310162252279250944, "churned_customers": 113871196055220404224}, "generation": 0, "timestamp": "2025-11-14T21:52:39.102773"}