{"key": "daily_snapshot", "value": {"day": 0, "customers": 2564845321808188849715031070702807193616099320883629656674695745603313052882627647268159684640156885, "mrr": 6.306197098699909e-151, "total_revenue": 5.438023679800494, "conversion_rate": 3.5789144357952206e+92, "churn_rate": 0.05, "average_price": 2.4587046419836758e-250, "daily_visitors": 0, "new_customers": 291901088392406674422175027769919455507442242154996176795725085424213998296427974263343982533672960, "churned_customers": 138414273789111498502458700902944509316152597912630483415087248162411869433364752039901097216704512}, "generation": 0, "timestamp": "2025-11-14T20:13:57.888500"}