{"key": "daily_snapshot", "value": {"day": 0, "customers": 9384777518728935730693740380645639703290814067608609166921561745267511573561, "mrr": 1.5549579236333927e-112, "total_revenue": 8.82569014329087, "conversion_rate": 1.2762885918747875e+69, "churn_rate": 0.05, "average_price": 1.6568937521749527e-188, "daily_visitors": 0, "new_customers": 1139045328257841799206235708790700747359925727639938696347907109746265554944, "churned_customers": 326744009277216154269762718787443354690713902452961381882079549264494592000}, "generation": 0, "timestamp": "2025-11-13T12:06:56.713935"}