{"key": "daily_snapshot", "value": {"day": 0, "customers": 3864024886973442814526671001823994559233832688553022320, "mrr": 4.9262019402576605e-77, "total_revenue": 7.626819946521412, "conversion_rate": 4.7495508469691e+47, "churn_rate": 0.05, "average_price": 1.274888771256384e-131, "daily_visitors": 0, "new_customers": 376247918620500036107468351842166973404429091961044992, "churned_customers": 151338727941230304120174746444985224162964052138524672}, "generation": 0, "timestamp": "2025-11-15T01:46:06.909177"}