{"key": "daily_snapshot", "value": {"day": 0, "customers": 1694640885904389813348721133129186625206116656355218496184163994253504243618064493378925117613374202933284640492496116855, "mrr": 2.7192902164164372e-193, "total_revenue": 3.0646080228541357, "conversion_rate": 2.0421756937676848e+113, "churn_rate": 0.05, "average_price": 1.60464098266e-313, "daily_visitors": 0, "new_customers": 215276443849082951538021808516860016650730728001330089872936405034412822479375753323392898655683034685968767028924776448, "churned_customers": 67780201956487959103085279860218756473763137204863197959668384879426789494001027686401780760442414078724595098813726720}, "generation": 0, "timestamp": "2025-11-14T21:37:54.291260"}