{"key": "daily_snapshot", "value": {"day": 0, "customers": 28724784335032479998225659213050806068727559173173433115181446331219936723734, "mrr": 7.907895646732861e-116, "total_revenue": 8.73321624443256, "conversion_rate": 3.633980907464363e+69, "churn_rate": 0.05, "average_price": 2.7529869517900834e-192, "daily_visitors": 0, "new_customers": 3888176547791920037408732272165789101689385144059623565217772239038946738176, "churned_customers": 1147789488752472630353416246641616849097560810727567765685037850799024111616}, "generation": 0, "timestamp": "2025-11-14T16:29:56.018050"}