{"key": "daily_snapshot", "value": {"day": 0, "customers": 1187588176759094923798456232762345795690123686145212267147528960960987340891784692253863, "mrr": 7.24446031614011e-135, "total_revenue": 7.010218214998832, "conversion_rate": 1.7007606254753906e+80, "churn_rate": 0.05, "average_price": 6.100145200089564e-222, "daily_visitors": 0, "new_customers": 176370992516935422831951990951622472389763383396291100357177860859536964711223033593856, "churned_customers": 57782255239570436825817748054149490347343721168423737718285217935985131560533015658496}, "generation": 0, "timestamp": "2025-11-14T23:59:27.087812"}