{"key": "daily_snapshot", "value": {"day": 0, "customers": 5146336989131740152064129848, "mrr": 2.3305583827214857e-33, "total_revenue": 8.385937104373125, "conversion_rate": 6.741441168147243e+20, "churn_rate": 0.05, "average_price": 4.52857709793055e-61, "daily_visitors": 0, "new_customers": 631912160377080083023659008, "churned_customers": 292451722184993548902858752}, "generation": 0, "timestamp": "2025-11-13T12:46:57.275344"}