{"key": "daily_snapshot", "value": {"day": 0, "customers": 1421349977267943431985976153, "mrr": 4.119483491327819e-34, "total_revenue": 4.2636659399133805, "conversion_rate": 1.9215367046718842e+20, "churn_rate": 0.05, "average_price": 2.8982893426755526e-61, "daily_visitors": 0, "new_customers": 179145586460662902781116416, "churned_customers": 34417141479433420079628288}, "generation": 0, "timestamp": "2025-11-15T15:04:58.931414"}