{"key": "daily_snapshot", "value": {"day": 0, "customers": 207358698809249841197783090567290771302299641808204400576146701356588514251226374874001934037515932370471803239016625226082942113, "mrr": 2.048976188959851e-195, "total_revenue": 4.323965768575599, "conversion_rate": 2.8311207688286086e+121, "churn_rate": 0.05, "average_price": 1e-323, "daily_visitors": 0, "new_customers": 23550585171915000122816061268115189175576610995718746249983839814866692665635724462768866624288377378486274541881480982470590464, "churned_customers": 7219782196683356219137858663526769587742451370706704683116041241027997478159470646204972765337886834587374112483034510749859840}, "generation": 0, "timestamp": "2025-11-14T14:49:48.839067"}