{"key": "daily_snapshot", "value": {"day": 0, "customers": 3559583653746762556119702574225420765980457781018692236828233494934153036148994072023432397218151183171, "mrr": 1.129988008733548e-160, "total_revenue": 3.6902796439842023, "conversion_rate": 4.8705694158347727e+95, "churn_rate": 0.05, "average_price": 3.174494881007053e-263, "daily_visitors": 0, "new_customers": 461722548900967350587424542175542316031470182821207782508663369392342745803439188206905076760717557760, "churned_customers": 169537486954376015121206772375641953007126859518736259433176860436458503577547697356148813411668459520}, "generation": 0, "timestamp": "2025-11-14T01:53:42.791544"}