{"key": "daily_snapshot", "value": {"day": 0, "customers": 1146518500272423037466889055089080090325180, "mrr": 2.3435679579006012e-58, "total_revenue": 7.827191553977371, "conversion_rate": 1.6257297258073848e+35, "churn_rate": 0.05, "average_price": 2.0440733903061735e-100, "daily_visitors": 0, "new_customers": 145090710589595150807518828549209300402176, "churned_customers": 63587215359953303811160288021246235377664}, "generation": 0, "timestamp": "2025-11-15T05:02:52.769781"}