{"key": "daily_snapshot", "value": {"day": 0, "customers": 8076798041254963802300, "mrr": 8.729576754166715e-23, "total_revenue": 7.827191553977371, "conversion_rate": 1174246365041238.0, "churn_rate": 0.05, "average_price": 1.0808214727640166e-44, "daily_visitors": 0, "new_customers": 1130527442488242864128, "churned_customers": 337218587094833496064}, "generation": 0, "timestamp": "2025-11-15T04:53:14.494215"}