{"key": "daily_snapshot", "value": {"day": 0, "customers": 385618835706618406, "mrr": 3.7217198021298725e-16, "total_revenue": 3.6346456800791516, "conversion_rate": 54572555682.05751, "churn_rate": 0.05, "average_price": 9.651291528096889e-34, "daily_visitors": 0, "new_customers": 60183167394168352, "churned_customers": 15637531784891808}, "generation": 0, "timestamp": "2025-11-13T14:47:44.037302"}