{"key": "daily_snapshot", "value": {"day": 0, "customers": 1130224957058146944978467980185715101632587924775548718538221756498098262812467606447617250938700101004195552375, "mrr": 5.570269324476356e-177, "total_revenue": 3.0646080228541357, "conversion_rate": 1.4288935977415297e+104, "churn_rate": 0.05, "average_price": 4.928460736679504e-288, "daily_visitors": 0, "new_customers": 147687974019592342652911549598482766807327011711831533244090220338535219482357301761110562362154245446038454272, "churned_customers": 28511195102507112163424556624048102202564906126341002397782409803583621582225909754886891383184801846869884928}, "generation": 0, "timestamp": "2025-11-14T21:33:29.559178"}