{"key": "daily_snapshot", "value": {"day": 0, "customers": 41488737380746637392506611729340968247906549944605665261329080193677317765558208273295118, "mrr": 3.1330692957568218e-136, "total_revenue": 5.934471667464104, "conversion_rate": 6.043666000706599e+81, "churn_rate": 0.05, "average_price": 7.551613988645414e-225, "daily_visitors": 0, "new_customers": 4636841516703294305054837772976503979837073126728983502244166135216225743007105872297984, "churned_customers": 1000657392164132978814301615941323832318692886733235066661170394041299862486280092778496}, "generation": 0, "timestamp": "2025-11-14T18:07:19.732416"}