{"key": "daily_snapshot", "value": {"day": 0, "customers": 24930621840145655279388916605607352131844890230278853029052812966170112267413842805527444233766589273, "mrr": 3.5488559107468494e-158, "total_revenue": 4.2636659399133805, "conversion_rate": 3.3946199709974035e+93, "churn_rate": 0.05, "average_price": 1.423492736563893e-258, "daily_visitors": 0, "new_customers": 3527114213399498414149769596574399890318052201424173862420009454634206845233682774414898771422871552, "churned_customers": 1340865820912982605675244395748174564617574742253139753266145011156136375116508934857276325766365184}, "generation": 0, "timestamp": "2025-11-15T15:39:11.979930"}