{"key": "daily_snapshot", "value": {"day": 0, "customers": 381131947926926764903971515265854025058703260189104525596196289968146907632711898862457485637058548592, "mrr": 1.0596456241141175e-156, "total_revenue": 7.626819946521412, "conversion_rate": 5.4073137234547296e+94, "churn_rate": 0.05, "average_price": 2.7802592511013534e-258, "daily_visitors": 0, "new_customers": 47290547483615802287053256893708161207570507537343222194605114394063757189466809310769431481860227072, "churned_customers": 14110755978098615915348383464847232323130120949839527891238531110241896976636513213702763612014116864}, "generation": 0, "timestamp": "2025-11-15T02:08:01.133497"}