{"key": "daily_snapshot", "value": {"day": 0, "customers": 72754262979685721200084726649950939490060718040094741227459992182342850690850254159119518923960300718783470459063884234146, "mrr": 1.4452265318615346e-194, "total_revenue": 8.401501509864964, "conversion_rate": 9.460552920766304e+114, "churn_rate": 0.05, "average_price": 1.9864493e-316, "daily_visitors": 0, "new_customers": 8253774393400458400306006490969382121945733476831549590257396230791577470383429935463607018993056086144961786386514444288, "churned_customers": 3506993992941653977468536123840210059879210563909635410967445332695249638262313973071915559600273161469250400669854072832}, "generation": 0, "timestamp": "2025-11-14T13:46:19.781623"}