{"key": "daily_snapshot", "value": {"day": 0, "customers": 11412942394630902372940857, "mrr": 8.927101996130083e-28, "total_revenue": 8.82569014329087, "conversion_rate": 1.566399441438964e+18, "churn_rate": 0.05, "average_price": 7.821911026493697e-53, "daily_visitors": 0, "new_customers": 1354942771993592935219200, "churned_customers": 647062087605710378500096}, "generation": 0, "timestamp": "2025-11-13T11:43:32.698276"}