{"key": "daily_snapshot", "value": {"day": 0, "customers": 3079698751433327060571664877112588618899438516998264710858075059481867974177863, "mrr": 4.908641154959187e-122, "total_revenue": 8.531929138055917, "conversion_rate": 4.405544167680836e+71, "churn_rate": 0.05, "average_price": 1.59387055395423e-200, "daily_visitors": 0, "new_customers": 340509622973701750398811508801627248347769382021377996268874578151346609848320, "churned_customers": 116885173754704356630979766610102831000048284822287714127332861008369403559936}, "generation": 0, "timestamp": "2025-11-13T11:38:55.366394"}