{"key": "daily_snapshot", "value": {"day": 0, "customers": 238023046430937582506646122579453397806390925616284743576481227130028659342967654585675649266079631232483764570861039571151697906578, "mrr": 2.3519802032000438e-192, "total_revenue": 5.414632391501176, "conversion_rate": 3.055409195694732e+124, "churn_rate": 0.05, "average_price": 1e-323, "daily_visitors": 0, "new_customers": 33218165698408585830294378194265513249922159003850661529950652491052887783072407720376609930535937237021654116082736949678217101312, "churned_customers": 13831938599040990089024925161187223640003226808910978477676981892577744483385612467238095570993299759855167965905081470875728871424}, "generation": 0, "timestamp": "2025-11-14T00:09:45.219129"}