{"key": "daily_snapshot", "value": {"day": 0, "customers": 38361802699113939219067977253654, "mrr": 6.37498604327953e-41, "total_revenue": 8.73321624443256, "conversion_rate": 5.318159146751114e+24, "churn_rate": 0.05, "average_price": 1.6618056490412993e-72, "daily_visitors": 0, "new_customers": 3893577782002451413701748588544, "churned_customers": 1180129052877593474452774977536}, "generation": 0, "timestamp": "2025-11-14T16:09:14.730989"}