{"key": "daily_snapshot", "value": {"day": 0, "customers": 1261117718819902, "mrr": 1.4446811671668024e-11, "total_revenue": 3.561506464783147, "conversion_rate": 168370647.69988015, "churn_rate": 0.05, "average_price": 1.1455561567390163e-26, "daily_visitors": 0, "new_customers": 134565988668289, "churned_customers": 50434243145483}, "generation": 0, "timestamp": "2025-11-13T11:39:55.336339"}