{"key": "daily_snapshot", "value": {"day": 0, "customers": 4196678232128654483469846435043099225860358322110089482037330069637274971573143452754210567, "mrr": 1.0284542714010075e-137, "total_revenue": 7.42566689692798, "conversion_rate": 5.667563789715818e+83, "churn_rate": 0.05, "average_price": 2.4506388493819582e-228, "daily_visitors": 0, "new_customers": 656149432716497918836604164349447678169898720815989939530721215161808816128795247755919360, "churned_customers": 191200012985108220792594968327198080917269729877862975687804380537614040299254096032956416}, "generation": 0, "timestamp": "2025-11-15T14:32:32.879085"}