{"key": "daily_snapshot", "value": {"day": 0, "customers": 282074364523799780380950, "mrr": 2.0748515201647556e-25, "total_revenue": 6.2331957973706755, "conversion_rate": 3.580354798995304e+16, "churn_rate": 0.05, "average_price": 7.355689779422304e-49, "daily_visitors": 0, "new_customers": 34343623731640853856256, "churned_customers": 10225637521441758904320}, "generation": 0, "timestamp": "2025-11-14T07:41:36.114000"}