{"key": "daily_snapshot", "value": {"day": 0, "customers": 5004147403866147169072749154798137249837179657924327, "mrr": 3.610799973624723e-72, "total_revenue": 3.180859164035811, "conversion_rate": 7.74469157028867e+44, "churn_rate": 0.05, "average_price": 7.215614733560926e-124, "daily_visitors": 0, "new_customers": 604339169406275333449937680792301344727056185819136, "churned_customers": 313471170942348422052304631364270998990222765588480}, "generation": 0, "timestamp": "2025-11-14T08:55:40.103527"}