{"key": "daily_snapshot", "value": {"day": 0, "customers": 188664500346573833655026802981681529432412809945325947781869500198149, "mrr": 5.504992888154346e-106, "total_revenue": 1.5620171583249602, "conversion_rate": 3.088142513824115e+61, "churn_rate": 0.05, "average_price": 2.917874257235335e-174, "daily_visitors": 0, "new_customers": 22543399091323828783481437445435650430423239755358608140071128268800, "churned_customers": 9880042201561225763614371560546669224249710405486555750775797055488}, "generation": 0, "timestamp": "2025-11-13T21:24:13.426278"}