{"key": "daily_snapshot", "value": {"day": 0, "customers": 4214824722359860952954257085042794524426859735097459270523825359238607079948918709173846429835669818226369007632663723841682593, "mrr": 4.164800197120755e-197, "total_revenue": 4.323965768575599, "conversion_rate": 5.138766562744153e+119, "churn_rate": 0.05, "average_price": 1e-323, "daily_visitors": 0, "new_customers": 601896603526164142818652227139932480095489800207642504966107378950366862489240646493752706335297022820054401047003554927083520, "churned_customers": 209148285671385292094212104527836315626070194055751002750439950274713177239591144426169883689849738858719750805010138395574272}, "generation": 0, "timestamp": "2025-11-14T14:48:58.571606"}