{"key": "daily_snapshot", "value": {"day": 0, "customers": 203644073955942, "mrr": 3.1616110920642815e-10, "total_revenue": 7.1804992083147425, "conversion_rate": 29738133.033591688, "churn_rate": 0.05, "average_price": 1.5525180923007315e-24, "daily_visitors": 0, "new_customers": 30845861829745, "churned_customers": 11867591840467}, "generation": 0, "timestamp": "2025-11-15T19:03:46.239141"}