{"key": "daily_snapshot", "value": {"day": 0, "customers": 61756126445281966391371716204367877706989608923247336189764456402068644961309471522224519740900888854, "mrr": 8.108210780619483e-160, "total_revenue": 6.2331957973706755, "conversion_rate": 8.031411242255732e+93, "churn_rate": 0.05, "average_price": 1.3129403101089305e-260, "daily_visitors": 0, "new_customers": 8618698355164727411671563923284823648607916870759087364040565657675488835366288949086171531424301056, "churned_customers": 2927436288575442912045743420143601091797998674530695134929100527283984558807111786769461740530827264}, "generation": 0, "timestamp": "2025-11-14T08:18:11.106284"}