{"key": "daily_snapshot", "value": {"day": 0, "customers": 3781313126696206885868620089432207573418277904515, "mrr": 7.906549252388607e-68, "total_revenue": 4.596591164332845, "conversion_rate": 4.625184898914912e+41, "churn_rate": 0.05, "average_price": 2.0909533242745975e-116, "daily_visitors": 0, "new_customers": 442789207803216935647966956854521744074175676416, "churned_customers": 236632074124416220220015583379380481421993836544}, "generation": 0, "timestamp": "2025-11-14T12:10:30.764568"}