{"key": "daily_snapshot", "value": {"day": 0, "customers": 1241912785656869011179677454, "mrr": 3.6344880173675723e-31, "total_revenue": 5.934471667464104, "conversion_rate": 1.6948098228203346e+20, "churn_rate": 0.05, "average_price": 2.9265243577029677e-58, "daily_visitors": 0, "new_customers": 182324875251232276496777216, "churned_customers": 27437755842972014937636864}, "generation": 0, "timestamp": "2025-11-14T17:22:49.799351"}