{"key": "daily_snapshot", "value": {"day": 0, "customers": 136809451254890802975612572850162779627173102815135490114139604135, "mrr": 6.962162927502959e-98, "total_revenue": 7.010218214998832, "conversion_rate": 1.7622374026713504e+58, "churn_rate": 0.05, "average_price": 5.088948799693448e-163, "daily_visitors": 0, "new_customers": 15281174951968243264861390099331872105744038143277746152196276224, "churned_customers": 5054503516187656465523845339743802630764934416904041016816828416}, "generation": 0, "timestamp": "2025-11-14T23:49:16.187953"}