{"key": "daily_snapshot", "value": {"day": 0, "customers": 122488680598909168377016039, "mrr": 1.8532263389301398e-29, "total_revenue": 3.180859164035811, "conversion_rate": 1.5082524579794043e+19, "churn_rate": 0.05, "average_price": 1.512977631785058e-55, "daily_visitors": 0, "new_customers": 13934817102368938664132608, "churned_customers": 7351712231728213288550400}, "generation": 0, "timestamp": "2025-11-14T08:43:52.180365"}