{"key": "daily_snapshot", "value": {"day": 0, "customers": 176174290744672847016614886625891217954201648415660547037146821855566888652249762830917683357454, "mrr": 2.4516018114246837e-147, "total_revenue": 5.934471667464104, "conversion_rate": 2.4618874081417205e+88, "churn_rate": 0.05, "average_price": 1.3915775117141008e-242, "daily_visitors": 0, "new_customers": 25283942607490279526178789366352589107652542963952614362785382138530872180471207766531571187712, "churned_customers": 10043268270454660121040478654769791283099127004007644784678991945173961534331566208879159148544}, "generation": 0, "timestamp": "2025-11-14T18:10:23.545068"}