{"key": "daily_snapshot", "value": {"day": 0, "customers": 27813401152108707169387285992450897039543897809722774008120814344367533597729731365636527131317936501604014549018875475666, "mrr": 5.145549012202261e-194, "total_revenue": 7.180499208388138, "conversion_rate": 3.917454820776868e+114, "churn_rate": 0.05, "average_price": 1.850025095e-315, "daily_visitors": 0, "new_customers": 3899161908879371282228444844692631901459237776215555272482029599331436670010858238366793499395434360211292388051824672768, "churned_customers": 1091562174402240973306752260849538144280140753792810936409973831392232517896865941645133069744791190570007546764774604800}, "generation": 0, "timestamp": "2025-11-15T19:54:20.408231"}