{"key": "daily_snapshot", "value": {"day": 0, "customers": 21388624234336851008798858825553923370010280106167796672053981294788335578060371151604557864279555, "mrr": 2.507606014757564e-152, "total_revenue": 11.37579680016544, "conversion_rate": 2.7207021486760426e+90, "churn_rate": 0.05, "average_price": 1.1724017343443275e-249, "daily_visitors": 0, "new_customers": 2340183587218650020173193055241573335744411476948835037003714764029950777476861661020997115969536, "churned_customers": 1381126285506027688844030391498033767799922011909693990326290093244550514655795572807985145053184}, "generation": 0, "timestamp": "2025-11-14T06:14:03.716501"}