{"key": "daily_snapshot", "value": {"day": 0, "customers": 6003191742079389592819586808991400775835993197013059977133764737378253182899903240551861968181940692458360878334957919146250978567302357, "mrr": 5.931941610318584e-188, "total_revenue": 5.438023679800494, "conversion_rate": 6.808139128850661e+128, "churn_rate": 0.05, "average_price": 1e-323, "daily_visitors": 0, "new_customers": 699762219108603650739164466419956318742276300302997784328949018709346151723898540474248198623586380124684814874928455840049965299662848, "churned_customers": 142458441708231344438792539677196822357471577349605412502887610407589024431264498664115135841146294478795007077391371511566239738626048}, "generation": 0, "timestamp": "2025-11-14T20:30:58.749396"}