{"key": "daily_snapshot", "value": {"day": 0, "customers": 9570348204367635255172053132347274442033426838886929543627208175676689319397257197498157153945285689816786, "mrr": 3.96078294767642e-167, "total_revenue": 7.180499208388138, "conversion_rate": 1.3352710436676238e+99, "churn_rate": 0.05, "average_price": 4.138598578752684e-273, "daily_visitors": 0, "new_customers": 1287360167402212252393231502981177857021442098059603541080361066114508366814782716446575853090398965596160, "churned_customers": 516738492894443975443566574395708245733691235425517323624783133464706757300868105603846075932319313559552}, "generation": 0, "timestamp": "2025-11-15T19:47:00.662945"}