{"key": "daily_snapshot", "value": {"day": 0, "customers": 245967295566231500788998956719268119739480784325868597657019116377390643365197532810265289, "mrr": 1.1887680447662306e-135, "total_revenue": 3.6905216285399813, "conversion_rate": 3.2061664264571464e+82, "churn_rate": 0.05, "average_price": 4.8330329527330656e-225, "daily_visitors": 0, "new_customers": 29306796475629850373715301082561672036280795256950985943786362007333712632239758407368704, "churned_customers": 10832446341413799231277738584976713815098856477449840038376862549337146720112869946425344}, "generation": 0, "timestamp": "2025-11-15T04:23:15.677924"}