{"key": "daily_snapshot", "value": {"day": 0, "customers": 714230937387, "mrr": 3.213263416699927e-05, "total_revenue": 6.513334871426376, "conversion_rate": 93974.49220117155, "churn_rate": 0.05, "average_price": 4.498913794543245e-17, "daily_visitors": 0, "new_customers": 91520493210, "churned_customers": 30830299184}, "generation": 0, "timestamp": "2025-11-15T00:25:11.207402"}