{"key": "daily_snapshot", "value": {"day": 0, "customers": 127780189131939736763487836625433760201487279711537844232323, "mrr": 5.513711198231267e-86, "total_revenue": 4.596591164332845, "conversion_rate": 1.7510275435225484e+52, "churn_rate": 0.05, "average_price": 4.3149968987274476e-145, "daily_visitors": 0, "new_customers": 12700886145033708818426544271300129489603993209635489185792, "churned_customers": 7238222454200297289401931457443863941014999064953005015040}, "generation": 0, "timestamp": "2025-11-14T12:15:28.391287"}