{"key": "daily_snapshot", "value": {"day": 0, "customers": 177044150051727725904089087174971167675882, "mrr": 3.370374776703396e-58, "total_revenue": 5.620306961549841, "conversion_rate": 2.4154047388180696e+34, "churn_rate": 0.05, "average_price": 1.903691692562934e-99, "daily_visitors": 0, "new_customers": 23453487874069558261574116884127955288064, "churned_customers": 7329084793251566536780345944025738510336}, "generation": 0, "timestamp": "2025-11-15T03:00:23.704208"}