{"key": "daily_snapshot", "value": {"day": 0, "customers": 50564680188169887877506996889481152388417358658940647, "mrr": 1.1027073344884694e-73, "total_revenue": 3.180859164035811, "conversion_rate": 6.052447603042503e+45, "churn_rate": 0.05, "average_price": 2.1807857389483872e-126, "daily_visitors": 0, "new_customers": 6706802240984213885266188781906299212932446435672064, "churned_customers": 2783892095196140638904220041307191384191799545298944}, "generation": 0, "timestamp": "2025-11-14T08:57:13.961506"}