{"key": "daily_snapshot", "value": {"day": 0, "customers": 2932923395013827285, "mrr": 2.8033398504878506e-18, "total_revenue": 2.963987135955569, "conversion_rate": 428932097376.2708, "churn_rate": 0.05, "average_price": 9.558176170757554e-37, "daily_visitors": 0, "new_customers": 417218380765619008, "churned_customers": 121895218247411632}, "generation": 0, "timestamp": "2025-11-14T00:17:57.165601"}