{"key": "daily_snapshot", "value": {"day": 0, "customers": 20551078673386476921729542295228456809884526397152050283498476963286989766359652571890, "mrr": 1.5977381818668068e-130, "total_revenue": 10.298721371422412, "conversion_rate": 2.792204155341197e+78, "churn_rate": 0.05, "average_price": 7.774473579996888e-216, "daily_visitors": 0, "new_customers": 2859943599540947598096955290576711336973436986922841258737728786852972815904170573824, "churned_customers": 539588047003012608777462631080778307996430805995168780363925744140695640918246555648}, "generation": 0, "timestamp": "2025-11-14T03:47:44.347322"}