{"key": "daily_snapshot", "value": {"day": 0, "customers": 1103484172625377914616981052542910121930828057228343827201538872, "mrr": 6.207622084307027e-92, "total_revenue": 8.385937104373125, "conversion_rate": 1.5365788553827745e+56, "churn_rate": 0.05, "average_price": 5.625474509106941e-155, "daily_visitors": 0, "new_customers": 140874458781425969600328871142010348987901579959817757496705024, "churned_customers": 39773317431597118721275433110990981101618644661353488570122240}, "generation": 0, "timestamp": "2025-11-13T13:03:11.946775"}