{"key": "daily_snapshot", "value": {"day": 0, "customers": 7282432094878717694241081774358, "mrr": 7.82072566358878e-39, "total_revenue": 6.2331957973706755, "conversion_rate": 1.0112428271832238e+24, "churn_rate": 0.05, "average_price": 1.0739167302484853e-69, "daily_visitors": 0, "new_customers": 902007759156535369555106594816, "churned_customers": 266871548555003396579133489152}, "generation": 0, "timestamp": "2025-11-14T07:45:11.923850"}