{"key": "daily_snapshot", "value": {"day": 0, "customers": 1949785760191779783050634483636329848462075301939217494188716410311869565625676393383461154295302519083054033938081530434286472838562, "mrr": 1.926644321722435e-191, "total_revenue": 8.401501509864964, "conversion_rate": 2.5692909216354644e+125, "churn_rate": 0.05, "average_price": 1e-323, "daily_visitors": 0, "new_customers": 274008977196960514575287135448507049672014700772051725772576023138251191619209890179015150177048470917416908880277809455698571952128, "churned_customers": 120581133631914988927929743631006801665649913404397043099084917428977027564959636984226902746746041816311819626229310783914963369984}, "generation": 0, "timestamp": "2025-11-14T13:51:17.273094"}