{"key": "daily_snapshot", "value": {"day": 0, "customers": 2892863249766097528844735841146931190074176176240583022265430811210275643276326593618629623627, "mrr": 7.3226027649774e-148, "total_revenue": 5.241512577835226, "conversion_rate": 4.466902870588622e+86, "churn_rate": 0.05, "average_price": 2.531264748020657e-241, "daily_visitors": 0, "new_customers": 357493075073928915511587976504564165755199541149468545039977070597290682258263154283899781120, "churned_customers": 162717950569734614693935474566710962862698003718044714697816475287645192111599673229315145728}, "generation": 0, "timestamp": "2025-11-13T20:29:21.692069"}