{"key": "daily_snapshot", "value": {"day": 0, "customers": 248254, "mrr": 0.3268024706985763, "total_revenue": 2.3592018920103266, "conversion_rate": 8.249763526374188, "churn_rate": 0.05, "average_price": 1.3164036458569703e-06, "daily_visitors": 7, "new_customers": 120292, "churned_customers": 9894}, "generation": 0, "timestamp": "2025-11-14T04:12:43.173401"}