{"key": "daily_snapshot", "value": {"day": 0, "customers": 21769568073385115382438864590215972651536976396372146889515046725726320735303663941284835075544672662770751901007886279369112008, "mrr": 2.1511191419723997e-196, "total_revenue": 4.843910136547377, "conversion_rate": 3.2559276213785753e+120, "churn_rate": 0.05, "average_price": 1e-323, "daily_visitors": 0, "new_customers": 2444534390806315036750098595542962437375836102286584069453799637315251379307105119274127396769864083896365792158294210863169536, "churned_customers": 809607442830786716977676198766436542253422907341339681068351890076983422201665878969855268037423184384315095404299092559396864}, "generation": 0, "timestamp": "2025-11-14T07:29:10.752415"}