{"key": "daily_snapshot", "value": {"day": 0, "customers": 737093388300920944079566357005367368867236137485772875893120454572636830627462431960409793399371092825, "mrr": 1.3946885991009574e-160, "total_revenue": 4.2636659399133805, "conversion_rate": 1.0181912066965021e+95, "churn_rate": 0.05, "average_price": 1.8921463972372127e-262, "daily_visitors": 0, "new_customers": 83501708264412228573564141800377848853479382806992920809826939379376948959635870342012347100472279040, "churned_customers": 34226548208710087278296349024376031221676256277328256909178806176679352903961704759343081406802690048}, "generation": 0, "timestamp": "2025-11-15T15:39:52.149682"}