{"key": "daily_snapshot", "value": {"day": 0, "customers": 1796176662823088871321727164, "mrr": 1.7224678619510873e-31, "total_revenue": 7.827191553977371, "conversion_rate": 2.3175264165511047e+20, "churn_rate": 0.05, "average_price": 9.589635015321088e-59, "daily_visitors": 0, "new_customers": 188519355653994559800606720, "churned_customers": 72390287775811396937187328}, "generation": 0, "timestamp": "2025-11-15T04:55:40.463496"}