{"key": "daily_snapshot", "value": {"day": 0, "customers": 3001161205063460811076151143269965920741053281126930093296146872865937111174007192586408828335929906178162433616388850398952452, "mrr": 2.965541298106745e-197, "total_revenue": 4.445436838349596, "conversion_rate": 4.157852670620003e+119, "churn_rate": 0.05, "average_price": 1e-323, "daily_visitors": 0, "new_customers": 336876409112642897718128356129433185582785908049085493972134723225372905377676435540318568594963206054463835052631568550985728, "churned_customers": 170018832652747909457880926543569475266663314240584004711785027987818219881655663563375567698302998359841417733952715939119104}, "generation": 0, "timestamp": "2025-11-15T18:54:30.277014"}