{"key": "daily_snapshot", "value": {"day": 0, "customers": 11008067194150665724263974219325265384786067918109092596238285332413560446812967429999391378192082, "mrr": 4.228997798363509e-153, "total_revenue": 7.180499208388138, "conversion_rate": 1.614302845550593e+90, "churn_rate": 0.05, "average_price": 3.841726003099493e-250, "daily_visitors": 0, "new_customers": 1353748944597443699159056678157321211340447795369447034680261254791574676919847591937692317777920, "churned_customers": 751132979369572050130986171508859526642472670896644272537739750354060001839762587081650781290496}, "generation": 0, "timestamp": "2025-11-15T19:43:02.260331"}