{"key": "daily_snapshot", "value": {"day": 0, "customers": 4075887, "mrr": 0.46089401486837805, "total_revenue": 1.9494975446576686, "conversion_rate": 11.548062647100387, "churn_rate": 0.05, "average_price": 1.1307821214581711e-07, "daily_visitors": 0, "new_customers": 2102392, "churned_customers": 274529}, "generation": 0, "timestamp": "2025-11-14T00:12:56.088475"}