{"key": "daily_snapshot", "value": {"day": 0, "customers": 606156157165829061896769857831702, "mrr": 9.97595195007326e-43, "total_revenue": 8.73321624443256, "conversion_rate": 9.543656277006809e+25, "churn_rate": 0.05, "average_price": 1.645772600367085e-75, "daily_visitors": 0, "new_customers": 77375275527163738983234258599936, "churned_customers": 24683080477117497431693635616768}, "generation": 0, "timestamp": "2025-11-14T16:09:45.826251"}