{"key": "daily_snapshot", "value": {"day": 0, "customers": 50455872447918083918997530398433397882945056849098981656997286110133318847923085667606735158918683369447306246962185434698883677, "mrr": 4.9857026414928415e-196, "total_revenue": 7.058512489256422, "conversion_rate": 6.994106263724222e+120, "churn_rate": 0.05, "average_price": 1e-323, "daily_visitors": 0, "new_customers": 6896324161005611493356571224054856092624469317475850439140383781132457089459191294661981325086597061078592511599878651171045376, "churned_customers": 3029881011750212460555389795671083064273782208315931513174016839464716328559325719418896539147516874661643045027962048005275648}, "generation": 0, "timestamp": "2025-11-15T11:46:57.480279"}