{"key": "daily_snapshot", "value": {"day": 0, "customers": 444179234104519326520280081980358990450151031165431404755937599176060655092787839527751723554084551662, "mrr": 3.696347591250885e-162, "total_revenue": 4.058738603221899, "conversion_rate": 5.977168052444907e+94, "churn_rate": 0.05, "average_price": 8.321747860867133e-264, "daily_visitors": 0, "new_customers": 58886401857439085572815570301418002281548581506444107453096187887615121243439054786009894150974996480, "churned_customers": 11383012512648542020720061386471437446134390323135783927637640512931129566637452001383924809338978304}, "generation": 0, "timestamp": "2025-11-14T15:39:29.732288"}