{"key": "daily_snapshot", "value": {"day": 0, "customers": 7938975644817708518908585026865923569369954985950802696710294732658224968172389883342541696151042948289862927997589430503681, "mrr": 5.117522831164816e-196, "total_revenue": 6.966800923949336, "conversion_rate": 1.0579222593401184e+117, "churn_rate": 0.05, "average_price": 6.446e-320, "daily_visitors": 0, "new_customers": 1052981873862365665166955718713043375079338999825481178005681855814098680815996321864442795138272754274713069917168384081920, "churned_customers": 372669561401264951171079087456348577846346386646743008724580783018193568569874612902768514895142198425326425415468217008128}, "generation": 0, "timestamp": "2025-11-14T05:06:52.361485"}