{"key": "daily_snapshot", "value": {"day": 0, "customers": 198754018270985805945771929991727066415330994094737813157756920942116119168063150199, "mrr": 5.543161361505739e-128, "total_revenue": 8.055065502431749, "conversion_rate": 2.7504472802391337e+76, "churn_rate": 0.05, "average_price": 2.788955619477371e-211, "daily_visitors": 0, "new_customers": 26096483187615935518829041574519152235451000177648902595001192125346879039126634496, "churned_customers": 11004089084462570267992054839390454640074896215638862494708198244919300442833289216}, "generation": 0, "timestamp": "2025-11-13T17:22:54.695392"}