{"key": "daily_snapshot", "value": {"day": 0, "customers": 33963316393714951976410231, "mrr": 2.104759828681912e-30, "total_revenue": 3.0646080228541357, "conversion_rate": 5.328753432229724e+18, "churn_rate": 0.05, "average_price": 6.197156379791598e-56, "daily_visitors": 0, "new_customers": 3904984674134654690787328, "churned_customers": 1386180471426729264545792}, "generation": 0, "timestamp": "2025-11-14T20:53:22.534425"}