{"key": "daily_snapshot", "value": {"day": 0, "customers": 41412213264258392384942275957926125644350367734676294776340938800064841432121, "mrr": 1.2360694364891799e-113, "total_revenue": 8.82569014329087, "conversion_rate": 6.259340081591551e+69, "churn_rate": 0.05, "average_price": 2.984794433955051e-190, "daily_visitors": 0, "new_customers": 5203437752577263636167631925730327720207053521750391395790936171668295385088, "churned_customers": 2028478717165439536907431623645793200040118583790226244270048253843519569920}, "generation": 0, "timestamp": "2025-11-13T12:07:14.781508"}