{"key": "daily_snapshot", "value": {"day": 0, "customers": 134976568564098186023125002846769607551785041042279288185145955880002847041859139515170617017112497279594481756323282287514795084992790, "mrr": 1.3337457104211294e-189, "total_revenue": 6.2331957973706755, "conversion_rate": 1.7498526243048442e+127, "churn_rate": 0.05, "average_price": 1e-323, "daily_visitors": 0, "new_customers": 16217593407689896258835636661899336289979546488277735771861074903374525869246548467137159372639607883166779976704479641402952604712960, "churned_customers": 2978275496340028714725904087916854701855175730424988215486012993308085127835270571744638222004075148921583065065782772006381353435136}, "generation": 0, "timestamp": "2025-11-14T08:33:38.414889"}