{"key": "daily_snapshot", "value": {"day": 0, "customers": 187196937904311245257585900634097211573268219932353570202531433163163679705030, "mrr": 5.480148916763486e-119, "total_revenue": 3.6346456800791516, "conversion_rate": 2.6836797694370836e+70, "churn_rate": 0.05, "average_price": 2.9274778626799725e-196, "daily_visitors": 0, "new_customers": 23831371083693775804530177134089691405970909761728589147597455113711475752960, "churned_customers": 7503933068178050411585765945009189085271865170101399021617219762242342354944}, "generation": 0, "timestamp": "2025-11-13T15:15:51.565133"}