{"key": "daily_snapshot", "value": {"day": 0, "customers": 30258149663981618778136231271276256757508042503, "mrr": 1.0822495338056142e-64, "total_revenue": 7.42566689692798, "conversion_rate": 4.083488609300809e+39, "churn_rate": 0.05, "average_price": 3.576720803565498e-111, "daily_visitors": 0, "new_customers": 3248449093761909649964953990520761259506270208, "churned_customers": 870191236237106687808002164503796664972083200}, "generation": 0, "timestamp": "2025-11-15T14:12:17.669703"}