{"key": "daily_snapshot", "value": {"day": 0, "customers": 39702776898692205762854331411526533090573316788484475396424536420396635626, "mrr": 1.284829745848421e-114, "total_revenue": 5.620306961549841, "conversion_rate": 6.37427444479588e+66, "churn_rate": 0.05, "average_price": 3.236120609716704e-188, "daily_visitors": 0, "new_customers": 6297012423255274670753563881516959140410693926954392287939137265607901184, "churned_customers": 2560020369376140767333175342030323233808447662967298058295684197775310848}, "generation": 0, "timestamp": "2025-11-15T03:15:44.329046"}