{"key": "daily_snapshot", "value": {"day": 0, "customers": 4066134224796104, "mrr": 1.6388828077876088e-12, "total_revenue": 5.934471667463727, "conversion_rate": 558895414.3426669, "churn_rate": 0.05, "average_price": 4.0305674067357934e-28, "daily_visitors": 0, "new_customers": 507934935008197, "churned_customers": 232681035069194}, "generation": 0, "timestamp": "2025-11-14T17:17:35.376329"}