{"key": "daily_snapshot", "value": {"day": 0, "customers": 675996610237673564126259572058365775841183203029975119524516785588505388814, "mrr": 5.340836334201087e-113, "total_revenue": 5.934471667464104, "conversion_rate": 9.012458550898834e+67, "churn_rate": 0.05, "average_price": 7.900685082316172e-188, "daily_visitors": 0, "new_customers": 75324288819861295768156300134932787612247442809957137788771716941001785344, "churned_customers": 38088519484498034630733466525045304512291373954265600178493843115136253952}, "generation": 0, "timestamp": "2025-11-14T18:00:56.064292"}