{"key": "daily_snapshot", "value": {"day": 0, "customers": 6772601398317701999922620728032630796417724082593625289998826763032214410513299853365463394331679863, "mrr": 2.1920525109971332e-157, "total_revenue": 3.0646080228541357, "conversion_rate": 8.997126175579226e+92, "churn_rate": 0.05, "average_price": 3.2366477547927655e-257, "daily_visitors": 0, "new_customers": 642572986704721645846024517295922996455420362203865181534869914169631306852088796543554671823814656, "churned_customers": 249926224468265084337954936698560471139161222804431132227498392820755926617582411027040629463973888}, "generation": 0, "timestamp": "2025-11-14T21:28:09.897759"}