{"key": "daily_snapshot", "value": {"day": 0, "customers": 98970559356584916513192296871164698193919768989350039297679009532994, "mrr": 1.0460528135210628e-98, "total_revenue": 7.574353924996814, "conversion_rate": 1.2773645122531952e+61, "churn_rate": 0.05, "average_price": 1.0569333146357171e-166, "daily_visitors": 0, "new_customers": 11459173721277036045021040376427532807381123286729398564857151750144, "churned_customers": 6391260364302293418510733616635681032792405830893477143902116904960}, "generation": 0, "timestamp": "2025-11-14T10:51:17.348381"}