{"key": "daily_snapshot", "value": {"day": 0, "customers": 1454554967999005605341419594293426554196646584599358777785647428158514932028847964613360215949178722820116825990531329, "mrr": 3.256563221763987e-185, "total_revenue": 6.966800923949336, "conversion_rate": 2.419120822240203e+110, "churn_rate": 0.05, "average_price": 2.2388725716182173e-302, "daily_visitors": 0, "new_customers": 180294609576279728433376918534010229171231050840172602019047592655204272079730533150047893045852318748764003215867904, "churned_customers": 63292416997503705723413081029734344180156452214311356174487671208627785312605241335646127025019856221070459800649728}, "generation": 0, "timestamp": "2025-11-14T05:03:50.317051"}