{"key": "daily_snapshot", "value": {"day": 0, "customers": 5285432148578469129168482163512562966592673, "mrr": 3.540192857678819e-58, "total_revenue": 4.323965768575599, "conversion_rate": 8.088053311149156e+35, "churn_rate": 0.05, "average_price": 6.69801968535527e-101, "daily_visitors": 0, "new_customers": 862216172847499460847642242597153398587392, "churned_customers": 312171505574633122700600298130812876881920}, "generation": 0, "timestamp": "2025-11-14T14:10:13.157360"}