{"key": "daily_snapshot", "value": {"day": 0, "customers": 27323647504532576323412970498317420567381, "mrr": 2.0035757654878933e-55, "total_revenue": 7.593310615949716, "conversion_rate": 3.3718818161230694e+33, "churn_rate": 0.05, "average_price": 7.332753671176334e-96, "daily_visitors": 0, "new_customers": 3183735142541737132390320324982761062400, "churned_customers": 1368998930940215211814815336236199182336}, "generation": 0, "timestamp": "2025-11-14T18:46:08.607156"}