{"key": "daily_snapshot", "value": {"day": 0, "customers": 1282972072122008554509011297127612074988, "mrr": 1.3823399456450742e-52, "total_revenue": 3.8452002827692775, "conversion_rate": 1.5936943289435793e+32, "churn_rate": 0.05, "average_price": 1.0774513145548938e-91, "daily_visitors": 0, "new_customers": 156056465663859514390148624833631485952, "churned_customers": 29146975736211673224873037498989674496}, "generation": 0, "timestamp": "2025-11-13T13:56:36.177682"}