{"key": "daily_snapshot", "value": {"day": 0, "customers": 213119214552377119886930638983682944752783162252468150087098262061518679269629006144009122713911053723587052270582766, "mrr": 1.3430487426930337e-187, "total_revenue": 4.058738603221899, "conversion_rate": 2.8836951192748036e+109, "churn_rate": 0.05, "average_price": 6.301866049543647e-304, "daily_visitors": 0, "new_customers": 27596937777050201842316796919039729218631407604663289560366994416119562890295898003354301508644676108752708750540800, "churned_customers": 8233858178217749979690109021039670897984180924886505976369694050029572434613402240628689682301932160589907445678080}, "generation": 0, "timestamp": "2025-11-14T15:48:07.490863"}