{"key": "daily_snapshot", "value": {"day": 0, "customers": 30774293903377168256010860266961976339767313662761723266365158422108721909519051439910101, "mrr": 2.346595765510397e-133, "total_revenue": 5.438023679800494, "conversion_rate": 3.838684598476977e+81, "churn_rate": 0.05, "average_price": 7.625181500111955e-222, "daily_visitors": 0, "new_customers": 3990327463856987505229934145558618281948084423533278891651974298940202321551048610676736, "churned_customers": 872441600801380423950580820671982643325168908079094482082755248495899635082799655944192}, "generation": 0, "timestamp": "2025-11-14T20:09:02.556480"}