{"key": "daily_snapshot", "value": {"day": 0, "customers": 8320137062509670191965672689484094427525284274806845039553768435327828, "mrr": 1.1464542828026746e-106, "total_revenue": 7.997332640408474, "conversion_rate": 1.1158185798202693e+63, "churn_rate": 0.05, "average_price": 1.3779271593596324e-176, "daily_visitors": 0, "new_customers": 864563493939247386294153555851325021486600356714086558977674369302528, "churned_customers": 423564962249129092483022797385517177228836142795078582794732617859072}, "generation": 0, "timestamp": "2025-11-15T16:26:17.824602"}