{"key": "daily_snapshot", "value": {"day": 0, "customers": 226274910993827225132046978998510597790898249006084824579, "mrr": 2.406951536523561e-85, "total_revenue": 11.37579680016544, "conversion_rate": 2.9909477368635226e+49, "churn_rate": 0.05, "average_price": 1.0637288623612463e-141, "daily_visitors": 0, "new_customers": 23913774010784064051473181669196036535300471613093314560, "churned_customers": 14259054787984257833649939458533865459452904729250627584}, "generation": 0, "timestamp": "2025-11-14T05:37:12.908637"}