{"key": "daily_snapshot", "value": {"day": 0, "customers": 3188555720012695798244565732589392173232547900926177386987508998553998411146088853435881591, "mrr": 1.2091577044895996e-140, "total_revenue": 8.055065502431749, "conversion_rate": 4.5533276059078645e+83, "churn_rate": 0.05, "average_price": 3.7921799418477316e-231, "daily_visitors": 0, "new_customers": 342775121338009618886742580100936400935247071793912904744315018201248137205519078280658944, "churned_customers": 126696446473312482903013872676695406500049323405685298266666134788234919469396843001020416}, "generation": 0, "timestamp": "2025-11-13T17:26:20.875813"}