{"key": "daily_snapshot", "value": {"day": 0, "customers": 7816639523965091846272487395911042091470622334467, "mrr": 7.118915487394071e-72, "total_revenue": 11.37579680016544, "conversion_rate": 1.0033274760049394e+42, "churn_rate": 0.05, "average_price": 9.10738619270869e-121, "daily_visitors": 0, "new_customers": 935554032508360477332951686539454448482912305152, "churned_customers": 348072884580437601181426614988453955717214240768}, "generation": 0, "timestamp": "2025-11-14T05:33:35.807938"}