{"key": "daily_snapshot", "value": {"day": 0, "customers": 6006267716830175711291700817152116111063974423771537456419602818427689859231015279382806, "mrr": 2.3222791838701626e-137, "total_revenue": 6.2331957973706755, "conversion_rate": 8.912356443571126e+80, "churn_rate": 0.05, "average_price": 3.8664263621864525e-225, "daily_visitors": 0, "new_customers": 722228566256646745549263019498605902371522737062704993530270331752682811462566866321408, "churned_customers": 356041823860726132157201679939567755847287398576395116291067578255139633561029876645888}, "generation": 0, "timestamp": "2025-11-14T08:12:03.406601"}