{"key": "daily_snapshot", "value": {"day": 0, "customers": 2663389244854, "mrr": 8.841420110009597e-07, "total_revenue": 3.8452000719313353, "conversion_rate": 414281.75128943805, "churn_rate": 0.05, "average_price": 3.319612455104834e-19, "daily_visitors": 0, "new_customers": 333838439764, "churned_customers": 167724768774}, "generation": 0, "timestamp": "2025-11-13T13:44:05.220023"}