{"key": "daily_snapshot", "value": {"day": 0, "customers": 156840787716431049901964639770443342201546280367416845361384338, "mrr": 2.006126699795994e-91, "total_revenue": 5.414632391501176, "conversion_rate": 2.0427811788332673e+55, "churn_rate": 0.05, "average_price": 1.2790848152478558e-153, "daily_visitors": 0, "new_customers": 18735995437926417966167399425791853592850882824101286658441216, "churned_customers": 6127297213463037997338307039434695997900162413197608072773632}, "generation": 0, "timestamp": "2025-11-13T22:21:46.896359"}