{"key": "daily_snapshot", "value": {"day": 0, "customers": 42964278858599440025311865482343241477960879821031554982255435315786120282386583758606, "mrr": 7.521566465948966e-132, "total_revenue": 5.934471667464104, "conversion_rate": 6.164083981307641e+78, "churn_rate": 0.05, "average_price": 1.7506558158937889e-217, "daily_visitors": 0, "new_customers": 6469296649389441978728261818188570197546734475731498960427258374771478932646703136768, "churned_customers": 1590917766250271828256027574904627587489006538942488523737610063524661501934966931456}, "generation": 0, "timestamp": "2025-11-14T18:06:03.399533"}