{"key": "daily_snapshot", "value": {"day": 0, "customers": 1132561909437301618902108685508739, "mrr": 7.11036437519584e-42, "total_revenue": 4.596591164332845, "conversion_rate": 1.5433265855499774e+26, "churn_rate": 0.05, "average_price": 6.278124238460863e-75, "daily_visitors": 0, "new_customers": 133046161723475212148283849834496, "churned_customers": 68715075011349504701817822380032}, "generation": 0, "timestamp": "2025-11-14T12:03:20.370692"}