{"key": "daily_snapshot", "value": {"day": 0, "customers": 203726758791011122775626520735172967449882245785730020284863346830847124832397054863045809008, "mrr": 1.3917357344768912e-140, "total_revenue": 7.626819946521412, "conversion_rate": 2.531502179040283e+85, "churn_rate": 0.05, "average_price": 6.83138406921093e-233, "daily_visitors": 0, "new_customers": 28237977505284732836348068785251191037944483703944213295777705540660556810124628887733272576, "churned_customers": 14069876369970245682288663475543877885807665725139718818569875967318871344886923380425490432}, "generation": 0, "timestamp": "2025-11-15T02:03:37.619713"}