{"key": "daily_snapshot", "value": {"day": 0, "customers": 57, "mrr": 1.3781754343606794, "total_revenue": 1.3111390908927345, "conversion_rate": 0.19657999950117375, "churn_rate": 0.05, "average_price": 0.02417851639229262, "daily_visitors": 53, "new_customers": 7, "churned_customers": 2}, "generation": 0, "timestamp": "2025-11-15T01:23:46.770602"}