{"key": "daily_snapshot", "value": {"day": 0, "customers": 9917667634420924800495856504332327255575959691627612879672, "mrr": 8.439767448031618e-84, "total_revenue": 8.385937104373125, "conversion_rate": 1.357076891583083e+51, "churn_rate": 0.05, "average_price": 8.509830898889972e-142, "daily_visitors": 0, "new_customers": 1161215532711948929904854626642110686302344639516579463168, "churned_customers": 480343445074260405233567252665261422779767941646535098368}, "generation": 0, "timestamp": "2025-11-13T13:00:54.484565"}