{"key": "daily_snapshot", "value": {"day": 0, "customers": 366900482702970882972025450590179068818, "mrr": 1.7555619509185973e-51, "total_revenue": 5.414632391501176, "conversion_rate": 4.736187726523621e+31, "churn_rate": 0.05, "average_price": 4.784845029325937e-90, "daily_visitors": 0, "new_customers": 34834544454057978377602002517835644928, "churned_customers": 25503623432353513769142307697478074368}, "generation": 0, "timestamp": "2025-11-13T22:10:46.530150"}