{"key": "daily_snapshot", "value": {"day": 0, "customers": 3471735013396274538803929785456665998913113852578145755296822447581638125652560962, "mrr": 1.1604582641663673e-119, "total_revenue": 7.574353924996814, "conversion_rate": 4.868773676206745e+74, "churn_rate": 0.05, "average_price": 3.342588819966223e-201, "daily_visitors": 0, "new_customers": 497529199925830547277611951732529228002056369999335408375137576903051005625630720, "churned_customers": 96519399936578877077067120629281821643206585584471402814209961543530893960806400}, "generation": 0, "timestamp": "2025-11-14T10:59:22.661832"}