{"key": "daily_snapshot", "value": {"day": 0, "customers": 175632686984092370104428198281032789188629855485792925416988938048349966, "mrr": 6.811949156240461e-107, "total_revenue": 5.934471667464104, "conversion_rate": 2.3294036356865484e+64, "churn_rate": 0.05, "average_price": 3.8785201508973335e-178, "daily_visitors": 0, "new_customers": 24624637891149193959033065340967115771194804983726482032495555678044160, "churned_customers": 7808162974105912744347665553692296942730763880920435202409074519965696}, "generation": 0, "timestamp": "2025-11-14T17:59:15.668603"}