{"key": "daily_snapshot", "value": {"day": 0, "customers": 181345487867984458876495977167918456494003424003288436389008296782058352, "mrr": 1.8617575836227715e-104, "total_revenue": 7.626819946521412, "conversion_rate": 2.1336643390173086e+64, "churn_rate": 0.05, "average_price": 1.026635735749924e-175, "daily_visitors": 0, "new_customers": 20670155891958921887185209919439981609440170953103489308100691343966208, "churned_customers": 6915074439974719200739754756689987708728034274029990682414543135571968}, "generation": 0, "timestamp": "2025-11-15T01:53:44.302830"}