{"key": "daily_snapshot", "value": {"day": 0, "customers": 3361812590954825242037104096941188199042884210612057379747674742922177035261819822115083814996690642099633793388203227960, "mrr": 1.441823526726212e-187, "total_revenue": 8.385937104373125, "conversion_rate": 4.599831725760647e+113, "churn_rate": 0.05, "average_price": 4.288827790714842e-308, "daily_visitors": 0, "new_customers": 388526620058831200205720319563451986009994807012553888739652689409299524391529906689124069092393714710009562607470510080, "churned_customers": 126801103682307955532936229960459624308596733849358070547552967702361610916180268318986320555626866970075371083927650304}, "generation": 0, "timestamp": "2025-11-13T13:30:52.012591"}