{"key": "daily_snapshot", "value": {"day": 0, "customers": 66336924357221017712460625872361618593, "mrr": 2.5640329313094203e-49, "total_revenue": 4.323965768575599, "conversion_rate": 1.0396912733513906e+31, "churn_rate": 0.05, "average_price": 3.865167033524544e-87, "daily_visitors": 0, "new_customers": 9265779962924019546663458346239000576, "churned_customers": 3876793452875449495869397917415505920}, "generation": 0, "timestamp": "2025-11-14T14:07:50.512504"}