{"key": "daily_snapshot", "value": {"day": 0, "customers": 23409685938634375743, "mrr": 1.9220313854924538e-18, "total_revenue": 2.4762944740981485, "conversion_rate": 3711194537606.5156, "churn_rate": 0.05, "average_price": 8.210410812562047e-38, "daily_visitors": 0, "new_customers": 3661889272768421376, "churned_customers": 1063691975442503552}, "generation": 0, "timestamp": "2025-11-13T15:51:46.719049"}