{"key": "daily_snapshot", "value": {"day": 0, "customers": 32329963171708323870367005841303838349469388127440315220, "mrr": 7.353377612278156e-81, "total_revenue": 7.997332640408474, "conversion_rate": 4.5272776142996006e+48, "churn_rate": 0.05, "average_price": 2.274477571540519e-136, "daily_visitors": 0, "new_customers": 4441152807745244819943886037098941232272670466915696640, "churned_customers": 2151848821435505832160175990710500710908584523743625216}, "generation": 0, "timestamp": "2025-11-15T16:19:15.230008"}