{"key": "daily_snapshot", "value": {"day": 0, "customers": 138459422932238904638309503782425981698072092624200530205554585313317215521158979011751, "mrr": 1.7885578920465624e-133, "total_revenue": 7.010218214998832, "conversion_rate": 1.8433668657749055e+79, "churn_rate": 0.05, "average_price": 1.2917559918777577e-219, "daily_visitors": 0, "new_customers": 14422756505093615445773254692817912259093631246829464698846266654875440186875927592960, "churned_customers": 6692073673485819881419509034160812596792443689572773116248629298466660885858495758336}, "generation": 0, "timestamp": "2025-11-14T23:59:02.968064"}