{"key": "daily_snapshot", "value": {"day": 0, "customers": 861158343543493507875735901935837912334659254936331020729808642120241562788202491802541280611668166320361513143436527277837188078, "mrr": 8.509375063487884e-195, "total_revenue": 4.058738603221899, "conversion_rate": 1.3463271034037024e+122, "churn_rate": 0.05, "average_price": 1e-323, "daily_visitors": 0, "new_customers": 122666068319677434899117976586112603259928783907698338240142532033944363631361653734912379110508449788634678926617925602699640832, "churned_customers": 50242154889557071113150208694636110946592812992794437116577070882496315421539155516242093343847351204322200928039971139555950592}, "generation": 0, "timestamp": "2025-11-14T15:54:03.179279"}