{"key": "daily_snapshot", "value": {"day": 0, "customers": 5485040045030126090940866258903019529566564430049044417692281049504401420046488944597408204634821272584763349663, "mrr": 1.471805872020299e-180, "total_revenue": 3.5615064647863135, "conversion_rate": 7.810470735374537e+104, "churn_rate": 0.05, "average_price": 2.683309255606748e-292, "daily_visitors": 0, "new_customers": 779694027002772546590962652817053926353462843182006861643767596085636189790546849812324242615295049936087810048, "churned_customers": 239301580082499287621867605104882645123920410425849407189690543745900325200311442753165939393574266697345400832}, "generation": 0, "timestamp": "2025-11-13T12:25:47.784596"}