{"key": "daily_snapshot", "value": {"day": 0, "customers": 245391575929840822404358574083520037162056050644543330863728230165562012204875, "mrr": 1.6176443612879195e-120, "total_revenue": 5.241512577835226, "conversion_rate": 3.0940470439586135e+70, "churn_rate": 0.05, "average_price": 6.5920941057504576e-198, "daily_visitors": 0, "new_customers": 24466545844876645470466264860290921998916782397327340378956808181147490058240, "churned_customers": 10198752206174566187624601672158802702956318540868583211583413495330829762560}, "generation": 0, "timestamp": "2025-11-13T19:42:09.391832"}