{"key": "daily_snapshot", "value": {"day": 0, "customers": 4853591870443077744333425906037885305321200211262966752277934011597810882392568010896707135717123052088444870, "mrr": 2.115415207882769e-171, "total_revenue": 3.6346456800791516, "conversion_rate": 6.225303259532285e+101, "churn_rate": 0.05, "average_price": 4.358453006246805e-280, "daily_visitors": 0, "new_customers": 553284233462798417566670766310660437017248722656514193258360886346221123661000188226713486586596405536620544, "churned_customers": 146184343835139117522056971035327169450866495431618512909253463192329062173343217074524285328654659951263744}, "generation": 0, "timestamp": "2025-11-13T15:30:20.736825"}