{"key": "daily_snapshot", "value": {"day": 0, "customers": 1963701889375314396509996850148268192665254651955089520333212735, "mrr": 1.273604130588669e-93, "total_revenue": 2.4762944740981485, "conversion_rate": 2.6784283926063044e+56, "churn_rate": 0.05, "average_price": 6.485730535167043e-157, "daily_visitors": 0, "new_customers": 221438845082020627228579148783135676483953715891741968891379712, "churned_customers": 58436841952267365193537809312740703572942753262989856733134848}, "generation": 0, "timestamp": "2025-11-13T16:12:20.421676"}