{"key": "daily_snapshot", "value": {"day": 0, "customers": 5363323084127671894115898125335013591772583544893159, "mrr": 3.0959738453343245e-72, "total_revenue": 3.180859164035811, "conversion_rate": 7.936116400514978e+44, "churn_rate": 0.05, "average_price": 5.772491786848741e-124, "daily_visitors": 0, "new_customers": 698434075390834717201253976313363607886027743559680, "churned_customers": 339258395129309992158105005776487265950623856590848}, "generation": 0, "timestamp": "2025-11-14T08:55:41.106668"}