{"key": "daily_snapshot", "value": {"day": 0, "customers": 6774137677409162629969884978645100912705355, "mrr": 3.594843781575905e-61, "total_revenue": 5.241512577835226, "conversion_rate": 9.494446213034641e+35, "churn_rate": 0.05, "average_price": 5.3067179215507015e-104, "daily_visitors": 0, "new_customers": 706570730244145074233058936324978900992000, "churned_customers": 181063753166387044843964874358308198154240}, "generation": 0, "timestamp": "2025-11-13T19:06:47.522549"}