{"key": "daily_snapshot", "value": {"day": 0, "customers": 448424448894448626631630572141451128407248890844772060701363776, "mrr": 9.716702936079334e-89, "total_revenue": 4.61627280770732, "conversion_rate": 7.122862313135897e+55, "churn_rate": 0.05, "average_price": 2.166853961695224e-151, "daily_visitors": 0, "new_customers": 71931822681093529016044152973936244856074388556567187392823296, "churned_customers": 20377346267384218064931572027886491263512385492287756200574976}, "generation": 0, "timestamp": "2025-11-15T17:23:18.443998"}