{"key": "daily_snapshot", "value": {"day": 0, "customers": 393514587152036040828585631488029794415837802684, "mrr": 1.870877518186023e-67, "total_revenue": 7.827191553977371, "conversion_rate": 5.8564194861261e+40, "churn_rate": 0.05, "average_price": 4.754277425205591e-115, "daily_visitors": 0, "new_customers": 53372618607404859544948337808155604378730889216, "churned_customers": 22472655093205943480562618520196905311269814272}, "generation": 0, "timestamp": "2025-11-15T05:05:24.607203"}