{"key": "daily_snapshot", "value": {"day": 0, "customers": 857641916642095646610190685205438159030604526737581954498333403374452549938903238349903101771, "mrr": 4.936097752809034e-147, "total_revenue": 5.241512577835226, "conversion_rate": 1.1956144806952564e+86, "churn_rate": 0.05, "average_price": 5.755429692773432e-240, "daily_visitors": 0, "new_customers": 122611519395062759515892969032838253666535126826244934602790062258089858491054304928787857408, "churned_customers": 53992500772475819977887312970574933223270430659208245633521327114524791423704312638378868736}, "generation": 0, "timestamp": "2025-11-13T20:29:07.592923"}