{"key": "daily_snapshot", "value": {"day": 0, "customers": 619344114841, "mrr": 4.674762834888636e-06, "total_revenue": 4.323964688375584, "conversion_rate": 94725.22561227046, "churn_rate": 0.05, "average_price": 7.547924849643168e-18, "daily_visitors": 0, "new_customers": 101001327436, "churned_customers": 33160724701}, "generation": 0, "timestamp": "2025-11-14T13:55:51.735499"}