{"key": "daily_snapshot", "value": {"day": 0, "customers": 1630205737358060127944515876380287516782703043307652278498593234876423071065200930243350, "mrr": 9.94449170390324e-135, "total_revenue": 8.73321624443256, "conversion_rate": 2.0820144412077746e+80, "churn_rate": 0.05, "average_price": 6.100145200089564e-222, "daily_visitors": 0, "new_customers": 231675165638608143631239987162771862149203256751987806839025236214296694341006788657152, "churned_customers": 65936769648807178009597214409375645081235773519415644128941092717333694989343144280064}, "generation": 0, "timestamp": "2025-11-14T16:35:03.265328"}