{"key": "daily_snapshot", "value": {"day": 0, "customers": 4003232749553437539494997528283215136, "mrr": 5.902543354453949e-50, "total_revenue": 2.640852054669741, "conversion_rate": 4.6581239725141516e+29, "churn_rate": 0.05, "average_price": 1.4744442113969968e-86, "daily_visitors": 0, "new_customers": 457198947349695038093119682244509696, "churned_customers": 183896651823792767812702628862754816}, "generation": 0, "timestamp": "2025-11-14T02:24:19.274780"}