{"key": "daily_snapshot", "value": {"day": 0, "customers": 152906519736103661437570898525166, "mrr": 1.7461682141837192e-41, "total_revenue": 4.058738603221899, "conversion_rate": 2.2932581103467475e+25, "churn_rate": 0.05, "average_price": 1.1419841463904701e-73, "daily_visitors": 0, "new_customers": 18610155971958292116833604468736, "churned_customers": 7604894462366930689432230035456}, "generation": 0, "timestamp": "2025-11-14T15:06:39.101441"}