{"key": "daily_snapshot", "value": {"day": 0, "customers": 47, "mrr": 1.775609797558989, "total_revenue": 1.2128131242307445, "conversion_rate": 0.16999949044881993, "churn_rate": 0.05, "average_price": 0.037778931862957214, "daily_visitors": 57, "new_customers": 8, "churned_customers": 2}, "generation": 0, "timestamp": "2025-11-15T01:23:44.759825"}