{"key": "daily_snapshot", "value": {"day": 0, "customers": 181129191074750786181409, "mrr": 3.252759129745052e-25, "total_revenue": 9.426328809042326, "conversion_rate": 2.7700691050565932e+16, "churn_rate": 0.05, "average_price": 1.7958227000542727e-48, "daily_visitors": 0, "new_customers": 23489573067667319816192, "churned_customers": 8855525225550133067776}, "generation": 0, "timestamp": "2025-11-15T11:58:56.920040"}