{"key": "daily_snapshot", "value": {"day": 0, "customers": 391667331191, "mrr": 3.4415577327482955e-05, "total_revenue": 7.626812423841388, "conversion_rate": 48940.0841413633, "churn_rate": 0.05, "average_price": 8.786941004967274e-17, "daily_visitors": 0, "new_customers": 46309535741, "churned_customers": 15994210049}, "generation": 0, "timestamp": "2025-11-15T01:26:16.446004"}