{"key": "daily_snapshot", "value": {"day": 0, "customers": 228353451605966295463958495762040077832270652040110376740005575896720659575233723561139893543018862975829, "mrr": 1.1109165353716925e-164, "total_revenue": 7.593310615949716, "conversion_rate": 3.1295818464594803e+97, "churn_rate": 0.05, "average_price": 4.8648992496449176e-269, "daily_visitors": 0, "new_customers": 29494498975963186651631556327486917291591754630948268575561181533734980806536803710422004228719009333248, "churned_customers": 9226178697346260998912038089390502324048100449119019860209094638746498262524800205493893144839549091840}, "generation": 0, "timestamp": "2025-11-14T19:16:03.949431"}