{"key": "daily_snapshot", "value": {"day": 0, "customers": 99635589225260989921663095, "mrr": 1.8843302228443022e-29, "total_revenue": 8.055065502431749, "conversion_rate": 1.2226281102278685e+19, "churn_rate": 0.05, "average_price": 1.8912220397313223e-55, "daily_visitors": 0, "new_customers": 10565010073603337013428224, "churned_customers": 6657562368225586890932224}, "generation": 0, "timestamp": "2025-11-13T16:55:55.328134"}