{"key": "daily_snapshot", "value": {"day": 0, "customers": 968090395635596580253617420828412301338969498396242307642156568601682887, "mrr": 6.238661992133842e-110, "total_revenue": 4.928703564447977, "conversion_rate": 1.30027514353523e+65, "churn_rate": 0.05, "average_price": 6.444296958485854e-182, "daily_visitors": 0, "new_customers": 110045448597300788681000903128237196727798384576261697214076844643450880, "churned_customers": 37492024379194169193906877032630858504966053041214542258100816295493632}, "generation": 0, "timestamp": "2025-11-15T06:32:06.584665"}