{"key": "daily_snapshot", "value": {"day": 0, "customers": 487506672472607388643127768993796475926523117392942655055458762075887778915656878, "mrr": 2.733904982080642e-121, "total_revenue": 14.069439877331755, "conversion_rate": 7.896066141368062e+73, "churn_rate": 0.05, "average_price": 5.607933463175846e-202, "daily_visitors": 0, "new_customers": 73615996502696470211245556076138723088344932192879459457677823334275384787075072, "churned_customers": 25239069545281358036596806971450272360876027027355770565593927747027859171966976}, "generation": 0, "timestamp": "2025-11-15T13:26:40.612174"}