{"key": "daily_snapshot", "value": {"day": 0, "customers": 41784644343021647380201722236143189624808043401924319050307713617902392, "mrr": 5.362201136018366e-105, "total_revenue": 8.385937104373125, "conversion_rate": 5.828868733339662e+63, "churn_rate": 0.05, "average_price": 1.283294669687405e-175, "daily_visitors": 0, "new_customers": 5979087850684949370000874363172756269954558393404106913762431238930432, "churned_customers": 2543904672957610330374626582624712006252960334370826306223441929306112}, "generation": 0, "timestamp": "2025-11-13T13:06:45.977860"}