{"key": "daily_snapshot", "value": {"day": 0, "customers": 4993220578642995835156812618437156118394763587970917319, "mrr": 4.034805633025249e-80, "total_revenue": 4.928703564447977, "conversion_rate": 6.861843391337898e+47, "churn_rate": 0.05, "average_price": 8.08056758053694e-135, "daily_visitors": 0, "new_customers": 701057414626986889033851744038532388400097638762938368, "churned_customers": 186213526091031227568668986264408347430667016726380544}, "generation": 0, "timestamp": "2025-11-15T06:23:57.990663"}