{"key": "daily_snapshot", "value": {"day": 0, "customers": 24770001402828272321328421769964526157031575284773605386346402311016949976640, "mrr": 5.130157570713873e-112, "total_revenue": 4.61627280770732, "conversion_rate": 3.0563409783998277e+69, "churn_rate": 0.05, "average_price": 2.071117190218691e-188, "daily_visitors": 0, "new_customers": 3302090683741903658427735427573264841234979590533175585839488573004375392256, "churned_customers": 828896617183845104359746839678522927804911478554713456790968203310276804608}, "generation": 0, "timestamp": "2025-11-15T17:29:43.958552"}