{"key": "daily_snapshot", "value": {"day": 0, "customers": 364054664318382465401693690855083399071452609697288104091, "mrr": 5.248290055487592e-83, "total_revenue": 13.18914372001125, "conversion_rate": 4.734712551033523e+49, "churn_rate": 0.05, "average_price": 1.4416214293844955e-139, "daily_visitors": 0, "new_customers": 51225249805062780091387865425012384748539882972628647936, "churned_customers": 23556867558900201331841688118900598708376857456098148352}, "generation": 0, "timestamp": "2025-11-13T18:11:47.654384"}