{"key": "daily_snapshot", "value": {"day": 0, "customers": 75292760927164983697339194015, "mrr": 1.288144736773183e-34, "total_revenue": 3.5615064647863135, "conversion_rate": 9.423041390082787e+21, "churn_rate": 0.05, "average_price": 1.710848056188668e-63, "daily_visitors": 0, "new_customers": 9979377769007959426816016384, "churned_customers": 5003911626841261171441401856}, "generation": 0, "timestamp": "2025-11-13T11:46:16.516407"}