{"key": "daily_snapshot", "value": {"day": 0, "customers": 4635377049877640951597663202325469979643818844187000651, "mrr": 1.6473533024344301e-81, "total_revenue": 5.241512577835226, "conversion_rate": 6.163462713656723e+47, "churn_rate": 0.05, "average_price": 3.553871205532061e-136, "daily_visitors": 0, "new_customers": 657606310446799038853896917644141617965310735609233408, "churned_customers": 259852345161083856045467493360557210487503189379645440}, "generation": 0, "timestamp": "2025-11-13T19:12:21.320406"}