{"key": "daily_snapshot", "value": {"day": 0, "customers": 5792662585688536884569546845094768933055751111, "mrr": 3.768716265452474e-64, "total_revenue": 4.928703564447977, "conversion_rate": 8.499327811044813e+38, "churn_rate": 0.05, "average_price": 6.506017241127657e-110, "daily_visitors": 0, "new_customers": 743273339390016187133786352186317683598295040, "churned_customers": 358800191584627310661069481842523123293880320}, "generation": 0, "timestamp": "2025-11-15T06:19:39.685973"}