{"key": "daily_snapshot", "value": {"day": 0, "customers": 293529136546888821503774655582962306519555938050399993030600518133647844338541317183, "mrr": 3.353148353957012e-128, "total_revenue": 2.4762944740981485, "conversion_rate": 3.965964049868651e+76, "churn_rate": 0.05, "average_price": 1.1423562217379313e-211, "daily_visitors": 0, "new_customers": 38585581053937011940584221587298892337387554646876467791039128303656683450444808192, "churned_customers": 10297435767202278561795837430473019163578870461789740397703553022383350629483413504}, "generation": 0, "timestamp": "2025-11-13T16:21:48.137449"}