{"key": "daily_snapshot", "value": {"day": 0, "customers": 2195504983987950971918576901, "mrr": 2.085096225794733e-34, "total_revenue": 1.5620171583249602, "conversion_rate": 3.017978032315694e+20, "churn_rate": 0.05, "average_price": 9.497114518079254e-62, "daily_visitors": 0, "new_customers": 224743985670249965726728192, "churned_customers": 105412273412925857449639936}, "generation": 0, "timestamp": "2025-11-13T21:04:47.686549"}