{"key": "daily_snapshot", "value": {"day": 0, "customers": 89164705971462668489834600779065388420099252578986837838945992639284965443389426270669266990785528287453666285861264014446582552663530, "mrr": 8.810643608407111e-190, "total_revenue": 5.620306961549841, "conversion_rate": 1.0526012097525923e+127, "churn_rate": 0.05, "average_price": 1e-323, "daily_visitors": 0, "new_customers": 11660992213519273990043843884065143400887873342149008106685899968983138115111551278521094748774426389643697428954337369600642301034496, "churned_customers": 4285231168624743432240428916269667486723879438218247652059235833890765049482362873649317286702542466037805714905299040131571651706880}, "generation": 0, "timestamp": "2025-11-15T03:43:33.367398"}