{"key": "daily_snapshot", "value": {"day": 0, "customers": 3987836315712519330513639662605452754283725864120384801921655712673167876905675989, "mrr": 1.650136573276504e-122, "total_revenue": 5.438023679800494, "conversion_rate": 5.804142074723011e+74, "churn_rate": 0.05, "average_price": 4.1379245351038656e-204, "daily_visitors": 0, "new_customers": 585958641976911340308153502948356728862491956078877601768227659966120435256393728, "churned_customers": 240890658862281970809996477035466887099488754628319343577723309522775528297201664}, "generation": 0, "timestamp": "2025-11-14T20:05:58.547021"}