{"key": "daily_snapshot", "value": {"day": 0, "customers": 22223177377024770292603658917944179822075054228130844314791145959682236, "mrr": 1.5678422873635323e-106, "total_revenue": 7.827191553977371, "conversion_rate": 3.636143253888196e+63, "churn_rate": 0.05, "average_price": 7.054987055921319e-177, "daily_visitors": 0, "new_customers": 2897398558539761080491356739423376810969643487895877831143302082068480, "churned_customers": 860217510434138485315499744081333356012591380160495762896600843681792}, "generation": 0, "timestamp": "2025-11-15T05:16:06.132597"}