{"key": "daily_snapshot", "value": {"day": 0, "customers": 2101948159917299694343145217016463635717269052713109761, "mrr": 9.428532486420165e-79, "total_revenue": 6.966800923949336, "conversion_rate": 3.130256819668526e+47, "churn_rate": 0.05, "average_price": 4.4856160899758475e-133, "daily_visitors": 0, "new_customers": 253237802243870562771661094983829384200952085194211328, "churned_customers": 62869217436783758565885446470402715623553251370074112}, "generation": 0, "timestamp": "2025-11-14T04:34:34.116160"}