{"key": "daily_snapshot", "value": {"day": 0, "customers": 17622359785340171279822415321363894502693845103904, "mrr": 1.868391830846107e-70, "total_revenue": 2.640852054669741, "conversion_rate": 2.4145528613325954e+42, "churn_rate": 0.05, "average_price": 1.0602392946263643e-119, "daily_visitors": 0, "new_customers": 2653385251403890615081720710237503471977691611136, "churned_customers": 1018853510198316021581768175116386578702752808960}, "generation": 0, "timestamp": "2025-11-14T02:30:02.810699"}