{"key": "daily_snapshot", "value": {"day": 0, "customers": 86069108037788066283539527147881217052459623030260532753491712267481129642049255647645592679662838169340657923021943, "mrr": 1.4357102308381248e-185, "total_revenue": 3.0646080228541357, "conversion_rate": 1.1274984341544365e+109, "churn_rate": 0.05, "average_price": 1.6680900541083638e-301, "daily_visitors": 0, "new_customers": 9731700256871355751519661222975373958848782017204338662371428152585682162600542791620444960113651703481794180415488, "churned_customers": 4935170982543945621418107778057138967596015506960263159727665454561931349087322838490205572275709257039908079403008}, "generation": 0, "timestamp": "2025-11-14T21:35:49.487195"}