{"key": "daily_snapshot", "value": {"day": 0, "customers": 167035085590340939624578049852010541797397, "mrr": 6.21061142197013e-58, "total_revenue": 6.513341788556554, "conversion_rate": 2.221201135023425e+34, "churn_rate": 0.05, "average_price": 3.71814783703698e-99, "daily_visitors": 0, "new_customers": 20668974826296925960635707794888484454400, "churned_customers": 11610123991257865850639525328266129833984}, "generation": 0, "timestamp": "2025-11-15T00:39:21.589577"}