{"key": "daily_snapshot", "value": {"day": 0, "customers": 386678779779, "mrr": 7.125542897274443e-06, "total_revenue": 4.816592603209133, "conversion_rate": 63515.8031328743, "churn_rate": 0.05, "average_price": 1.8427550902449137e-17, "daily_visitors": 0, "new_customers": 48551849360, "churned_customers": 19308743911}, "generation": 0, "timestamp": "2025-11-15T20:04:01.915470"}