{"key": "daily_snapshot", "value": {"day": 0, "customers": 213475412585434613463223102160181468117337104274844967453890685634402773, "mrr": 8.804473293029308e-111, "total_revenue": 5.250998821828405, "conversion_rate": 3.0486363795833315e+64, "churn_rate": 0.05, "average_price": 4.124350053430947e-182, "daily_visitors": 0, "new_customers": 23386554988530142289940395510600383123620232148188446185112740657364992, "churned_customers": 9965998148598617170927313060706119982861420736712206573412199021150208}, "generation": 0, "timestamp": "2025-11-14T22:16:19.917157"}