{"key": "daily_snapshot", "value": {"day": 0, "customers": 178733825883694681423215159434762913235059970754797051639217517245773437397, "mrr": 1.6280631367710661e-115, "total_revenue": 5.250998821828405, "conversion_rate": 2.7002704591334915e+67, "churn_rate": 0.05, "average_price": 9.10886973252884e-190, "daily_visitors": 0, "new_customers": 20464060970955192758579729950915751557123021164768345508966178911877595136, "churned_customers": 7008136389148355846198471100538888279458244962274796239720345280740065280}, "generation": 0, "timestamp": "2025-11-14T22:17:39.343576"}