{"key": "daily_snapshot", "value": {"day": 0, "customers": 338662364380938341385111194494331977377465327551002343918409124097, "mrr": 4.517882580743546e-98, "total_revenue": 6.966800923949336, "conversion_rate": 4.862771459835854e+58, "churn_rate": 0.05, "average_price": 1.33403739414684e-163, "daily_visitors": 0, "new_customers": 43711460162210156234290715276987058009091882551520220306561040384, "churned_customers": 22886358222205621792611880610877424396551563312377814026576461824}, "generation": 0, "timestamp": "2025-11-14T04:39:50.713866"}