{"key": "daily_snapshot", "value": {"day": 0, "customers": 30977900975696043863516946535807854368447561288254561569662389269733676394062822419036541071257685050727276010839555, "mrr": 1.709746873672842e-183, "total_revenue": 11.37579680016544, "conversion_rate": 4.898531647859409e+108, "churn_rate": 0.05, "average_price": 5.519247011003869e-299, "daily_visitors": 0, "new_customers": 5056539929632113309366941057368873269908326772268243160423222419708728283182895875888857068671302514588753044963328, "churned_customers": 1388626173600150969681734509026352757022791783609578745421123951764700655950326745333843430901354547591177626976256}, "generation": 0, "timestamp": "2025-11-14T06:22:35.124630"}