{"key": "daily_snapshot", "value": {"day": 0, "customers": 1900194257566894858518641477340817110343913154276661762264455862644924, "mrr": 2.8387982888452366e-105, "total_revenue": 7.827191553977371, "conversion_rate": 2.769035288777383e+62, "churn_rate": 0.05, "average_price": 1.4939516197044918e-174, "daily_visitors": 0, "new_customers": 270271434832561358695985667618701740908867177419180745364077384040448, "churned_customers": 65714496856004370658411014727721518638888255217585432663517030252544}, "generation": 0, "timestamp": "2025-11-15T05:15:41.995389"}