{"key": "daily_snapshot", "value": {"day": 0, "customers": 6998302387988018745622, "mrr": 1.8466590561116073e-22, "total_revenue": 6.2331957973706755, "conversion_rate": 958736121320557.6, "churn_rate": 0.05, "average_price": 2.6387242987402743e-44, "daily_visitors": 0, "new_customers": 787272365285182799872, "churned_customers": 163327516145412833280}, "generation": 0, "timestamp": "2025-11-14T07:40:48.946136"}