{"key": "daily_snapshot", "value": {"day": 0, "customers": 13122559959569792903728120494800162002441207743094455467334976317334013194581592583434772301826451832348983322289567002812, "mrr": 7.408772351927026e-194, "total_revenue": 7.827191553977371, "conversion_rate": 2.1075585080149726e+114, "churn_rate": 0.05, "average_price": 5.64582854e-315, "daily_visitors": 0, "new_customers": 1631395660591942212422449250195576282124374097387467209200648280754063099801096651717468027542390649422411930886595411968, "churned_customers": 717376907513143611738857395372177383553918205422912673205914489404097853112538432621242495314988125355805451905117716480}, "generation": 0, "timestamp": "2025-11-15T05:53:58.338321"}