{"key": "daily_snapshot", "value": {"day": 0, "customers": 18844233645112817851849847, "mrr": 5.568535936169355e-30, "total_revenue": 3.0646080228541357, "conversion_rate": 2.776700207586072e+18, "churn_rate": 0.05, "average_price": 2.955034437080191e-55, "daily_visitors": 0, "new_customers": 2314225037181946595115008, "churned_customers": 729714518923309584744448}, "generation": 0, "timestamp": "2025-11-14T20:53:15.506342"}