{"key": "daily_snapshot", "value": {"day": 0, "customers": 883759749490238584868451608709349416774968529550340, "mrr": 2.265519281277007e-71, "total_revenue": 4.445436838349596, "conversion_rate": 1.1018440242670026e+44, "churn_rate": 0.05, "average_price": 2.563501316487632e-122, "daily_visitors": 0, "new_customers": 117179850686520194920669050963324172303152787226624, "churned_customers": 40186025773925964790183594976150416250467407364096}, "generation": 0, "timestamp": "2025-11-15T18:19:29.943174"}