{"key": "daily_snapshot", "value": {"day": 0, "customers": 37925270626630426711929402251195607534260393637152, "mrr": 3.454000860597144e-71, "total_revenue": 2.640852054669741, "conversion_rate": 5.444531964544843e+42, "churn_rate": 0.05, "average_price": 9.10738619270869e-121, "daily_visitors": 0, "new_customers": 5642449805389987688090211960845048150699576131584, "churned_customers": 2256721970465807006870290274415260504794788265984}, "generation": 0, "timestamp": "2025-11-14T02:30:13.852274"}