{"key": "daily_snapshot", "value": {"day": 0, "customers": 3179432188, "mrr": 0.006414131546756762, "total_revenue": 4.057333648469977, "conversion_rate": 422.78697420787415, "churn_rate": 0.05, "average_price": 2.017382717255413e-12, "daily_visitors": 0, "new_customers": 410743557, "churned_customers": 132581236}, "generation": 0, "timestamp": "2025-11-14T14:56:04.125043"}