{"key": "daily_snapshot", "value": {"day": 0, "customers": 216024357776929399738768107675, "mrr": 1.625451371499419e-35, "total_revenue": 13.18914372001125, "conversion_rate": 2.6397516415719583e+22, "churn_rate": 0.05, "average_price": 7.5243893245496365e-65, "daily_visitors": 0, "new_customers": 26636950257676693131061362688, "churned_customers": 11501827944863188811228643328}, "generation": 0, "timestamp": "2025-11-13T17:58:53.444194"}