{"key": "daily_snapshot", "value": {"day": 0, "customers": 193160612323308820249482345852420197693742705969232953829389488545997124804966372365986194970413150239541420085703439431, "mrr": 5.638020134245071e-193, "total_revenue": 8.531929138055917, "conversion_rate": 2.4676024552256445e+112, "churn_rate": 0.05, "average_price": 2.91882494388e-312, "daily_visitors": 0, "new_customers": 20432327274436542495490534967353162084513678564500988881904516909672628242766642139446921014748893433621416917747105792, "churned_customers": 10292649464299026405892957270417981434254923096067852126983095420532020435905967924323803842030923970404061784664178688}, "generation": 0, "timestamp": "2025-11-13T11:58:11.996383"}