{"key": "daily_snapshot", "value": {"day": 0, "customers": 64498129659, "mrr": 0.00150015162498562, "total_revenue": 11.375496548947247, "conversion_rate": 7891.100781554273, "churn_rate": 0.05, "average_price": 2.325883917745963e-14, "daily_visitors": 0, "new_customers": 8718150676, "churned_customers": 3243588740}, "generation": 0, "timestamp": "2025-11-14T05:15:12.223188"}