{"key": "daily_snapshot", "value": {"day": 0, "customers": 461916171839260323040661488425116391719614901221851233141411461296199966879191682008493701998104275462946177529706009772086831707207, "mrr": 4.564338235285607e-192, "total_revenue": 8.531929138055917, "conversion_rate": 6.586220402849755e+124, "churn_rate": 0.05, "average_price": 1e-323, "daily_visitors": 0, "new_customers": 60384994847573450627882716715680187945858272851620073646666434783484468880764467941591903307664832830253260402766287506026688151552, "churned_customers": 13106189488873157376756307033978236877669461015913301794695358555188108807328396217620767597321641813823839343310384142108049014784}, "generation": 0, "timestamp": "2025-11-13T12:03:57.240914"}