{"key": "daily_snapshot", "value": {"day": 0, "customers": 177243848514265322329230339325809913525697200941602066602342121572938045288033509793857160359, "mrr": 2.011821136709071e-144, "total_revenue": 7.010218214998832, "conversion_rate": 2.421578677535738e+85, "churn_rate": 0.05, "average_price": 1.135058369344283e-236, "daily_visitors": 0, "new_customers": 20697352303623294533439655774409991312823685896768211160616553235408847273781147525305073664, "churned_customers": 9860563874107791946496080767961723447958453394211572628315581979490035429187968042922934272}, "generation": 0, "timestamp": "2025-11-15T00:01:59.810071"}