{"key": "daily_snapshot", "value": {"day": 0, "customers": 7975372599911008024836655957674531669, "mrr": 4.4857948164646145e-49, "total_revenue": 7.593310615949716, "conversion_rate": 9.624065019966213e+29, "churn_rate": 0.05, "average_price": 5.6245583015327315e-86, "daily_visitors": 0, "new_customers": 701369654250642105320408030090625024, "churned_customers": 279185738297072998434397836942508032}, "generation": 0, "timestamp": "2025-11-14T18:44:26.187919"}