{"key": "daily_snapshot", "value": {"day": 0, "customers": 64908488981567169788932, "mrr": 5.17648759143267e-24, "total_revenue": 4.445436838349596, "conversion_rate": 8353454154607337.0, "churn_rate": 0.05, "average_price": 7.975054838979071e-47, "daily_visitors": 0, "new_customers": 6542497127822646050816, "churned_customers": 1593585782637873332224}, "generation": 0, "timestamp": "2025-11-15T18:06:26.588527"}