{"key": "daily_snapshot", "value": {"day": 0, "customers": 711682522702607668512, "mrr": 1.0424627636918792e-21, "total_revenue": 2.640852054669741, "conversion_rate": 101947636218045.8, "churn_rate": 0.05, "average_price": 1.46478623604966e-42, "daily_visitors": 0, "new_customers": 80717201614629224448, "churned_customers": 16188196970536495104}, "generation": 0, "timestamp": "2025-11-14T02:16:43.321891"}