{"key": "daily_snapshot", "value": {"day": 0, "customers": 12290291218946629, "mrr": 6.648723084323125e-13, "total_revenue": 7.058512489256268, "conversion_rate": 1752275224.8353152, "churn_rate": 0.05, "average_price": 5.409735998829303e-29, "daily_visitors": 0, "new_customers": 1710639419565450, "churned_customers": 797134366333523}, "generation": 0, "timestamp": "2025-11-15T07:06:50.918354"}