{"key": "daily_snapshot", "value": {"day": 0, "customers": 110318647463087576774679147081625937579496641610257416871805172420663588990931779726881636920475141037396966686114, "mrr": 3.973100404093882e-180, "total_revenue": 8.401501509864964, "conversion_rate": 1.4849969884341564e+106, "churn_rate": 0.05, "average_price": 3.601476718089092e-293, "daily_visitors": 0, "new_customers": 12089678952397922304840057332131193519121008820600472207622342126341953673193118918550206252169377344006263930880, "churned_customers": 6657856322202165406525592807873796523448232742563325534079424139686175239420119076341266471151684122733375913984}, "generation": 0, "timestamp": "2025-11-14T13:42:18.618078"}