{"key": "daily_snapshot", "value": {"day": 0, "customers": 164016376513364001393652287692146296766302940726677341211458764061231068993604394465280830677, "mrr": 2.0381027963650847e-139, "total_revenue": 5.438023679800494, "conversion_rate": 2.3443035948212844e+85, "churn_rate": 0.05, "average_price": 1.2426215233446648e-231, "daily_visitors": 0, "new_customers": 22317984735000965082753009618835860388940825782331898853172414930687833125671781385988210688, "churned_customers": 6515263945539666775571670322356352285722876862699538754143347678191997863635259259952824320}, "generation": 0, "timestamp": "2025-11-14T20:10:44.090232"}