{"key": "daily_snapshot", "value": {"day": 0, "customers": 6927473124872309630411070293674351371438, "mrr": 4.405976797674964e-54, "total_revenue": 14.069439877331755, "conversion_rate": 9.288674954767013e+32, "churn_rate": 0.05, "average_price": 6.360149968472345e-94, "daily_visitors": 0, "new_customers": 826404033040405478100482549603266199552, "churned_customers": 451475856046855528898480355847939555328}, "generation": 0, "timestamp": "2025-11-15T13:07:59.672176"}