{"key": "daily_snapshot", "value": {"day": 0, "customers": 6960913000, "mrr": 0.04285530268102577, "total_revenue": 6.224146630158433, "conversion_rate": 884.3833360706035, "churn_rate": 0.05, "average_price": 6.156563468186683e-12, "daily_visitors": 0, "new_customers": 942862890, "churned_customers": 278561150}, "generation": 0, "timestamp": "2025-11-14T07:35:13.589202"}