{"key": "daily_snapshot", "value": {"day": 0, "customers": 43348, "mrr": 0.1741438758563474, "total_revenue": 2.0576258425354697, "conversion_rate": 6.016520895200869, "churn_rate": 0.05, "average_price": 4.017345110647491e-06, "daily_visitors": 12, "new_customers": 14394, "churned_customers": 1722}, "generation": 0, "timestamp": "2025-11-14T12:52:40.308101"}