{"key": "daily_snapshot", "value": {"day": 0, "customers": 8122317361292114662253986987051023168583, "mrr": 9.306086320230316e-56, "total_revenue": 8.531929138055917, "conversion_rate": 9.857491968642322e+32, "churn_rate": 0.05, "average_price": 1.145742761121302e-95, "daily_visitors": 0, "new_customers": 880035518299044560428870823615951536128, "churned_customers": 244849502364310294683313965907807567872}, "generation": 0, "timestamp": "2025-11-13T11:20:50.022439"}