{"key": "daily_snapshot", "value": {"day": 0, "customers": 632737937419132971195320333383, "mrr": 5.489020754588253e-37, "total_revenue": 8.531929138055917, "conversion_rate": 8.855360223581642e+22, "churn_rate": 0.05, "average_price": 8.675030261307475e-67, "daily_visitors": 0, "new_customers": 75999721192000380238645166080, "churned_customers": 26009383508685604794277036032}, "generation": 0, "timestamp": "2025-11-13T11:15:51.011438"}