{"key": "daily_snapshot", "value": {"day": 0, "customers": 139513593485909700952892639224718168886152023106, "mrr": 7.796893315644267e-64, "total_revenue": 7.574353924996814, "conversion_rate": 1.9142067777521646e+40, "churn_rate": 0.05, "average_price": 5.58862625557109e-111, "daily_visitors": 0, "new_customers": 16020628452170773987025292761009162243417309184, "churned_customers": 8791286108906886424013418231048068447304941568}, "generation": 0, "timestamp": "2025-11-14T10:41:39.917861"}