{"key": "daily_snapshot", "value": {"day": 0, "customers": 48336369484069981650757787, "mrr": 9.141480728886967e-30, "total_revenue": 13.18914372001125, "conversion_rate": 6.703323302963578e+18, "churn_rate": 0.05, "average_price": 1.8912220397313223e-55, "daily_visitors": 0, "new_customers": 5477557499678114793390080, "churned_customers": 1794973630462409251487744}, "generation": 0, "timestamp": "2025-11-13T17:57:14.953164"}