{"key": "daily_snapshot", "value": {"day": 0, "customers": 52295674486678896793865147222054033929368787437746603146459865433660741205791451481750839373543, "mrr": 3.470110157756003e-147, "total_revenue": 3.180859164035811, "conversion_rate": 6.722199086756762e+87, "churn_rate": 0.05, "average_price": 6.635558661051274e-242, "daily_visitors": 0, "new_customers": 5698428692648017224442884813033173119096530040633734640722829189274236154237499475087560015872, "churned_customers": 2626692501969705593668363951090779864536810077588820058697428588260682108623043553941272920064}, "generation": 0, "timestamp": "2025-11-14T09:25:20.686843"}