{"key": "daily_snapshot", "value": {"day": 0, "customers": 17698636139192562792218879796494816462936308095091614465156030038073487005033409562796999, "mrr": 6.77702582871575e-140, "total_revenue": 4.928703564447977, "conversion_rate": 2.8994473995208445e+81, "churn_rate": 0.05, "average_price": 3.8291232021593093e-228, "daily_visitors": 0, "new_customers": 2187744278354116023383369622374402327963148396924157108181386852881638753985669766316032, "churned_customers": 1197805543706983753951715690129104867191039655234675035945655876051240718002992780935168}, "generation": 0, "timestamp": "2025-11-15T06:40:06.290942"}