{"key": "daily_snapshot", "value": {"day": 0, "customers": 14435750395462207042317573, "mrr": 1.74727739570933e-30, "total_revenue": 1.5620171583249602, "conversion_rate": 1.901360214289799e+18, "churn_rate": 0.05, "average_price": 1.2103821054280464e-55, "daily_visitors": 0, "new_customers": 1503341663503354804830208, "churned_customers": 470531524824809739386880}, "generation": 0, "timestamp": "2025-11-13T21:03:44.454613"}