{"key": "daily_snapshot", "value": {"day": 0, "customers": 13286692056981089680716445965014586286654359569932529997689498637417854710814827285166534637266, "mrr": 8.816462455542205e-148, "total_revenue": 7.180499208388138, "conversion_rate": 1.7666187717606035e+87, "churn_rate": 0.05, "average_price": 6.635558661051274e-242, "daily_visitors": 0, "new_customers": 1723843793198852198494028419643729684623912868374387374682396812015041518606542838364937125888, "churned_customers": 901833759693625461945950900371483404392153698475115310711542835437948704167976883158639443968}, "generation": 0, "timestamp": "2025-11-15T19:41:36.795225"}