{"key": "daily_snapshot", "value": {"day": 0, "customers": 2746646333911129327215535122516480997965498048210670579926412237136479849316852382301585239680174523854158270016, "mrr": 1.185563189505055e-171, "total_revenue": 4.61627280770732, "conversion_rate": 3.283242451328631e+104, "churn_rate": 0.05, "average_price": 4.316402788621329e-283, "daily_visitors": 0, "new_customers": 313398460503127678912278026302863036809205843475649002102238818507572611034576336396698696922522539937654374400, "churned_customers": 94104467429022873607366462896241533783392192149579194911160906128824313627035533872881604305872649504201637888}, "generation": 0, "timestamp": "2025-11-15T17:46:07.463661"}