{"key": "daily_snapshot", "value": {"day": 0, "customers": 36043871849, "mrr": 0.00021976543885232852, "total_revenue": 4.445385676373973, "conversion_rate": 4830.086782865715, "churn_rate": 0.05, "average_price": 6.097165137335979e-15, "daily_visitors": 0, "new_customers": 3683337522, "churned_customers": 2403065382}, "generation": 0, "timestamp": "2025-11-15T18:00:55.810843"}