{"key": "daily_snapshot", "value": {"day": 0, "customers": 70317297552229655820678046223730532887136967473154609483407098625337213846856708346269717, "mrr": 3.9181554976731766e-138, "total_revenue": 6.513341788556554, "conversion_rate": 9.161522923302008e+81, "churn_rate": 0.05, "average_price": 5.572107623679485e-227, "daily_visitors": 0, "new_customers": 8813539801203103726509015930115026684949712598332650319161264506178924821828949579399168, "churned_customers": 3138213886211544451153755892370495926964976839242864681400676177371803822470952980054016}, "generation": 0, "timestamp": "2025-11-15T01:01:27.261325"}