{"key": "daily_snapshot", "value": {"day": 0, "customers": 2009865289636944453814871086330922896260823856866092665326572, "mrr": 3.0219469741323896e-89, "total_revenue": 3.8452002827692775, "conversion_rate": 2.859811720455366e+53, "churn_rate": 0.05, "average_price": 1.5035569745464206e-149, "daily_visitors": 0, "new_customers": 232602674625662576219784512287565512170755554566141655384064, "churned_customers": 80219373090743366843743923052633324922387356093168972988416}, "generation": 0, "timestamp": "2025-11-13T14:06:35.989146"}