{"key": "daily_snapshot", "value": {"day": 0, "customers": 8170330332449970207015624079514093951450094, "mrr": 1.2322982001990544e-59, "total_revenue": 4.058738603221899, "conversion_rate": 1.050265789150923e+36, "churn_rate": 0.05, "average_price": 1.508259947954314e-102, "daily_visitors": 0, "new_customers": 1075676479590286240386787128074632423276544, "churned_customers": 263707085360496195643387119298096712908800}, "generation": 0, "timestamp": "2025-11-14T15:11:38.490194"}