{"key": "daily_snapshot", "value": {"day": 0, "customers": 7339437848627986657551183418519154807642520051178889762915298356092332507879480500985128692786986041169718376427077048221406425276, "mrr": 7.25232820158815e-194, "total_revenue": 7.827191553977371, "conversion_rate": 9.30214817321605e+122, "churn_rate": 0.05, "average_price": 1e-323, "daily_visitors": 0, "new_customers": 691450526230177603391637101968939868268897254042581061106434689320268854230100105021747455409639771254465297717071819758148517888, "churned_customers": 177876648177459475893545853868502513016758830030575091663701890295931151420860838950295157628146871806732110963343743056590405632}, "generation": 0, "timestamp": "2025-11-15T05:58:06.668948"}