{"key": "daily_snapshot", "value": {"day": 0, "customers": 7029888953590685593895155428770345304853, "mrr": 2.131993675543969e-53, "total_revenue": 2.963987135955569, "conversion_rate": 9.512083144427611e+32, "churn_rate": 0.05, "average_price": 3.0327558367120464e-93, "daily_visitors": 0, "new_customers": 890751582320069354504532137234009161728, "churned_customers": 200011970030616936797254185951946604544}, "generation": 0, "timestamp": "2025-11-14T00:27:42.456925"}