{"key": "daily_snapshot", "value": {"day": 0, "customers": 34464408014151807109187479310, "mrr": 4.393113066159542e-34, "total_revenue": 5.934471667464104, "conversion_rate": 4.846149492300067e+21, "churn_rate": 0.05, "average_price": 1.274681133172413e-62, "daily_visitors": 0, "new_customers": 3705847764303528490327605248, "churned_customers": 2061006287519794512640606208}, "generation": 0, "timestamp": "2025-11-14T17:23:35.250202"}