{"key": "daily_snapshot", "value": {"day": 0, "customers": 62191830077037814941331492665927557731704995807514418775421937622519294332048003929, "mrr": 3.6375154703243454e-129, "total_revenue": 4.2636659399133805, "conversion_rate": 8.002021946763199e+75, "churn_rate": 0.05, "average_price": 5.848863855298209e-212, "daily_visitors": 0, "new_customers": 6201566148876524476600546648601804180798995874337515164149741390994539833244778496, "churned_customers": 2957710847432513473446105596887408539475055591647621791868822203685432625794646016}, "generation": 0, "timestamp": "2025-11-15T15:31:08.429626"}