{"key": "daily_snapshot", "value": {"day": 0, "customers": 4022909292219305167070770620732076234405828181012799259516431572482693489410292814947626613340721119908163772, "mrr": 2.19170763731643e-171, "total_revenue": 7.827191553977371, "conversion_rate": 5.454433390457601e+101, "churn_rate": 0.05, "average_price": 5.448066257808506e-280, "daily_visitors": 0, "new_customers": 608785729879264281448989062951134253758860936265420920332082880670648589014971971181116103834977012358840320, "churned_customers": 168697215742030277160402674510301451172544357064897448381358516631367352605914686836543558550716804140892160}, "generation": 0, "timestamp": "2025-11-15T05:47:55.362874"}