{"key": "daily_snapshot", "value": {"day": 0, "customers": 2106187455552278799, "mrr": 1.1175122354605413e-16, "total_revenue": 3.5615064647863135, "conversion_rate": 374118668979.7928, "churn_rate": 0.05, "average_price": 5.305853629099268e-35, "daily_visitors": 0, "new_customers": 314563791490647296, "churned_customers": 140790515816832656}, "generation": 0, "timestamp": "2025-11-13T11:41:21.650311"}