{"key": "daily_snapshot", "value": {"day": 0, "customers": 845493363133866528945956602231392629250246008037298840255747586948100, "mrr": 8.162761615061063e-103, "total_revenue": 4.445436838349596, "conversion_rate": 1.2353602921167114e+62, "churn_rate": 0.05, "average_price": 9.654436061810525e-172, "daily_visitors": 0, "new_customers": 108856504705576768937535471046918589942435440363090045186629533958144, "churned_customers": 54102145552128647243786808413465447410348940733551021409953409662976}, "generation": 0, "timestamp": "2025-11-15T18:28:03.037220"}