{"key": "daily_snapshot", "value": {"day": 0, "customers": 15345063772098119105875037469457822451915235356058503095800244239060737539, "mrr": 4.624806077247845e-114, "total_revenue": 11.37579680016544, "conversion_rate": 2.265038543978909e+66, "churn_rate": 0.05, "average_price": 3.013872178007572e-187, "daily_visitors": 0, "new_customers": 1966772775349641827731638823638279426631092690724115387534827045745852416, "churned_customers": 929623642396006456331048001024961505670795081969568444905706172765437952}, "generation": 0, "timestamp": "2025-11-14T06:03:16.310724"}