{"key": "daily_snapshot", "value": {"day": 0, "customers": 42449485002031454111108920073041606714196, "mrr": 1.0199748345469043e-55, "total_revenue": 7.997332640408474, "conversion_rate": 5.1541006342315855e+33, "churn_rate": 0.05, "average_price": 2.402796722971062e-96, "daily_visitors": 0, "new_customers": 5556830079265045904640407604749454540800, "churned_customers": 1922515830473147671369695761833809412096}, "generation": 0, "timestamp": "2025-11-15T16:12:18.434410"}