{"key": "daily_snapshot", "value": {"day": 0, "customers": 1730812818258198864921261357103546018985698007612679449901475953250294354543991490158762837, "mrr": 1.6024300909403526e-140, "total_revenue": 7.593310615949716, "conversion_rate": 2.2688860376115866e+83, "churn_rate": 0.05, "average_price": 9.258251811151687e-231, "daily_visitors": 0, "new_customers": 187591443993026480924953856179321696051951017863239964577015611010047821868913092227760128, "churned_customers": 119511897550652174318405436986698390059475193319334008693571123908447680380874274052767744}, "generation": 0, "timestamp": "2025-11-14T19:09:26.888673"}