{"key": "daily_snapshot", "value": {"day": 0, "customers": 123063601737127354258648319176162188803, "mrr": 2.2462473413957233e-51, "total_revenue": 11.37579680016544, "conversion_rate": 1.4856562214757753e+31, "churn_rate": 0.05, "average_price": 1.8252735249809022e-89, "daily_visitors": 0, "new_customers": 13918198146950934946347818185190801408, "churned_customers": 4048696939935993417018047984289447936}, "generation": 0, "timestamp": "2025-11-14T05:28:11.148574"}