{"key": "daily_snapshot", "value": {"day": 0, "customers": 45171777875813847834006300201199140225446175235212632317188597394943172745621875963963800580, "mrr": 3.8573220469846187e-141, "total_revenue": 4.445436838349596, "conversion_rate": 5.568608873952459e+84, "churn_rate": 0.05, "average_price": 8.539230086513663e-233, "daily_visitors": 0, "new_customers": 5640491978392507645203781797850336111643652283815562043476543621281338664822864656625303552, "churned_customers": 2218100628237258399259774569077480095729390830507592446445652944553049517705819987753566208}, "generation": 0, "timestamp": "2025-11-15T18:38:37.514038"}