{"key": "daily_snapshot", "value": {"day": 0, "customers": 159851133994224180884050511152694634917035665082510565296215038012931061241553593843359921170118414840844484791341302893519453, "mrr": 1.5795390751062402e-198, "total_revenue": 7.058512489256422, "conversion_rate": 2.0688685511636434e+118, "churn_rate": 0.05, "average_price": 1e-323, "daily_visitors": 0, "new_customers": 19592540769581994622067837275865666970445646440770058630186393216517655561627284422314940554146652555161160959672435922173952, "churned_customers": 7769261992596685675079199099695951717193365092619815179704372759121751161901887221407006228389609991723602300664973166116864}, "generation": 0, "timestamp": "2025-11-15T11:45:49.090103"}