{"key": "daily_snapshot", "value": {"day": 0, "customers": 126155320316426795398298584884926220367840743085744588870478720427685260766462998050185801436508257432718427285261407331307575785764592126345942107160075480252396026450800329628314459953352958183552010444009627397998207142790234997014786921835048, "mrr": 2.496163681746424e+227, "total_revenue": 8.321590260501491e+225, "conversion_rate": 107079.48405251793, "churn_rate": 0.05, "average_price": 1.978643211784859e-18, "daily_visitors": 0, "new_customers": 131612928981345060640986324415685847721573649155453396595268615237853820879210300493407800204861833597744028344807606146382005997355108612595352232820698638318027183471482232137898865240682823210870980523727932795071061645617740720701056640614400, "churned_customers": 5470277776303365001283924685339564447256213104357293085049258886607963142812311415820301850741333186361292091476658178562431028368312465470245178133007701663041947199362338952220643951580150785145335705203651672092824258656968623113574283214848}, "generation": 0, "timestamp": "2025-11-13T10:44:48.318993"}