{"key": "daily_snapshot", "value": {"day": 0, "customers": 817593708680031396215865, "mrr": 8.071808107331546e-26, "total_revenue": 8.82569014329087, "conversion_rate": 1.0553050370283533e+17, "churn_rate": 0.05, "average_price": 9.872639700668832e-50, "daily_visitors": 0, "new_customers": 101961523820625307631616, "churned_customers": 44890082350863407382528}, "generation": 0, "timestamp": "2025-11-13T11:43:00.607908"}