{"key": "daily_snapshot", "value": {"day": 0, "customers": 555778513892134183045629258550840824351036267113759594727626374189333472558909204587532141735, "mrr": 4.335106711350695e-145, "total_revenue": 7.010218214998832, "conversion_rate": 8.570231564832062e+85, "churn_rate": 0.05, "average_price": 7.800061720615661e-238, "daily_visitors": 0, "new_customers": 89655949203597668487586440647332597348591545879980150015084628947424488253979728105103687680, "churned_customers": 25154798006614225007515033260171985702812221882014015661156618879601818623094685698885681152}, "generation": 0, "timestamp": "2025-11-15T00:02:11.870669"}