{"key": "daily_snapshot", "value": {"day": 0, "customers": 4720399539840697313285129523168021391378138912515910030684446835769049334403302476732501274477157015347165469358273070250801065221, "mrr": 4.664374494560234e-194, "total_revenue": 1.5620171583249602, "conversion_rate": 5.890519179674259e+122, "churn_rate": 0.05, "average_price": 1e-323, "daily_visitors": 0, "new_customers": 654115751365548182709460472528941634617400940513910883041550358239253907940875477588994781285965666839603973002808462956229033984, "churned_customers": 180845491704742134686295844467203665468050738951717224925713392655604412039472860552947216618298385252662502042656098942241996800}, "generation": 0, "timestamp": "2025-11-13T21:53:06.348501"}