{"key": "daily_snapshot", "value": {"day": 0, "customers": 256661471810467237634842363405072830016, "mrr": 4.063393626594129e-49, "total_revenue": 4.61627280770732, "conversion_rate": 3.498428842109548e+31, "churn_rate": 0.05, "average_price": 1.5831724169316538e-87, "daily_visitors": 0, "new_customers": 33419798383480667534749259343979347968, "churned_customers": 13615640403255518263588594979698638848}, "generation": 0, "timestamp": "2025-11-15T17:12:14.567089"}