{"key": "daily_snapshot", "value": {"day": 0, "customers": 9849905526628483382662802449418543184211160734367, "mrr": 1.3054071109611138e-70, "total_revenue": 3.5615064647863135, "conversion_rate": 1.3410145097331869e+42, "churn_rate": 0.05, "average_price": 1.3252991182829552e-119, "daily_visitors": 0, "new_customers": 1275812124892909391816348622144833124127391875072, "churned_customers": 573662812569480073418582144449035286416646471680}, "generation": 0, "timestamp": "2025-11-13T11:55:58.850015"}