{"key": "daily_snapshot", "value": {"day": 0, "customers": 3204687251185454987151411272568587105276687895898855085681896454814988596295, "mrr": 1.3785097167314977e-116, "total_revenue": 8.531929138055917, "conversion_rate": 4.1139289298333207e+68, "churn_rate": 0.05, "average_price": 4.301542112172005e-192, "daily_visitors": 0, "new_customers": 441680337035709494378781603981945881371547793563732710969298093111999725568, "churned_customers": 141609404963943647733342125428082266787250501110333496213983393841263149056}, "generation": 0, "timestamp": "2025-11-13T11:37:28.167974"}