{"key": "daily_snapshot", "value": {"day": 0, "customers": 84361568358545586167939, "mrr": 7.22400758125574e-25, "total_revenue": 4.596591164332845, "conversion_rate": 1.211380525093711e+16, "churn_rate": 0.05, "average_price": 8.56314992930542e-48, "daily_visitors": 0, "new_customers": 10295133666862803451904, "churned_customers": 3244961945956810227712}, "generation": 0, "timestamp": "2025-11-14T11:58:39.230241"}