{"key": "daily_snapshot", "value": {"day": 0, "customers": 5237918781939117652557110161328280076161872794670084509283841108940205075750273737, "mrr": 2.3272401240371498e-123, "total_revenue": 3.6905216285399813, "conversion_rate": 7.632804916986238e+74, "churn_rate": 0.05, "average_price": 4.443062637896779e-205, "daily_visitors": 0, "new_customers": 758159867371154759992386019577514126566141527422884666476234835922964195053666304, "churned_customers": 300370484519588184148549402079427981852369126043271156679183441450727918379466752}, "generation": 0, "timestamp": "2025-11-15T04:19:48.561689"}