{"key": "daily_snapshot", "value": {"day": 0, "customers": 609898859785529296777207790868022662094646273869415735939102964456556122904542291557466212717981640105324277079387349, "mrr": 2.508001371388099e-181, "total_revenue": 5.438023679800494, "conversion_rate": 9.46343681895804e+109, "churn_rate": 0.05, "average_price": 4.1121594689815234e-298, "daily_visitors": 0, "new_customers": 76447594440970562411685958174171304757278426479625504326876788868204162424918377538652855817784499063000771889987584, "churned_customers": 41447911948075620890183198590142294222189556593475663886475203826324499667451014190438058308536344556592599446585344}, "generation": 0, "timestamp": "2025-11-14T20:22:13.597849"}