{"key": "daily_snapshot", "value": {"day": 0, "customers": 152861215825919202132335107822678280976840425677399099322535854793, "mrr": 1.3178187734794908e-95, "total_revenue": 3.6905216285399813, "conversion_rate": 2.1803162820660067e+58, "churn_rate": 0.05, "average_price": 8.621014600461138e-161, "daily_visitors": 0, "new_customers": 19282849058921482475568265931096943555315301464267987233307361280, "churned_customers": 5313755017470217664934978746841124980461782747955039461168906240}, "generation": 0, "timestamp": "2025-11-15T04:12:09.045434"}