{"key": "daily_snapshot", "value": {"day": 0, "customers": 451350579542030738236459614207819, "mrr": 2.4340739423275546e-43, "total_revenue": 5.241512577835226, "conversion_rate": 6.3642160028069855e+25, "churn_rate": 0.05, "average_price": 5.3928676568828654e-76, "daily_visitors": 0, "new_customers": 45648189183431495808613785534464, "churned_customers": 20651827687483325737143021600768}, "generation": 0, "timestamp": "2025-11-13T19:01:56.401133"}