{"key": "daily_snapshot", "value": {"day": 0, "customers": 73798713079920467124691996911650390932537349786176582150283199373428329205412683011846286556805040503282536067907, "mrr": 7.554045481079762e-179, "total_revenue": 3.6902796439842023, "conversion_rate": 1.179766864947216e+106, "churn_rate": 0.05, "average_price": 1.0236012480189313e-291, "daily_visitors": 0, "new_customers": 10736645684452527155181665267143959060778058855773999164450631915344913938457020013842838250656927262111766151168, "churned_customers": 4634504018335517361846045460892071325096945187110548343229443422579380982190939392812650091092101071846361792512}, "generation": 0, "timestamp": "2025-11-14T01:58:38.349611"}