{"key": "daily_snapshot", "value": {"day": 0, "customers": 25597379544867, "mrr": 3.4469297953156267e-09, "total_revenue": 7.997332639671232, "conversion_rate": 3131430.1594235552, "churn_rate": 0.05, "average_price": 1.3465947907964017e-22, "daily_visitors": 0, "new_customers": 3339891975610, "churned_customers": 1024984386775}, "generation": 0, "timestamp": "2025-11-15T15:59:34.277958"}