{"key": "daily_snapshot", "value": {"day": 0, "customers": 1334394776907782198891449166000801148215598575102599089784147684960122129828507802303492, "mrr": 1.480657718889886e-133, "total_revenue": 4.445436838349596, "conversion_rate": 1.8475404892661238e+80, "churn_rate": 0.05, "average_price": 1.1096099479054028e-220, "daily_visitors": 0, "new_customers": 182608095841127777735151878872061525758448619330567351633085407524956268089199898394624, "churned_customers": 76862646734595054003858974419886243431064813686675458274645603979728321811034744553472}, "generation": 0, "timestamp": "2025-11-15T18:36:31.433966"}