{"key": "daily_snapshot", "value": {"day": 0, "customers": 5327067199631291501183007451587486411701763556256804811962241768086971029263199290265248208354577084511500403277099132472718491724951271, "mrr": 5.2638417928511097e-188, "total_revenue": 3.180859164035811, "conversion_rate": 7.0681327026552e+128, "churn_rate": 0.05, "average_price": 1e-323, "daily_visitors": 0, "new_customers": 601997974147518902596426737395307894716563704461232494565150412978631181878050903515005989896272746224296784320704390610126016029392896, "churned_customers": 142960599753663562357267445246717335088626840302974833037683319597634984294709681580855008776347937003126307970459712309984937526689792}, "generation": 0, "timestamp": "2025-11-14T09:44:21.451945"}