{"key": "daily_snapshot", "value": {"day": 0, "customers": 6440970320178, "mrr": 2.8697797466483886e-07, "total_revenue": 3.8452002175650852, "conversion_rate": 970655.9785327091, "churn_rate": 0.05, "average_price": 4.4555084156467294e-20, "daily_visitors": 0, "new_customers": 999805493204, "churned_customers": 151960641503}, "generation": 0, "timestamp": "2025-11-13T13:44:14.254221"}