{"key": "daily_snapshot", "value": {"day": 0, "customers": 562963450261012637105915457233696466, "mrr": 6.705156745270101e-48, "total_revenue": 7.180499208388138, "conversion_rate": 7.5938700289288975e+28, "churn_rate": 0.05, "average_price": 1.1910465487877266e-83, "daily_visitors": 0, "new_customers": 69601759829371755757853435741863936, "churned_customers": 21978126108046624834992861429628928}, "generation": 0, "timestamp": "2025-11-15T19:13:59.795269"}