{"key": "daily_snapshot", "value": {"day": 0, "customers": 48298866517531678955240654515353462026706979443902898398781138001969371058105298167665832771, "mrr": 1.8139089026336562e-142, "total_revenue": 3.6902796439842023, "conversion_rate": 6.244655240969872e+84, "churn_rate": 0.05, "average_price": 3.7555931089505747e-234, "daily_visitors": 0, "new_customers": 6096617267604694617790158512076786840673531091667734949091614101957190839266840808857272320, "churned_customers": 2147176235725432283556030525689917640661516059052512285129646252317209578866133314360573952}, "generation": 0, "timestamp": "2025-11-14T01:43:08.049875"}