{"key": "daily_snapshot", "value": {"day": 0, "customers": 14674203771036154836915109365555550707612848423731125365159312421731150064242803115631675105847280459439751881, "mrr": 1.0834708025673768e-168, "total_revenue": 3.6905216285399813, "conversion_rate": 1.7843185765109827e+102, "churn_rate": 0.05, "average_price": 7.383506590701188e-278, "daily_visitors": 0, "new_customers": 1835677626901164984755019253305599652303861216285786249624912656510717698225621357167111606376986061800734720, "churned_customers": 881590064912027408044117210049574397345957034002355504753571892465377713591745636129151847506254710525919232}, "generation": 0, "timestamp": "2025-11-15T04:32:23.778505"}