{"key": "daily_snapshot", "value": {"day": 0, "customers": 2177479132159593215650647558743987690, "mrr": 3.2105715018504687e-50, "total_revenue": 5.620306961549841, "conversion_rate": 3.0563910495386496e+29, "churn_rate": 0.05, "average_price": 1.4744442113969968e-86, "daily_visitors": 0, "new_customers": 324155783024491681273307290186809344, "churned_customers": 119476946975132136593709039399993344}, "generation": 0, "timestamp": "2025-11-15T02:43:09.177690"}