{"key": "daily_snapshot", "value": {"day": 0, "customers": 2608026647521, "mrr": 2.1136810894423863e-06, "total_revenue": 7.827191058247539, "conversion_rate": 382595.64205060614, "churn_rate": 0.05, "average_price": 8.104522595470784e-19, "daily_visitors": 0, "new_customers": 271796054925, "churned_customers": 163008135156}, "generation": 0, "timestamp": "2025-11-15T04:48:46.295568"}