{"key": "daily_snapshot", "value": {"day": 0, "customers": 1123607705426990071971173106569170314476379644552836711130105383552036806852427, "mrr": 8.539606265431202e-122, "total_revenue": 5.241512577835226, "conversion_rate": 1.343599383861524e+71, "churn_rate": 0.05, "average_price": 7.600167054911754e-200, "daily_visitors": 0, "new_customers": 115808678571233582532159630426155445371710636570931930521538640900599243079680, "churned_customers": 45352331562251187411880010233842553818695182207149507693063355234750111416320}, "generation": 0, "timestamp": "2025-11-13T19:42:50.964567"}