{"key": "daily_snapshot", "value": {"day": 0, "customers": 1407402287682176360505609302951067663917620471315476426303471607945184256802266284398701422786145525275622152292072332521553314, "mrr": 1.3906982404442847e-197, "total_revenue": 8.401501509864964, "conversion_rate": 2.166375345411926e+119, "churn_rate": 0.05, "average_price": 1e-323, "daily_visitors": 0, "new_customers": 192943740846851878624096961872326547275833340460301756300988337517396827272163063144362904587740714217812835800913455456714752, "churned_customers": 35516853962760788291338899854958564673314976569210306890756782764519506532500043317900185709162688065465578204417296881942528}, "generation": 0, "timestamp": "2025-11-14T13:48:25.391110"}