{"key": "daily_snapshot", "value": {"day": 0, "customers": 247467095427094127082, "mrr": 1.3827758608123592e-21, "total_revenue": 5.620306961549841, "conversion_rate": 32601491468112.85, "churn_rate": 0.05, "average_price": 5.5877160493837715e-42, "daily_visitors": 0, "new_customers": 32495045474276737024, "churned_customers": 9138788063038581760}, "generation": 0, "timestamp": "2025-11-15T02:31:47.353132"}