{"key": "daily_snapshot", "value": {"day": 0, "customers": 2012516041992376993196248560990230759869584015950424314435672452553207827390486003608852331103359968572521940536924608972189748143886, "mrr": 1.988630076105666e-191, "total_revenue": 5.934471667464104, "conversion_rate": 3.156191217376005e+125, "churn_rate": 0.05, "average_price": 1e-323, "daily_visitors": 0, "new_customers": 279086037306926395530885148224517179592773729626440405622666135591744247065632913605293046496830269631855127847585040282495888654336, "churned_customers": 97869274172845825396647442212476047210613027612952294604949545451022357708366108334863511299304156511186448122555295694891637538816}, "generation": 0, "timestamp": "2025-11-14T18:27:46.041791"}