{"key": "daily_snapshot", "value": {"day": 0, "customers": 7893351735594657973904624226432876322307, "mrr": 3.449917073075043e-55, "total_revenue": 11.37579680016544, "conversion_rate": 1.0689949639133643e+33, "churn_rate": 0.05, "average_price": 4.370661777959067e-95, "daily_visitors": 0, "new_customers": 1130543410130123530451587025678358282240, "churned_customers": 320291416160262630574831729913211387904}, "generation": 0, "timestamp": "2025-11-14T05:29:09.435677"}