{"key": "daily_snapshot", "value": {"day": 0, "customers": 50328521652428967079788982128517924561980491671564451504155426945502346836797028186146134435120713437679735641, "mrr": 5.303666289251301e-173, "total_revenue": 4.2636659399133805, "conversion_rate": 7.480732414047185e+102, "churn_rate": 0.05, "average_price": 1.053809274565754e-282, "daily_visitors": 0, "new_customers": 7169661816438523306976675619406424155448124315303002158395282277514346620469781452399664287679472618442850304, "churned_customers": 1711328694161892883551625577607728321640200544440337334405940450794357092441927232414478018243342488305664000}, "generation": 0, "timestamp": "2025-11-15T15:43:22.339922"}