{"key": "daily_snapshot", "value": {"day": 0, "customers": 993533852931296574120724699863979375257775434936385104333980601335149756440540044844465818838390380219455, "mrr": 2.3047647932158883e-163, "total_revenue": 2.4762944740981485, "conversion_rate": 1.4126002213432533e+98, "churn_rate": 0.05, "average_price": 2.3197647331451966e-268, "daily_visitors": 0, "new_customers": 151971242418474851410282838439361175354388373783766024197855064702666377764526840843516234784217745063936, "churned_customers": 35082765779833295779907081249217684660934410999527111108481626389598302643127739686412608546058247602176}, "generation": 0, "timestamp": "2025-11-13T16:31:35.408233"}