{"key": "daily_snapshot", "value": {"day": 0, "customers": 11522418347623248519610475694, "mrr": 1.367871582157444e-33, "total_revenue": 14.069439877331755, "conversion_rate": 1.7547091527259804e+21, "churn_rate": 0.05, "average_price": 1.1871393147599067e-61, "daily_visitors": 0, "new_customers": 1240386332222503930675855360, "churned_customers": 641481007642381898943037440}, "generation": 0, "timestamp": "2025-11-15T13:02:24.811216"}