{"key": "daily_snapshot", "value": {"day": 0, "customers": 2853342763065605060245397547369646140630038209710015922278622251215113330332712152460489656775589929067209280382907384857106590461597985, "mrr": 2.8194772700809102e-188, "total_revenue": 9.426328809042326, "conversion_rate": 4.387110132039109e+128, "churn_rate": 0.05, "average_price": 1e-323, "daily_visitors": 0, "new_customers": 433436485736431357445120448891096923498120495246225767123228532927148478683499835956098925825402370822821830182991663771449092632215552, "churned_customers": 108568671426931576601058357747870562671536653569664289195455657559149838323704546691314496407897041468688033913558405909988000321765376}, "generation": 0, "timestamp": "2025-11-15T12:51:17.510772"}