{"key": "daily_snapshot", "value": {"day": 0, "customers": 111922902124683301162350424598759628711687047965797013691301195370648579513756443084274563844530207621039168500328429489728, "mrr": 1.5577476430565042e-189, "total_revenue": 4.61627280770732, "conversion_rate": 1.4968851699026643e+115, "churn_rate": 0.05, "average_price": 1.391804191533e-311, "daily_visitors": 0, "new_customers": 12764404822592696262865059816257797893840897741958714121198900675972498673722936243015728995812859571760168243342159642624, "churned_customers": 4572468488846467540908010505856014261238435321826792588257206861950551812004451733167622252381451107880274845615775547392}, "generation": 0, "timestamp": "2025-11-15T17:51:03.420852"}