{"key": "daily_snapshot", "value": {"day": 0, "customers": 13980672240235146974158894486037473403481074528457482111499951927076662166723706870608707, "mrr": 3.2219433612068575e-136, "total_revenue": 3.6902796439842023, "conversion_rate": 1.8679635377718026e+81, "churn_rate": 0.05, "average_price": 2.304569698683292e-224, "daily_visitors": 0, "new_customers": 1477800798597183658177871563897622736610015671854312802096927796126068986162747554136064, "churned_customers": 515411708643361860764201201701455576174591119654594565410760671522403466357518899347456}, "generation": 0, "timestamp": "2025-11-14T01:41:26.616956"}