{"key": "daily_snapshot", "value": {"day": 0, "customers": 14734800227322068187416965695957998724524967977412430359243451429278943910984483993067308771330491050414732210880379530453, "mrr": 1.423025358506385e-188, "total_revenue": 5.438023679800494, "conversion_rate": 1.8749768870749178e+114, "churn_rate": 0.05, "average_price": 9.6575816200598e-310, "daily_visitors": 0, "new_customers": 1713363230892620681369010881534581904764566122420340506350057639106790819083353589077601500768161765866599976558225522688, "churned_customers": 400142562374820034844872243628883940806284641165147329244410289368270930373729223273667036772794735787510617985609891840}, "generation": 0, "timestamp": "2025-11-14T20:24:14.349428"}