{"key": "daily_snapshot", "value": {"day": 0, "customers": 120696045509421512489462957412112366336434130518640436981869835438566284783300230191651487, "mrr": 1.0406918655489082e-140, "total_revenue": 3.5615064647863135, "conversion_rate": 1.709624017010583e+82, "churn_rate": 0.05, "average_price": 8.6224189132002e-230, "daily_visitors": 0, "new_customers": 14010329654758613918443818374778017923393057169528005135001923288599613047687358726537216, "churned_customers": 7083325677723575250038361196788897051289706184673426923780822943247416749415409662296064}, "generation": 0, "timestamp": "2025-11-13T12:15:00.236240"}