{"key": "daily_snapshot", "value": {"day": 0, "customers": 166818865544544651523159130322418365735764, "mrr": 5.776595362475245e-57, "total_revenue": 7.997332640408474, "conversion_rate": 2.3872395920770546e+34, "churn_rate": 0.05, "average_price": 3.462795016390251e-98, "daily_visitors": 0, "new_customers": 17889486317387885026071063564306578669568, "churned_customers": 11070201171100899045234542148873183297536}, "generation": 0, "timestamp": "2025-11-15T16:12:37.505317"}