{"key": "daily_snapshot", "value": {"day": 0, "customers": 116169306387557763702429545179264274642763595, "mrr": 2.500730807414531e-63, "total_revenue": 5.241512577835226, "conversion_rate": 1.435306791373098e+37, "churn_rate": 0.05, "average_price": 2.1526605307186115e-107, "daily_visitors": 0, "new_customers": 14500412846516353696664684543059533360005120, "churned_customers": 4899277023633772454846776810331829744697344}, "generation": 0, "timestamp": "2025-11-13T19:07:22.668627"}