{"key": "daily_snapshot", "value": {"day": 0, "customers": 11547569769018497489149681827658184, "mrr": 4.595048200663581e-44, "total_revenue": 4.843910136547377, "conversion_rate": 1.7015044066498843e+27, "churn_rate": 0.05, "average_price": 3.979233979596162e-78, "daily_visitors": 0, "new_customers": 1641541243779437738517068733480960, "churned_customers": 514315386073292578875373728563200}, "generation": 0, "timestamp": "2025-11-14T06:45:32.151511"}