{"key": "daily_snapshot", "value": {"day": 0, "customers": 2195746628444908097593575934010859596462330323935343045380172512863257805698105636374511872287573154228247747616626821638299, "mrr": 4.9794292602364525e-198, "total_revenue": 13.18914372001125, "conversion_rate": 3.0473867115408892e+116, "churn_rate": 0.05, "average_price": 2.27e-321, "daily_visitors": 0, "new_customers": 238600532870315397370254317409776937129650707174837166000831706260436692174829162622676955275058372297922707558944997376000, "churned_customers": 84459662837376319525600545092070096047788029011826730160151739817428274256938296749352822246886655287157616536294944407552}, "generation": 0, "timestamp": "2025-11-13T18:43:13.015856"}