{"key": "daily_snapshot", "value": {"day": 0, "customers": 2265438538213040561464934725594167809987599580578, "mrr": 8.533287704091112e-70, "total_revenue": 8.401501509864964, "conversion_rate": 3.4497879593037312e+41, "churn_rate": 0.05, "average_price": 3.7667266448208743e-118, "daily_visitors": 0, "new_customers": 343177279293368690804987442334455791500253986816, "churned_customers": 75736933350650783770080371072424208101923618816}, "generation": 0, "timestamp": "2025-11-14T13:12:02.808831"}