{"key": "daily_snapshot", "value": {"day": 0, "customers": 1036652830848954094256050197, "mrr": 2.6060055603946096e-32, "total_revenue": 6.513341788556554, "conversion_rate": 1.4779243652891057e+20, "churn_rate": 0.05, "average_price": 2.5138652814563324e-59, "daily_visitors": 0, "new_customers": 141234887299240369546330112, "churned_customers": 47020645656983775427428352}, "generation": 0, "timestamp": "2025-11-15T00:32:28.936932"}