{"key": "daily_snapshot", "value": {"day": 0, "customers": 8049376942456266647229988860771874132603225210731724051410448771666749080627211361549852803, "mrr": 1.953579890275474e-140, "total_revenue": 4.596591164332845, "conversion_rate": 1.0598658051053399e+84, "churn_rate": 0.05, "average_price": 2.4269951627825482e-231, "daily_visitors": 0, "new_customers": 845027861922038129856445725776850404586348052869540940606977279452170094051361793071120384, "churned_customers": 356737669883030470655478901783082089046825631108006122295394567681793430506990973090791424}, "generation": 0, "timestamp": "2025-11-14T12:30:23.770878"}