{"key": "daily_snapshot", "value": {"day": 0, "customers": 16836431801793783532912833219132058513301341841286925676741387745306303997805235633387874452390109571470169, "mrr": 2.2832490979711473e-167, "total_revenue": 4.2636659399133805, "conversion_rate": 2.2258899929321503e+99, "churn_rate": 0.05, "average_price": 1.35613598228568e-273, "daily_visitors": 0, "new_customers": 2024130930021758859543343924382702075184778884128390274454739205867110969947360202975652111004403647905792, "churned_customers": 689966123353145408964262979493600277811370571342898044469531014149626569522471888887532216264299139563520}, "generation": 0, "timestamp": "2025-11-15T15:41:47.756143"}