{"key": "daily_snapshot", "value": {"day": 0, "customers": 23860204230187645109272947701714941280168708735333430157755244903045500815417001790215178100100912990377770753403819160406930, "mrr": 2.35770144257834e-199, "total_revenue": 5.414632391501176, "conversion_rate": 3.424650814990811e+117, "churn_rate": 0.05, "average_price": 1e-323, "daily_visitors": 0, "new_customers": 3192879302256649685803682523220274750050403809245027643433049970409702908104945861697060483488147747609000310035080655405056, "churned_customers": 990550536997729187134883406610996666306330093280139393553768534167045285365381872630422600543491448092273570633297808064512}, "generation": 0, "timestamp": "2025-11-14T00:06:36.532795"}