{"key": "daily_snapshot", "value": {"day": 0, "customers": 84125345830, "mrr": 0.00010756840504919514, "total_revenue": 5.438000099227018, "conversion_rate": 11113.746342148903, "churn_rate": 0.05, "average_price": 1.278668206209443e-15, "daily_visitors": 0, "new_customers": 10679928938, "churned_customers": 3573757206}, "generation": 0, "timestamp": "2025-11-14T19:33:25.023988"}