{"key": "daily_snapshot", "value": {"day": 0, "customers": 24837233412436948432052234965965262869, "mrr": 1.288490937596754e-50, "total_revenue": 6.513341788556554, "conversion_rate": 3.083821681643813e+30, "churn_rate": 0.05, "average_price": 5.187739375801645e-88, "daily_visitors": 0, "new_customers": 2595623695871266403107416023104487424, "churned_customers": 880908799009829904790623804224176128}, "generation": 0, "timestamp": "2025-11-15T00:37:26.139540"}