{"key": "daily_snapshot", "value": {"day": 0, "customers": 3136912078563427931441340624917525228905798007621423851749569472779071987895649447, "mrr": 3.138445282049975e-125, "total_revenue": 7.010218214998832, "conversion_rate": 3.739551047765362e+74, "churn_rate": 0.05, "average_price": 1.0004887620207861e-206, "daily_visitors": 0, "new_customers": 381074968714870741631156276603849291593897884181524707914512027893867105679835136, "churned_customers": 121752517949002304691643753953977828095736482598106539818353749722425885265494016}, "generation": 0, "timestamp": "2025-11-14T23:56:49.326425"}