{"key": "daily_snapshot", "value": {"day": 0, "customers": 9408388346068513960454246680913185896055960334087, "mrr": 4.4298533834948083e-69, "total_revenue": 7.42566689692798, "conversion_rate": 1.270036524845958e+42, "churn_rate": 0.05, "average_price": 4.708408306026093e-118, "daily_visitors": 0, "new_customers": 1330035011717343848849424575058496208098570534912, "churned_customers": 219127184893759085769170738367675231016442658816}, "generation": 0, "timestamp": "2025-11-15T14:13:29.010208"}