{"key": "daily_snapshot", "value": {"day": 0, "customers": 1306546896725264489109970096915171954993411949206715419585644159125306904197516351, "mrr": 1.902205239787522e-124, "total_revenue": 2.4762944740981485, "conversion_rate": 1.9505453121329363e+74, "churn_rate": 0.05, "average_price": 1.4559027651860168e-205, "daily_visitors": 0, "new_customers": 170393071227415855575394083731071112614648018491175997300759350350773475786883072, "churned_customers": 69243156614908181178259732781532177596399618969709886452007161008991265726922752}, "generation": 0, "timestamp": "2025-11-13T16:20:44.901305"}