{"key": "daily_snapshot", "value": {"day": 0, "customers": 9892068673443037802545960956975756333905378048434929692101577287360637440600637320745259578154506066554288137493734221395351871619, "mrr": 9.774662595701195e-194, "total_revenue": 4.596591164332845, "conversion_rate": 1.225613154272677e+123, "churn_rate": 0.05, "average_price": 1e-323, "daily_visitors": 0, "new_customers": 1108475799385533507463080164493654048258986562043079033016706014449536318762708402048869748420323453708006811200049757747205373952, "churned_customers": 225527819335489819968022813866338831056022705244931479288129813264019054825205332242670099719059592093768195701651516580454989824}, "generation": 0, "timestamp": "2025-11-14T12:48:54.774427"}