{"key": "daily_snapshot", "value": {"day": 0, "customers": 1549738505814630856299900510971268421704751393, "mrr": 7.585324316100899e-61, "total_revenue": 9.426328809042326, "conversion_rate": 1.852549514186665e+38, "churn_rate": 0.05, "average_price": 4.894583368510689e-106, "daily_visitors": 0, "new_customers": 163794016917958129108100320149418980786831360, "churned_customers": 87045893381570091181109247159733733155667968}, "generation": 0, "timestamp": "2025-11-15T12:08:53.424510"}