{"key": "daily_snapshot", "value": {"day": 0, "customers": 86876132090710405457689657, "mrr": 1.0515331567139913e-29, "total_revenue": 8.82569014329087, "conversion_rate": 1.0399140124765604e+19, "churn_rate": 0.05, "average_price": 1.2103821054280464e-55, "daily_visitors": 0, "new_customers": 11268443053292447516852224, "churned_customers": 5070984399947809112981504}, "generation": 0, "timestamp": "2025-11-13T11:44:01.795609"}