{"key": "daily_snapshot", "value": {"day": 0, "customers": 136551325646364372736817240221078161831746109799810284083120763359253762387732281120487423033, "mrr": 4.448101762057339e-140, "total_revenue": 8.82569014329087, "conversion_rate": 2.0466996313037625e+85, "churn_rate": 0.05, "average_price": 3.257457766156639e-232, "daily_visitors": 0, "new_customers": 17004357248683444651655759077228175992469407508525312675880110222008974274660230808496766976, "churned_customers": 4613308127359651833719878716952177321571273666134775814886279542336802722686307805991796736}, "generation": 0, "timestamp": "2025-11-13T12:14:29.213305"}