{"key": "daily_snapshot", "value": {"day": 0, "customers": 11401337078107367462231865080820060338642749745759883359810886389246353145575481812960333845, "mrr": 7.788691248308656e-142, "total_revenue": 6.513341788556554, "conversion_rate": 1.6003119103573321e+84, "churn_rate": 0.05, "average_price": 6.83138406921093e-233, "daily_visitors": 0, "new_customers": 1638728681791455512506302139569876356733901382250044522413076158605426678581919228553592832, "churned_customers": 760086300623626956549286980401438970320339618588628316065142196930824640478424837870583808}, "generation": 0, "timestamp": "2025-11-15T01:02:28.563875"}