{"key": "daily_snapshot", "value": {"day": 0, "customers": 16234799647213808994771581340752378089532790430788189765490383385670979023600622, "mrr": 7.283494096765259e-123, "total_revenue": 4.058738603221899, "conversion_rate": 2.2198224194879092e+72, "churn_rate": 0.05, "average_price": 4.486346770540677e-202, "daily_visitors": 0, "new_customers": 2428488336221750215119479002839436542286858647454771802487346448754197517041664, "churned_customers": 536494546247293451818907641998293969939882964088129113679493720894602005708800}, "generation": 0, "timestamp": "2025-11-14T15:28:49.755268"}