{"key": "daily_snapshot", "value": {"day": 0, "customers": 3260116907283215777450430822572841784158632566999757261714, "mrr": 4.037144185217375e-83, "total_revenue": 5.414632391501176, "conversion_rate": 4.657114096896711e+50, "churn_rate": 0.05, "average_price": 1.2383433784838368e-140, "daily_visitors": 0, "new_customers": 410961457554433956740298075948034289362988538974538039296, "churned_customers": 142433071276795418002196666047215528334698027762086576128}, "generation": 0, "timestamp": "2025-11-13T22:19:30.527891"}