{"key": "daily_snapshot", "value": {"day": 0, "customers": 167447939406268922951962442888626131879415640403044014347045868, "mrr": 1.839793192836815e-92, "total_revenue": 3.8452002827692775, "conversion_rate": 2.612700112180906e+55, "churn_rate": 0.05, "average_price": 1.0987254900599493e-154, "daily_visitors": 0, "new_customers": 24513650474909847510609767341723007373444374718458421265301504, "churned_customers": 7426535680797445327859010509419161869338305878307873268695040}, "generation": 0, "timestamp": "2025-11-13T14:07:29.267104"}