{"key": "daily_snapshot", "value": {"day": 0, "customers": 2098736345230156143768917237654470951124789574762315, "mrr": 3.1452178078721864e-76, "total_revenue": 5.241512577835226, "conversion_rate": 2.717336550259431e+44, "churn_rate": 0.05, "average_price": 1.498624548538644e-127, "daily_visitors": 0, "new_customers": 204332414490947134454860741001518226275565383450624, "churned_customers": 94574805682640305032756389370503961451319544250368}, "generation": 0, "timestamp": "2025-11-13T19:10:51.877848"}