{"key": "daily_snapshot", "value": {"day": 0, "customers": 21637057256666805177880277637318926134680964126877541727641310343280320175435386432, "mrr": 7.690784055290372e-123, "total_revenue": 4.61627280770732, "conversion_rate": 2.7818296658941462e+75, "churn_rate": 0.05, "average_price": 3.554450110317423e-205, "daily_visitors": 0, "new_customers": 2770432763085909051839268675617772243248308095140745847613027271499693198164361216, "churned_customers": 971388192277024554912237079042669043826111192645857532921343825470475045544394752}, "generation": 0, "timestamp": "2025-11-15T17:32:38.265305"}