{"key": "daily_snapshot", "value": {"day": 0, "customers": 80441882141965628688537261353806048672480643370802267689184747264433285408303797960539874478, "mrr": 1.6770306157286593e-140, "total_revenue": 14.069439877331755, "conversion_rate": 1.1323362745869458e+85, "churn_rate": 0.05, "average_price": 2.0847729703402494e-232, "daily_visitors": 0, "new_customers": 11166186367760789736751802341362224448229786551733046461759657188042804623608307013182816256, "churned_customers": 4380702467637240458713457061526287521297830650981335070521605917802563371282467883596120064}, "generation": 0, "timestamp": "2025-11-15T13:31:56.329051"}