{"key": "daily_snapshot", "value": {"day": 0, "customers": 744685620513435988820, "mrr": 8.72644197689745e-22, "total_revenue": 7.997332640408474, "conversion_rate": 103742143039355.48, "churn_rate": 0.05, "average_price": 1.171828988839728e-42, "daily_visitors": 0, "new_customers": 111342135561478242304, "churned_customers": 24817957368636678144}, "generation": 0, "timestamp": "2025-11-15T16:03:02.179571"}