{"key": "daily_snapshot", "value": {"day": 0, "customers": 1208409600996714467559050302599187340868063870588958589247311422292, "mrr": 1.4868662285374957e-99, "total_revenue": 7.997332640408474, "conversion_rate": 1.7130771713465617e+59, "churn_rate": 0.05, "average_price": 1.230432319729259e-165, "daily_visitors": 0, "new_customers": 163131365748771310972975189220696904695143334164014511386813005824, "churned_customers": 45455962442332554329740904141960022104341170969311139655929823232}, "generation": 0, "timestamp": "2025-11-15T16:24:22.410162"}