{"key": "daily_snapshot", "value": {"day": 0, "customers": 25624554307829014163590709008078352193371150250785872113409057440968826712712920344317630273768695428947598636139706951918535, "mrr": 2.5320423946983277e-199, "total_revenue": 4.928703564447977, "conversion_rate": 3.65497580669078e+117, "churn_rate": 0.05, "average_price": 1e-323, "daily_visitors": 0, "new_customers": 3603975617024847280894731841871332159138113203479394991194337519172921063509450163635588587724280185590021718953310711447552, "churned_customers": 1398764395062089245349879388981639126133954469987648148631785037929830361444616458999168621672043309237224824483526385598464}, "generation": 0, "timestamp": "2025-11-15T06:57:16.584883"}