{"key": "daily_snapshot", "value": {"day": 0, "customers": 5636622763402869429818810937076137582604802541445430590303499820524351528192772969497093500751358451542032839283100368229232, "mrr": 6.155541262257099e-194, "total_revenue": 7.626819946521412, "conversion_rate": 8.37332544421409e+116, "churn_rate": 0.05, "average_price": 1.092062e-317, "daily_visitors": 0, "new_customers": 850997914991316887185780989788770446276205196548436731952491214441146849240482503969428625607359832130038883499433447653376, "churned_customers": 384682119688197875602325018383318515054885633914927758666770782615326638221602197143903928972818193679943076673387795316736}, "generation": 0, "timestamp": "2025-11-15T02:18:17.713406"}