{"key": "daily_snapshot", "value": {"day": 0, "customers": 1168379939515286521413724974293, "mrr": 9.439635399728735e-36, "total_revenue": 5.438023679800494, "conversion_rate": 1.6312627529657027e+23, "churn_rate": 0.05, "average_price": 8.079251517828059e-66, "daily_visitors": 0, "new_customers": 162738355695196954744347164672, "churned_customers": 57439617020519267467194793984}, "generation": 0, "timestamp": "2025-11-14T19:42:04.762469"}