{"key": "daily_snapshot", "value": {"day": 0, "customers": 17085633723696453003174477643, "mrr": 1.8707790876760082e-35, "total_revenue": 5.241512577835226, "conversion_rate": 2.3436920354491392e+21, "churn_rate": 0.05, "average_price": 1.0949427559607476e-63, "daily_visitors": 0, "new_customers": 2342645722366773272439160832, "churned_customers": 632683131491837196000821248}, "generation": 0, "timestamp": "2025-11-13T18:59:48.793453"}