{"key": "daily_snapshot", "value": {"day": 0, "customers": 1498159745784419492990822436033756373401835955823417257896470480165444684244857166080999040011609811527992293815367, "mrr": 2.0187289304020926e-184, "total_revenue": 8.531929138055917, "conversion_rate": 2.1960384206171984e+107, "churn_rate": 0.05, "average_price": 1.347472414795866e-298, "daily_visitors": 0, "new_customers": 228668746022160804097872182055394978832421042557508786427125365761266963704889889135834707223905234818330884308992, "churned_customers": 38079881168116660880385178893532714798243557480348861924174324237209335006587055897822563413316234119264128204800}, "generation": 0, "timestamp": "2025-11-13T11:55:50.569774"}