{"key": "daily_snapshot", "value": {"day": 0, "customers": 11865739639667316449972673121785926254014194154907058053070450041152486284070402925200445987596433669910925013237313648626578, "mrr": 1.1724908636912626e-199, "total_revenue": 5.414632391501176, "conversion_rate": 1.547225680737031e+117, "churn_rate": 0.05, "average_price": 1e-323, "daily_visitors": 0, "new_customers": 1403262141970539910803953495188273865565490999315944574065680467666294322615612047091169726234823350540673099906131427328000, "churned_customers": 701057676886008012521534070998746626861622338124317093476181724170147410583494087862254552701871859587853499544656697884672}, "generation": 0, "timestamp": "2025-11-14T00:06:28.504301"}