{"key": "daily_snapshot", "value": {"day": 0, "customers": 1918064064948542949103929259273408736215656712923507682866630502653187952398357, "mrr": 3.3145641545234015e-120, "total_revenue": 6.513341788556554, "conversion_rate": 2.8782865987020414e+71, "churn_rate": 0.05, "average_price": 1.728077917257849e-198, "daily_visitors": 0, "new_customers": 289293558792511402493803498536292296779340557077602904873357651944845646757888, "churned_customers": 118810245827134224803577598720083521390779237141620375908263241273590807527424}, "generation": 0, "timestamp": "2025-11-15T00:56:31.793617"}