{"key": "daily_snapshot", "value": {"day": 0, "customers": 21840092680789, "mrr": 1.7529580017603082e-08, "total_revenue": 4.616272803983381, "conversion_rate": 2920450.4042151854, "churn_rate": 0.05, "average_price": 8.026330416181094e-22, "daily_visitors": 0, "new_customers": 2455118035445, "churned_customers": 1023440244845}, "generation": 0, "timestamp": "2025-11-15T17:00:53.323117"}