{"key": "daily_snapshot", "value": {"day": 0, "customers": 6642771543719085615761044071872218439163112913456836522483476561942985617910388218220563436, "mrr": 2.519058500636841e-140, "total_revenue": 3.8452002827692775, "conversion_rate": 8.775801704750813e+83, "churn_rate": 0.05, "average_price": 3.7921799418477316e-231, "daily_visitors": 0, "new_customers": 888543803782328100777198632052878000219844438198478430129407968955492287541536092061696000, "churned_customers": 403709063108723013058667840259788075352331234445569817804942446822859877856456382919737344}, "generation": 0, "timestamp": "2025-11-13T14:20:43.294618"}