{"key": "daily_snapshot", "value": {"day": 0, "customers": 509250591774405842910162406239765871865575, "mrr": 3.4442000220511685e-56, "total_revenue": 3.180859164035811, "conversion_rate": 6.752545674756856e+34, "churn_rate": 0.05, "average_price": 6.763271516387208e-98, "daily_visitors": 0, "new_customers": 65180076642217980039665116041030307676160, "churned_customers": 19991472750074676928925741032721226924032}, "generation": 0, "timestamp": "2025-11-14T08:51:10.995902"}