{"key": "daily_snapshot", "value": {"day": 0, "customers": 117200025553874656487721111187006985582776488576156118530860672441628406231246371703851195039, "mrr": 7.3133394638236406e-146, "total_revenue": 3.5615064647863135, "conversion_rate": 1.5059812981263676e+85, "churn_rate": 0.05, "average_price": 6.24004937649253e-238, "daily_visitors": 0, "new_customers": 16845666303228740346952164225370817629620639085674708039807439401737661626104671974488801280, "churned_customers": 5599066770340433223383517760118006293659422312109233359425711316868670396820691105783742464}, "generation": 0, "timestamp": "2025-11-13T12:16:24.612288"}