{"key": "daily_snapshot", "value": {"day": 0, "customers": 4854728020785538325174419346404204728593807463535542511630951904533318981406615757364117615132217573038555278806677996865488496795, "mrr": 4.797108669946007e-194, "total_revenue": 13.18914372001125, "conversion_rate": 6.300828674668298e+122, "churn_rate": 0.05, "average_price": 1e-323, "daily_visitors": 0, "new_customers": 492829869929189924723878788020510634038847592386364576569884907116123054948001082742323439861748206634783711533068798339573612544, "churned_customers": 204431709363135292472896498349162346400262368715754041254364150846732128634852376901523753638971045932992643286603921351868678144}, "generation": 0, "timestamp": "2025-11-13T18:46:16.999829"}