{"key": "daily_snapshot", "value": {"day": 0, "customers": 214572367, "mrr": 1.6673722500085795, "total_revenue": 2.032571064969372, "conversion_rate": 38.184304363906776, "churn_rate": 0.05, "average_price": 7.770675568902959e-09, "daily_visitors": 0, "new_customers": 38794374, "churned_customers": 13494004}, "generation": 0, "timestamp": "2025-11-13T15:46:46.572945"}