{"key": "daily_snapshot", "value": {"day": 0, "customers": 18098517375205065963753747292739587856314738282371633311484994673346610375594171649723023716380905427721970483092415593608353468300706, "mrr": 1.7883711351499426e-190, "total_revenue": 8.401501509864964, "conversion_rate": 2.6737250840133667e+126, "churn_rate": 0.05, "average_price": 1e-323, "daily_visitors": 0, "new_customers": 1994202970631961957475414282275355622228818359564521122382155351021422832183161689838759684816089448728356066859771416310083592650752, "churned_customers": 1086334051308111636794957103012252122365750548357055500474659255947696462840440755547331980215957064985083943243126040405462174662656}, "generation": 0, "timestamp": "2025-11-14T13:51:44.395418"}