{"key": "daily_snapshot", "value": {"day": 0, "customers": 415382741223295054917839686678226, "mrr": 1.3352061214270902e-42, "total_revenue": 7.180499208388138, "conversion_rate": 5.834455375704481e+25, "churn_rate": 0.05, "average_price": 3.2143996100919624e-75, "daily_visitors": 0, "new_customers": 43380101287536688624696396087296, "churned_customers": 22633438120437230390868849983488}, "generation": 0, "timestamp": "2025-11-15T19:12:32.429938"}