{"key": "daily_snapshot", "value": {"day": 0, "customers": 1117798884907962985319773281625824414901828384057439725868354156691738484334206434636843744127206408609691604661638634, "mrr": 4.508300059532313e-187, "total_revenue": 5.620306961549841, "conversion_rate": 1.723306129917457e+110, "churn_rate": 0.05, "average_price": 4.033194271707935e-304, "daily_visitors": 0, "new_customers": 149278827604160789550514380868822436442179406318480410816823704389259334274228027402747954065504864814465306612203520, "churned_customers": 76593474484554815488797652430598411723846488765582924434874740386517541630183722476931123268788527792262940490465280}, "generation": 0, "timestamp": "2025-11-15T03:35:46.986794"}