{"key": "daily_snapshot", "value": {"day": 0, "customers": 98508845575986651542754001114388079444, "mrr": 6.85903884148714e-51, "total_revenue": 7.997332640408474, "conversion_rate": 1.2409870529191956e+31, "churn_rate": 0.05, "average_price": 6.962865924762352e-89, "daily_visitors": 0, "new_customers": 12275944664978557332684236431302852608, "churned_customers": 3612955988552557527696922411928649728}, "generation": 0, "timestamp": "2025-11-15T16:11:01.144172"}