{"key": "daily_snapshot", "value": {"day": 0, "customers": 691243795214818852705245639693971456162820, "mrr": 1.5319267642755574e-56, "total_revenue": 4.445436838349596, "conversion_rate": 9.16479625569485e+34, "churn_rate": 0.05, "average_price": 2.216188810489761e-98, "daily_visitors": 0, "new_customers": 81744159394252719254834999300272838148096, "churned_customers": 36188554262000183316105372276022566715392}, "generation": 0, "timestamp": "2025-11-15T18:15:21.447253"}