{"key": "daily_snapshot", "value": {"day": 0, "customers": 162037272083120746658471065257147396, "mrr": 1.2471940647528438e-45, "total_revenue": 4.445436838349596, "conversion_rate": 2.3336205400772876e+28, "churn_rate": 0.05, "average_price": 7.696957920354688e-81, "daily_visitors": 0, "new_customers": 16826218159127704621649456888020992, "churned_customers": 6416909400652968838877106755600384}, "generation": 0, "timestamp": "2025-11-15T18:12:19.600427"}