{"key": "daily_snapshot", "value": {"day": 0, "customers": 530805729522274234771587505132951887943839233057430988232855473753353252604710010798419738163628043525, "mrr": 2.0859785719111344e-164, "total_revenue": 1.5620171583249602, "conversion_rate": 6.922787822563415e+94, "churn_rate": 0.05, "average_price": 3.929834317705118e-266, "daily_visitors": 0, "new_customers": 55298240320760810512553652605143683216702361195499823319441794195696801632745850482780122780509667328, "churned_customers": 32770894049089138594921037730061943892301764678515748084804915721008255336547666089947632652251037696}, "generation": 0, "timestamp": "2025-11-13T21:40:05.678909"}