{"key": "daily_snapshot", "value": {"day": 0, "customers": 4837890014301773357210483160421578929072420643643845627484349229048869802820382402573165633319677777128497471110839278, "mrr": 4.0525150667498566e-190, "total_revenue": 4.058738603221899, "conversion_rate": 5.872776094634946e+110, "churn_rate": 0.05, "average_price": 8.376616778739924e-308, "daily_visitors": 0, "new_customers": 604087080609760646138304784542993233240513667069528892012997655319232918382446207939619451994587336550184074638000128, "churned_customers": 333149484331719697190488396736229935236500146119093640241737710563441305971133906232165900628742281014663156517044224}, "generation": 0, "timestamp": "2025-11-14T15:48:47.723364"}