{"key": "daily_snapshot", "value": {"day": 0, "customers": 32559980822579301236211060189243799054491, "mrr": 9.107754475028965e-55, "total_revenue": 13.18914372001125, "conversion_rate": 4.367170976017221e+33, "churn_rate": 0.05, "average_price": 2.7972235378938032e-95, "daily_visitors": 0, "new_customers": 4229729017034358750629614093896918237184, "churned_customers": 1215763956021483293915710782101178548224}, "generation": 0, "timestamp": "2025-11-13T18:04:08.667123"}