{"key": "daily_snapshot", "value": {"day": 0, "customers": 37012289072192333950829456343657179137051260487504353728402852524919561997176202006524163191095728255941493747960982682316854615604385, "mrr": 3.6573001009031236e-190, "total_revenue": 4.323965768575599, "conversion_rate": 4.3943689108324534e+126, "churn_rate": 0.05, "average_price": 1e-323, "daily_visitors": 0, "new_customers": 3600231502362524520955991724060842897565549570988336292681449372714546452480755077984825363117142503303805944344339700162575934160896, "churned_customers": 1235112575282884733404541474470237464201911518109193674467967140563368197046540046485647921575044076672553429912496648433798286934016}, "generation": 0, "timestamp": "2025-11-14T14:52:13.699615"}