{"key": "daily_snapshot", "value": {"day": 0, "customers": 7349772152707480560471994119, "mrr": 6.500783172999767e-33, "total_revenue": 7.42566689692798, "conversion_rate": 1.0821528967375138e+21, "churn_rate": 0.05, "average_price": 8.844877144395604e-61, "daily_visitors": 0, "new_customers": 1062779339244305105660411904, "churned_customers": 205635822449596263345160192}, "generation": 0, "timestamp": "2025-11-15T14:03:33.410312"}