{"key": "daily_snapshot", "value": {"day": 0, "customers": 563314701943843552560659567405884753443817575170316959, "mrr": 9.639028513943683e-79, "total_revenue": 3.5615064647863135, "conversion_rate": 7.168280963834804e+46, "churn_rate": 0.05, "average_price": 1.7111267433074366e-132, "daily_visitors": 0, "new_customers": 64042139229861429302225387259220293236033102773485568, "churned_customers": 34550473647118999019919589033563934374506327995056128}, "generation": 0, "timestamp": "2025-11-13T11:58:12.331836"}