{"key": "daily_snapshot", "value": {"day": 0, "customers": 145465290429280671253390299929514031402389317552180416249851583161304683688946875449, "mrr": 1.0001184452674872e-124, "total_revenue": 8.82569014329087, "conversion_rate": 1.9170331524146417e+76, "churn_rate": 0.05, "average_price": 6.875306420631691e-208, "daily_visitors": 0, "new_customers": 19128009894156822324978722055493606900241335854240942734963427294658372058338033664, "churned_customers": 7035309043833602705807250808957107215031631071578920982563901206815692980851048448}, "generation": 0, "timestamp": "2025-11-13T12:10:17.472168"}