{"key": "daily_snapshot", "value": {"day": 0, "customers": 1881682713596456329532927118510502138343579703805405268583252502527314667676317247998510522950138170535133105132, "mrr": 5.993052379630345e-174, "total_revenue": 3.8452002827692775, "conversion_rate": 2.4784671289644868e+104, "churn_rate": 0.05, "average_price": 3.1849431024297588e-285, "daily_visitors": 0, "new_customers": 182463331738850420810845510767933288619638687890759260977402068618302234231980514510005711827449704714415898624, "churned_customers": 102791807567000459806196226941305847240758004393346730329144283443675524754705184049415835225346373428648607744}, "generation": 0, "timestamp": "2025-11-13T14:30:03.896019"}