{"key": "daily_snapshot", "value": {"day": 0, "customers": 12194759854651931158333174708745393085397625523180, "mrr": 9.633126546765908e-70, "total_revenue": 3.8452002827692775, "conversion_rate": 1.6800548420414134e+42, "churn_rate": 0.05, "average_price": 7.899398316639391e-119, "daily_visitors": 0, "new_customers": 1528264632221079839779774333175188994390101065728, "churned_customers": 397645049346965345849901500673094247279851732992}, "generation": 0, "timestamp": "2025-11-13T14:01:17.544649"}