{"key": "daily_snapshot", "value": {"day": 0, "customers": 8519629110678129803156752516581574716468133952356329449454587689634336320, "mrr": 3.548024506716117e-106, "total_revenue": 4.61627280770732, "conversion_rate": 1.179395875603633e+66, "churn_rate": 0.05, "average_price": 4.16452930124526e-179, "daily_visitors": 0, "new_customers": 1170416257953653671249114216166619581513081747564740176039602542547566592, "churned_customers": 242154812167689339604517465812421023198954234767535513928909451031478272}, "generation": 0, "timestamp": "2025-11-15T17:28:07.361965"}