{"key": "daily_snapshot", "value": {"day": 0, "customers": 97879046557589383776535819388750081, "mrr": 1.0962989510709337e-44, "total_revenue": 6.966800923949336, "conversion_rate": 1.1183706901032026e+28, "churn_rate": 0.05, "average_price": 1.1200547917330815e-79, "daily_visitors": 0, "new_customers": 10456045578216450030863702118367232, "churned_customers": 3026773238261798715607812241620992}, "generation": 0, "timestamp": "2025-11-14T04:25:20.316467"}