{"key": "daily_snapshot", "value": {"day": 0, "customers": 4956906817242755592653057, "mrr": 4.5137112134942844e-27, "total_revenue": 6.966800923949336, "conversion_rate": 7.956941196151238e+17, "churn_rate": 0.05, "average_price": 9.10590289450913e-52, "daily_visitors": 0, "new_customers": 750677914708032859668480, "churned_customers": 311923872326766043332608}, "generation": 0, "timestamp": "2025-11-14T04:20:31.044283"}