{"key": "daily_snapshot", "value": {"day": 0, "customers": 1522036203783593877564457687145608704770263332738186855872232319157711232153378224434253053346, "mrr": 6.078451881228079e-145, "total_revenue": 8.401501509864964, "conversion_rate": 2.1789529287782583e+86, "churn_rate": 0.05, "average_price": 3.99363160095522e-238, "daily_visitors": 0, "new_customers": 165897938070012701527987887824505009889841970252395830068119930388526480287412447852571394048, "churned_customers": 60874587100122510279766081052274151880051503976883210189783398563771424948635926514997657600}, "generation": 0, "timestamp": "2025-11-14T13:32:47.094009"}