{"key": "daily_snapshot", "value": {"day": 0, "customers": 9009617056682223960750392104937268480978157365905882818436284561453633848811836290625080662170824772600598, "mrr": 2.562356072086308e-168, "total_revenue": 8.73321624443256, "conversion_rate": 1.152389305000699e+99, "churn_rate": 0.05, "average_price": 2.844023287522379e-274, "daily_visitors": 0, "new_customers": 1031402567414273924146933849691293451032876264649158453072284473516339720311281464794911472272716748292096, "churned_customers": 601056217254983472639971485985094416797689708085752634440314615414111845965773315466114065801979862450176}, "generation": 0, "timestamp": "2025-11-14T16:44:39.898926"}