{"key": "daily_snapshot", "value": {"day": 0, "customers": 11037324016796600967323103904821201320189914201162609735, "mrr": 5.2647209837064386e-82, "total_revenue": 8.531929138055917, "conversion_rate": 1.6133091508752e+48, "churn_rate": 0.05, "average_price": 4.769925188111344e-137, "daily_visitors": 0, "new_customers": 1218655247983385894677178984524932490115875946952130560, "churned_customers": 693217728058615017515764466204049058128751080115273728}, "generation": 0, "timestamp": "2025-11-13T11:27:58.463013"}