{"key": "daily_snapshot", "value": {"day": 0, "customers": 160935574983088470756462790869298682648382093703266074512631320591083046906507203055605454090320953, "mrr": 3.685178656794423e-151, "total_revenue": 8.82569014329087, "conversion_rate": 2.1358225068022467e+91, "churn_rate": 0.05, "average_price": 2.289847137391264e-249, "daily_visitors": 0, "new_customers": 18580590459535656470358449542159872706398279275053387225125492639091242816731065323685093023154176, "churned_customers": 4897135824107182717860479926723107620850366960018939114155166356446206137990606258569355519328256}, "generation": 0, "timestamp": "2025-11-13T12:17:26.758582"}