{"key": "daily_snapshot", "value": {"day": 0, "customers": 3051527879938588993983317510952176351884924741258813967552260990921014422741, "mrr": 1.542986291155373e-112, "total_revenue": 5.438023679800494, "conversion_rate": 4.1308902263121793e+68, "churn_rate": 0.05, "average_price": 5.05643845268235e-188, "daily_visitors": 0, "new_customers": 371284335923147213997638216112582674901750245871484032329900835481845760000, "churned_customers": 151081509783116104223483940433081139134986325680256628932800326112758464512}, "generation": 0, "timestamp": "2025-11-14T20:03:11.483216"}