{"key": "daily_snapshot", "value": {"day": 0, "customers": 1252699046934977590210159523653068829249384822477034977464910356054112152808576279707275038506164448614248199, "mrr": 5.977227572055135e-167, "total_revenue": 7.42566689692798, "conversion_rate": 1.657653061614704e+101, "churn_rate": 0.05, "average_price": 4.771479300379309e-275, "daily_visitors": 0, "new_customers": 120604952217267817550113109029611401188983032877540032260125609735893477412615947662153808241156715603558400, "churned_customers": 83264923307226032085733733119773010876621039704307910887295450005197480282090856551556841881882077815635968}, "generation": 0, "timestamp": "2025-11-15T14:40:39.112451"}