{"key": "daily_snapshot", "value": {"day": 0, "customers": 6161670397811909597277824853984390356189531817507423860975548646115576190025266904677936562145875028703686004414854635602511229116, "mrr": 6.088539329111664e-194, "total_revenue": 7.827191553977371, "conversion_rate": 8.280030527684257e+122, "churn_rate": 0.05, "average_price": 1e-323, "daily_visitors": 0, "new_customers": 685185433863610555726173564762587961475185803230774352057993812522059335844007140922192804174617452735448658861661058160314548224, "churned_customers": 328221809640283517141216409489407834797379623862712684266313060075234866180211061690580953568636361903432410572107775972971905024}, "generation": 0, "timestamp": "2025-11-15T05:58:04.657299"}