{"key": "daily_snapshot", "value": {"day": 0, "customers": 949974682, "mrr": 0.7926303145332428, "total_revenue": 11.195462145955519, "conversion_rate": 132.48634819489226, "churn_rate": 0.05, "average_price": 8.343699359066106e-10, "daily_visitors": 0, "new_customers": 147159422, "churned_customers": 28351098}, "generation": 0, "timestamp": "2025-11-14T05:14:25.014806"}