{"key": "daily_snapshot", "value": {"day": 0, "customers": 28774615702604905971663631613305160302766767522, "mrr": 6.075251673014956e-67, "total_revenue": 8.401501509864964, "conversion_rate": 3.8607268027477145e+39, "churn_rate": 0.05, "average_price": 2.111323305167539e-113, "daily_visitors": 0, "new_customers": 3482815448141648203355134993403418284950290432, "churned_customers": 1159807908458250488685126620897030696643592192}, "generation": 0, "timestamp": "2025-11-14T13:11:13.607891"}