{"key": "daily_snapshot", "value": {"day": 0, "customers": 49521866437106590564899378009, "mrr": 5.001245182220898e-37, "total_revenue": 4.2636659399133805, "conversion_rate": 6.199528272041717e+21, "churn_rate": 0.05, "average_price": 1.0099064397285074e-65, "daily_visitors": 0, "new_customers": 4755664242810043394292711424, "churned_customers": 2499146713664171677583409152}, "generation": 0, "timestamp": "2025-11-15T15:05:46.585261"}