{"key": "daily_snapshot", "value": {"day": 0, "customers": 108220253510316048168869073014838084297, "mrr": 8.772163599917229e-50, "total_revenue": 3.6905216285399813, "conversion_rate": 1.3752591796193627e+31, "churn_rate": 0.05, "average_price": 8.105842774690069e-88, "daily_visitors": 0, "new_customers": 12910366669541173560087397702674939904, "churned_customers": 2943344078826044593941630360106303488}, "generation": 0, "timestamp": "2025-11-15T03:59:32.130800"}