{"key": "daily_snapshot", "value": {"day": 0, "customers": 749742279655534116010015710818961418723184661, "mrr": 1.1908779779885882e-64, "total_revenue": 6.513341788556554, "conversion_rate": 9.086385442710426e+37, "churn_rate": 0.05, "average_price": 1.5883831155096816e-109, "daily_visitors": 0, "new_customers": 72969376684278152393975201047066000857497600, "churned_customers": 37815468618457351816850621745115056629088256}, "generation": 0, "timestamp": "2025-11-15T00:41:09.055569"}