{"key": "daily_snapshot", "value": {"day": 0, "customers": 2819262220655606651106011483768022210777188957260715161955838224274460913380414007598807241920309874476398290, "mrr": 7.864078016649263e-172, "total_revenue": 7.180499208388138, "conversion_rate": 4.052176401699371e+101, "churn_rate": 0.05, "average_price": 2.7894099239979555e-280, "daily_visitors": 0, "new_customers": 341451273040091252250706606725879784555395149002639906954652457000212154414122447785669062006410102939058176, "churned_customers": 105862561077473603283394229225925299454226956687338972953512100188272283539046822838142176982152470920691712}, "generation": 0, "timestamp": "2025-11-15T19:48:15.040019"}