{"key": "daily_snapshot", "value": {"day": 0, "customers": 90479035353081608171727095792655744916599, "mrr": 7.123852644973524e-56, "total_revenue": 3.0646080228541357, "conversion_rate": 1.2604133143395893e+34, "churn_rate": 0.05, "average_price": 7.873484301831578e-97, "daily_visitors": 0, "new_customers": 11914053890493879804145492741205010677760, "churned_customers": 2763031073618956931934299484784391356416}, "generation": 0, "timestamp": "2025-11-14T21:00:26.448487"}