{"key": "daily_snapshot", "value": {"day": 0, "customers": 442215025411667005388566838039348226413562661936361111371, "mrr": 4.7039688590020213e-85, "total_revenue": 5.241512577835226, "conversion_rate": 6.816923381497163e+49, "churn_rate": 0.05, "average_price": 1.0637288623612463e-141, "daily_visitors": 0, "new_customers": 51886477540541595700491655498264802405949448715931484160, "churned_customers": 25551339487457354369755599565415728849024553413192450048}, "generation": 0, "timestamp": "2025-11-13T19:13:18.524603"}