{"key": "daily_snapshot", "value": {"day": 0, "customers": 323157559647650535546332694987801809253195400486086072672148312806936095242626712341, "mrr": 3.6916104886514024e-128, "total_revenue": 2.963987135955569, "conversion_rate": 4.522729714640134e+76, "churn_rate": 0.05, "average_price": 1.1423562217379313e-211, "daily_visitors": 0, "new_customers": 49751708694206174403896955293769444397402111929398823050106072910757870561493254144, "churned_customers": 19942214043766961587582519089446510938971865065981725367394467080917414441625059328}, "generation": 0, "timestamp": "2025-11-14T00:48:08.940984"}