{"key": "daily_snapshot", "value": {"day": 0, "customers": 386079360875024242385892581694856579321294202210809838501746537523562895558534322599586717384705962320937705553224493242598213858115, "mrr": 3.814970975533891e-192, "total_revenue": 3.6902796439842023, "conversion_rate": 4.673982450761824e+124, "churn_rate": 0.05, "average_price": 1e-323, "daily_visitors": 0, "new_customers": 48127561252982103967902381387028885441531794783467747013987610625754451503407959145463854667684193779471561544515775246638226866176, "churned_customers": 10505096224811465029732032198227374348007898339172644001687764743362684044968806137712989280542826756026757330729576793430621683712}, "generation": 0, "timestamp": "2025-11-14T02:07:10.468536"}