{"key": "daily_snapshot", "value": {"day": 0, "customers": 2353525905867173471429889840049424632886253952581909046997303072015130895588728530766154213124719867467953304646596085542108409575, "mrr": 2.3255925933727397e-194, "total_revenue": 3.180859164035811, "conversion_rate": 2.8936797933865e+122, "churn_rate": 0.05, "average_price": 1e-323, "daily_visitors": 0, "new_customers": 313192458508706840596400366876743770172667626568732941156444072596399145778419317606482411882356993977038347338282609357786972160, "churned_customers": 86487084234388431244708094133920797161820755774041445657781823898726290195419120067629902635446182346392934769988232900687953920}, "generation": 0, "timestamp": "2025-11-14T09:41:24.453394"}