{"key": "daily_snapshot", "value": {"day": 0, "customers": 40347728031571837775479751738047199858727169396967319242500263372197312276086355989934233586128538543278, "mrr": 3.9088029814602526e-159, "total_revenue": 14.069439877331755, "conversion_rate": 5.399531537382404e+96, "churn_rate": 0.05, "average_price": 9.68778955385453e-263, "daily_visitors": 0, "new_customers": 4005806621046759630701750566881292743251679642780864902834790580630689561992901961647119090511039692800, "churned_customers": 1622929464280215989365418109795920155502014619753932207250446103349969469351302208971875574815827951616}, "generation": 0, "timestamp": "2025-11-15T13:37:11.846135"}