{"key": "daily_snapshot", "value": {"day": 0, "customers": 31465360397794230700231078651011674384180513691483048817621569320658, "mrr": 8.633955704974854e-103, "total_revenue": 7.180499208388138, "conversion_rate": 4.487848804824869e+60, "churn_rate": 0.05, "average_price": 2.7439557646319246e-170, "daily_visitors": 0, "new_customers": 4400365792423738426459835915521366148095105247884331765393247961088, "churned_customers": 1297025264340596003190089500622083328396154577606292851989680226304}, "generation": 0, "timestamp": "2025-11-15T19:29:06.341293"}