{"key": "daily_snapshot", "value": {"day": 0, "customers": 710952518006393363250181321307591206349052246928341015591333528764451073, "mrr": 3.1791161019093348e-108, "total_revenue": 6.966800923949336, "conversion_rate": 9.135731959874847e+64, "churn_rate": 0.05, "average_price": 4.471629288020534e-180, "daily_visitors": 0, "new_customers": 92556319169071539540724379020726473751960414640531425098627750559744000, "churned_customers": 44261058890345391621374808786483690136923668713323742511356853784412160}, "generation": 0, "timestamp": "2025-11-14T04:42:41.488105"}