{"key": "daily_snapshot", "value": {"day": 0, "customers": 26333953578710539655399903840733727933944617249122876238272691999782693792591447882530458514, "mrr": 2.592594056750816e-143, "total_revenue": 5.414632391501176, "conversion_rate": 3.8256825464036455e+84, "churn_rate": 0.05, "average_price": 9.845061999527396e-235, "daily_visitors": 0, "new_customers": 3067776316335162617004364743764773151464387798652663297929764802572369005752924759128014848, "churned_customers": 1116249738340392933267017308847172809029555534083011088818908484648744822968086592133005312}, "generation": 0, "timestamp": "2025-11-13T22:35:52.614123"}