{"key": "daily_snapshot", "value": {"day": 0, "customers": 658321612505326, "mrr": 2.143407233233554e-10, "total_revenue": 7.574353924948404, "conversion_rate": 95717467.22170609, "churn_rate": 0.05, "average_price": 3.2558664223046655e-25, "daily_visitors": 0, "new_customers": 72670848032764, "churned_customers": 31910492427435}, "generation": 0, "timestamp": "2025-11-14T09:49:01.732091"}