{"key": "daily_snapshot", "value": {"day": 0, "customers": 2936349066712770954178522378515179308628676699079, "mrr": 6.592526595641312e-69, "total_revenue": 4.928703564447977, "conversion_rate": 4.327215137974886e+41, "churn_rate": 0.05, "average_price": 2.2451440363054706e-117, "daily_visitors": 0, "new_customers": 333271686027032305496942884032925963441758273536, "churned_customers": 202354334969801439324001616466892523378109841408}, "generation": 0, "timestamp": "2025-11-15T06:20:57.062690"}