{"key": "daily_snapshot", "value": {"day": 0, "customers": 14420811316587174002832925466130653789, "mrr": 8.709194452742253e-50, "total_revenue": 7.058512489256422, "conversion_rate": 1.8214911932711704e+30, "churn_rate": 0.05, "average_price": 6.0393234898821e-87, "daily_visitors": 0, "new_customers": 1876895899589484311214697009238769664, "churned_customers": 857795477676461703414238176492912640}, "generation": 0, "timestamp": "2025-11-15T07:16:51.877354"}