{"key": "daily_snapshot", "value": {"day": 0, "customers": 35450595685956525999105655499652181213153550734663530291923391233744707376121919463764341491279207884313031855421048245144282697280, "mrr": 3.502984290607804e-193, "total_revenue": 4.61627280770732, "conversion_rate": 4.8628967354165983e+123, "churn_rate": 0.05, "average_price": 1e-323, "daily_visitors": 0, "new_customers": 3780365595634008332101221464822736267111546211543558093959072291261226446540234400472896811067788913678475331932945730621505798144, "churned_customers": 1475060462212507489418244836673328249717898364099555457990881754325130730083299884669077750574606464472024543417799011759640543232}, "generation": 0, "timestamp": "2025-11-15T17:54:57.873778"}