{"key": "daily_snapshot", "value": {"day": 0, "customers": 47050515594494562703102098158594163344427417719410067259275220656707309120, "mrr": 1.807257500534012e-107, "total_revenue": 4.61627280770732, "conversion_rate": 6.3846595336809914e+66, "churn_rate": 0.05, "average_price": 3.841100310376793e-181, "daily_visitors": 0, "new_customers": 5203026998091801231084149784883608306225330947330610691863155207110131712, "churned_customers": 1890562759850375109708163870593984232549009442900097706170661600046874624}, "generation": 0, "timestamp": "2025-11-15T17:28:28.489579"}