{"key": "daily_snapshot", "value": {"day": 0, "customers": 7019730815152446980809, "mrr": 9.483844747550022e-23, "total_revenue": 3.6905216285399813, "conversion_rate": 1015614097299669.0, "churn_rate": 0.05, "average_price": 1.3510268409550207e-44, "daily_visitors": 0, "new_customers": 817387539017670852608, "churned_customers": 459794323759288942592}, "generation": 0, "timestamp": "2025-11-15T03:52:03.915631"}