{"key": "daily_snapshot", "value": {"day": 0, "customers": 1767000152365746699882058355417133782241268840683957945467352564501, "mrr": 3.163839714306725e-98, "total_revenue": 2.963987135955569, "conversion_rate": 2.5990863853247584e+59, "churn_rate": 0.05, "average_price": 1.7905146810942946e-164, "daily_visitors": 0, "new_customers": 257767950047940262684405399631224692254631346570396633990810304512, "churned_customers": 106239656516647902471631702619586859493053023345855376094077648896}, "generation": 0, "timestamp": "2025-11-14T00:40:00.191270"}