{"key": "daily_snapshot", "value": {"day": 0, "customers": 40576211304533755257193161670644759336304989062491082414807169551335032437491863030328645899383942794880589249073792167, "mrr": 6.638503367797929e-189, "total_revenue": 7.010218214998832, "conversion_rate": 4.5936664759242954e+111, "churn_rate": 0.05, "average_price": 1.6360579645976412e-307, "daily_visitors": 0, "new_customers": 5202657062473553665138775762873251747749102801532827532737666377288754511822465592687034841084441643687333737774710784, "churned_customers": 1326640336130440534940283334492571377952413509738470132584502838925064774615821793837560975314454132889502535221510144}, "generation": 0, "timestamp": "2025-11-15T00:14:14.637817"}