{"key": "daily_snapshot", "value": {"day": 0, "customers": 1120287645, "mrr": 0.3828671817955811, "total_revenue": 8.303035029759322, "conversion_rate": 153.89014215572968, "churn_rate": 0.05, "average_price": 3.417579257473478e-10, "daily_visitors": 0, "new_customers": 139520956, "churned_customers": 61715640}, "generation": 0, "timestamp": "2025-11-13T12:38:09.950492"}