{"key": "daily_snapshot", "value": {"day": 0, "customers": 441240541998401882666242645509767132560500622420374816, "mrr": 1.0986965086266472e-77, "total_revenue": 2.640852054669741, "conversion_rate": 6.167777962089719e+46, "churn_rate": 0.05, "average_price": 2.4900171313601246e-131, "daily_visitors": 0, "new_customers": 65779513031832641861406911575488843878577452194201600, "churned_customers": 22060873204846141581856851973405245399451043033513984}, "generation": 0, "timestamp": "2025-11-14T02:32:03.301770"}