{"key": "daily_snapshot", "value": {"day": 0, "customers": 2135973074032985857162715280753719801543657622933861395717, "mrr": 3.049555908452904e-85, "total_revenue": 1.5620171583249602, "conversion_rate": 3.004244464093592e+50, "churn_rate": 0.05, "average_price": 1.4277127111415123e-142, "daily_visitors": 0, "new_customers": 282281003591195524682940299046399505720800486404002938880, "churned_customers": 99991310245999517972407322930342166232621392705336901632}, "generation": 0, "timestamp": "2025-11-13T21:18:44.974670"}