{"key": "daily_snapshot", "value": {"day": 0, "customers": 46392265736097782104344341623496769699539263738506065952828904561182950696911903009, "mrr": 1.5209247707512118e-124, "total_revenue": 9.426328809042326, "conversion_rate": 6.8142289503943545e+75, "churn_rate": 0.05, "average_price": 3.278401575389713e-207, "daily_visitors": 0, "new_customers": 5202047532170485799715664491686611219153981808366309642924467914539716332448907264, "churned_customers": 1584780897976897057954446037339203068470544400563757802452077740627649752427659264}, "generation": 0, "timestamp": "2025-11-15T12:26:22.309844"}