{"key": "daily_snapshot", "value": {"day": 0, "customers": 7399258762671064565038594793397450345181326478985714133, "mrr": 8.616677428080637e-82, "total_revenue": 5.250998821828405, "conversion_rate": 8.698021816627192e+47, "churn_rate": 0.05, "average_price": 1.164532516628746e-136, "daily_visitors": 0, "new_customers": 914573416799923457092871895003157983163967347187777536, "churned_customers": 231260739731257944910902656658925400428433575837171712}, "generation": 0, "timestamp": "2025-11-14T22:08:28.486716"}