{"key": "daily_snapshot", "value": {"day": 0, "customers": 52, "mrr": 1.5716035654990201, "total_revenue": 2.0816600062949178, "conversion_rate": 0.20408003817674059, "churn_rate": 0.05, "average_price": 0.030223145490365772, "daily_visitors": 55, "new_customers": 7, "churned_customers": 2}, "generation": 0, "timestamp": "2025-11-13T11:04:42.839466"}