{"key": "daily_snapshot", "value": {"day": 0, "customers": 7319714494873164050531323173559341995412185438828421396130508992528598149889614683955792125539777025315500786525778221345, "mrr": 4.172844775337258e-191, "total_revenue": 9.426328809042326, "conversion_rate": 1.1281766625606153e+114, "churn_rate": 0.05, "average_price": 5.70082996852e-312, "daily_visitors": 0, "new_customers": 916756961470650310231354442011854474636803165093483715268414206005489890752995656684004160279686938400628524631338254336, "churned_customers": 419472984710289904764926031330716927305487928398306040233309691447142221151065988595856715303849275909328337803820400640}, "generation": 0, "timestamp": "2025-11-15T12:44:32.086216"}