{"key": "daily_snapshot", "value": {"day": 0, "customers": 2043893268602655, "mrr": 8.84553839433974e-14, "total_revenue": 4.058738603221881, "conversion_rate": 233239857.89958853, "churn_rate": 0.05, "average_price": 4.327788799063443e-29, "daily_visitors": 0, "new_customers": 239171258953416, "churned_customers": 107665889516262}, "generation": 0, "timestamp": "2025-11-14T14:58:56.936340"}