{"key": "daily_snapshot", "value": {"day": 0, "customers": 2067430155108702281215048101468261148746003586500598439465824527341989739595543670388069499376419985670177264663429002042019082442871, "mrr": 2.042892429630899e-191, "total_revenue": 8.055065502431749, "conversion_rate": 3.470611116699026e+125, "churn_rate": 0.05, "average_price": 1e-323, "daily_visitors": 0, "new_customers": 293398706010111817364829675019064074546856018015060974578267208536269576086988269793492697939669539626622605602382636465358270103552, "churned_customers": 69734554453669604348517234982822598047907742072401919196482071246998983536544871520695221360689707749597747947973041455699389841408}, "generation": 0, "timestamp": "2025-11-13T17:45:54.378574"}