{"key": "daily_snapshot", "value": {"day": 0, "customers": 9128808501454816958305242381729637312270, "mrr": 3.715877830573948e-54, "total_revenue": 5.934471667464104, "conversion_rate": 1.1762932637623353e+33, "churn_rate": 0.05, "average_price": 4.0704959798223013e-94, "daily_visitors": 0, "new_customers": 1133720838440244717394473316005225431040, "churned_customers": 502386897248114710803949321233417371648}, "generation": 0, "timestamp": "2025-11-14T17:30:50.364048"}