{"key": "daily_snapshot", "value": {"day": 0, "customers": 31524855060012602180314099785368110193568596116204629338221071854609406071, "mrr": 3.929599403021276e-111, "total_revenue": 8.055065502431749, "conversion_rate": 4.688116251041698e+66, "churn_rate": 0.05, "average_price": 1.2465083171804138e-184, "daily_visitors": 0, "new_customers": 4216039614687664246755851694001280645866462332014040935724994936310857728, "churned_customers": 2046896915962166647168054188059112983701311119516878195274210330951024640}, "generation": 0, "timestamp": "2025-11-13T17:18:18.541632"}