{"key": "daily_snapshot", "value": {"day": 0, "customers": 12182200444738530, "mrr": 2.0111843350481066e-12, "total_revenue": 14.069439877331304, "conversion_rate": 1758019434.7906842, "churn_rate": 0.05, "average_price": 1.6509204097989813e-28, "daily_visitors": 0, "new_customers": 1349728697637835, "churned_customers": 647458735764745}, "generation": 0, "timestamp": "2025-11-15T12:56:41.251206"}