{"key": "daily_snapshot", "value": {"day": 0, "customers": 205922629022527, "mrr": 7.805141776650508e-10, "total_revenue": 4.596591164155053, "conversion_rate": 27183718.345734254, "churn_rate": 0.05, "average_price": 3.790327373781082e-24, "daily_visitors": 0, "new_customers": 28585823657425, "churned_customers": 7344744611761}, "generation": 0, "timestamp": "2025-11-14T11:54:34.174735"}