{"key": "daily_snapshot", "value": {"day": 0, "customers": 5246649967413665440869967164086676559941169182265415793555432445874432198988151302559200890901, "mrr": 3.019672501004137e-146, "total_revenue": 6.513341788556554, "conversion_rate": 7.582696272299289e+86, "churn_rate": 0.05, "average_price": 5.755429692773432e-240, "daily_visitors": 0, "new_customers": 645581650479669833501083726728930292497379659972303157756593845838062096096849092778175496192, "churned_customers": 212830475518480319362972182632512797824173059632248350622695429017984432701873079463543046144}, "generation": 0, "timestamp": "2025-11-15T01:03:41.985269"}