{"key": "daily_snapshot", "value": {"day": 0, "customers": 9944603446880735020185595486471191713, "mrr": 2.6671410499860777e-48, "total_revenue": 4.323965768575599, "conversion_rate": 1.3708086045927688e+30, "churn_rate": 0.05, "average_price": 2.681998396650662e-85, "daily_visitors": 0, "new_customers": 1394798521858433108812006373422268416, "churned_customers": 427440571362591613890239209244983296}, "generation": 0, "timestamp": "2025-11-14T14:07:31.421554"}