{"key": "daily_snapshot", "value": {"day": 0, "customers": 8158102442828827369620905980742150999740308686686419269210830773334118663515819499790085553010702977938, "mrr": 3.205999094718268e-163, "total_revenue": 5.414632391501176, "conversion_rate": 1.0586369768754801e+96, "churn_rate": 0.05, "average_price": 3.929834317705118e-266, "daily_visitors": 0, "new_customers": 818096832600238191236136369491206176830155584000610111113618180923212905827450344491306745052757229568, "churned_customers": 190734961146325809951693199810554908211492301210329228085650340073550460770624286546594643809983791104}, "generation": 0, "timestamp": "2025-11-13T22:41:18.932749"}