{"key": "daily_snapshot", "value": {"day": 0, "customers": 278581164904272749829, "mrr": 4.0806185597445927e-22, "total_revenue": 1.5620171583249602, "conversion_rate": 40800887665100.25, "churn_rate": 0.05, "average_price": 1.46478623604966e-42, "daily_visitors": 0, "new_customers": 40628770262644236288, "churned_customers": 15215554367154305024}, "generation": 0, "timestamp": "2025-11-13T21:01:28.934126"}