{"key": "daily_snapshot", "value": {"day": 0, "customers": 13388621207695431939, "mrr": 8.190131211948397e-18, "total_revenue": 11.37579680016544, "conversion_rate": 1861852762179.124, "churn_rate": 0.05, "average_price": 6.1172327492848345e-37, "daily_visitors": 0, "new_customers": 1839903829609634304, "churned_customers": 506559302177947904}, "generation": 0, "timestamp": "2025-11-14T05:19:06.285195"}