{"key": "daily_snapshot", "value": {"day": 0, "customers": 92711238415265882537327615113790373815917955010388007045147761374527513442720767448082345642228718, "mrr": 3.7874615810609146e-156, "total_revenue": 4.058738603221899, "conversion_rate": 1.4232235960126345e+91, "churn_rate": 0.05, "average_price": 4.085223804363796e-254, "daily_visitors": 0, "new_customers": 12860990229245408417772756849172556149049321301458954410871570626150682352970039790783120864706560, "churned_customers": 2844964268338374071421678689438426516507565943018957879051363971631312204316425148928195024650240}, "generation": 0, "timestamp": "2025-11-14T15:37:49.266972"}