{"key": "daily_snapshot", "value": {"day": 0, "customers": 1853046438774512904357960268230106518023901122766550553496168931667308824020174966539788241180194242997330423316946886990333825940484, "mrr": 1.8310531710939033e-191, "total_revenue": 4.445436838349596, "conversion_rate": 2.6150497947713057e+125, "churn_rate": 0.05, "average_price": 1e-323, "daily_visitors": 0, "new_customers": 273102069909543692887444283717114523812792299708262203408725087164452280226597156053789248558643896576858176085337915384169939075072, "churned_customers": 91227994084040825292768601078807190182991771780258563796344566781392053401520343267862237134235953552216359064579870524657085972480}, "generation": 0, "timestamp": "2025-11-15T18:57:14.126321"}