{"key": "daily_snapshot", "value": {"day": 0, "customers": 156894240605153665809277207537107122582709191, "mrr": 9.599149258513744e-62, "total_revenue": 4.928703564447977, "conversion_rate": 2.081164469846963e+37, "churn_rate": 0.05, "average_price": 6.118229210638361e-106, "daily_visitors": 0, "new_customers": 17976393769109556585323427633689284009000960, "churned_customers": 6289289327145777022654641822795744940130304}, "generation": 0, "timestamp": "2025-11-15T06:18:58.494676"}