{"key": "daily_snapshot", "value": {"day": 0, "customers": 1052027, "mrr": 1.384892178339971, "total_revenue": 2.6959699472322494, "conversion_rate": 9.40879953737454, "churn_rate": 0.05, "average_price": 1.3164036458569703e-06, "daily_visitors": 7, "new_customers": 449048, "churned_customers": 23037}, "generation": 0, "timestamp": "2025-11-13T11:05:27.992655"}