{"key": "daily_snapshot", "value": {"day": 0, "customers": 111893755640742006330898035916743288060213024254874686537439338770927756615984748565463201452664544363375928705604236328618168464195, "mrr": 1.1056572129249164e-192, "total_revenue": 3.6902796439842023, "conversion_rate": 1.3985523948458257e+124, "churn_rate": 0.05, "average_price": 1e-323, "daily_visitors": 0, "new_customers": 14533985346920118392046748196359482114365339069486513578655316115270887661397752200076825060258920958007245062127119432471084531712, "churned_customers": 5245865507145921864863206812014418699600315265370942059719451695494748025867639797142965745235329463718682355545444512277022638080}, "generation": 0, "timestamp": "2025-11-14T02:06:54.377479"}