{"key": "daily_snapshot", "value": {"day": 0, "customers": 26256435297458664667901166467021568016121675, "mrr": 3.13755643367476e-62, "total_revenue": 5.241512577835226, "conversion_rate": 3.557550148739194e+36, "churn_rate": 0.05, "average_price": 1.1949666427028047e-105, "daily_visitors": 0, "new_customers": 3597523814937269919148832321081920773423104, "churned_customers": 991966995824234254114925212013953376321536}, "generation": 0, "timestamp": "2025-11-13T19:07:04.588753"}