{"key": "daily_snapshot", "value": {"day": 0, "customers": 2341887620886814821686101, "mrr": 1.3648000810014943e-27, "total_revenue": 7.593310615949716, "conversion_rate": 3.369932154557347e+17, "churn_rate": 0.05, "average_price": 5.827777852485844e-52, "daily_visitors": 0, "new_customers": 326506464740821339996160, "churned_customers": 67199419901788093939712}, "generation": 0, "timestamp": "2025-11-14T18:38:33.878658"}