{"key": "daily_snapshot", "value": {"day": 0, "customers": 2732639829693809836088608772265374694828423728371833710143149436340329983326150386138774908878242, "mrr": 1.656300795968539e-150, "total_revenue": 8.401501509864964, "conversion_rate": 3.96110947109789e+89, "churn_rate": 0.05, "average_price": 6.061174904832321e-247, "daily_visitors": 0, "new_customers": 410374166127448689381428658648514422302427750955135537207688949338286131486159016557851923447808, "churned_customers": 126376079696960581901846033434460437996557198337629882141563975216804382405521502752843998691328}, "generation": 0, "timestamp": "2025-11-14T13:34:19.110526"}