{"key": "daily_snapshot", "value": {"day": 0, "customers": 74601404150955964655714729541660087344542738198908197641013762354292689359887825327600450867672540404504300260811423346381941046557753, "mrr": 7.371598184501182e-190, "total_revenue": 8.82569014329087, "conversion_rate": 1.1380572932288423e+127, "churn_rate": 0.05, "average_price": 1e-323, "daily_visitors": 0, "new_customers": 12272159816214809766783910483013224103069690524698440623868791102554425107503691521351613737020903471365203577120937734141684224098304, "churned_customers": 3933942188148683804492542193695972196528828111390707539157880934009781174650545340843399612914915349657049543772125034353015715266560}, "generation": 0, "timestamp": "2025-11-13T12:34:03.062852"}