{"key": "daily_snapshot", "value": {"day": 0, "customers": 655280716512824055595055928828166068273405946191032814853768058384816709793740515453835271057988727, "mrr": 1.0964862491192337e-155, "total_revenue": 3.0646080228541357, "conversion_rate": 8.90881676258179e+91, "churn_rate": 0.05, "average_price": 1.6733076702674113e-254, "daily_visitors": 0, "new_customers": 71367388278306987916964408702046165577975084772456249532432741541669880385356065416864307500548096, "churned_customers": 15227315760504159419264541327978594271907297590120081081544292620470092498033206799545328799318016}, "generation": 0, "timestamp": "2025-11-14T21:27:41.725124"}