{"key": "daily_snapshot", "value": {"day": 0, "customers": 32182161750586048900767613439873049780843143878742422343379302561956612029826197915119956222760627827783, "mrr": 1.0863738696990733e-163, "total_revenue": 8.531929138055917, "conversion_rate": 4.09589859281788e+96, "churn_rate": 0.05, "average_price": 3.375701974648393e-267, "daily_visitors": 0, "new_customers": 4413968335561169309961791767179457612116614081593398315770887590400880859165828310424043098227970408448, "churned_customers": 2160666698474276807678901451328406006253977963634889722338338137026701237011440140330009977838402273280}, "generation": 0, "timestamp": "2025-11-13T11:50:25.501341"}