{"key": "daily_snapshot", "value": {"day": 0, "customers": 189217207319, "mrr": 5.448140186703349e-06, "total_revenue": 4.058737450559917, "conversion_rate": 24579.291351771924, "churn_rate": 0.05, "average_price": 2.879304828507677e-17, "daily_visitors": 0, "new_customers": 28676450027, "churned_customers": 13046663732}, "generation": 0, "timestamp": "2025-11-14T14:56:54.352908"}