{"key": "daily_snapshot", "value": {"day": 0, "customers": 123880962525377633284, "mrr": 4.803183146469002e-20, "total_revenue": 4.445436838349596, "conversion_rate": 19005439164441.73, "churn_rate": 0.05, "average_price": 3.877256883183359e-40, "daily_visitors": 0, "new_customers": 17541852975084425216, "churned_customers": 3444506629924766464}, "generation": 0, "timestamp": "2025-11-15T18:05:17.238593"}