{"key": "daily_snapshot", "value": {"day": 0, "customers": 183214451040295806035385826269166692728525471086598733937998579801214868027401155501589593401495904475103597722493055867372509938, "mrr": 1.810399321613464e-195, "total_revenue": 10.298721371422412, "conversion_rate": 2.534057739489283e+121, "churn_rate": 0.05, "average_price": 1e-323, "daily_visitors": 0, "new_customers": 21518118413512339525452192026458590449408097160206998138972070090331247109066057645045939754409472742839497691058574398398136320, "churned_customers": 6335345108269391018138153049846581804357094207216590430550050465610135323589789716701983646155999456629023858256763119571304448}, "generation": 0, "timestamp": "2025-11-14T04:07:39.340169"}