{"key": "daily_snapshot", "value": {"day": 0, "customers": 28037176355893581554982356108860600862762672444225252685249005354722924770407492164598938140617818208549776524773563893279902786, "mrr": 2.770441128767898e-196, "total_revenue": 7.574353924996814, "conversion_rate": 4.2033931629646276e+120, "churn_rate": 0.05, "average_price": 1e-323, "daily_visitors": 0, "new_customers": 4003986570827064669294197039608590194854900654729791472041974735996182177686433167543862197416491402630064173134685608641298432, "churned_customers": 1233814481986081635691604698691858838225076045248593750732892924951844043919030227258539475154447446866401664558774985531850752}, "generation": 0, "timestamp": "2025-11-14T11:45:16.258743"}