{"key": "daily_snapshot", "value": {"day": 0, "customers": 17307559745187855070128953888442580688758534244697064055032461010, "mrr": 2.5033070127988225e-97, "total_revenue": 7.180499208388138, "conversion_rate": 2.425965801891557e+57, "churn_rate": 0.05, "average_price": 1.446366240910903e-161, "daily_visitors": 0, "new_customers": 2356205878080011719893511774857999583131641063465150111660638208, "churned_customers": 960437034389437246741283556428612134892207397411861177179308032}, "generation": 0, "timestamp": "2025-11-15T19:27:34.149153"}