{"key": "daily_snapshot", "value": {"day": 0, "customers": 164975249943639909117983481244696502560403850540183303, "mrr": 5.567258874637182e-76, "total_revenue": 7.42566689692798, "conversion_rate": 2.059174304905079e+46, "churn_rate": 0.05, "average_price": 3.37460247918346e-129, "daily_visitors": 0, "new_customers": 16029725643596112858479329084066169129896657465376768, "churned_customers": 5654773157260153369633843130002820815911922631180288}, "generation": 0, "timestamp": "2025-11-15T14:15:24.593956"}