{"key": "daily_snapshot", "value": {"day": 0, "customers": 263341811929897780666863259646007123472572, "mrr": 3.735137132372087e-57, "total_revenue": 7.827191553977371, "conversion_rate": 3.858344343970376e+34, "churn_rate": 0.05, "average_price": 1.4183608387134472e-98, "daily_visitors": 0, "new_customers": 37197365348797579808135261582791224066048, "churned_customers": 16572759109863585104516672028129340948480}, "generation": 0, "timestamp": "2025-11-15T05:02:33.665475"}