{"key": "daily_snapshot", "value": {"day": 0, "customers": 4625946831992529114773586748616818041345347229273647829878339497812645519606444089965825361631343325118225527, "mrr": 3.632057961226846e-173, "total_revenue": 3.0646080228541357, "conversion_rate": 5.758621829734474e+101, "churn_rate": 0.05, "average_price": 7.85149093393798e-282, "daily_visitors": 0, "new_customers": 494067281454564135355107565552052551603449599993038836358291232304682755446602278174022449165140910191673344, "churned_customers": 114500891540789167727766618915278752477559572728217157932755183398009415988381827177473544924237297755357184}, "generation": 0, "timestamp": "2025-11-14T21:32:25.212839"}