{"key": "daily_snapshot", "value": {"day": 0, "customers": 2600228447203057260769762981782127141754603478421347362321984514901403299944103094458215187676137027934856366, "mrr": 2.0815384872840248e-167, "total_revenue": 14.069439877331755, "conversion_rate": 3.67550540343331e+101, "churn_rate": 0.05, "average_price": 8.005213886199258e-276, "daily_visitors": 0, "new_customers": 333524995061978864329671643469187556010702576950647191673481997273060132712670910742629143782425757216669696, "churned_customers": 172183679069207411542199321592729365181226782097709836015640958287812837392803501990634025816805051627208704}, "generation": 0, "timestamp": "2025-11-15T13:39:27.605458"}