{"key": "daily_snapshot", "value": {"day": 0, "customers": 108180981231131622787662041496223115977506737132, "mrr": 1.8272402147934424e-66, "total_revenue": 3.8452002827692775, "conversion_rate": 1.4406093185375495e+40, "churn_rate": 0.05, "average_price": 1.689058644134031e-113, "daily_visitors": 0, "new_customers": 13138054026921342945640439954934682461122068480, "churned_customers": 5307340126611802592351072891567838171848769536}, "generation": 0, "timestamp": "2025-11-13T14:00:22.234391"}