{"key": "daily_snapshot", "value": {"day": 0, "customers": 969883708744763219117362242, "mrr": 8.662073662661254e-31, "total_revenue": 7.574353924996814, "conversion_rate": 1.3677332987517829e+20, "churn_rate": 0.05, "average_price": 8.931043572091574e-58, "daily_visitors": 0, "new_customers": 153182329760017709029916672, "churned_customers": 60229256850129766527795200}, "generation": 0, "timestamp": "2025-11-14T09:59:24.283684"}