{"key": "daily_snapshot", "value": {"day": 0, "customers": 344063779151881256797953428317656908182628869267355060290354288586061785905013409665271817267390501211563686164020640825, "mrr": 2.684155875258441e-187, "total_revenue": 8.82569014329087, "conversion_rate": 4.325203564967524e+112, "churn_rate": 0.05, "average_price": 7.801332304943279e-307, "daily_visitors": 0, "new_customers": 48305726050697791011868449372946545223296283947327650665721063747170577148227681667428978113998283516487180480900235264, "churned_customers": 14312593624659622871673015647458053553486355273477258527259958158149521155742751600137411583309428788261697211189952512}, "generation": 0, "timestamp": "2025-11-13T12:27:21.759007"}