{"key": "daily_snapshot", "value": {"day": 0, "customers": 16348767904013614237964342383827932924112582448246149138104130014750172373167790623478184934469017912514292994209685008135, "mrr": 2.6489472593185265e-189, "total_revenue": 7.42566689692798, "conversion_rate": 2.5046346779331236e+114, "churn_rate": 0.05, "average_price": 1.62027332877373e-310, "daily_visitors": 0, "new_customers": 2406419762493889797965695307575114214349883034518687377363871831992451129630955114239786044630418166091473287023519858688, "churned_customers": 733393520990399326728236979835168510281527870336478748019369950499717474840435992871664935299244521313063328666102005760}, "generation": 0, "timestamp": "2025-11-15T14:46:52.780469"}