{"key": "daily_snapshot", "value": {"day": 0, "customers": 198776396057172413434027130829498031079173508724818304833407850657125514040, "mrr": 1.9822114475553073e-110, "total_revenue": 8.385937104373125, "conversion_rate": 2.6829060386300993e+67, "churn_rate": 0.05, "average_price": 9.972066537443311e-185, "daily_visitors": 0, "new_customers": 22670210594778042901002087385969787671129360312577641186500193468916170752, "churned_customers": 7876901352175835936419140842411189955408896819131846520929757729820508160}, "generation": 0, "timestamp": "2025-11-13T13:08:20.348040"}