{"key": "daily_snapshot", "value": {"day": 0, "customers": 1913560831895516785237755078310694601762643363990488133770596331137752584164486435673, "mrr": 4.874871810060637e-132, "total_revenue": 4.2636659399133805, "conversion_rate": 2.639945900820524e+77, "churn_rate": 0.05, "average_price": 2.5475395026933806e-216, "daily_visitors": 0, "new_customers": 256907706110583621419990694310889762218483622167069589228642332082377936867124314112, "churned_customers": 74327107947217454186926629832319254603259475525754610965062708143350164035525935104}, "generation": 0, "timestamp": "2025-11-15T15:31:53.713011"}