{"key": "daily_snapshot", "value": {"day": 0, "customers": 603268621552421401555787552716378920431566593836524310190731310053113713117629269911310, "mrr": 1.6342599212249665e-133, "total_revenue": 5.934471667464104, "conversion_rate": 9.372408610158653e+79, "churn_rate": 0.05, "average_price": 2.709008661878424e-220, "daily_visitors": 0, "new_customers": 99068295452354094004201352385147037829715943746744213153799758802281901288805770461184, "churned_customers": 41082883820112131722450269532419965891144828546583944088177697965960908757898096541696}, "generation": 0, "timestamp": "2025-11-14T18:06:32.526366"}