{"key": "daily_snapshot", "value": {"day": 0, "customers": 1466330945664, "mrr": 5.666690960679973e-06, "total_revenue": 13.189142521203783, "conversion_rate": 196770.61432703098, "churn_rate": 0.05, "average_price": 3.8645375230173025e-18, "daily_visitors": 0, "new_customers": 155059203066, "churned_customers": 33716899979}, "generation": 0, "timestamp": "2025-11-13T17:50:47.229476"}