{"key": "daily_snapshot", "value": {"day": 0, "customers": 110146501923777452871240288168008283768281144589856281519508460, "mrr": 2.9546086256003778e-92, "total_revenue": 3.8452002827692775, "conversion_rate": 1.589565266503192e+55, "churn_rate": 0.05, "average_price": 2.6824352784666722e-154, "daily_visitors": 0, "new_customers": 13371083027464898424337998284471033200655959975247331412934656, "churned_customers": 7510753782366982567378475051367809044591510066308776007303168}, "generation": 0, "timestamp": "2025-11-13T14:07:25.251083"}