{"key": "daily_snapshot", "value": {"day": 0, "customers": 12455131644011498228882473189871222554296740302860014326807050336573467470297287011541, "mrr": 6.25762727297508e-128, "total_revenue": 5.438023679800494, "conversion_rate": 1.766496357258921e+78, "churn_rate": 0.05, "average_price": 5.024135795452459e-213, "daily_visitors": 0, "new_customers": 1505983017193197921186610831934108370734856847263601948737020771680303615938568126464, "churned_customers": 423522392539479869575890467074838550129161710633368929938196172252116858406795476992}, "generation": 0, "timestamp": "2025-11-14T20:07:31.058670"}