{"key": "daily_snapshot", "value": {"day": 0, "customers": 45092092661440635699356207328699500479434518178922603922186157130582244770, "mrr": 1.841812882769696e-111, "total_revenue": 8.401501509864964, "conversion_rate": 6.0698899329846175e+66, "churn_rate": 0.05, "average_price": 4.0845584537367806e-185, "daily_visitors": 0, "new_customers": 6390466709241628233390540501473751411252139444380008267438003493655281664, "churned_customers": 1146968655649571434160938651874788659082151552546709820353372956351528960}, "generation": 0, "timestamp": "2025-11-14T13:23:36.823336"}