{"key": "daily_snapshot", "value": {"day": 0, "customers": 611116435392646222047075466285969040311255685354780866881726568396188841397505526437469275942902780458725498769254805513544408393485202, "mrr": 6.038632726729363e-189, "total_revenue": 5.414632391501176, "conversion_rate": 7.777112319036812e+127, "churn_rate": 0.05, "average_price": 1e-323, "daily_visitors": 0, "new_customers": 70760238393710863009166886241844571111848543007355981342470277010156020428254337399580986059255264718597140589892405745540312902664192, "churned_customers": 23301891294083789561725364676303635121517135330227171174781398446797884182788531003694483949414740026573369133223335195826004730839040}, "generation": 0, "timestamp": "2025-11-14T00:11:21.598363"}