{"key": "daily_snapshot", "value": {"day": 0, "customers": 3756183274582464462387529501396853407604528051416463294529935652010147603872750, "mrr": 7.483587395765457e-122, "total_revenue": 4.058738603221899, "conversion_rate": 5.563256449524034e+71, "churn_rate": 0.05, "average_price": 1.9923381924427873e-200, "daily_visitors": 0, "new_customers": 453159056913566821076865080222614140070743704414888865359457770691516008759296, "churned_customers": 186419945705101094790355198342367365571682881193395420365150605536938493476864}, "generation": 0, "timestamp": "2025-11-14T15:28:32.698014"}