{"key": "daily_snapshot", "value": {"day": 0, "customers": 765134144286603039649601409904, "mrr": 3.956295165804552e-36, "total_revenue": 7.626819946521412, "conversion_rate": 1.1090876562896643e+23, "churn_rate": 0.05, "average_price": 5.170720971409958e-66, "daily_visitors": 0, "new_customers": 102602280090308889489321230336, "churned_customers": 29141018373570191936133791744}, "generation": 0, "timestamp": "2025-11-15T01:34:46.646847"}