{"key": "daily_snapshot", "value": {"day": 0, "customers": 2009764100387261565883615363785, "mrr": 1.872043571600023e-37, "total_revenue": 3.6905216285399813, "conversion_rate": 2.48736566165247e+23, "churn_rate": 0.05, "average_price": 9.314742816031488e-68, "daily_visitors": 0, "new_customers": 280433016214931797523241631744, "churned_customers": 47720931202248027978539728896}, "generation": 0, "timestamp": "2025-11-15T03:56:04.093598"}