{"key": "daily_snapshot", "value": {"day": 0, "customers": 639764541915800155136982859, "mrr": 6.587522540457759e-33, "total_revenue": 5.241512577835226, "conversion_rate": 8.253104334321931e+19, "churn_rate": 0.05, "average_price": 1.029679219284514e-59, "daily_visitors": 0, "new_customers": 87822783361851013887688704, "churned_customers": 34733028098010702168457216}, "generation": 0, "timestamp": "2025-11-13T18:59:07.622384"}