{"key": "daily_snapshot", "value": {"day": 0, "customers": 1564524309333, "mrr": 1.1808911912285365e-05, "total_revenue": 7.42566435777974, "conversion_rate": 204455.5721490708, "churn_rate": 0.05, "average_price": 7.547924849643168e-18, "daily_visitors": 0, "new_customers": 203869199802, "churned_customers": 76600424264}, "generation": 0, "timestamp": "2025-11-15T13:56:07.797864"}