{"key": "daily_snapshot", "value": {"day": 0, "customers": 33418588810532230021018905411234467568918104978, "mrr": 2.005363210784247e-65, "total_revenue": 5.414632391501176, "conversion_rate": 4.6887371830121413e+39, "churn_rate": 0.05, "average_price": 6.000741749311195e-112, "daily_visitors": 0, "new_customers": 5163649549088937916935300152788906165607071744, "churned_customers": 1885647460283876535157512604983107973411766272}, "generation": 0, "timestamp": "2025-11-13T22:14:33.338074"}