{"key": "daily_snapshot", "value": {"day": 0, "customers": 5426921276792561804239556668182889277973150991093312, "mrr": 1.1950248145355125e-71, "total_revenue": 4.61627280770732, "conversion_rate": 7.888890708420667e+44, "churn_rate": 0.05, "average_price": 2.2020308635134658e-123, "daily_visitors": 0, "new_customers": 666296308958721179949793732250904157997403828387840, "churned_customers": 270009946499893865315754513951550218312494719434752}, "generation": 0, "timestamp": "2025-11-15T17:18:26.494273"}