{"key": "daily_snapshot", "value": {"day": 0, "customers": 202152181935697114819502123617276999685221805093254432025569006715854238617926603371142446189549634058641271520111108301405, "mrr": 4.629732811585258e-196, "total_revenue": 7.058512489256422, "conversion_rate": 2.6946142396346893e+115, "churn_rate": 0.05, "average_price": 2.29022e-318, "daily_visitors": 0, "new_customers": 22969943150710588897787420468783948268087063146256530954171103748259592021458616920658343435471053732877428414746000883712, "churned_customers": 12562779611110648196654457773644489314783196091584990950328872598586069856012633508261378520021856440428512102033739743232}, "generation": 0, "timestamp": "2025-11-15T11:44:27.596780"}