{"key": "daily_snapshot", "value": {"day": 0, "customers": 568877001538881412054296482294918264188537244993306026871937320835315395002411022539764971215378191641185856, "mrr": 4.598346777449029e-165, "total_revenue": 4.61627280770732, "conversion_rate": 7.931818477509448e+100, "churn_rate": 0.05, "average_price": 8.083200349126335e-273, "daily_visitors": 0, "new_customers": 78282641171691959031934827965860042163831887022477398217549579537638195336048933279139471000513296493182976, "churned_customers": 22110294342273937185578077476167537817355475640673630531361341602430779841728206395852716972224073462448128}, "generation": 0, "timestamp": "2025-11-15T17:44:20.417935"}