{"key": "daily_snapshot", "value": {"day": 0, "customers": 3108516814325607131113183917183611683894189279042764486150712724277503508285418196816150, "mrr": 8.954742072677887e-137, "total_revenue": 6.2331957973706755, "conversion_rate": 4.3252989195764395e+80, "churn_rate": 0.05, "average_price": 2.8807121233541145e-224, "daily_visitors": 0, "new_customers": 305062189786041279901070445618626220606212897579293996957546848262375121180331499061248, "churned_customers": 79092855072580057262260203715103262115746137359957816578198913112899058769852752723968}, "generation": 0, "timestamp": "2025-11-14T08:11:54.310436"}