{"key": "daily_snapshot", "value": {"day": 0, "customers": 88971145263537430491837955571175320796342478341490842498272993329063387033741128915321058474783220730834254085177, "mrr": 5.885323840531243e-176, "total_revenue": 8.82569014329087, "conversion_rate": 1.1225975943204585e+106, "churn_rate": 0.05, "average_price": 6.614868026143295e-289, "daily_visitors": 0, "new_customers": 12049015703682512925376901177160125432209698677959268957256662138841597382695315040636428549463056371739042775040, "churned_customers": 4113167631241246358556638828430390702904207807061449714769839970831238728800246503310932944122141143201575075840}, "generation": 0, "timestamp": "2025-11-13T12:24:16.140201"}