{"key": "daily_snapshot", "value": {"day": 0, "customers": 1064279722687521107689960103246204639903, "mrr": 2.2396671606714595e-52, "total_revenue": 3.5615064647863135, "conversion_rate": 1.459591270782061e+32, "churn_rate": 0.05, "average_price": 2.1043970987400267e-91, "daily_visitors": 0, "new_customers": 152804980594585624334006497360968941568, "churned_customers": 34485858711105605242417543667077087232}, "generation": 0, "timestamp": "2025-11-13T11:51:05.638837"}