{"key": "daily_snapshot", "value": {"day": 0, "customers": 983283392918834342198324571241653687564184208790024171685626335860606952640302262720904285364755186, "mrr": 1.4271011832489998e-153, "total_revenue": 10.298721371422412, "conversion_rate": 1.3146494133433126e+92, "churn_rate": 0.05, "average_price": 1.4513630490724667e-252, "daily_visitors": 0, "new_customers": 136194203105924048305686211089322336573831639922088727338573627574449984975307150151475695838035968, "churned_customers": 36448546970981746005471378748241829421460292232620591550389122482595855463471712000107417442451456}, "generation": 0, "timestamp": "2025-11-14T03:54:05.049794"}