{"key": "daily_snapshot", "value": {"day": 0, "customers": 2104100780316701695315992676585493, "mrr": 4.990523649174581e-44, "total_revenue": 6.513341788556554, "conversion_rate": 2.6693425351178435e+26, "churn_rate": 0.05, "average_price": 2.3718082783199313e-77, "daily_visitors": 0, "new_customers": 199022096945121284393334059565056, "churned_customers": 83478189261203075176575625330688}, "generation": 0, "timestamp": "2025-11-15T00:35:35.738793"}