{"key": "daily_snapshot", "value": {"day": 0, "customers": 19326259385317390248116450942704085635517555797831631493688486600038275056583236565224913069482129856907071673161753181, "mrr": 3.1618880593228433e-189, "total_revenue": 7.058512489256422, "conversion_rate": 2.3429028395582149e+111, "churn_rate": 0.05, "average_price": 1.6360579645976412e-307, "daily_visitors": 0, "new_customers": 2492146054736937265758512553868228853631870285216108844854746670817065003811128915853589588236640772163385375336693760, "churned_customers": 1332959558683029972531332174143041050122772464028245225755116028749053564647112575996019125239204855112221092495753216}, "generation": 0, "timestamp": "2025-11-15T11:42:34.924789"}