{"key": "daily_snapshot", "value": {"day": 0, "customers": 2743582245806844550497145338672031997879868781881529448389711495686435885969258139540864164646731371376, "mrr": 2.8817277796951957e-158, "total_revenue": 7.626819946521412, "conversion_rate": 4.1209410172598165e+95, "churn_rate": 0.05, "average_price": 1.0503522480871445e-260, "daily_visitors": 0, "new_customers": 378343676249273888117803895389205241866630561393822709212081341583864396632165186841846532121940721664, "churned_customers": 178093770548413259382563336892636606562283869766664863273119007044835744674908629291558214094280458240}, "generation": 0, "timestamp": "2025-11-15T02:08:26.288252"}