{"key": "daily_snapshot", "value": {"day": 0, "customers": 6461544244611390713145338017463114064227848766968040823521750911986684784, "mrr": 9.467864838977885e-108, "total_revenue": 7.626819946521412, "conversion_rate": 9.335522132521422e+65, "churn_rate": 0.05, "average_price": 1.4652634850985688e-180, "daily_visitors": 0, "new_customers": 840357185380148083012153607016288359894319633140228586588696912712433664, "churned_customers": 207933152936395476069792178397520883321782866692191764407931517683105792}, "generation": 0, "timestamp": "2025-11-15T01:54:34.574146"}