{"key": "daily_snapshot", "value": {"day": 0, "customers": 59475526703990088057647807881704717335984745194670, "mrr": 3.228584472584702e-70, "total_revenue": 14.069439877331755, "conversion_rate": 9.062746796958534e+42, "churn_rate": 0.05, "average_price": 5.4284251884869856e-120, "daily_visitors": 0, "new_customers": 7193445269697747419506918191170577791071585042432, "churned_customers": 3159983687577118600061653950892857985085248372736}, "generation": 0, "timestamp": "2025-11-15T13:12:30.139412"}