{"key": "daily_snapshot", "value": {"day": 0, "customers": 220006400069098799641333816866527055569721402121828376441747440270052263034232108267309858861482536771089479, "mrr": 8.317023769121963e-171, "total_revenue": 8.531929138055917, "conversion_rate": 2.8635147042943236e+100, "churn_rate": 0.05, "average_price": 3.7803553744390086e-278, "daily_visitors": 0, "new_customers": 29125412830373701436650374804560314241294279669209339557790347570846536803953963015866103338497218036367360, "churned_customers": 8657776926359347676066893616376387290539235579778216113524348514414515315166377608420731108142381306740736}, "generation": 0, "timestamp": "2025-11-13T11:52:18.888867"}