{"key": "daily_snapshot", "value": {"day": 0, "customers": 34347829254796649393937931292933875404671331237533895811587224419753963383700501400256805863243, "mrr": 1.6817308925141356e-149, "total_revenue": 5.241512577835226, "conversion_rate": 4.815594425563071e+87, "churn_rate": 0.05, "average_price": 4.896178096259993e-244, "daily_visitors": 0, "new_customers": 5190226948629986641126470324890940230274322249341915875207945748897576796188766890602927226880, "churned_customers": 2111240302718133863531247132170472056825305210014521545858584534939329927189774941842114084864}, "generation": 0, "timestamp": "2025-11-13T20:30:16.003848"}