{"key": "daily_snapshot", "value": {"day": 0, "customers": 1589425091744163633370782943904390674449925059959253, "mrr": 5.815311182986058e-76, "total_revenue": 5.250998821828405, "conversion_rate": 2.382964189887915e+44, "churn_rate": 0.05, "average_price": 3.6587513392056727e-127, "daily_visitors": 0, "new_customers": 213762826776638065201343229702333257902773132853248, "churned_customers": 41917265674445711753667999574773203463812375642112}, "generation": 0, "timestamp": "2025-11-14T22:06:49.991566"}