{"key": "daily_snapshot", "value": {"day": 0, "customers": 2216203181532563852290507519206551865497410963190449963999212958413983829305195299012457127010602026759640550976, "mrr": 1.868364373616918e-171, "total_revenue": 4.61627280770732, "conversion_rate": 2.8497656024667745e+104, "churn_rate": 0.05, "average_price": 8.430474196526033e-283, "daily_visitors": 0, "new_customers": 213437007379739126407069421806662258849329801886281339836989984852274533804278890694001293174133507526634766336, "churned_customers": 85133807291078926508747450054899050748204311251589777750179290596007752155109415677800697047917671030657646592}, "generation": 0, "timestamp": "2025-11-15T17:46:04.446088"}