{"key": "daily_snapshot", "value": {"day": 0, "customers": 2030487678966323408559792603151839497929825052360029252447530086095218923591683805907295747, "mrr": 2.0185021542157646e-141, "total_revenue": 11.37579680016544, "conversion_rate": 2.762204762602193e+83, "churn_rate": 0.05, "average_price": 9.94097218675732e-232, "daily_visitors": 0, "new_customers": 280451011360654849437201546412734068628668639833516604570954571865191898314347560117993472, "churned_customers": 75485298257084106704002392222092555997044230445998166238312039934830949515684224633405440}, "generation": 0, "timestamp": "2025-11-14T06:10:57.721283"}