{"key": "daily_snapshot", "value": {"day": 0, "customers": 4675301644, "mrr": 0.00943187273456142, "total_revenue": 3.1786970819477283, "conversion_rate": 656.1473959755243, "churn_rate": 0.05, "average_price": 2.017382717255413e-12, "daily_visitors": 0, "new_customers": 594286100, "churned_customers": 290613245}, "generation": 0, "timestamp": "2025-11-14T08:36:25.193741"}