{"key": "daily_snapshot", "value": {"day": 0, "customers": 14460446536984958842890358076510863600569896844124792692711187927062756670056425597996965026867386467196317530478346059, "mrr": 2.1820772295850468e-191, "total_revenue": 5.241512577835226, "conversion_rate": 1.7953448424892394e+111, "churn_rate": 0.05, "average_price": 1.50899712813434e-309, "daily_visitors": 0, "new_customers": 1715880850818814328766917816005115514859547830282585919673415868895370869805539152687662417213941370211557583706128384, "churned_customers": 979970939611259596519247169726446824022797044667590261287662973267442950972694417483795109774246054915540450828877824}, "generation": 0, "timestamp": "2025-11-13T20:46:30.547245"}