{"key": "daily_snapshot", "value": {"day": 0, "customers": 7429359093585899925933267731821326839209724171179856063781514936583984870471, "mrr": 2.7451456136518455e-117, "total_revenue": 8.531929138055917, "conversion_rate": 9.577381799294119e+68, "churn_rate": 0.05, "average_price": 3.6949965388291074e-193, "daily_visitors": 0, "new_customers": 1001557951933411736901373087839146336535560139031914586297968384255593545728, "churned_customers": 310398628392515813158736197320438725304383182081249782468159590528343605248}, "generation": 0, "timestamp": "2025-11-13T11:37:39.191208"}