{"key": "daily_snapshot", "value": {"day": 0, "customers": 709386631556903075368738985310078447258654494363907836908, "mrr": 6.545068606536417e-83, "total_revenue": 3.8452002827692775, "conversion_rate": 8.806307331775189e+49, "churn_rate": 0.05, "average_price": 9.226377148060771e-140, "daily_visitors": 0, "new_customers": 93718520635815005334444243986385080284512065471358435328, "churned_customers": 34780540030532119539738204295363308307801011455591972864}, "generation": 0, "timestamp": "2025-11-13T14:04:54.422686"}