{"key": "daily_snapshot", "value": {"day": 0, "customers": 1370939685140861502153, "mrr": 1.6065068649988708e-21, "total_revenue": 3.6905216285399813, "conversion_rate": 212735064074592.78, "churn_rate": 0.05, "average_price": 1.171828988839728e-42, "daily_visitors": 0, "new_customers": 201422364511249596416, "churned_customers": 78039311153448288256}, "generation": 0, "timestamp": "2025-11-15T03:51:43.817585"}