{"key": "daily_snapshot", "value": {"day": 0, "customers": 33242039564352224101737040105435570843008885798390024875316685738079240692898377260304709706220437363041003089657460519100, "mrr": 2.5189829437719335e-194, "total_revenue": 7.827191553977371, "conversion_rate": 4.3849675583584245e+114, "churn_rate": 0.05, "average_price": 7.57770274e-316, "daily_visitors": 0, "new_customers": 4867847584579690285274217012555352517688461686451348156361558433180905852866098605022972577695584350503232012588681265152, "churned_customers": 2094441712979286054221027533738140416151477238195855430883493122575485046720337210614860189345505123747353035540344602624}, "generation": 0, "timestamp": "2025-11-15T05:54:07.390908"}