{"key": "daily_snapshot", "value": {"day": 0, "customers": 1539443892754762430036501125269294453409337234180455832457809809402718088507135629254511287500489620928210, "mrr": 8.634505202065107e-166, "total_revenue": 7.180499208388138, "conversion_rate": 2.0577003134457603e+98, "churn_rate": 0.05, "average_price": 5.608846962661345e-271, "daily_visitors": 0, "new_customers": 200595572322283297408396961260591566932756070702335474745318105326594920605795254457138546570914753937408, "churned_customers": 70903496697284540881802099216909409933884221106247653050217169277775786133694723258723822209993482960896}, "generation": 0, "timestamp": "2025-11-15T19:46:38.557300"}