{"key": "daily_snapshot", "value": {"day": 0, "customers": 31301230830046322905641372294432297886035188303396425544628010858941566994473141269470723, "mrr": 1.7441382693865244e-138, "total_revenue": 11.37579680016544, "conversion_rate": 4.144645320804825e+81, "churn_rate": 0.05, "average_price": 5.572107623679485e-227, "daily_visitors": 0, "new_customers": 4408961937004768118705320984143189915445384804900455401387702675591723052273002648436736, "churned_customers": 1493993121362275092054256494225499383365040746118602090267779965997810662868526712225792}, "generation": 0, "timestamp": "2025-11-14T06:10:08.473965"}