{"key": "daily_snapshot", "value": {"day": 0, "customers": 610515972159001084284143597674787387589234954735351915170367710175836336316, "mrr": 5.179187711351125e-114, "total_revenue": 7.827191553977371, "conversion_rate": 7.740659732769186e+67, "churn_rate": 0.05, "average_price": 8.48329601113576e-189, "daily_visitors": 0, "new_customers": 57044615324782997286837599351408480226700041818861754968971357041985585152, "churned_customers": 14889970224275642586513931650332505353663819496237965554485706475268210688}, "generation": 0, "timestamp": "2025-11-15T05:18:09.764219"}