{"key": "daily_snapshot", "value": {"day": 0, "customers": 716221913, "mrr": 1.1671758430560937, "total_revenue": 5.9545820691677624, "conversion_rate": 114.34081913703437, "churn_rate": 0.05, "average_price": 1.6296287810675986e-09, "daily_visitors": 0, "new_customers": 113131452, "churned_customers": 35664583}, "generation": 0, "timestamp": "2025-11-14T07:34:48.501074"}