{"key": "daily_snapshot", "value": {"day": 0, "customers": 7521990424318478628216146463714216272129423502264730743131005336003866417996877002528588384925941188360321860231017109690487, "mrr": 1.9860212112621793e-196, "total_revenue": 8.055065502431749, "conversion_rate": 1.0641976917756765e+117, "churn_rate": 0.05, "average_price": 2.6403e-320, "daily_visitors": 0, "new_customers": 921217517833753403610284441225530719779230531839022643446828534353133399398796054368393704241278752887203867319170748121088, "churned_customers": 453466610437359461020600805363312201119586770021352570468050900346878136121788785904615685568589142092616277679153868701696}, "generation": 0, "timestamp": "2025-11-13T17:41:51.498799"}