{"key": "daily_snapshot", "value": {"day": 0, "customers": 15694083884298188387316511281721922411712654549, "mrr": 1.595405942733558e-63, "total_revenue": 5.438023679800494, "conversion_rate": 2.3115208853888968e+39, "churn_rate": 0.05, "average_price": 1.0165651939261964e-109, "daily_visitors": 0, "new_customers": 2181884628054293664297665621713309349028298752, "churned_customers": 408073705522173122968352005308214665824698368}, "generation": 0, "timestamp": "2025-11-14T19:49:39.499952"}