{"key": "daily_snapshot", "value": {"day": 0, "customers": 174576872876798472507499791134926661686120366737708602284466840015097531458503, "mrr": 6.859464494535264e-120, "total_revenue": 4.928703564447977, "conversion_rate": 2.30087886107502e+70, "churn_rate": 0.05, "average_price": 3.929194274992021e-197, "daily_visitors": 0, "new_customers": 24016862606154199536780590378029261535295167575780105639857274278708672200704, "churned_customers": 6895690907872173934831424199660622171993662605128999176305778312550031556608}, "generation": 0, "timestamp": "2025-11-15T06:34:44.493871"}