{"key": "daily_snapshot", "value": {"day": 0, "customers": 23209467223536231822706563030372473579358431598906617073746462662341087794666, "mrr": 6.327889999514323e-119, "total_revenue": 5.620306961549841, "conversion_rate": 3.2878878453549585e+69, "churn_rate": 0.05, "average_price": 2.7264262202009286e-195, "daily_visitors": 0, "new_customers": 3292803867941254012105567786279487669099983132714001356840659347081900589056, "churned_customers": 1436207534738032476104834578599368345389893593702036238099083104190726144000}, "generation": 0, "timestamp": "2025-11-15T03:16:57.674058"}