{"key": "daily_snapshot", "value": {"day": 0, "customers": 2221330344445003585212293072091259428249452386661637725714262379873409174067745134390467025456979983339844691047249789718, "mrr": 3.5644377067266453e-193, "total_revenue": 8.73321624443256, "conversion_rate": 3.4892542553972275e+113, "churn_rate": 0.05, "average_price": 1.60464098266e-313, "daily_visitors": 0, "new_customers": 360531095318067291156019053662510878294278762234414257961606617973080200224774511740087171438011660528768230196804321280, "churned_customers": 113843997181820500450409523234165927839867707523205828386301194387229320552890951936113000745965891011295524746388570112}, "generation": 0, "timestamp": "2025-11-14T17:02:03.444018"}