{"key": "daily_snapshot", "value": {"day": 0, "customers": 1508748718, "mrr": 0.33000117269609613, "total_revenue": 9.350139022990897, "conversion_rate": 217.0931665130838, "churn_rate": 0.05, "average_price": 2.187250724783026e-10, "daily_visitors": 0, "new_customers": 196632786, "churned_customers": 45072431}, "generation": 0, "timestamp": "2025-11-15T11:52:22.154893"}