{"key": "daily_snapshot", "value": {"day": 0, "customers": 123681419971664156502516571578138450116355230350597541566723486220162718359448384768489978108355765585044716793517803486626, "mrr": 5.152427488254495e-195, "total_revenue": 8.401501509864964, "conversion_rate": 1.349077531420003e+115, "churn_rate": 0.05, "average_price": 4.1658864e-317, "daily_visitors": 0, "new_customers": 13880037803440074461258470379338625305586543814750880256590588916301131365247752567557387448146055358829715063391570100224, "churned_customers": 3556253240509313121495678008654407796628887769731310825539661777449414946509808883035187886503909323159360255651097870336}, "generation": 0, "timestamp": "2025-11-14T13:46:26.812025"}