{"key": "daily_snapshot", "value": {"day": 0, "customers": 970497243969312162458377546414474021156092358981257665183, "mrr": 6.153261239839799e-84, "total_revenue": 3.5615064647863135, "conversion_rate": 1.3394625826856425e+50, "churn_rate": 0.05, "average_price": 6.340318097837245e-141, "daily_visitors": 0, "new_customers": 126424589263713193983765377802971108434999552867775283200, "churned_customers": 45875095292657401385189498402374036457522211977527558144}, "generation": 0, "timestamp": "2025-11-13T11:59:39.612481"}