{"key": "daily_snapshot", "value": {"day": 0, "customers": 1204054292891404540432207882074726883081540666365795729602968696816908372563170938261978764121, "mrr": 5.163140467568119e-146, "total_revenue": 4.2636659399133805, "conversion_rate": 1.636974436844446e+86, "churn_rate": 0.05, "average_price": 4.288129279593699e-239, "daily_visitors": 0, "new_customers": 156360385137963168436605319270190297036376121559933780391312950360075196345067749943917150208, "churned_customers": 57732553670595504095737644439031386554379190909937547756581316243677989834237650056509390848}, "generation": 0, "timestamp": "2025-11-15T15:35:50.107895"}