{"key": "daily_snapshot", "value": {"day": 0, "customers": 11845916707210966531158507031907471618738688176780418329863486602545950273397306575669126858329151, "mrr": 2.7389592388336563e-149, "total_revenue": 2.4762944740981485, "conversion_rate": 1.6406345309000647e+90, "churn_rate": 0.05, "average_price": 2.3121547335938716e-246, "daily_visitors": 0, "new_customers": 1824394103522106698198387050043030826467763014429935150158278152746224776850056230588670910922752, "churned_customers": 459073759231592606495238552703870506828000969893434972992291681388787415560718305205741819002880}, "generation": 0, "timestamp": "2025-11-13T16:27:47.466923"}