{"key": "daily_snapshot", "value": {"day": 0, "customers": 7709567480947668199245009608042931905071161756813836873883042122076564901964550604297356593867958183641955304572011209, "mrr": 6.132246416304623e-183, "total_revenue": 3.6905216285399813, "conversion_rate": 1.022369461448639e+111, "churn_rate": 0.05, "average_price": 7.95407321027929e-301, "daily_visitors": 0, "new_customers": 1096063524558736316014017753899311809552088663597749336105591472092830798121209259366631694137237725580894395481194496, "churned_customers": 242953789676501219898241555946981460852478140064597553054042788545278524672502854036092645228761097381974376179564544}, "generation": 0, "timestamp": "2025-11-15T04:36:22.134617"}