{"key": "daily_snapshot", "value": {"day": 0, "customers": 1829463433188889852362672591943683512740290400319435511540021404997846900155854095137202114583527962210722759, "mrr": 1.233859541358949e-174, "total_revenue": 4.928703564447977, "conversion_rate": 2.5394856390907558e+101, "churn_rate": 0.05, "average_price": 6.744379357220826e-283, "daily_visitors": 0, "new_customers": 230273661757167195515251190897062075874750067739026630891654180495644593767475346897320224130865908938702848, "churned_customers": 53036161563828352660661945290694710561619337071749194439641728506017471446985582425662188738487806876188672}, "generation": 0, "timestamp": "2025-11-15T06:49:34.683927"}