{"key": "daily_snapshot", "value": {"day": 0, "customers": 17386348191105647545037898705260664650458703622775040787315995459, "mrr": 6.592142265899435e-98, "total_revenue": 3.6902796439842023, "conversion_rate": 2.46828087289188e+57, "churn_rate": 0.05, "average_price": 3.7915623185734794e-162, "daily_visitors": 0, "new_customers": 1858946891044568089848509187131476435422604159913612245465038848, "churned_customers": 1165238059581140209226693152765320845982113725753100165672075264}, "generation": 0, "timestamp": "2025-11-14T01:30:41.407057"}