{"key": "daily_snapshot", "value": {"day": 0, "customers": 87215443116644386568098946017644106006, "mrr": 8.15063241166279e-52, "total_revenue": 6.2331957973706755, "conversion_rate": 1.20918841351515e+31, "churn_rate": 0.05, "average_price": 9.34540044790222e-90, "daily_visitors": 0, "new_customers": 11969255650653464167602667069959569408, "churned_customers": 3435710023797316972615833709875036160}, "generation": 0, "timestamp": "2025-11-14T07:48:39.706273"}