{"key": "daily_snapshot", "value": {"day": 0, "customers": 26400082378392866359507972, "mrr": 5.812432808421909e-29, "total_revenue": 4.445436838349596, "conversion_rate": 3.3588635100443884e+18, "churn_rate": 0.05, "average_price": 2.2016722240151388e-54, "daily_visitors": 0, "new_customers": 2628226348678635323392000, "churned_customers": 1080268658776186390839296}, "generation": 0, "timestamp": "2025-11-15T18:07:44.952918"}