{"key": "daily_snapshot", "value": {"day": 0, "customers": 51177814336722921322981437367333603096545796489887174129562681163, "mrr": 5.461849446071411e-99, "total_revenue": 5.241512577835226, "conversion_rate": 7.513962438430287e+57, "churn_rate": 0.05, "average_price": 1.067229915317472e-163, "daily_visitors": 0, "new_customers": 6778252175479630616635221317799494491342901954343792298392813568, "churned_customers": 2437421302043440658522798772539867518853542632055405360602677248}, "generation": 0, "timestamp": "2025-11-13T19:17:06.402333"}