{"key": "daily_snapshot", "value": {"day": 0, "customers": 7348187961715382662576885754231157804017019089920972081141190728679887179267350671901782907158332404962067523100650709, "mrr": 5.844802501037711e-183, "total_revenue": 5.438023679800494, "conversion_rate": 1.0316357885728168e+111, "churn_rate": 0.05, "average_price": 7.95407321027929e-301, "daily_visitors": 0, "new_customers": 1143011549227656068927997632998236792855904445212192547115116218475179918442295997507286980090293947100950490832175104, "churned_customers": 291301556573987243835350136048651249406040326879769904223489684135837476768884607149705029021640693951700700089024512}, "generation": 0, "timestamp": "2025-11-14T20:22:41.771140"}