{"key": "daily_snapshot", "value": {"day": 0, "customers": 77417232022272269306310822048066335494763032494696118799287593253685748751098612796163835754530406833665467920462659, "mrr": 8.960812283364522e-184, "total_revenue": 3.6902796439842023, "conversion_rate": 1.0513453992547162e+109, "churn_rate": 0.05, "average_price": 1.1574699907620792e-299, "daily_visitors": 0, "new_customers": 9093831301045977751493770295839439537376497331329574801051737155192453243504579794432403240213582150762590824824832, "churned_customers": 5130424650652955648377331417715006423143348073483319742238847733404203964517758679950182708207802784397096594178048}, "generation": 0, "timestamp": "2025-11-14T02:00:00.845311"}