{"key": "daily_snapshot", "value": {"day": 0, "customers": 120874856472953361479, "mrr": 5.858285865794487e-20, "total_revenue": 8.531929138055917, "conversion_rate": 15595317314503.717, "churn_rate": 0.05, "average_price": 4.8465711039791986e-40, "daily_visitors": 0, "new_customers": 12741936537079259136, "churned_customers": 6985621936810806272}, "generation": 0, "timestamp": "2025-11-13T11:11:14.073765"}