{"key": "daily_snapshot", "value": {"day": 0, "customers": 3241782906, "mrr": 0.07613465198849356, "total_revenue": 3.6178118120709417, "conversion_rate": 422.19289977332136, "churn_rate": 0.05, "average_price": 2.3485425827738497e-11, "daily_visitors": 0, "new_customers": 420725970, "churned_customers": 216181974}, "generation": 0, "timestamp": "2025-11-13T14:43:52.100521"}