{"key": "daily_snapshot", "value": {"day": 0, "customers": 150617133494261324264869941326260400531343900923083947670220494394367676476600667393339849412465628439467090202698580, "mrr": 3.4049767991057315e-183, "total_revenue": 7.997332640408474, "conversion_rate": 1.940672341095136e+109, "churn_rate": 0.05, "average_price": 2.260683575707185e-299, "daily_visitors": 0, "new_customers": 17344646226611816835732785590131755193620979595481743022843688981284039096627113044118187546165726903215174558154752, "churned_customers": 5039390852896015597096289323739831982270154826819021503450562022016179476259233430606297297602934597868816334585856}, "generation": 0, "timestamp": "2025-11-15T16:47:40.766535"}