{"key": "daily_snapshot", "value": {"day": 0, "customers": 8945295323497412730847346473353036457100316559879256944073318756675283197591315695028999359739487099461664982575886695704530496, "mrr": 8.839126222488863e-197, "total_revenue": 4.61627280770732, "conversion_rate": 1.1350911590351506e+120, "churn_rate": 0.05, "average_price": 1e-323, "daily_visitors": 0, "new_customers": 985306285007891461100601906476602157693140220077691212563736683908622303832094490222605235060337142543119863463188707030335488, "churned_customers": 286748556708436008365371849891676721747561570736496132087591622887654866251868062887993379593358729291829960307843516944351232}, "generation": 0, "timestamp": "2025-11-15T17:53:19.250826"}