{"key": "daily_snapshot", "value": {"day": 0, "customers": 45529086097415, "mrr": 1.7257014133826778e-10, "total_revenue": 2.6408520546241565, "conversion_rate": 6852419.721490441, "churn_rate": 0.05, "average_price": 3.790327373781082e-24, "daily_visitors": 0, "new_customers": 5015984421126, "churned_customers": 2596885027907}, "generation": 0, "timestamp": "2025-11-14T02:13:32.477879"}