{"key": "daily_snapshot", "value": {"day": 0, "customers": 3085789666294840478393780347200691303880748298939766085294007561877275337, "mrr": 1.3798507448475117e-107, "total_revenue": 3.6905216285399813, "conversion_rate": 3.9179902026993576e+65, "churn_rate": 0.05, "average_price": 4.471629288020534e-180, "daily_visitors": 0, "new_customers": 344256871413439416819342236594934212359817119831350895231669134505803776, "churned_customers": 138675051688567156577729679145072479337546581707942528930560846709391360}, "generation": 0, "timestamp": "2025-11-15T04:15:29.157418"}