{"key": "daily_snapshot", "value": {"day": 0, "customers": 11189068777053997991736578144906453, "mrr": 1.265445993047129e-42, "total_revenue": 5.438023679800494, "conversion_rate": 1.5340934263507725e+27, "churn_rate": 0.05, "average_price": 1.1309663192367221e-76, "daily_visitors": 0, "new_customers": 1261088058367784662571761667145728, "churned_customers": 512329429585350182976578113241088}, "generation": 0, "timestamp": "2025-11-14T19:43:57.107500"}