{"key": "daily_snapshot", "value": {"day": 0, "customers": 1119943270526970931351575851775683180798883708337768004612, "mrr": 4.927167414815179e-82, "total_revenue": 4.445436838349596, "conversion_rate": 1.4056311927725932e+50, "churn_rate": 0.05, "average_price": 4.3994794597915495e-139, "daily_visitors": 0, "new_customers": 151990916757262321699621173811615178500146903516385902592, "churned_customers": 54320804098331677193620636832480845073247987591538540544}, "generation": 0, "timestamp": "2025-11-15T18:22:24.158577"}