{"key": "daily_snapshot", "value": {"day": 0, "customers": 2156049638146628866033234838416849749429353753245126333941677551203081670888202097232432868984149021603162444436702142515326230600351, "mrr": 2.1304601138734002e-191, "total_revenue": 3.5615064647863135, "conversion_rate": 2.995174167038834e+125, "churn_rate": 0.05, "average_price": 1e-323, "daily_visitors": 0, "new_customers": 274215946158050567486610056749905896973551759187036890777057655882499507611886479834628468601555350699237126883586869900009715793920, "churned_customers": 99321731049494426510766218356755677714508697566948906163920263615476206693215260206205367158520227935002926513224441213496951046144}, "generation": 0, "timestamp": "2025-11-13T12:35:22.982587"}