{"key": "daily_snapshot", "value": {"day": 0, "customers": 2077884075788334114511027660559802022909613154034965079790270920, "mrr": 3.793324601218033e-95, "total_revenue": 4.843910136547377, "conversion_rate": 2.7121812648913722e+56, "churn_rate": 0.05, "average_price": 1.8255708513377357e-158, "daily_visitors": 0, "new_customers": 249197311889149995578742891262648234479182869701783440710434816, "churned_customers": 99408328615939884362527095082347807807990828255623796370702336}, "generation": 0, "timestamp": "2025-11-14T06:59:25.029712"}