{"key": "daily_snapshot", "value": {"day": 0, "customers": 101536490131848225463205997309681669098000864729980854053190459255660782671131040561742066452211225236284862158551482973884744767607, "mrr": 1.003313831468899e-192, "total_revenue": 8.055065502431749, "conversion_rate": 1.1727427648757862e+124, "churn_rate": 0.05, "average_price": 1e-323, "daily_visitors": 0, "new_customers": 11445108960673353483268528315300889993694125630420412235825495604627699058612263781527585955083756217557391776586090593960209678336, "churned_customers": 5325813706670736408679655805822072867075686720478626463409209606387334258285299874576713460352134754942817528071283865763415326720}, "generation": 0, "timestamp": "2025-11-13T17:45:16.196363"}