{"key": "daily_snapshot", "value": {"day": 0, "customers": 18721574040740576333989423604773136142, "mrr": 2.208313317808818e-49, "total_revenue": 5.934471667464104, "conversion_rate": 2.520432116301306e+30, "churn_rate": 0.05, "average_price": 1.1795553691175975e-86, "daily_visitors": 0, "new_customers": 2252514168647194762728418165794013184, "churned_customers": 837659178023016130687835780730060800}, "generation": 0, "timestamp": "2025-11-14T17:28:52.952417"}