{"key": "daily_snapshot", "value": {"day": 0, "customers": 27355296448716865750229352687779419253997454503, "mrr": 6.72366876527e-66, "total_revenue": 7.010218214998832, "conversion_rate": 3.8523625958486275e+39, "churn_rate": 0.05, "average_price": 2.457903820517866e-112, "daily_visitors": 0, "new_customers": 4281621877121854604832958069189060623475933184, "churned_customers": 1003087248940456747728150684309118449216389120}, "generation": 0, "timestamp": "2025-11-14T23:40:30.741231"}