{"key": "daily_snapshot", "value": {"day": 0, "customers": 11868421846708526587583356721577873738724886990818863424134312275983443726, "mrr": 1.0265459693214937e-109, "total_revenue": 5.934471667464104, "conversion_rate": 1.6697522582645977e+66, "churn_rate": 0.05, "average_price": 8.64938896325282e-183, "daily_visitors": 0, "new_customers": 1634606170861029814822779220083436675668779776363241577247598069304786944, "churned_customers": 582183815679221439919749312269698906382738161692588664455234153099558912}, "generation": 0, "timestamp": "2025-11-14T18:00:03.854518"}