{"key": "daily_snapshot", "value": {"day": 0, "customers": 87733048408854429328725497941375821909602796377620265553955427316170477970150286700715908167133175450189233119075843, "mrr": 4.1594212651551057e-184, "total_revenue": 11.37579680016544, "conversion_rate": 1.154444491043583e+109, "churn_rate": 0.05, "average_price": 4.7409970821614776e-300, "daily_visitors": 0, "new_customers": 10184347316683906045209983878317892478418179741078015586047651281341240652552490578259287928880809986780024620974080, "churned_customers": 2364028570684514775414897285436036527002866168773094714131601039684843987568356406447990503362842496786550702997504}, "generation": 0, "timestamp": "2025-11-14T06:22:46.171461"}