{"key": "daily_snapshot", "value": {"day": 0, "customers": 10857313171406271151162093342487343223433347054002015093016957636627950407472505913522693396968927333003243911919217529110, "mrr": 9.577895091518307e-194, "total_revenue": 6.2331957973706755, "conversion_rate": 1.4704104559081157e+114, "churn_rate": 0.05, "average_price": 8.821607096e-315, "daily_visitors": 0, "new_customers": 1454415799224838435946887986861527886741076996678898983876881446724096590745351432322199442982368468262621221689529204736, "churned_customers": 502848550899626621268279036598274630109221026279875412554914988875852532565713436876173342517975706048829767497136734208}, "generation": 0, "timestamp": "2025-11-14T08:27:32.640042"}