{"key": "daily_snapshot", "value": {"day": 0, "customers": 9131320456633493028029814325752727790871183938646739560689524322616227695425409002830003629203961236530013335497169020474904126292, "mrr": 9.022943477580026e-194, "total_revenue": 7.997332640408474, "conversion_rate": 1.1164757303923033e+123, "churn_rate": 0.05, "average_price": 1e-323, "daily_visitors": 0, "new_customers": 1058492973940428591492457988813493906445861725838627790585166584456789034170725169958670112179231064724476408975097486605834780672, "churned_customers": 339625043129580113775570715404845237742042211573863598324549842350929981670235798242454273444463205659833959434872145009402970112}, "generation": 0, "timestamp": "2025-11-15T16:54:09.352301"}