{"key": "daily_snapshot", "value": {"day": 0, "customers": 29889441100496655487394053819399807694822519, "mrr": 1.9826854094142463e-60, "total_revenue": 3.0646080228541357, "conversion_rate": 4.1718212320659316e+36, "churn_rate": 0.05, "average_price": 6.633397401938376e-104, "daily_visitors": 0, "new_customers": 4037203795662821724722150443852293522587648, "churned_customers": 1424129766915404707633080406680728179310592}, "generation": 0, "timestamp": "2025-11-14T21:01:39.762003"}