{"key": "daily_snapshot", "value": {"day": 0, "customers": 216562635963691368396402532417342712804915834168488892009970389872, "mrr": 1.1128125468238193e-94, "total_revenue": 7.626819946521412, "conversion_rate": 2.935778813010858e+58, "churn_rate": 0.05, "average_price": 5.138525128639421e-160, "daily_visitors": 0, "new_customers": 29282257098199986480058748548231650394360388483420031247869542400, "churned_customers": 10782690207582468488379846586374846907779519587819963727533309952}, "generation": 0, "timestamp": "2025-11-15T01:51:01.427139"}