{"key": "daily_snapshot", "value": {"day": 0, "customers": 1205122683544362192209561871289575725464699916580597140936666577520157561474153554070872081097, "mrr": 2.4881675709251234e-142, "total_revenue": 3.6905216285399813, "conversion_rate": 1.5433358164609823e+86, "churn_rate": 0.05, "average_price": 2.0646591462432884e-235, "daily_visitors": 0, "new_customers": 131941710855794669531596482091690887771589433376792803964789352223953628880545414624267206656, "churned_customers": 26644105314071852602332398193584788944222138633889689410981512220903600498027474898569396224}, "generation": 0, "timestamp": "2025-11-15T04:25:03.287822"}