{"key": "daily_snapshot", "value": {"day": 0, "customers": 493269050592847556529335698682409488476817352177033529633951601126139391515624186483171308424038062751, "mrr": 3.526048463539324e-163, "total_revenue": 3.5615064647863135, "conversion_rate": 6.1308343565167215e+94, "churn_rate": 0.05, "average_price": 7.148326981596466e-265, "daily_visitors": 0, "new_customers": 57577401474762238173089999068064850405751720993258797885423587056727458531684341867644030426183368704, "churned_customers": 11206108713144512051118985253809339979169969515081180099108195016704917127090167725161310767267446784}, "generation": 0, "timestamp": "2025-11-13T12:21:03.599683"}