{"key": "daily_snapshot", "value": {"day": 0, "customers": 20309442215478658352013575481773075725673348769621424099269401431020, "mrr": 2.304864787377363e-100, "total_revenue": 3.8452002827692775, "conversion_rate": 2.7886321438304404e+60, "churn_rate": 0.05, "average_price": 1.1348735051033214e-167, "daily_visitors": 0, "new_customers": 2294319761823631571035547141521432433196524830025979156608690683904, "churned_customers": 762708594659070677530184262933488666104458672106892730365076570112}, "generation": 0, "timestamp": "2025-11-13T14:09:44.030246"}