{"key": "daily_snapshot", "value": {"day": 0, "customers": 60563764427011544829997742908257588080, "mrr": 2.01080976297461e-50, "total_revenue": 7.626819946521412, "conversion_rate": 8.40274927551377e+30, "churn_rate": 0.05, "average_price": 3.320153200513053e-88, "daily_visitors": 0, "new_customers": 6568804388069560907930569509787664384, "churned_customers": 1317913838044054488381740217685508096}, "generation": 0, "timestamp": "2025-11-15T01:38:36.780298"}