{"key": "daily_snapshot", "value": {"day": 0, "customers": 1134918811, "mrr": 0.033317564445307084, "total_revenue": 4.051154587463644, "conversion_rate": 166.0012191468845, "churn_rate": 0.05, "average_price": 2.935678228467312e-11, "daily_visitors": 0, "new_customers": 124321445, "churned_customers": 76748156}, "generation": 0, "timestamp": "2025-11-14T14:55:52.071739"}