{"key": "daily_snapshot", "value": {"day": 0, "customers": 21214658824688885360634444211383958533408, "mrr": 2.087916040311259e-56, "total_revenue": 2.640852054669741, "conversion_rate": 2.847315444157662e+33, "churn_rate": 0.05, "average_price": 9.841855377289473e-97, "daily_visitors": 0, "new_customers": 2303115318390955880515155908268220481536, "churned_customers": 1200438393768629542380722844341781921792}, "generation": 0, "timestamp": "2025-11-14T02:26:04.735110"}