{"key": "daily_snapshot", "value": {"day": 0, "customers": 702555318325441410957011752433966076772972065923460419836538971074055772831, "mrr": 2.2516185700202677e-116, "total_revenue": 3.5615064647863135, "conversion_rate": 9.131984323141308e+67, "churn_rate": 0.05, "average_price": 3.204898619779946e-191, "daily_visitors": 0, "new_customers": 92437710064096907475085981288922008452238811432424986857155716660420673536, "churned_customers": 32276207058280909745498715359619338774438848073007679383121015657944055808}, "generation": 0, "timestamp": "2025-11-13T12:08:20.636774"}