{"key": "daily_snapshot", "value": {"day": 0, "customers": 11278485694745440509404886309565857463112805333906243, "mrr": 1.8148615735494206e-76, "total_revenue": 3.6902796439842023, "conversion_rate": 1.4709743988427282e+45, "churn_rate": 0.05, "average_price": 1.609135856239061e-128, "daily_visitors": 0, "new_customers": 1319056598878079021499615955163696371975153694801920, "churned_customers": 610237541774746207977372398244789357400718057668608}, "generation": 0, "timestamp": "2025-11-14T01:24:52.951659"}