{"key": "daily_snapshot", "value": {"day": 0, "customers": 219985622881198088946, "mrr": 6.823526164140031e-20, "total_revenue": 10.298721371422412, "conversion_rate": 30929998614986.637, "churn_rate": 0.05, "average_price": 3.1018055065466874e-40, "daily_visitors": 0, "new_customers": 28296978406656897024, "churned_customers": 8871075025838259200}, "generation": 0, "timestamp": "2025-11-14T03:17:25.242516"}