{"key": "daily_snapshot", "value": {"day": 0, "customers": 945287841532672659276657486652726403795798650932036874244742765994192944090686841927088940308925619415152612185, "mrr": 4.040877018286663e-175, "total_revenue": 4.2636659399133805, "conversion_rate": 1.039730467595934e+104, "churn_rate": 0.05, "average_price": 4.274758270173937e-286, "daily_visitors": 0, "new_customers": 100672596191350013187159153183182077235293432363228849531487274014192247318918098786168837241026824871379730432, "churned_customers": 50028140801804448577816762446983353075901453099724173314374478467006168398156755254953073958146145341054910464}, "generation": 0, "timestamp": "2025-11-15T15:43:57.550939"}