{"key": "daily_snapshot", "value": {"day": 0, "customers": 174202709671986075220389914085877647042564338787616526043183265875333238211553312823767432251332935660505101833706, "mrr": 6.736516650750416e-181, "total_revenue": 5.620306961549841, "conversion_rate": 2.4577373550730732e+106, "churn_rate": 0.05, "average_price": 3.867056180374518e-294, "daily_visitors": 0, "new_customers": 21038127660690930201532366452391217806478602417253482490893907914206635960633448070333208711843265452276461862912, "churned_customers": 12048074935854430206508300141808214551580695791255376218576257352940369670999577116475504095469783390465363542016}, "generation": 0, "timestamp": "2025-11-15T03:34:03.425693"}