{"key": "daily_snapshot", "value": {"day": 0, "customers": 667441333592347198546337118633218103418443237044533924975975512495555693082773726318572975095115964, "mrr": 5.325482859390184e-155, "total_revenue": 7.827191553977371, "conversion_rate": 8.850551417991384e+91, "churn_rate": 0.05, "average_price": 7.978952742898039e-254, "daily_visitors": 0, "new_customers": 77043443296839945991924344716715800762043956134151923493936179582508673402873744293010046005018624, "churned_customers": 44401864229529693919039820219738899955189883996531340251004141044775284289290427913919209203040256}, "generation": 0, "timestamp": "2025-11-15T05:43:23.929317"}