{"key": "daily_snapshot", "value": {"day": 0, "customers": 6337144569974608173003359724080103541987699495754757351949389620372563389087041938753171912655990021, "mrr": 1.3959134541043095e-161, "total_revenue": 1.5620171583249602, "conversion_rate": 7.94194882352997e+92, "churn_rate": 0.05, "average_price": 2.202748317780452e-261, "daily_visitors": 0, "new_customers": 675933653247602793072280638922481656549844505435153182726993713139064814804190002024332983174955008, "churned_customers": 246860618088979892563704486168814157098925590723388073515902233560059175444347632967570315829837824}, "generation": 0, "timestamp": "2025-11-13T21:39:16.435626"}