{"key": "daily_snapshot", "value": {"day": 0, "customers": 6375293091743624267569542854052556519, "mrr": 1.3678820680187556e-48, "total_revenue": 3.180859164035811, "conversion_rate": 9.60748395323773e+29, "churn_rate": 0.05, "average_price": 2.1455987173205297e-85, "daily_visitors": 0, "new_customers": 896822123094343702091124841996353536, "churned_customers": 415970961345166991464557472248758272}, "generation": 0, "timestamp": "2025-11-14T08:49:01.482648"}