{"key": "daily_snapshot", "value": {"day": 0, "customers": 1377290768212499665841907625138295, "mrr": 2.833384261328332e-42, "total_revenue": 8.055065502431749, "conversion_rate": 1.9607451272475044e+26, "churn_rate": 0.05, "average_price": 2.0572157504588561e-75, "daily_visitors": 0, "new_customers": 159868861142607519772190856708096, "churned_customers": 45727203338970472258339042492416}, "generation": 0, "timestamp": "2025-11-13T16:59:22.099578"}