{"key": "daily_snapshot", "value": {"day": 0, "customers": 1483757681996003721371124285947459812451271, "mrr": 5.923651553574999e-58, "total_revenue": 4.928703564447977, "conversion_rate": 1.8967789220236026e+35, "churn_rate": 0.05, "average_price": 3.992330840441744e-100, "daily_visitors": 0, "new_customers": 186475924421739407375700095715000813879296, "churned_customers": 76106571782736377245456207285520588341248}, "generation": 0, "timestamp": "2025-11-15T06:17:58.223995"}