{"key": "daily_snapshot", "value": {"day": 0, "customers": 32783304534681, "mrr": 1.3472237277677452e-08, "total_revenue": 8.055065499387212, "conversion_rate": 4648683.969183054, "churn_rate": 0.05, "average_price": 4.1094811730847206e-22, "daily_visitors": 0, "new_customers": 4496680075352, "churned_customers": 1432030422165}, "generation": 0, "timestamp": "2025-11-13T16:50:10.018100"}