{"key": "daily_snapshot", "value": {"day": 0, "customers": 3087186708408780178452758600330284042891035333851754215, "mrr": 3.148655735457848e-77, "total_revenue": 3.180859164035811, "conversion_rate": 3.8215050721683985e+47, "churn_rate": 0.05, "average_price": 1.0199110170051072e-131, "daily_visitors": 0, "new_customers": 393495166869474395888978759648905372951743951714385920, "churned_customers": 181135416930666582452909354690531302115374099083558912}, "generation": 0, "timestamp": "2025-11-14T09:01:12.726459"}