{"key": "daily_snapshot", "value": {"day": 0, "customers": 6949187922143266877051034381973784685783195, "mrr": 6.247271188364354e-59, "total_revenue": 13.18914372001125, "conversion_rate": 1.0285481629898075e+36, "churn_rate": 0.05, "average_price": 8.989929842676599e-102, "daily_visitors": 0, "new_customers": 896113792820432789273736999443969163132928, "churned_customers": 412456800401818246060247056463929475596288}, "generation": 0, "timestamp": "2025-11-13T18:05:16.040716"}