{"key": "daily_snapshot", "value": {"day": 0, "customers": 734034380051545195965586950823467827157839648655347158958793, "mrr": 2.1765905200625707e-86, "total_revenue": 3.6905216285399813, "conversion_rate": 9.498369892461142e+52, "churn_rate": 0.05, "average_price": 2.9652432899801326e-146, "daily_visitors": 0, "new_customers": 73134738843424921481328910101196641399588485584314695680000, "churned_customers": 20067365519844737341008165390097456387891128800016173367296}, "generation": 0, "timestamp": "2025-11-15T04:09:38.235420"}