{"key": "daily_snapshot", "value": {"day": 0, "customers": 242166417525791042768970926, "mrr": 8.25042277000488e-31, "total_revenue": 14.069439877331755, "conversion_rate": 3.64157403758091e+19, "churn_rate": 0.05, "average_price": 3.4069227493635446e-57, "daily_visitors": 0, "new_customers": 30722301277979309038895104, "churned_customers": 16394818735090623177555968}, "generation": 0, "timestamp": "2025-11-15T13:01:38.614685"}