{"key": "daily_snapshot", "value": {"day": 0, "customers": 142138913874273282618921006611933640844468285824548403103400863914098699265327321646428696689157237136618342741611656908560087464392, "mrr": 1.404519085649323e-192, "total_revenue": 4.843910136547377, "conversion_rate": 1.8372338669197855e+124, "churn_rate": 0.05, "average_price": 1e-323, "daily_visitors": 0, "new_customers": 16368646102473990944224580117108760121014092092837752079667393516723475763682278850018270349117626185074412309888466612287461916672, "churned_customers": 3522036233812117745334379895448819588677707463962633180309611874792899530305722207708057812179942655461675281095802095452484009984}, "generation": 0, "timestamp": "2025-11-14T07:30:58.273962"}