{"key": "daily_snapshot", "value": {"day": 0, "customers": 1622794696599551867332955686309952164915073186735138729565092372361232679901271468309360366722162296942340896005140891477113639628037, "mrr": 1.6035342196864147e-191, "total_revenue": 1.5620171583249602, "conversion_rate": 1.9174502314897922e+125, "churn_rate": 0.05, "average_price": 1e-323, "daily_visitors": 0, "new_customers": 180459858861535795596806708405038289680720753582684644101166144032379896720600167387499046915026399099350647958403079313909270708224, "churned_customers": 41929821915861353043387413022727352624630579649295520872407009274300396107564335396168185447494911139899744013780945109324306317312}, "generation": 0, "timestamp": "2025-11-13T21:54:22.727898"}