{"key": "daily_snapshot", "value": {"day": 0, "customers": 17771012463642105034450, "mrr": 2.9721844555023944e-25, "total_revenue": 7.180499208388138, "conversion_rate": 2374434027236004.5, "churn_rate": 0.05, "average_price": 1.6724902205674643e-47, "daily_visitors": 0, "new_customers": 2246448873163389403136, "churned_customers": 881697785097843900416}, "generation": 0, "timestamp": "2025-11-15T19:07:44.496151"}