{"key": "daily_snapshot", "value": {"day": 0, "customers": 91634666606750307225246996577354121518932355703099482947287904560173356522, "mrr": 3.184082950991054e-115, "total_revenue": 5.620306961549841, "conversion_rate": 1.1554151262452121e+67, "churn_rate": 0.05, "average_price": 3.474758046161208e-189, "daily_visitors": 0, "new_customers": 10706597834524698831130229511834843189907850192596012149679285678756593664, "churned_customers": 3534558306264158919606722764779734663757740802821076388529556621617004544}, "generation": 0, "timestamp": "2025-11-15T03:15:54.384620"}