{"key": "daily_snapshot", "value": {"day": 0, "customers": 175529002768855003393921117567553794125146765252815276713093973859742720944669116343920822641193624750, "mrr": 2.7090337405816437e-155, "total_revenue": 14.069439877331755, "conversion_rate": 2.2301104231077217e+94, "churn_rate": 0.05, "average_price": 1.5433539174999068e-256, "daily_visitors": 0, "new_customers": 21103606376060742297599576735135192375933400132003052995464557836188172294887021819010259809034305536, "churned_customers": 8019503283483120552654708804866200160991224583761529427745564845052580663315334227614879712221855744}, "generation": 0, "timestamp": "2025-11-15T13:36:06.802971"}