{"key": "daily_snapshot", "value": {"day": 0, "customers": 3900683680935511665183544943597639677927344962432485727561196560811355586497737473706009818558436262370808363260023, "mrr": 1.619649662446506e-180, "total_revenue": 8.055065502431749, "conversion_rate": 5.771727903329107e+107, "churn_rate": 0.05, "average_price": 4.152219956625811e-295, "daily_visitors": 0, "new_customers": 559104625409542932618194513505505732225969145345650247895207986642549602422669636522497123141630601343994010009600, "churned_customers": 124591413727949061862795167373081712780582288192727511509291902866650927097711584297355133740388483398432412663808}, "generation": 0, "timestamp": "2025-11-13T17:37:29.310940"}