{"key": "daily_snapshot", "value": {"day": 0, "customers": 18613575427336227812437861399660755465626449022130511599487956494635932171944041530535, "mrr": 9.944447044813193e-132, "total_revenue": 7.010218214998832, "conversion_rate": 2.8111583265347673e+78, "churn_rate": 0.05, "average_price": 5.34257756315243e-217, "daily_visitors": 0, "new_customers": 2311725268952372952413467607270154850930980056959715612358664115257363320822334226432, "churned_customers": 570699068654233428193225695587562575391121829652570587843884836911267354771976093696}, "generation": 0, "timestamp": "2025-11-14T23:58:35.839512"}