{"key": "daily_snapshot", "value": {"day": 0, "customers": 324410694659132194930021420095, "mrr": 4.440139250915134e-34, "total_revenue": 2.4762944740981485, "conversion_rate": 4.078112662455214e+22, "churn_rate": 0.05, "average_price": 1.3686784449509343e-63, "daily_visitors": 0, "new_customers": 33064809565680654807247880192, "churned_customers": 13396204561379634925023526912}, "generation": 0, "timestamp": "2025-11-13T15:56:13.712915"}