{"key": "daily_snapshot", "value": {"day": 0, "customers": 5910062335619731910794106029906316293107160213804806893967433636643012735950635669294017475910303, "mrr": 9.299902527360718e-154, "total_revenue": 3.5615064647863135, "conversion_rate": 8.331274196470497e+89, "churn_rate": 0.05, "average_price": 1.5735709708695527e-250, "daily_visitors": 0, "new_customers": 633802868840371665659734914026516014456569890333358515214971422290306575053711401211795444072448, "churned_customers": 243198942755093937250873668443824093859712837150502223224619731004273538264421917491057142005760}, "generation": 0, "timestamp": "2025-11-13T12:18:35.100116"}