{"key": "daily_snapshot", "value": {"day": 0, "customers": 84863860877392695544898, "mrr": 2.7721479960358805e-24, "total_revenue": 7.574353924996814, "conversion_rate": 1.1293544685672948e+16, "churn_rate": 0.05, "average_price": 3.2665824620458283e-47, "daily_visitors": 0, "new_customers": 9211037908239098314752, "churned_customers": 2059486703583040634880}, "generation": 0, "timestamp": "2025-11-14T09:52:49.555458"}