{"key": "daily_snapshot", "value": {"day": 0, "customers": 3159120215192840473745602900014015928129906906360966837875052094364995431540182369790057065893896807932811149140102175050815, "mrr": 9.710752726157451e-196, "total_revenue": 2.4762944740981485, "conversion_rate": 4.3762480282993955e+116, "churn_rate": 0.05, "average_price": 3.0739e-319, "daily_visitors": 0, "new_customers": 482509573171602385783694639070158061084293802194119764830862717566413682200766077857538257531889975333943157367881863266304, "churned_customers": 109252945579200004450660953012560108296240251689537983788704163603027561196709485842888827493568092154382316114473956409344}, "generation": 0, "timestamp": "2025-11-13T16:40:22.832064"}