{"key": "daily_snapshot", "value": {"day": 0, "customers": 1086262811881096840556614249334137133722405048194243560383858905580801830671017279234942145149158825565924891956355677, "mrr": 1.6712604333679933e-186, "total_revenue": 7.058512489256422, "conversion_rate": 1.3902074726241501e+110, "churn_rate": 0.05, "average_price": 1.5385415160018667e-303, "daily_visitors": 0, "new_customers": 114586349075301444294408422897815579786877010868129531822310726190553831025156180440399200945566562233222711352492032, "churned_customers": 37097411460475349058109352367557197148113610176200608819314436611653383995892597177512686833637227510450674303238144}, "generation": 0, "timestamp": "2025-11-15T11:41:53.690910"}