{"key": "daily_snapshot", "value": {"day": 0, "customers": 13550115096045038842676174197756765395133754345228407541526638677055, "mrr": 2.4027604083753223e-100, "total_revenue": 2.4762944740981485, "conversion_rate": 1.9369494524784795e+60, "churn_rate": 0.05, "average_price": 1.7732398517239396e-167, "daily_visitors": 0, "new_customers": 1946657517526588284068335929468040464611818603288199924483327262720, "churned_customers": 575373636931008624313554044277791000907557303484417814546373148672}, "generation": 0, "timestamp": "2025-11-13T16:14:09.856015"}