{"key": "daily_snapshot", "value": {"day": 0, "customers": 117426921918341135556902542452675980031125404729, "mrr": 8.20318973679672e-64, "total_revenue": 8.82569014329087, "conversion_rate": 1.5866975207562026e+40, "churn_rate": 0.05, "average_price": 6.985782819463863e-111, "daily_visitors": 0, "new_customers": 15526565116316430729698970586153008159065636864, "churned_customers": 4545200542909606506679626892733742163788038144}, "generation": 0, "timestamp": "2025-11-13T11:53:33.395985"}