{"key": "daily_snapshot", "value": {"day": 0, "customers": 182564709795569479243307005434930411039324732161408507450825784602763468750814142106813993531090, "mrr": 4.914098628109989e-150, "total_revenue": 7.180499208388138, "conversion_rate": 2.5690614655529308e+88, "churn_rate": 0.05, "average_price": 2.691702374250012e-245, "daily_visitors": 0, "new_customers": 21766199529012231447745041313217566892324941167909772032373605935984804299054004398134692675584, "churned_customers": 6697594012723934409415705859052844999120619168963736098080553995142826747316672585873546543104}, "generation": 0, "timestamp": "2025-11-15T19:42:11.976874"}