{"key": "daily_snapshot", "value": {"day": 0, "customers": 3017975801292403285042646758549348525968220144652095684662212220717397254119555, "mrr": 2.3160572735356572e-118, "total_revenue": 4.596591164332845, "conversion_rate": 4.377760228190788e+71, "churn_rate": 0.05, "average_price": 7.67420756834379e-197, "daily_visitors": 0, "new_customers": 441798538968712027466669839029860412254756160262805024868421813040043987566592, "churned_customers": 208919579421329850082785862838591307168086078830203416148205050506501091753984}, "generation": 0, "timestamp": "2025-11-14T12:24:24.942506"}