{"key": "daily_snapshot", "value": {"day": 0, "customers": 1743778069212234777737129731564584992716225961389432480632654190863061055883153798432, "mrr": 1.972796821569281e-130, "total_revenue": 2.640852054669741, "conversion_rate": 2.104036945040552e+77, "churn_rate": 0.05, "average_price": 1.131334804812924e-214, "daily_visitors": 0, "new_customers": 190563113438885660342843806849869274191455448507612343617429055014132792641999339520, "churned_customers": 72732076681252931994795242318782269530544041588194421839662891312875981138147934208}, "generation": 0, "timestamp": "2025-11-14T02:46:27.015100"}