{"key": "daily_snapshot", "value": {"day": 0, "customers": 1770908131076486337672612668504552095981184938475718383197189039047, "mrr": 1.1156390910708983e-99, "total_revenue": 4.928703564447977, "conversion_rate": 2.354142857753426e+59, "churn_rate": 0.05, "average_price": 6.299813477013807e-166, "daily_visitors": 0, "new_customers": 178973091655894098576681442287389920443310012270086289812520697856, "churned_customers": 96710293053953279259456453105394720493114380487781859564416139264}, "generation": 0, "timestamp": "2025-11-15T06:29:20.720903"}