{"key": "daily_snapshot", "value": {"day": 0, "customers": 14643846003997978810529916012448830118064180415816367250443352232889055262583138758038934324845008129003086791, "mrr": 2.38795859576202e-176, "total_revenue": 4.928703564447977, "conversion_rate": 1.7799283861181877e+102, "churn_rate": 0.05, "average_price": 1.6306908684440367e-285, "daily_visitors": 0, "new_customers": 1397590286488198012209518275414746952690170093218262663953455409154597143107431308329785892532531527459799040, "churned_customers": 408925388571370745655032381727954101312434077512939451599332792795888746165640352501486340560697345993342976}, "generation": 0, "timestamp": "2025-11-15T06:50:01.854830"}