{"key": "daily_snapshot", "value": {"day": 0, "customers": 186152936340561276569613627054262378711337169248701784580827083373791393784304232488760332694170605463715810040159817430347495, "mrr": 2.7591531215503156e-198, "total_revenue": 3.180859164035811, "conversion_rate": 2.3846039978824516e+118, "churn_rate": 0.05, "average_price": 1.5e-323, "daily_visitors": 0, "new_customers": 20603528202842144798730591425114405242355238419672878210645309001312794306768687103896942439405075948909861094401599200034816, "churned_customers": 7406432275332285013987117524556765802670986602596755106924330793708508838330065277562397079678890570284496626009445662457856}, "generation": 0, "timestamp": "2025-11-14T09:39:27.826025"}