{"key": "daily_snapshot", "value": {"day": 0, "customers": 250985820736896672832690851497164736742467518166075640121017696584464394250141064947486600355097248848341, "mrr": 6.191310650043465e-168, "total_revenue": 5.250998821828405, "conversion_rate": 3.0454812038757537e+97, "churn_rate": 0.05, "average_price": 2.4667969815449017e-272, "daily_visitors": 0, "new_customers": 26480605727665584873482128598895992578710293696889538347550459490081929882275553750166744639468461883392, "churned_customers": 17302815727984690837049648202466675080888287324164956998715183607102476102119110566907533795076354342912}, "generation": 0, "timestamp": "2025-11-14T23:07:01.078347"}