{"key": "daily_snapshot", "value": {"day": 0, "customers": 212122047084716286799197906, "mrr": 4.966242700793905e-32, "total_revenue": 7.180499208388138, "conversion_rate": 2.7146151391975887e+19, "churn_rate": 0.05, "average_price": 2.3412194861623742e-58, "daily_visitors": 0, "new_customers": 26009581608349557002862592, "churned_customers": 13142360135816720460808192}, "generation": 0, "timestamp": "2025-11-15T19:09:37.232374"}