{"key": "daily_snapshot", "value": {"day": 0, "customers": 31580695932979073567874699277334170069125354765263209282267914512838207911552956766260979302109523357617009709936, "mrr": 3.039926170755888e-175, "total_revenue": 7.626819946521412, "conversion_rate": 5.022074249314753e+105, "churn_rate": 0.05, "average_price": 9.625899876327156e-288, "daily_visitors": 0, "new_customers": 3902251875110809460261874626057505593766203799768486020519591403346628774671727678167800050343857813233422303232, "churned_customers": 1816453836111876539445112956414791673324869262154070892253506963514106426301782494201889170745243409189559074816}, "generation": 0, "timestamp": "2025-11-15T02:13:06.892750"}