{"key": "daily_snapshot", "value": {"day": 0, "customers": 31608312162712496632709699169599483967401842745787885723, "mrr": 4.601113413653823e-81, "total_revenue": 13.18914372001125, "conversion_rate": 4.199944708011508e+48, "churn_rate": 0.05, "average_price": 1.4556656457859324e-136, "daily_visitors": 0, "new_customers": 3158848938307805204226788225626314639707589752477712384, "churned_customers": 1343910064947644147979187501309173234332968960695205888}, "generation": 0, "timestamp": "2025-11-13T18:11:16.453765"}