{"key": "daily_snapshot", "value": {"day": 0, "customers": 13720648476229675, "mrr": 2.432207617692209e-13, "total_revenue": 4.323965768575545, "conversion_rate": 1924416896.589587, "churn_rate": 0.05, "average_price": 1.7726622920963865e-29, "daily_visitors": 0, "new_customers": 1737111245051704, "churned_customers": 542102361890625}, "generation": 0, "timestamp": "2025-11-14T13:57:52.800598"}