{"key": "daily_snapshot", "value": {"day": 0, "customers": 8327827816737312500484432970299875030869639606054074444328149, "mrr": 5.5606024658936565e-87, "total_revenue": 5.438023679800494, "conversion_rate": 1.0989444473888113e+54, "churn_rate": 0.05, "average_price": 6.677134287908701e-148, "daily_visitors": 0, "new_customers": 1053464283177530527297793513443246887857171042540390017138688, "churned_customers": 334762546686990738134544471726299523307163319562059739299840}, "generation": 0, "timestamp": "2025-11-14T19:56:15.325355"}