{"key": "daily_snapshot", "value": {"day": 0, "customers": 21222242604065020771676266294575987578112242605888820717989274177456302767161, "mrr": 3.775598502198279e-113, "total_revenue": 8.82569014329087, "conversion_rate": 2.9311312440748726e+69, "churn_rate": 0.05, "average_price": 1.7790761196345389e-189, "daily_visitors": 0, "new_customers": 3309536088243543362767654547709342202685175643343158375484521948294898778112, "churned_customers": 1124610740380118110251027635311554641430697807099454784680089254843182481408}, "generation": 0, "timestamp": "2025-11-13T12:07:06.750408"}