{"key": "daily_snapshot", "value": {"day": 0, "customers": 948355593214679209094863169091559668829155528199378826742453565203739785611253080259878436179288669, "mrr": 3.874244844402157e-155, "total_revenue": 7.058512489256422, "conversion_rate": 1.3146223080818903e+92, "churn_rate": 0.05, "average_price": 4.085223804363796e-254, "daily_visitors": 0, "new_customers": 126791796938954093982020257797814418129596094442357617691269720680758261306169571835558318886092800, "churned_customers": 59975625339409977863326595568854078103506889361546779672994613808292296896908959318594478810333184}, "generation": 0, "timestamp": "2025-11-15T11:32:47.303950"}