{"key": "daily_snapshot", "value": {"day": 0, "customers": 36914457750358482464403021508327, "mrr": 2.1793999288221513e-39, "total_revenue": 3.180859164035811, "conversion_rate": 4.955149568705742e+24, "churn_rate": 0.05, "average_price": 5.903919660856963e-71, "daily_visitors": 0, "new_customers": 4567307072546235301705119956992, "churned_customers": 1985478726785295821408030425088}, "generation": 0, "timestamp": "2025-11-14T08:46:31.888194"}