{"key": "daily_snapshot", "value": {"day": 0, "customers": 251558737695885366, "mrr": 1.808901663082127e-15, "total_revenue": 4.843910136547377, "conversion_rate": 33256371922.069107, "churn_rate": 0.05, "average_price": 7.190772539449398e-33, "daily_visitors": 0, "new_customers": 33521251516561432, "churned_customers": 13684127438675196}, "generation": 0, "timestamp": "2025-11-14T06:37:43.293455"}