{"key": "daily_snapshot", "value": {"day": 0, "customers": 1567520266655468071510181354896143966930054843422355498310722149512898518550195943, "mrr": 1.8257256725670548e-124, "total_revenue": 3.180859164035811, "conversion_rate": 2.2018663089212448e+74, "churn_rate": 0.05, "average_price": 1.1647222121488135e-205, "daily_visitors": 0, "new_customers": 165322942939677256236124396098440972398915659049496018036365873159983420651077632, "churned_customers": 34991896299104234843224429096299349302687246729091743413149999773268945840111616}, "generation": 0, "timestamp": "2025-11-14T09:19:04.636850"}