{"key": "daily_snapshot", "value": {"day": 0, "customers": 898062214838678, "mrr": 2.1575095011888337e-12, "total_revenue": 5.414632391500727, "conversion_rate": 110288494.0970197, "churn_rate": 0.05, "average_price": 2.4024053852175425e-27, "daily_visitors": 0, "new_customers": 81843282419137, "churned_customers": 33041704527096}, "generation": 0, "timestamp": "2025-11-13T21:59:57.219446"}