{"key": "daily_snapshot", "value": {"day": 0, "customers": 596028763954386608649718795928345841785112423613519349272751100706522875027266643206510724476500492891858, "mrr": 4.864754915418388e-165, "total_revenue": 7.180499208388138, "conversion_rate": 7.416170116222614e+97, "churn_rate": 0.05, "average_price": 8.161946552953075e-270, "daily_visitors": 0, "new_customers": 74291544833035038793603509214129178978551121801450861461565742579985430519553639890360970675231203000320, "churned_customers": 36475483121703439626336840808992966602399737061940122874764763618478754637043645449378569306816450134016}, "generation": 0, "timestamp": "2025-11-15T19:46:26.484501"}