{"key": "daily_snapshot", "value": {"day": 0, "customers": 3219370517539596851535201942125159348766518028516419922169080418208144324149445930067008510354851858241046994039, "mrr": 8.722723266879928e-178, "total_revenue": 3.0646080228541357, "conversion_rate": 4.4978919083612445e+104, "churn_rate": 0.05, "average_price": 2.709449943508294e-289, "daily_visitors": 0, "new_customers": 470117241201801661762839132782945896446791041267302576606536893196623354722917957904658568008418577335741054976, "churned_customers": 222834219864329483726382420033965711812665660378651713598215613567603952939417175758304780105819959474243239936}, "generation": 0, "timestamp": "2025-11-14T21:33:42.623009"}