{"key": "daily_snapshot", "value": {"day": 0, "customers": 776348511995961932038659482037351495, "mrr": 3.0299495329604486e-48, "total_revenue": 8.531929138055917, "conversion_rate": 8.83454851177125e+28, "churn_rate": 0.05, "average_price": 3.902821331067623e-84, "daily_visitors": 0, "new_customers": 98135973082045356696657628231630848, "churned_customers": 21662096444081801863888176056107008}, "generation": 0, "timestamp": "2025-11-13T11:18:50.639452"}