{"key": "daily_snapshot", "value": {"day": 0, "customers": 487951958391978690192767565614560913423640180979910468491733, "mrr": 5.869308562270755e-90, "total_revenue": 5.250998821828405, "conversion_rate": 7.072118638863991e+52, "churn_rate": 0.05, "average_price": 1.2028455796371365e-149, "daily_visitors": 0, "new_customers": 55850754091018589311230298116896156367712168161546810163200, "churned_customers": 14407993157917300221600874975270323683916718637396258717696}, "generation": 0, "timestamp": "2025-11-14T22:10:43.179261"}