{"key": "daily_snapshot", "value": {"day": 0, "customers": 3591595164353095526833194806682432547872964305635852511312175321115976227589598326667671524816592521791533250480648435410, "mrr": 9.005032490303187e-193, "total_revenue": 7.180499208388138, "conversion_rate": 5.4999828653027515e+113, "churn_rate": 0.05, "average_price": 2.5072515354e-313, "daily_visitors": 0, "new_customers": 450287604605388225580194755133283465491552122425703104590816442610215886517668503876783338943409693306040965049947783168, "churned_customers": 223594534775467292580753039864152724147004524610676831247190346709551618461559073930812891126384885539959200352670056448}, "generation": 0, "timestamp": "2025-11-15T19:53:58.252221"}