{"key": "daily_snapshot", "value": {"day": 0, "customers": 7285511241381227228935, "mrr": 1.537956443310245e-22, "total_revenue": 7.42566689692798, "conversion_rate": 970979181009615.8, "churn_rate": 0.05, "average_price": 2.1109794389922194e-44, "daily_visitors": 0, "new_customers": 1084445508650597875712, "churned_customers": 184366493767541063680}, "generation": 0, "timestamp": "2025-11-15T14:00:43.539359"}