{"key": "daily_snapshot", "value": {"day": 0, "customers": 18121489534932500862012963493904345190419021056709115239972073146787079590885160089558550136977642662273433176194061567361886206776, "mrr": 1.7906410861363633e-193, "total_revenue": 8.385937104373125, "conversion_rate": 2.2774343725857534e+123, "churn_rate": 0.05, "average_price": 1e-323, "daily_visitors": 0, "new_customers": 2291205253779029298547823689245459297855297167745736477281026053220860111680969674628592960799663994629704544556754679303942176768, "churned_customers": 750476764104157977971155207856470764817088363143307224049780962574343078980491231219672970414867600101720241848830057055898304512}, "generation": 0, "timestamp": "2025-11-13T13:35:27.205475"}