{"key": "daily_snapshot", "value": {"day": 0, "customers": 15251116446758066225719424238172096466611975, "mrr": 5.615880883357543e-59, "total_revenue": 7.42566689692798, "conversion_rate": 2.0631063222047635e+36, "churn_rate": 0.05, "average_price": 3.682275263560336e-102, "daily_visitors": 0, "new_customers": 2014323964251672220784762723664098542747648, "churned_customers": 562646230114090816704055903974185980919808}, "generation": 0, "timestamp": "2025-11-15T14:10:44.247584"}