{"key": "daily_snapshot", "value": {"day": 0, "customers": 1391566278496062632832497634414917470671705, "mrr": 9.320738326843202e-59, "total_revenue": 4.2636659399133805, "conversion_rate": 1.719675483433268e+35, "churn_rate": 0.05, "average_price": 6.69801968535527e-101, "daily_visitors": 0, "new_customers": 165260640479060962623366118699232791625728, "churned_customers": 53043730639033417018954559151422690033664}, "generation": 0, "timestamp": "2025-11-15T15:11:57.062092"}