{"key": "daily_snapshot", "value": {"day": 0, "customers": 470978449812445129778583010393540758586835147506, "mrr": 1.9421636275794833e-65, "total_revenue": 10.298721371422412, "conversion_rate": 6.67920571240748e+40, "churn_rate": 0.05, "average_price": 4.123678330405349e-113, "daily_visitors": 0, "new_customers": 68509438624359924747299022492182525459216465920, "churned_customers": 17276178495761412590267087920203340661838053376}, "generation": 0, "timestamp": "2025-11-14T03:29:59.950792"}