{"key": "daily_snapshot", "value": {"day": 0, "customers": 29922890429957806325156572738333393647735338224683327453495589496204164790601855986292043819389350218793902085646414012, "mrr": 2.5065258604398086e-189, "total_revenue": 7.827191553977371, "conversion_rate": 3.8783374504778484e+111, "churn_rate": 0.05, "average_price": 8.376616778739924e-308, "daily_visitors": 0, "new_customers": 3291997676195344183370399448766051661837607215231514004972829077723175804385843895440233764175433199318324703672664064, "churned_customers": 1024762539245577917717425898364887649153059603539323635561718776471541827632397770049572755045461263276355404100009984}, "generation": 0, "timestamp": "2025-11-15T05:52:43.955083"}