{"key": "daily_snapshot", "value": {"day": 0, "customers": 34744327143594398707614475752527286953142494636129996468192798660058055965857, "mrr": 7.1265309508920725e-115, "total_revenue": 4.323965768575599, "conversion_rate": 4.801027408342906e+69, "churn_rate": 0.05, "average_price": 2.0511351166591658e-191, "daily_visitors": 0, "new_customers": 4243422307197648242290602075083483754758883811228983112781451760389821825024, "churned_customers": 1020717650672478508972142353997006346443870765646859171332373735123200245760}, "generation": 0, "timestamp": "2025-11-14T14:25:51.556202"}