{"key": "daily_snapshot", "value": {"day": 0, "customers": 108601370697, "mrr": 0.000827700614100812, "total_revenue": 13.188964176379677, "conversion_rate": 14281.605342750428, "churn_rate": 0.05, "average_price": 7.621456421669974e-15, "daily_visitors": 0, "new_customers": 12680170695, "churned_customers": 5160220054}, "generation": 0, "timestamp": "2025-11-13T17:50:13.057493"}