{"key": "daily_snapshot", "value": {"day": 0, "customers": 158644531207931429483573124341437264299969223935943523793462153327257327843311080333349209251977415373220519320380837963307511559, "mrr": 1.5676162554085687e-195, "total_revenue": 7.42566689692798, "conversion_rate": 2.483934651411564e+121, "churn_rate": 0.05, "average_price": 1e-323, "daily_visitors": 0, "new_customers": 24334115096607814977322223868522482867851058452215604299347814867236925054974643860580678951133676717512552008690734851000631296, "churned_customers": 8292635707626510354553044871822654458525891720618970693361208763608585868285196038521833210831861078384635019865685000743550976}, "generation": 0, "timestamp": "2025-11-15T14:50:07.612896"}