{"key": "daily_snapshot", "value": {"day": 0, "customers": 15919089013822470243004538367052692618881310864232139981232256792894652276793898670933, "mrr": 5.443133938628754e-132, "total_revenue": 7.593310615949716, "conversion_rate": 2.2547413516115085e+78, "churn_rate": 0.05, "average_price": 3.4192496404175554e-217, "daily_visitors": 0, "new_customers": 1921518370655400099273284866765439204627340279681316685844063652540490820458049961984, "churned_customers": 409103162312989300218746235573449325205765183628022536517350638762417005359586607104}, "generation": 0, "timestamp": "2025-11-14T19:07:06.101152"}