{"key": "daily_snapshot", "value": {"day": 0, "customers": 403183952116982760025638596097049298678152691934204120427542571151170669149766345, "mrr": 1.4470584172110819e-121, "total_revenue": 3.6905216285399813, "conversion_rate": 5.50587435600029e+73, "churn_rate": 0.05, "average_price": 3.5890774164325413e-202, "daily_visitors": 0, "new_customers": 43358428574007965521292872402744247976301611682594993612384938402239550456856576, "churned_customers": 15080683031655768077141654831637441925856473247197871076069961065771708551528448}, "generation": 0, "timestamp": "2025-11-15T04:19:18.399259"}