{"key": "daily_snapshot", "value": {"day": 0, "customers": 449785783008805515694402231492727814863737240350874731427909035702789896195135, "mrr": 2.057403004228837e-118, "total_revenue": 2.4762944740981485, "conversion_rate": 6.661725527476717e+70, "churn_rate": 0.05, "average_price": 4.574184160437456e-196, "daily_visitors": 0, "new_customers": 67243525906288781123728612382070197503259963789265897883525142518835923910656, "churned_customers": 26181820707542091129558285454273312013749839036673381421835533701640108376064}, "generation": 0, "timestamp": "2025-11-13T16:19:06.577178"}