{"key": "daily_snapshot", "value": {"day": 0, "customers": 71473952026873214057003984760290853180750837439138880919342440265069971237564406192195422017722651176269369952027743591910380, "mrr": 3.390031129822405e-197, "total_revenue": 3.8452002827692775, "conversion_rate": 1.0685624772975085e+118, "churn_rate": 0.05, "average_price": 4.74e-322, "daily_visitors": 0, "new_customers": 8403607291693064571208197386554723989065236825270503418815821614990552093103609695355142209412282744257328293470582287106048, "churned_customers": 2764321412925693843655857197296931742824824527971322825019294986918715838262209912042888280684757075806881901515657590079488}, "generation": 0, "timestamp": "2025-11-13T14:36:25.853673"}