{"key": "daily_snapshot", "value": {"day": 0, "customers": 173625540471086820938801647481213601917950573508608034405358, "mrr": 2.830373656094173e-88, "total_revenue": 4.058738603221899, "conversion_rate": 2.486760676471667e+52, "churn_rate": 0.05, "average_price": 1.6301597382589597e-147, "daily_visitors": 0, "new_customers": 21822202378769435810195298797366254326458916935137912422400, "churned_customers": 6842530675349677868181227379140480636236920339564156944384}, "generation": 0, "timestamp": "2025-11-14T15:19:24.440109"}