{"key": "daily_snapshot", "value": {"day": 0, "customers": 6868856358121297848706082337616644875146441859507409519917880, "mrr": 3.1517690687288824e-88, "total_revenue": 8.385937104373125, "conversion_rate": 9.526320990055225e+53, "churn_rate": 0.05, "average_price": 4.588491743610902e-149, "daily_visitors": 0, "new_customers": 798810091677922670438937454931814948380682725320165383208960, "churned_customers": 264191877385182692404566743058131226253556914665959509196800}, "generation": 0, "timestamp": "2025-11-13T13:02:10.121592"}