{"key": "daily_snapshot", "value": {"day": 0, "customers": 3009158821169074, "mrr": 1.4119569056545809e-11, "total_revenue": 7.425666896925002, "conversion_rate": 372864986.3399079, "churn_rate": 0.05, "average_price": 4.6921980180030116e-27, "daily_visitors": 0, "new_customers": 392227716088306, "churned_customers": 207931744912628}, "generation": 0, "timestamp": "2025-11-15T13:57:43.179123"}