{"key": "daily_snapshot", "value": {"day": 0, "customers": 443933313702950545940186164415873241319619898535970248706087650052921668827903264, "mrr": 1.5779388158650318e-124, "total_revenue": 2.640852054669741, "conversion_rate": 5.982517574518702e+73, "churn_rate": 0.05, "average_price": 3.554450110317423e-205, "daily_visitors": 0, "new_customers": 51033980641777347767192816598646461603521332821752426060246420696511632249978880, "churned_customers": 25574324737911501793688786542250430050127056834321391694198715799109289577021440}, "generation": 0, "timestamp": "2025-11-14T02:44:48.577541"}