{"key": "daily_snapshot", "value": {"day": 0, "customers": 4718437408646684504893660090023975915037757485141055, "mrr": 1.497377672188634e-73, "total_revenue": 2.4762944740981485, "conversion_rate": 6.088142997066188e+44, "churn_rate": 0.05, "average_price": 3.1734609204408273e-125, "daily_visitors": 0, "new_customers": 586368044221451156891686483716744392687097508528128, "churned_customers": 208605617383709376398869863593172816108597584855040}, "generation": 0, "timestamp": "2025-11-13T16:06:52.247500"}