{"key": "daily_snapshot", "value": {"day": 0, "customers": 12423411495969606380055494177817215766587745718700761049653047497847648136774209557, "mrr": 1.4330218919391197e-126, "total_revenue": 6.513341788556554, "conversion_rate": 1.7899796364886053e+75, "churn_rate": 0.05, "average_price": 1.153485008851248e-208, "daily_visitors": 0, "new_customers": 1734465751539913329789501493657249951543846900038571138902568722777649359334932480, "churned_customers": 313824662978748240623766378425540754914292496927221342135750402488763790053605376}, "generation": 0, "timestamp": "2025-11-15T00:58:17.303053"}