{"key": "daily_snapshot", "value": {"day": 0, "customers": 22032655088422, "mrr": 1.1317847659867435e-08, "total_revenue": 7.180499205862824, "conversion_rate": 3070427.3922934486, "churn_rate": 0.05, "average_price": 5.136851466355901e-22, "daily_visitors": 0, "new_customers": 2569285706608, "churned_customers": 800003849737}, "generation": 0, "timestamp": "2025-11-15T19:03:20.101318"}