{"key": "daily_snapshot", "value": {"day": 0, "customers": 85973391704189020936188392294822597988263283022329773746426481296188817014361398092756452868996258990023173957931912088262945, "mrr": 7.221004880573744e-198, "total_revenue": 9.426328809042326, "conversion_rate": 1.2316949517572328e+118, "churn_rate": 0.05, "average_price": 8.4e-323, "daily_visitors": 0, "new_customers": 9289178680019930978584503288682204544771484025622236636375786311586679991999937706283006602192492858846261740813968688021504, "churned_customers": 5023011072112731303648488732081110308640488827302674646138127355357773152965039478254494317126590652580102916858542913748992}, "generation": 0, "timestamp": "2025-11-15T12:46:24.786274"}