{"key": "daily_snapshot", "value": {"day": 0, "customers": 6585851827904771, "mrr": 1.1674491196660848e-13, "total_revenue": 5.241512577835202, "conversion_rate": 916971762.956173, "churn_rate": 0.05, "average_price": 1.7726622920963865e-29, "daily_visitors": 0, "new_customers": 838425075231492, "churned_customers": 437716277365134}, "generation": 0, "timestamp": "2025-11-13T18:53:54.324811"}