{"key": "daily_snapshot", "value": {"day": 0, "customers": 10705231654511758226056100308099203, "mrr": 2.0312605647602855e-43, "total_revenue": 4.596591164332845, "conversion_rate": 1.4343014595447315e+27, "churn_rate": 0.05, "average_price": 1.8974466226559452e-77, "daily_visitors": 0, "new_customers": 1440665111515409450719516970450944, "churned_customers": 371185681334726421240201049276416}, "generation": 0, "timestamp": "2025-11-14T12:03:46.487850"}