{"key": "daily_snapshot", "value": {"day": 0, "customers": 2071690569909212552778197479997925075250615788391789347170024492991191257995317021018865156950673975834243534705497, "mrr": 2.818741019715349e-181, "total_revenue": 4.2636659399133805, "conversion_rate": 2.6828667867908258e+107, "churn_rate": 0.05, "average_price": 1.360599435387146e-295, "daily_visitors": 0, "new_customers": 263820520289471790596621365122310009883690059954986207289429842208670626917686384829344187623881126377688498438144, "churned_customers": 56947941628123439920734852961640918372892690304749558871876387688235352759310140840972154539236643345797956501504}, "generation": 0, "timestamp": "2025-11-15T15:45:36.108139"}