{"key": "daily_snapshot", "value": {"day": 0, "customers": 1186087918876341682376011578902846207125068675306947852738920555919237021605297370590104812034075662625, "mrr": 6.378547773546333e-159, "total_revenue": 9.426328809042326, "conversion_rate": 1.673697955506604e+95, "churn_rate": 0.05, "average_price": 5.37780351020618e-261, "daily_visitors": 0, "new_customers": 135280203266978853962917430427841912281748468812653999914490617682138144945850091932438956375659249664, "churned_customers": 30594116497266223931966469597944080425296797224368913521704164771072431765317756009899646485505507328}, "generation": 0, "timestamp": "2025-11-15T12:35:42.686069"}