{"key": "daily_snapshot", "value": {"day": 0, "customers": 1046783358564691147070264215671715894823826, "mrr": 8.162315401677742e-58, "total_revenue": 5.414632391501176, "conversion_rate": 1.4036898919840826e+35, "churn_rate": 0.05, "average_price": 7.79752117273778e-100, "daily_visitors": 0, "new_customers": 121580855803286595897913039793189065588736, "churned_customers": 27812631116538040039996460023261675126784}, "generation": 0, "timestamp": "2025-11-13T22:12:27.884005"}