{"key": "daily_snapshot", "value": {"day": 0, "customers": 318208061874399380334718697816237512747267743514229559385108431069798974913446761416163322660526751, "mrr": 4.573796492758271e-157, "total_revenue": 3.5615064647863135, "conversion_rate": 4.013605914120011e+91, "churn_rate": 0.05, "average_price": 1.4373603439888977e-255, "daily_visitors": 0, "new_customers": 33919168988961276971674528523993395867227804365588874977661237982591453636208041812068351810207744, "churned_customers": 18832648433239671447529987780717608937732300648076178249977508364532838161951547777372298527375360}, "generation": 0, "timestamp": "2025-11-13T12:19:27.287792"}