{"key": "daily_snapshot", "value": {"day": 0, "customers": 2115570636883929736461271560890870717136701820011073253045763054, "mrr": 1.9774075333843514e-95, "total_revenue": 4.058738603221899, "conversion_rate": 3.0329262988305448e+56, "churn_rate": 0.05, "average_price": 9.346922758849208e-159, "daily_visitors": 0, "new_customers": 287967242232538129618646927600844143438992226705671396687609856, "churned_customers": 79364416943940812421171348164884530241618469616723601207066624}, "generation": 0, "timestamp": "2025-11-14T15:21:20.957323"}