{"key": "daily_snapshot", "value": {"day": 0, "customers": 1949165304866576, "mrr": 2.232878315491988e-11, "total_revenue": 3.8452002827648277, "conversion_rate": 238384513.16252077, "churn_rate": 0.05, "average_price": 1.1455561567390163e-26, "daily_visitors": 0, "new_customers": 191278199018797, "churned_customers": 80393422846598}, "generation": 0, "timestamp": "2025-11-13T13:45:22.562631"}