{"key": "daily_snapshot", "value": {"day": 0, "customers": 3277889851296889809460680934302682727422069325768308605075625064993713569813503671457, "mrr": 6.745523706040748e-129, "total_revenue": 4.323965768575599, "conversion_rate": 4.0584401258686775e+77, "churn_rate": 0.05, "average_price": 2.0578860218173275e-213, "daily_visitors": 0, "new_customers": 443310416474895292405765798921259198557790596565571641610033705739329922271742525440, "churned_customers": 91965365967077777730845514884713532456763396658547356089111534709547614233929187328}, "generation": 0, "timestamp": "2025-11-14T14:29:39.767823"}