{"key": "daily_snapshot", "value": {"day": 0, "customers": 18810557213659376924530549368216211427321961124439822, "mrr": 2.818996281208062e-75, "total_revenue": 5.934471667464104, "conversion_rate": 2.7874179056998603e+45, "churn_rate": 0.05, "average_price": 1.498624548538644e-127, "daily_visitors": 0, "new_customers": 2681696926516407869414602447039274174472939227840512, "churned_customers": 861330506399051131109795947603912883042175055560704}, "generation": 0, "timestamp": "2025-11-14T17:39:45.081869"}