{"key": "daily_snapshot", "value": {"day": 0, "customers": 18222533248595978770579908827525135976717846869655926168837915148145150339888949076346170455762, "mrr": 4.952747553751691e-148, "total_revenue": 7.180499208388138, "conversion_rate": 2.320161103562246e+87, "churn_rate": 0.05, "average_price": 2.7179248275666025e-242, "daily_visitors": 0, "new_customers": 2013194162355225665405782516068034745768845950296043357631026493051096213929755649379821158400, "churned_customers": 866150024262698377293323899805463987510802361931280713863895052267410863548382568814703804416}, "generation": 0, "timestamp": "2025-11-15T19:41:40.821455"}