{"key": "daily_snapshot", "value": {"day": 0, "customers": 580758271070438268, "mrr": 1.1754678269151688e-16, "total_revenue": 8.73321624443256, "conversion_rate": 87458033217.81168, "churn_rate": 0.05, "average_price": 2.0240225330731455e-34, "daily_visitors": 0, "new_customers": 85237814385025536, "churned_customers": 28927381531686224}, "generation": 0, "timestamp": "2025-11-14T16:02:40.282551"}