{"key": "daily_snapshot", "value": {"day": 0, "customers": 481628506754169376445265283916513736954506092116230237975970163700121236768, "mrr": 1.5586079369342484e-113, "total_revenue": 2.640852054669741, "conversion_rate": 6.259784688447521e+67, "churn_rate": 0.05, "average_price": 3.236120609716704e-188, "daily_visitors": 0, "new_customers": 64005773885798538528785696281988102938504437902151311662756188130000240640, "churned_customers": 10991780065770794816174295097543340799255734134586928853453931995799224320}, "generation": 0, "timestamp": "2025-11-14T02:41:52.782215"}