{"key": "daily_snapshot", "value": {"day": 0, "customers": 477486257581777931104609025952578019878273394934203511383536961832186951, "mrr": 1.969320471969949e-110, "total_revenue": 8.531929138055917, "conversion_rate": 6.87785600531325e+64, "churn_rate": 0.05, "average_price": 4.124350053430947e-182, "daily_visitors": 0, "new_customers": 62875267419641558214822106618422380497388604053383009449211584432832512, "churned_customers": 27228904247052674925225341302846700745573775248906514026201647553708032}, "generation": 0, "timestamp": "2025-11-13T11:35:44.870497"}