{"key": "daily_snapshot", "value": {"day": 0, "customers": 3406472240606347630150202213991151347707020789738092983168753569576658, "mrr": 4.371507668808237e-106, "total_revenue": 7.180499208388138, "conversion_rate": 5.118619078718563e+62, "churn_rate": 0.05, "average_price": 1.283294669687405e-175, "daily_visitors": 0, "new_customers": 438610234671682128731261172405155559720338366279628722189625095880704, "churned_customers": 99698490811874836981203205595429279169170448740453843377074974228480}, "generation": 0, "timestamp": "2025-11-15T19:30:02.485547"}