{"key": "daily_snapshot", "value": {"day": 0, "customers": 606922292178334791538980086477013513968240309591378746182578872245723619774742, "mrr": 3.436737365950126e-121, "total_revenue": 6.2331957973706755, "conversion_rate": 9.934161896193732e+70, "churn_rate": 0.05, "average_price": 5.662565719270521e-199, "daily_visitors": 0, "new_customers": 73081865720007538620831101376990898137805967202843069137777941911805504782336, "churned_customers": 41801299050118098878506377991932569365503127684237727524639751710319350644736}, "generation": 0, "timestamp": "2025-11-14T08:07:32.082369"}