{"key": "daily_snapshot", "value": {"day": 0, "customers": 910433286641854254698941778328961418808907797661625737100955609441454, "mrr": 3.1227358314921313e-101, "total_revenue": 14.069439877331755, "conversion_rate": 1.3778342373500241e+62, "churn_rate": 0.05, "average_price": 3.429944705789906e-170, "daily_visitors": 0, "new_customers": 116117761794516210865026603357722434357718811513282738870403005939712, "churned_customers": 32266733714049292291197826186009502891220087080852056293550055227392}, "generation": 0, "timestamp": "2025-11-15T13:21:10.889364"}