{"key": "daily_snapshot", "value": {"day": 0, "customers": 28229557015693049161396877124817408054043956385757837848947953220916922351890184413352616247298696058095558, "mrr": 4.1106184985124766e-168, "total_revenue": 3.6346456800791516, "conversion_rate": 4.1463769566394453e+99, "churn_rate": 0.05, "average_price": 1.4561399232114585e-274, "daily_visitors": 0, "new_customers": 4310667275905284152173293111782117120843184455355494490734470212508149300855236620527256785023779085484032, "churned_customers": 1071448819973837570030999000736308457628667541252272038425277516466082365512902072989239795137710561165312}, "generation": 0, "timestamp": "2025-11-13T15:29:23.476038"}