{"key": "daily_snapshot", "value": {"day": 0, "customers": 159, "mrr": 0.4127876002535196, "total_revenue": 2.168008905076043, "conversion_rate": 0.47210427824693724, "churn_rate": 0.05, "average_price": 0.002596148429267419, "daily_visitors": 41, "new_customers": 19, "churned_customers": 6}, "generation": 0, "timestamp": "2025-11-15T15:56:14.240898"}