{"key": "daily_snapshot", "value": {"day": 0, "customers": 60535839949946115706052949010889361142658723428379473829554765079165508637818111958294033072624064099399, "mrr": 3.428440102715016e-164, "total_revenue": 8.531929138055917, "conversion_rate": 7.909167359964801e+96, "churn_rate": 0.05, "average_price": 5.663488118030264e-268, "daily_visitors": 0, "new_customers": 6403737293758285738016295587517316521744689781738979781140937474769269864476159909178896386190718533632, "churned_customers": 2333976414522030677906695178311491660700500935648059294572962433492538985344151299003820971471172272128}, "generation": 0, "timestamp": "2025-11-13T11:50:33.528848"}