{"key": "daily_snapshot", "value": {"day": 0, "customers": 5525768972990634485324068275672019394889709254510787543297854009349457208497170817599434994588853150183332876995432001073162078150, "mrr": 5.460185232820279e-194, "total_revenue": 3.6346456800791516, "conversion_rate": 6.948628039633941e+122, "churn_rate": 0.05, "average_price": 1e-323, "daily_visitors": 0, "new_customers": 718124951824546473735002935878394042682040189564344955614483774990869200340650891139153218723154386138221530878867241786903887872, "churned_customers": 142263078541526838198940373660119512399568521280089611343276202137826368693164680839292556001795310225572624885379000956023209984}, "generation": 0, "timestamp": "2025-11-13T15:40:04.657295"}