{"key": "daily_snapshot", "value": {"day": 0, "customers": 492502660912264140011860979916112207992275336353, "mrr": 5.7165387759493665e-67, "total_revenue": 4.323965768575599, "conversion_rate": 6.447538650162519e+40, "churn_rate": 0.05, "average_price": 1.1607122620130834e-114, "daily_visitors": 0, "new_customers": 62180534950989221235415111914222241453304709120, "churned_customers": 14734194340854180253032749396960210059985420288}, "generation": 0, "timestamp": "2025-11-14T14:12:35.782647"}