{"key": "daily_snapshot", "value": {"day": 0, "customers": 10205906620113506336095594662995299276526592116185189807486286286511175501508073548424078745996216262, "mrr": 8.65938302503879e-158, "total_revenue": 3.6346456800791516, "conversion_rate": 1.4105521438597266e+93, "churn_rate": 0.05, "average_price": 8.48467789032395e-258, "daily_visitors": 0, "new_customers": 1514667167366308500432583587341499546376134895499472200434120548167262122199933907523405018554171392, "churned_customers": 531902433356376281050430245432141886222255861679843863080450184217454287233065311693706672184754176}, "generation": 0, "timestamp": "2025-11-13T15:26:29.709398"}