{"key": "daily_snapshot", "value": {"day": 0, "customers": 958061165049131139752313952343400660778957084453957977292018402594006671063321654625291736692874864135707983621272899157153, "mrr": 1.1343598035324823e-192, "total_revenue": 4.323965768575599, "conversion_rate": 1.3227839082449801e+116, "churn_rate": 0.05, "average_price": 1.18401606e-315, "daily_visitors": 0, "new_customers": 123851106736026104392155207386825004710275887176118311552199732478224028467419218726979589320571074814570704224310148464640, "churned_customers": 47152206445552178812851667169698721865669561586969231422399920033126060016199476894085635725435709807497230316164708564992}, "generation": 0, "timestamp": "2025-11-14T14:47:20.026408"}