{"key": "daily_snapshot", "value": {"day": 0, "customers": 40719507114253030387791973952313878876291083525135913449375357274924703119138036086060447042353207014302054088255576640402, "mrr": 1.0856500441553642e-195, "total_revenue": 5.414632391501176, "conversion_rate": 6.061570760060259e+114, "churn_rate": 0.05, "average_price": 2.666167e-317, "daily_visitors": 0, "new_customers": 4812075139452199492190300330424782271977933881142365823288550778081728842590990027312224797002197680926029285703569899520, "churned_customers": 1710879744285622322047498119985435860656540818488256423374640948277895310952726660723474177480652764366128332312798035968}, "generation": 0, "timestamp": "2025-11-14T00:05:19.262125"}