{"key": "daily_snapshot", "value": {"day": 0, "customers": 3850670562241868286024546952265652201357786969880563184534353498574078446577046852693482613195293863, "mrr": 3.542272744916412e-156, "total_revenue": 7.010218214998832, "conversion_rate": 4.782034205622237e+92, "churn_rate": 0.05, "average_price": 9.199106201528946e-256, "daily_visitors": 0, "new_customers": 494580554935295790032407718696060539442347544963825311046414650931982857681293988633810835284688896, "churned_customers": 250095159324378659836227463885045550766981790957242342337882865165360449457085175758870325508440064}, "generation": 0, "timestamp": "2025-11-15T00:05:17.760724"}