{"key": "daily_snapshot", "value": {"day": 0, "customers": 137081690824861757215948971250438369169759340049167241230609947878886671379159348950084824690439, "mrr": 1.5409453783378842e-144, "total_revenue": 7.42566689692798, "conversion_rate": 1.8939397984496302e+88, "churn_rate": 0.05, "average_price": 1.124107361869811e-239, "daily_visitors": 0, "new_customers": 13814695370518350457427451755544141877877615217807485312185122840859279216786452343641851559936, "churned_customers": 3377057428501693605059212604416302762968207364382967494053600374081502801168076609314306916352}, "generation": 0, "timestamp": "2025-11-15T14:34:30.466444"}