{"key": "daily_snapshot", "value": {"day": 0, "customers": 157383321412130784704088731800336581563304940, "mrr": 1.8806781920527038e-61, "total_revenue": 3.8452002827692775, "conversion_rate": 2.2239722476350766e+37, "churn_rate": 0.05, "average_price": 1.1949666427028047e-105, "daily_visitors": 0, "new_customers": 21469426008372263703112686157475420789800960, "churned_customers": 10895488488140951532378529221363958594666496}, "generation": 0, "timestamp": "2025-11-13T13:59:00.910105"}