{"key": "daily_snapshot", "value": {"day": 0, "customers": 1602581342237294403605, "mrr": 4.228770328469352e-23, "total_revenue": 6.513341788556554, "conversion_rate": 202256224794658.84, "churn_rate": 0.05, "average_price": 2.6387242987402743e-44, "daily_visitors": 0, "new_customers": 209213913394137595904, "churned_customers": 52407501160479846400}, "generation": 0, "timestamp": "2025-11-15T00:29:53.295468"}