{"key": "daily_snapshot", "value": {"day": 0, "customers": 19245737121, "mrr": 0.015903136747006507, "total_revenue": 14.065638907242892, "conversion_rate": 2841.942764801992, "churn_rate": 0.05, "average_price": 8.263199609878173e-13, "daily_visitors": 0, "new_customers": 2152659170, "churned_customers": 1002064577}, "generation": 0, "timestamp": "2025-11-15T12:53:58.394152"}