{"key": "daily_snapshot", "value": {"day": 0, "customers": 26001887890068124284668284428545042440860054862101479332578618619892911167, "mrr": 4.0514461896703245e-111, "total_revenue": 2.4762944740981485, "conversion_rate": 3.747931046021479e+66, "churn_rate": 0.05, "average_price": 1.558135396475517e-184, "daily_visitors": 0, "new_customers": 2988670138238131343384958504729231467813274981875868997646594928688496640, "churned_customers": 1777840942480277614047414775204855499948267987003062328393146057030107136}, "generation": 0, "timestamp": "2025-11-13T16:17:07.073953"}