{"key": "daily_snapshot", "value": {"day": 0, "customers": 367761044951525865120251943579852967178881526641762779013415927933671076004542159873030671726458786353922545755787969225, "mrr": 6.523410139561824e-186, "total_revenue": 3.6905216285399813, "conversion_rate": 5.339185036990329e+112, "churn_rate": 0.05, "average_price": 1.773817599528973e-305, "daily_visitors": 0, "new_customers": 56610055455763222083514581880551300977867526101721769939317312469706186042165482500059241439642443132462903747980296192, "churned_customers": 14414841546322976837518187363694475692792230283298029220194497008518787481062552820645947735914583521135181100658720768}, "generation": 0, "timestamp": "2025-11-15T04:37:10.410252"}