{"key": "daily_snapshot", "value": {"day": 0, "customers": 65796575531399327451701032112818652192820329503189, "mrr": 1.811076125420453e-73, "total_revenue": 5.250998821828405, "conversion_rate": 8.56248614878057e+42, "churn_rate": 0.05, "average_price": 2.752538579391832e-123, "daily_visitors": 0, "new_customers": 8350152309555547700265629749638365788117080735744, "churned_customers": 3101150377362277975032746248502105702470212648960}, "generation": 0, "timestamp": "2025-11-14T22:06:09.794956"}