{"key": "daily_snapshot", "value": {"day": 0, "customers": 5005348733466551677486688151490061422595493420626684195826553985285616685862118225121667027986253500567047231, "mrr": 4.9602879777673744e-170, "total_revenue": 2.4762944740981485, "conversion_rate": 6.864717351552468e+101, "churn_rate": 0.05, "average_price": 9.909974792769395e-279, "daily_visitors": 0, "new_customers": 583919654088594431376003002318973584487136744614238800028680798008929996726101243497022899067053085277814784, "churned_customers": 198275580939252069164646621580854433753187916575674824745665883950382409211290442863322332208720000613089280}, "generation": 0, "timestamp": "2025-11-13T16:33:22.878921"}