{"key": "daily_snapshot", "value": {"day": 0, "customers": 7069375209171643362304741426669283903787187062565085162208913020712863401555717639682575704771999548140293234179, "mrr": 1.225863568712259e-177, "total_revenue": 11.37579680016544, "conversion_rate": 9.538100788495643e+104, "churn_rate": 0.05, "average_price": 1.7340479638453085e-289, "daily_visitors": 0, "new_customers": 1038245246879482044805293399995567622278857633682500171075783285490427451913876367598107307240366283706372980736, "churned_customers": 484269034159983012392804302625131831388559988330827660140863282413428675519878992888833085741997773644781060096}, "generation": 0, "timestamp": "2025-11-14T06:20:56.687662"}