{"key": "daily_snapshot", "value": {"day": 0, "customers": 8018803383007508506064763895557517261744740722015525628795338146, "mrr": 9.368891979921239e-95, "total_revenue": 8.401501509864964, "conversion_rate": 1.1552879288149315e+57, "churn_rate": 0.05, "average_price": 1.168365344856151e-158, "daily_visitors": 0, "new_customers": 876990116056090388516688654482804017642750214918801126556958720, "churned_customers": 342408238273054171408834188828956045311304111826170699283693568}, "generation": 0, "timestamp": "2025-11-14T13:19:02.634354"}