{"key": "daily_snapshot", "value": {"day": 0, "customers": 14116917992565765440538543046800355638072, "mrr": 5.746285793622007e-54, "total_revenue": 8.385937104373125, "conversion_rate": 1.789569785322499e+33, "churn_rate": 0.05, "average_price": 4.0704959798223013e-94, "daily_visitors": 0, "new_customers": 1617079586631960356105285821958904086528, "churned_customers": 954294584551763448202000812694250192896}, "generation": 0, "timestamp": "2025-11-13T12:52:40.439470"}