{"key": "daily_snapshot", "value": {"day": 0, "customers": 19706086595805814301887180722102739587093, "mrr": 7.3983937960915905e-56, "total_revenue": 6.513341788556554, "conversion_rate": 2.1747198309248924e+33, "churn_rate": 0.05, "average_price": 3.754369879642284e-96, "daily_visitors": 0, "new_customers": 2243697086474899652448614501976087986176, "churned_customers": 921146468668791175942225178881985347584}, "generation": 0, "timestamp": "2025-11-15T00:38:50.475306"}