{"key": "daily_snapshot", "value": {"day": 0, "customers": 82909714855252675339643111781816327669663686, "mrr": 9.907434360802814e-62, "total_revenue": 3.6346456800791516, "conversion_rate": 1.0758703505943537e+37, "churn_rate": 0.05, "average_price": 1.1949666427028047e-105, "daily_visitors": 0, "new_customers": 10232174312365588741765025055895207943340032, "churned_customers": 4064650748014271262515199585985779246039040}, "generation": 0, "timestamp": "2025-11-13T15:00:09.133003"}