{"key": "daily_snapshot", "value": {"day": 0, "customers": 57046669448239841071034236271393774, "mrr": 6.860715847491959e-46, "total_revenue": 4.058738603221899, "conversion_rate": 8.390393508886809e+27, "churn_rate": 0.05, "average_price": 1.2026496750554199e-80, "daily_visitors": 0, "new_customers": 6704800584512435460315100081029120, "churned_customers": 2876714282298948009828644254908416}, "generation": 0, "timestamp": "2025-11-14T15:07:51.459462"}