{"key": "daily_snapshot", "value": {"day": 0, "customers": 174235942794924606812931932955108000474831382504537686964375202658730318883292656793499172380787478, "mrr": 1.0357948792539455e-154, "total_revenue": 8.73321624443256, "conversion_rate": 2.2928428663236776e+91, "churn_rate": 0.05, "average_price": 5.944783049000826e-253, "daily_visitors": 0, "new_customers": 20559104091816957172366042796374535357945555912114459424878563337355708023884494002129833035825152, "churned_customers": 9177880811410699322197947702455269443083697699966691173628478799506939213535754701803026185715712}, "generation": 0, "timestamp": "2025-11-14T16:40:24.670466"}