{"key": "daily_snapshot", "value": {"day": 0, "customers": 51598451415108263376738833264, "mrr": 6.577157251975189e-34, "total_revenue": 7.626819946521412, "conversion_rate": 5.847716167478591e+21, "churn_rate": 0.05, "average_price": 1.274681133172413e-62, "daily_visitors": 0, "new_customers": 5827377489694068470691397632, "churned_customers": 1763326389554934846016454656}, "generation": 0, "timestamp": "2025-11-15T01:34:11.484192"}