{"key": "daily_snapshot", "value": {"day": 0, "customers": 525048461232642472813231083099870688167566570930532304805356350279141529202372099900556368788251699129571621878605582, "mrr": 4.176273899588926e-184, "total_revenue": 5.934471667464104, "conversion_rate": 6.682815845408787e+109, "churn_rate": 0.05, "average_price": 7.95407321027929e-301, "daily_visitors": 0, "new_customers": 63909826492150520025740511153537770371385184153664164433707096378596865484195300629512959338829331985047772851077120, "churned_customers": 20810839033522772940123208394931276920118924263584388414655704773941095192442783730057046385193109966629496407719936}, "generation": 0, "timestamp": "2025-11-14T18:20:27.310571"}