{"key": "daily_snapshot", "value": {"day": 0, "customers": 49658369546593456187360349610659578833501257097937788326768, "mrr": 5.671830833298725e-84, "total_revenue": 7.626819946521412, "conversion_rate": 7.094472543042113e+51, "churn_rate": 0.05, "average_price": 1.1421701689132099e-142, "daily_visitors": 0, "new_customers": 6800714033426434484390131144868329617073804133013735342080, "churned_customers": 1559404313511471329085464247534495678515580144187779055616}, "generation": 0, "timestamp": "2025-11-15T01:48:01.482339"}