{"key": "daily_snapshot", "value": {"day": 0, "customers": 365679353007386573921102510020103883293513795453008737785965969108430545647929777934037073135346797232362683329073173, "mrr": 4.191792504091308e-186, "total_revenue": 6.513341788556554, "conversion_rate": 5.0799375009420395e+109, "churn_rate": 0.05, "average_price": 1.1463027566685275e-302, "daily_visitors": 0, "new_customers": 48720211052187358112067390613290279114114564228535684182057870718145979792892106143077577972851608550389536054575104, "churned_customers": 23956739795262113001161036472418859958232101654448305173333996498416751480178442841772056288202768040248023804018688}, "generation": 0, "timestamp": "2025-11-15T01:14:32.401774"}