{"key": "daily_snapshot", "value": {"day": 0, "customers": 2453782025589169412069433043891965921064385697, "mrr": 1.107749181581704e-62, "total_revenue": 4.323965768575599, "conversion_rate": 3.3346412786481367e+38, "churn_rate": 0.05, "average_price": 4.514456337317599e-108, "daily_visitors": 0, "new_customers": 242796925908034264680219706415785680071294976, "churned_customers": 147301592771107351037549945567279948553519104}, "generation": 0, "timestamp": "2025-11-14T14:11:27.505501"}