{"key": "daily_snapshot", "value": {"day": 0, "customers": 12147323810603388286613566532553990989566890005, "mrr": 7.826821245344082e-67, "total_revenue": 6.513341788556554, "conversion_rate": 1.579820895515481e+39, "churn_rate": 0.05, "average_price": 6.443247391258358e-113, "daily_visitors": 0, "new_customers": 1483910532170917703439019525803145032059846656, "churned_customers": 820365364117867134991383680459403269211422720}, "generation": 0, "timestamp": "2025-11-15T00:41:44.217189"}