{"key": "daily_snapshot", "value": {"day": 0, "customers": 156, "mrr": 0.20735956734244732, "total_revenue": 2.0608055593147334, "conversion_rate": 0.5081251546717729, "churn_rate": 0.05, "average_price": 0.0013292279957849186, "daily_visitors": 38, "new_customers": 20, "churned_customers": 5}, "generation": 0, "timestamp": "2025-11-15T16:57:44.531559"}