{"key": "daily_snapshot", "value": {"day": 0, "customers": 17070802868230034543506863480751098101469174823035872950948009799584164411838464585442924777742467, "mrr": 5.688275135003947e-151, "total_revenue": 4.596591164332845, "conversion_rate": 2.2778825479454393e+90, "churn_rate": 0.05, "average_price": 3.3321661429236158e-248, "daily_visitors": 0, "new_customers": 2187795531694231850548591310943377616138129575333215342677907142920012852376759869552563408863232, "churned_customers": 636080378146115283986647607506032326600831553719406674125291260186902587271528532295002225639424}, "generation": 0, "timestamp": "2025-11-14T12:33:18.836849"}