{"key": "daily_snapshot", "value": {"day": 0, "customers": 29741779749613295409288990930983616061213167705473618745251978513735791210432616917, "mrr": 1.1133159716464218e-129, "total_revenue": 5.250998821828405, "conversion_rate": 4.0653348986203735e+75, "churn_rate": 0.05, "average_price": 3.743272867390854e-212, "daily_visitors": 0, "new_customers": 3912325536451492291227561087208022888881675029937682749703785812584317523079462912, "churned_customers": 1826085088310779971916455889509294544642111939584638511013839715844281233819303936}, "generation": 0, "timestamp": "2025-11-14T22:21:31.637290"}