{"key": "daily_snapshot", "value": {"day": 0, "customers": 2594957730524070859441082203181514055924747981337509942819145183437536667549124040125091552753076693889640791539531, "mrr": 1.4322212697876362e-184, "total_revenue": 5.241512577835226, "conversion_rate": 3.262373845911948e+107, "churn_rate": 0.05, "average_price": 5.519247011003869e-299, "daily_visitors": 0, "new_customers": 253430041634227223458717250436647003927677360143581328674699795886133555857239261290304484238195632116502464823296, "churned_customers": 86635004964928294248795038834201468854769982158857710845635264829619923089307045356395014838081603675063163289600}, "generation": 0, "timestamp": "2025-11-13T20:44:41.095387"}