{"key": "daily_snapshot", "value": {"day": 0, "customers": 1890266532, "mrr": 0.16934858105446804, "total_revenue": 5.3760918255731545, "conversion_rate": 269.8476960981125, "churn_rate": 0.05, "average_price": 8.958978968711277e-11, "daily_visitors": 0, "new_customers": 293158178, "churned_customers": 117147203}, "generation": 0, "timestamp": "2025-11-13T21:57:05.584267"}