{"key": "daily_snapshot", "value": {"day": 0, "customers": 33604533608773412159623055431813430837621330065620216365758774746217113195501760441943329321178012301384881315331, "mrr": 8.397861948494769e-179, "total_revenue": 11.37579680016544, "conversion_rate": 4.90007245129154e+105, "churn_rate": 0.05, "average_price": 2.499026484421218e-291, "daily_visitors": 0, "new_customers": 4516620959792669390327203991928464411457854251430760752353959948652992989877770521231431825546851315581919952896, "churned_customers": 1713519815009405806205391692241718307091883129547437168079102069983182093624318811377582186427513933319683178496}, "generation": 0, "timestamp": "2025-11-14T06:21:15.770550"}