{"key": "daily_snapshot", "value": {"day": 0, "customers": 294284329691812438282004423666491033292279517131509151438924455579955049384327578717260236693927568081582664498615786, "mrr": 5.270920912032412e-186, "total_revenue": 5.620306961549841, "conversion_rate": 3.765579576894522e+109, "churn_rate": 0.05, "average_price": 1.791098057294574e-302, "daily_visitors": 0, "new_customers": 32362842526362466409236907562063884010752138820561567121993340164060601550376307295941650636844293815310150646366208, "churned_customers": 9144225267264859070790653491895139810200077456152211407173910436837390033163323751169690552585795653294310125731840}, "generation": 0, "timestamp": "2025-11-15T03:35:29.893000"}