{"key": "daily_snapshot", "value": {"day": 0, "customers": 9583829320490434765026635299640, "mrr": 1.2865293308900813e-38, "total_revenue": 8.385937104373125, "conversion_rate": 1.2863346382968625e+24, "churn_rate": 0.05, "average_price": 1.3423959128106066e-69, "daily_visitors": 0, "new_customers": 1236270215331257281153928790016, "churned_customers": 431026443430202083810390048768}, "generation": 0, "timestamp": "2025-11-13T12:48:25.587925"}