{"key": "daily_snapshot", "value": {"day": 0, "customers": 1183985131964434425806416506802619129872276599, "mrr": 1.043954918415362e-62, "total_revenue": 3.0646080228541357, "conversion_rate": 1.591959945836603e+38, "churn_rate": 0.05, "average_price": 8.817297533823434e-108, "daily_visitors": 0, "new_customers": 155597350387473955150031244031499970654765056, "churned_customers": 39125433880808721914968331143267776175538176}, "generation": 0, "timestamp": "2025-11-14T21:02:19.954968"}