{"key": "daily_snapshot", "value": {"day": 0, "customers": 477529929067078058510523467000432639872284952717070011198142771068971438995766498812871, "mrr": 1.0249214291035841e-136, "total_revenue": 4.928703564447977, "conversion_rate": 5.8012234275979955e+79, "churn_rate": 0.05, "average_price": 2.1462977851585395e-223, "daily_visitors": 0, "new_customers": 55937782756566492769004034893117908554458788912384317299181814787893019920285889986560, "churned_customers": 16940295483086797374233680198060468089014894102258337299550190745630174123001477332992}, "generation": 0, "timestamp": "2025-11-15T06:39:17.021991"}