{"key": "daily_snapshot", "value": {"day": 0, "customers": 2453657153413749614597706029774105072187128928644226607884340415841891817321802497062858573099270325392240, "mrr": 4.55352586537492e-163, "total_revenue": 7.626819946521412, "conversion_rate": 3.050194924702739e+98, "churn_rate": 0.05, "average_price": 1.8558117865161575e-268, "daily_visitors": 0, "new_customers": 260471869534129546636202004774895259635165172602304121022486418106178774617126360921281261454907890728960, "churned_customers": 66229325254250580871389706572207606370749043909847327014486541912820157699662995951005974211661767114752}, "generation": 0, "timestamp": "2025-11-15T02:09:46.769521"}