{"key": "daily_snapshot", "value": {"day": 0, "customers": 17615352704, "mrr": 0.0038157464526273714, "total_revenue": 7.009404541282517, "conversion_rate": 2486.372491000878, "churn_rate": 0.05, "average_price": 2.1661481985319045e-13, "daily_visitors": 0, "new_customers": 2246938713, "churned_customers": 1131306967}, "generation": 0, "timestamp": "2025-11-14T23:23:25.048071"}