{"key": "daily_snapshot", "value": {"day": 0, "customers": 889159686200710139167444744033267560328504585876598528254389334489556505532754882104210, "mrr": 1.4218698927349188e-135, "total_revenue": 5.414632391501176, "conversion_rate": 1.3408573841154854e+80, "churn_rate": 0.05, "average_price": 1.5991164633322795e-222, "daily_visitors": 0, "new_customers": 129129583090093078124883128213435300693537318895857209296012821825605622294713806618624, "churned_customers": 38820867003204749514757920473061567751343545508291454208100243888358679799234117500928}, "generation": 0, "timestamp": "2025-11-13T22:33:43.689749"}