{"key": "daily_snapshot", "value": {"day": 0, "customers": 81395381464172598886477148042008519436356431288912335917593301153886324936352851938557995794715557399482451910, "mrr": 1.151255352222848e-173, "total_revenue": 3.6346456800791516, "conversion_rate": 1.0141705833128652e+103, "churn_rate": 0.05, "average_price": 1.4143988657754375e-283, "daily_visitors": 0, "new_customers": 8991008770475877413328565004380478797621248786975070453856979241111357797356732832350949501476286498529607680, "churned_customers": 3083203578579601842242974298933071926885868186060170378200518363363797009876953318712057346850859551236816896}, "generation": 0, "timestamp": "2025-11-13T15:30:56.896150"}