{"key": "daily_snapshot", "value": {"day": 0, "customers": 29906413797870983571637893787245149154433325865609669502998025041755188245714655240588485652695445379042022425073307021544502877303, "mrr": 2.9551463295681387e-193, "total_revenue": 3.0646080228541357, "conversion_rate": 4.0681525157891024e+123, "churn_rate": 0.05, "average_price": 1e-323, "daily_visitors": 0, "new_customers": 4481909081504510633959931999049652424839930695666269404996953318668225491951029521332081638471599172686199309505719217623645814784, "churned_customers": 1188109625729412719387752799163317917997608570145289471002769516684525034603628426228506684720538129997247782149888571942918684672}, "generation": 0, "timestamp": "2025-11-14T21:42:40.055704"}