{"key": "daily_snapshot", "value": {"day": 0, "customers": 145377064218688316629868938308665476020610079532537742838428194141594649921946543407378151, "mrr": 4.1474900369464095e-138, "total_revenue": 3.180859164035811, "conversion_rate": 1.9524967287847433e+82, "churn_rate": 0.05, "average_price": 2.8529191033238974e-227, "daily_visitors": 0, "new_customers": 17336703598191737589702496020269300559806736549745542164137539917248188887866424000774144, "churned_customers": 5306412484957434262510963362243501106802557742550407874665861066084229332108785005625344}, "generation": 0, "timestamp": "2025-11-14T09:22:48.956970"}