{"key": "daily_snapshot", "value": {"day": 0, "customers": 425068660328032388595835345323968120007129980693358590202566210986591004574485, "mrr": 9.955032745834778e-119, "total_revenue": 2.963987135955569, "conversion_rate": 5.1920050638616093e+70, "churn_rate": 0.05, "average_price": 2.341982290143978e-196, "daily_visitors": 0, "new_customers": 53662875323594713382153983708644159951235939782188696056602758543219680608256, "churned_customers": 22517609323460487379162212953487733666183318717301285910387669571736237506560}, "generation": 0, "timestamp": "2025-11-14T00:45:30.397843"}