{"key": "daily_snapshot", "value": {"day": 0, "customers": 22574677295618149702008903345076092030781941406165, "mrr": 1.4128470450830218e-72, "total_revenue": 5.250998821828405, "conversion_rate": 2.5991011883685333e+42, "churn_rate": 0.05, "average_price": 6.258548135956132e-122, "daily_visitors": 0, "new_customers": 2843562101122913523304157925240060177592847695872, "churned_customers": 914897466322966687265792438151698483218600689664}, "generation": 0, "timestamp": "2025-11-14T22:05:55.724915"}