{"key": "daily_snapshot", "value": {"day": 0, "customers": 7599348584846878352271044817340372771942750995196421867715895051662572838872216705409271719773135095081313108, "mrr": 1.0107850245710227e-170, "total_revenue": 7.997332640408474, "conversion_rate": 1.0187272996338274e+102, "churn_rate": 0.05, "average_price": 1.3300943012227795e-279, "daily_visitors": 0, "new_customers": 1072922374623131156795794396889550995733348238215104068634713742785840824925217922609157196043027465526837248, "churned_customers": 285324148860435498887939304960065464564928385649838385757369375763674344770701634754134116494377010717523968}, "generation": 0, "timestamp": "2025-11-15T16:44:13.917333"}