{"key": "daily_snapshot", "value": {"day": 0, "customers": 1239227396925469773643, "mrr": 1.5592477054271196e-22, "total_revenue": 5.241512577835226, "conversion_rate": 166399175000601.28, "churn_rate": 0.05, "average_price": 1.2582417958928458e-43, "daily_visitors": 0, "new_customers": 161503189188394287104, "churned_customers": 45082444169979158528}, "generation": 0, "timestamp": "2025-11-13T18:56:20.911336"}