{"key": "daily_snapshot", "value": {"day": 0, "customers": 102492647166386299367291081861340834613079441047205718302892228099257672766824844875953372517884355644233194475719143328367573998, "mrr": 1.0127619183247931e-195, "total_revenue": 4.058738603221899, "conversion_rate": 1.6668731968362198e+121, "churn_rate": 0.05, "average_price": 1e-323, "daily_visitors": 0, "new_customers": 12581765180987945352729231226176495379513485465373891862390333172979315552967839222503614750293177851051709746868157210456752128, "churned_customers": 3918865727418136105081419898594590515579309360390030981545669840133945387285379115792527279772724825373636357188751830758195200}, "generation": 0, "timestamp": "2025-11-14T15:53:41.085034"}