{"key": "daily_snapshot", "value": {"day": 0, "customers": 4649815362293916828262609934610672450922750356927422393921511342735058866985179838931911, "mrr": 7.906882210980197e-139, "total_revenue": 4.928703564447977, "conversion_rate": 6.189717748887008e+80, "churn_rate": 0.05, "average_price": 1.7004722972654672e-226, "daily_visitors": 0, "new_customers": 686804389801937095201816576447147051675685535390737975517516862209646914811248695574528, "churned_customers": 191414937703801008491776422691785501171640684862520348683314503755259916107596827721728}, "generation": 0, "timestamp": "2025-11-15T06:39:49.202139"}