{"key": "daily_snapshot", "value": {"day": 0, "customers": 1191454447811503, "mrr": 2.2898852653309987e-12, "total_revenue": 7.9973326404079685, "conversion_rate": 160731711.30554962, "churn_rate": 0.05, "average_price": 1.9219243081740343e-27, "daily_visitors": 0, "new_customers": 171743750367416, "churned_customers": 35059403852241}, "generation": 0, "timestamp": "2025-11-15T16:00:24.512125"}