{"key": "daily_snapshot", "value": {"day": 0, "customers": 912776655266840886705711052898706020457836558038437349002573893244015146829591656246330501937734830, "mrr": 1.4363188476153059e-151, "total_revenue": 14.069439877331755, "conversion_rate": 1.2961400374696546e+92, "churn_rate": 0.05, "average_price": 1.5735709708695527e-250, "daily_visitors": 0, "new_customers": 101492332043619111200239092352320489319371772953345962804967398193558572677795621443077579173003264, "churned_customers": 39630621319931304328231782475448290152575660324515855491378435554119778926818310426780750183399424}, "generation": 0, "timestamp": "2025-11-15T13:35:04.451371"}