{"key": "daily_snapshot", "value": {"day": 0, "customers": 284736398706693065611798082031909651924813252606426188518134224442972693955159695263297177432273196947745, "mrr": 3.1496117399337575e-163, "total_revenue": 9.426328809042326, "conversion_rate": 3.771699262095194e+97, "churn_rate": 0.05, "average_price": 1.1061500230527858e-267, "daily_visitors": 0, "new_customers": 39786826977890620742185187967902262050809141919020043313361313443862519723156395662831503576499025346560, "churned_customers": 18335767253959415549315139252603896792563640263282717616304057268953182607619226821201102729809873600512}, "generation": 0, "timestamp": "2025-11-15T12:36:52.330466"}