{"key": "daily_snapshot", "value": {"day": 0, "customers": 39484614050421674531062663038795551943917502487638140544990539814491152075064806282372953509872807, "mrr": 3.976437917806824e-153, "total_revenue": 7.010218214998832, "conversion_rate": 5.916941767443695e+90, "churn_rate": 0.05, "average_price": 1.0070854213565139e-250, "daily_visitors": 0, "new_customers": 6324866764556924172701355288555375047094299754977012866035595710074851601108476503001290160209920, "churned_customers": 2429787661221553532145893873839135855561533966922175866129107130884367910602921728248544564871168}, "generation": 0, "timestamp": "2025-11-15T00:04:25.510573"}