{"key": "daily_snapshot", "value": {"day": 0, "customers": 82208392209683798525072778441179474574644444448670024249769708475791398298090500, "mrr": 4.610191936265703e-122, "total_revenue": 4.445436838349596, "conversion_rate": 1.2120218943428897e+73, "churn_rate": 0.05, "average_price": 5.607933463175846e-202, "daily_visitors": 0, "new_customers": 9903826275193155019812420327179710910063164678370240799403324602922231312416768, "churned_customers": 2937585517591607151778406988868798678302800164603385882710222670553603266052096}, "generation": 0, "timestamp": "2025-11-15T18:33:17.330987"}