{"key": "daily_snapshot", "value": {"day": 0, "customers": 96114683618580073195675914057256013101154227127124623484027056609310615491246107257828211847222548278184038487765133230046944085, "mrr": 9.49739264736817e-196, "total_revenue": 7.593310615949716, "conversion_rate": 1.2851947855533177e+121, "churn_rate": 0.05, "average_price": 1e-323, "daily_visitors": 0, "new_customers": 13301410684121647574558882749910148253097834715374128720844599468959132314946777381109589119957638022519580413895835635953958912, "churned_customers": 4567441342962873878328525996544002517868682046431684697355763769778618038036563694221424071501685445074982912323037171759972352}, "generation": 0, "timestamp": "2025-11-14T19:26:52.839852"}