{"key": "daily_snapshot", "value": {"day": 0, "customers": 10397441409571941829612, "mrr": 5.753742303882814e-23, "total_revenue": 3.8452002827692775, "conversion_rate": 1459858240655848.8, "churn_rate": 0.05, "average_price": 5.533805940551766e-45, "daily_visitors": 0, "new_customers": 1096549596628029669376, "churned_customers": 490763612510385471488}, "generation": 0, "timestamp": "2025-11-13T13:48:32.342681"}