{"key": "daily_snapshot", "value": {"day": 0, "customers": 116485060467676678744039559729001212254772841182293644452846228502406904773984256792865, "mrr": 2.0392524857247785e-131, "total_revenue": 9.426328809042326, "conversion_rate": 1.3260671849582695e+79, "churn_rate": 0.05, "average_price": 1.7506558158937889e-217, "daily_visitors": 0, "new_customers": 12665216573934719285460382083890644128989755757790179604675926769107962665131564859392, "churned_customers": 5437843404581772234856836150412782745654477263773282645542078651202650921532146057216}, "generation": 0, "timestamp": "2025-11-15T12:28:08.838561"}