{"key": "daily_snapshot", "value": {"day": 0, "customers": 8816153960569315745238737113979258568437286152785525352625660856201832889552102351909039108590599819076026762020158468, "mrr": 1.9738245289481954e-184, "total_revenue": 4.445436838349596, "conversion_rate": 1.3058407629784863e+111, "churn_rate": 0.05, "average_price": 2.2388725716182173e-302, "daily_visitors": 0, "new_customers": 1041988568078313136419056432367421944333623688160334769527351490167578913702819689746599820796994319624590845250895872, "churned_customers": 609093024586423383665401719062514939719653994674227172742032631709925430748756327518861228585664590750342958540652544}, "generation": 0, "timestamp": "2025-11-15T18:50:39.268163"}