{"key": "daily_snapshot", "value": {"day": 0, "customers": 30505688795094621401983131, "mrr": 1.7606515803975762e-29, "total_revenue": 13.18914372001125, "conversion_rate": 4.490953498873549e+18, "churn_rate": 0.05, "average_price": 5.7715516349222464e-55, "daily_visitors": 0, "new_customers": 3905123790331613615751168, "churned_customers": 1911071709507404435554304}, "generation": 0, "timestamp": "2025-11-13T17:57:09.695045"}