{"key": "daily_snapshot", "value": {"day": 0, "customers": 29284316572311, "mrr": 2.0190263371933047e-09, "total_revenue": 3.6346456796340028, "conversion_rate": 4098922.288542666, "churn_rate": 0.05, "average_price": 6.894565328877577e-23, "daily_visitors": 0, "new_customers": 3363901479324, "churned_customers": 1605132688005}, "generation": 0, "timestamp": "2025-11-13T14:45:51.599057"}