{"key": "daily_snapshot", "value": {"day": 0, "customers": 5507461191431667824876513417255680253482991301613101946879771646154705923521251938556862010125777902, "mrr": 4.0139934734901786e-159, "total_revenue": 4.058738603221899, "conversion_rate": 6.789283932926163e+92, "churn_rate": 0.05, "average_price": 7.288282811207133e-259, "daily_visitors": 0, "new_customers": 726870410551693126113032605401486293313925066048607800140789825424785414925922001651437121816231936, "churned_customers": 368294978303441155002614109235463388024691707473870334618064510206154263647606036124761982630887424}, "generation": 0, "timestamp": "2025-11-14T15:38:38.482901"}