{"key": "daily_snapshot", "value": {"day": 0, "customers": 203582065222029089401834279561366370415310112, "mrr": 2.089705832317562e-62, "total_revenue": 2.640852054669741, "conversion_rate": 2.7676641971503057e+37, "churn_rate": 0.05, "average_price": 1.0264685300438931e-106, "daily_visitors": 0, "new_customers": 23039606445596970429765327458153430240985088, "churned_customers": 8319639247930575281602512563483965541842944}, "generation": 0, "timestamp": "2025-11-14T02:27:48.175875"}