{"key": "daily_snapshot", "value": {"day": 0, "customers": 486796296175176027367461600463726006500317025964974658525974958249109965237096000, "mrr": 4.965697806384611e-120, "total_revenue": 4.61627280770732, "conversion_rate": 6.85449339836034e+73, "churn_rate": 0.05, "average_price": 1.0200771545307074e-200, "daily_visitors": 0, "new_customers": 52325389750730116496719915608298225737686421224924804141110792802120615415775232, "churned_customers": 31884542903729841878769009937309069708465951086190645899990687212536243788185600}, "generation": 0, "timestamp": "2025-11-15T17:31:51.875297"}