{"key": "daily_snapshot", "value": {"day": 0, "customers": 305966554113888017404986450771105, "mrr": 5.459514908184093e-41, "total_revenue": 4.323965768575599, "conversion_rate": 4.584091643856876e+25, "churn_rate": 0.05, "average_price": 1.7843502287351093e-73, "daily_visitors": 0, "new_customers": 46141684890649938371701366587392, "churned_customers": 16347120362681526219345739382784}, "generation": 0, "timestamp": "2025-11-14T14:05:28.900657"}