{"key": "daily_snapshot", "value": {"day": 0, "customers": 92533392619302597614, "mrr": 3.0818600835967468e-21, "total_revenue": 4.058738603221899, "conversion_rate": 13406708520753.625, "churn_rate": 0.05, "average_price": 3.3305383022926865e-41, "daily_visitors": 0, "new_customers": 10261942753917151232, "churned_customers": 4757279068126090240}, "generation": 0, "timestamp": "2025-11-14T15:01:02.491084"}