{"key": "daily_snapshot", "value": {"day": 0, "customers": 30918453470231360939299274642023345828029550753125752947329549001, "mrr": 2.3119391712746065e-94, "total_revenue": 3.6905216285399813, "conversion_rate": 4.504419229084182e+57, "churn_rate": 0.05, "average_price": 7.477538207079367e-159, "daily_visitors": 0, "new_customers": 3391058123874165326189264889091779650889107989915725469021372416, "churned_customers": 778088469934176728160928237627466132599777954380195520132939776}, "generation": 0, "timestamp": "2025-11-15T04:11:48.937764"}