{"key": "daily_snapshot", "value": {"day": 0, "customers": 265451595413826699454563886865030230745969432131666466003867624579760172444375710793904610375100355400244943991, "mrr": 7.262344978087179e-176, "total_revenue": 3.0646080228541357, "conversion_rate": 3.546069297920196e+103, "churn_rate": 0.05, "average_price": 2.73584529291132e-286, "daily_visitors": 0, "new_customers": 33824968741747855038638418048627567887275099757964096140984439782097594522701174810871011925450418156386385920, "churned_customers": 9747723940788071850365560861448893423454415294695035646049027219139490586507407355108296559227418985126428672}, "generation": 0, "timestamp": "2025-11-14T21:33:11.461578"}