{"key": "daily_snapshot", "value": {"day": 0, "customers": 16657672328170793984326817, "mrr": 2.933978758534338e-29, "total_revenue": 4.323965768575599, "conversion_rate": 2.0267561100804183e+18, "churn_rate": 0.05, "average_price": 1.761337779212111e-54, "daily_visitors": 0, "new_customers": 1855489639961889284816896, "churned_customers": 994293577100356975853568}, "generation": 0, "timestamp": "2025-11-14T14:02:12.016569"}