{"key": "daily_snapshot", "value": {"day": 0, "customers": 121872273993456772365073849791134720754285177945515217876575232680071089472670363741617906814111038797265720, "mrr": 1.4335353737882245e-164, "total_revenue": 8.385937104373125, "conversion_rate": 1.618106207223143e+100, "churn_rate": 0.05, "average_price": 1.176260462543917e-271, "daily_visitors": 0, "new_customers": 17620888085260581553806087504730397777450176969474665351799953134482865872660726953700237345758190348795904, "churned_customers": 7346140620494967266732045810213381504668721563973160523263020769741996637824611528189182589730860593840128}, "generation": 0, "timestamp": "2025-11-13T13:24:34.326819"}