{"key": "daily_snapshot", "value": {"day": 0, "customers": 2184097683447806934201821872591509616912524265257134973895, "mrr": 1.1895233249790818e-84, "total_revenue": 4.928703564447977, "conversion_rate": 2.816995772625009e+50, "churn_rate": 0.05, "average_price": 5.446291775289582e-142, "daily_visitors": 0, "new_customers": 238503181787601096513359629840972575250213032996519280640, "churned_customers": 148291100912389685392201717164858471921433106687039897600}, "generation": 0, "timestamp": "2025-11-15T06:25:12.394508"}