{"key": "daily_snapshot", "value": {"day": 0, "customers": 527137359357286645379971528, "mrr": 7.356073007651907e-31, "total_revenue": 4.843910136547377, "conversion_rate": 7.905351100181894e+19, "churn_rate": 0.05, "average_price": 1.3954755581393083e-57, "daily_visitors": 0, "new_customers": 62246744474330160613556224, "churned_customers": 22159856534257309212213248}, "generation": 0, "timestamp": "2025-11-14T06:41:59.274947"}