{"key": "daily_snapshot", "value": {"day": 0, "customers": 31851669989263882666699714163055664310780112860435409059482859516665065230368365262792252979931701467564129698, "mrr": 1.3748463716390492e-173, "total_revenue": 8.401501509864964, "conversion_rate": 4.244636783555791e+102, "churn_rate": 0.05, "average_price": 4.316402788621329e-283, "daily_visitors": 0, "new_customers": 3703811400819565931470234902425143934168237519558671758301670292289814758032461455823672541040614072674942976, "churned_customers": 1716397650932105356369763939023225490966141653019453087204395399273040641804223974138801368478450597517852672}, "generation": 0, "timestamp": "2025-11-14T13:40:34.114592"}