{"key": "daily_snapshot", "value": {"day": 0, "customers": 249601759672099022217398354524342639701338916636940836086016902509892857313527197557874480799570120700555398373915283617623783, "mrr": 2.4663930919101443e-198, "total_revenue": 3.180859164035811, "conversion_rate": 3.742899886125144e+118, "churn_rate": 0.05, "average_price": 1e-323, "daily_visitors": 0, "new_customers": 35422645094460397715108983985643395617729856203977051838897597971391628173897967892358389574166229160438132633265032564572160, "churned_customers": 16617681735069209560845232257733712138750249874139483342101999032512904036206594759324185503849593814221966831013661052502016}, "generation": 0, "timestamp": "2025-11-14T09:39:31.845220"}