{"key": "daily_snapshot", "value": {"day": 0, "customers": 23685770203537858833016765532563068926906102069578708347895524517157781023234805887619653579993698634891259227643770418828506183, "mrr": 2.3404650705716574e-196, "total_revenue": 8.531929138055917, "conversion_rate": 3.7857298022268183e+120, "churn_rate": 0.05, "average_price": 1e-323, "daily_visitors": 0, "new_customers": 3720661204256564940416136376578540475564306864150191872869008717740426889755839149612258645353230192266268458915833033537880064, "churned_customers": 1594845546926571571573865545116488177353404374810739602605708636417230475899269174160912436224447521359135128526148874987896832}, "generation": 0, "timestamp": "2025-11-13T12:02:01.837417"}