{"key": "daily_snapshot", "value": {"day": 0, "customers": 1095687672481931657966223926660739970717562252485779430145843153375825464304781465567611291398938858365533, "mrr": 4.9164355790606085e-166, "total_revenue": 7.058512489256422, "conversion_rate": 1.519740798512356e+98, "churn_rate": 0.05, "average_price": 4.487077570129076e-271, "daily_visitors": 0, "new_customers": 148097490226752322531437941660863005609247711058011124706254255927001191769109826673477759313634844999680, "churned_customers": 65455370630290925247873082943870139816050638492929988639064820605825479055782106960228538815058892816384}, "generation": 0, "timestamp": "2025-11-15T11:36:16.621323"}