{"key": "daily_snapshot", "value": {"day": 0, "customers": 722541785818612774062, "mrr": 4.037358332969074e-21, "total_revenue": 14.069439877331755, "conversion_rate": 94529326004222.66, "churn_rate": 0.05, "average_price": 5.5877160493837715e-42, "daily_visitors": 0, "new_customers": 80176919521854783488, "churned_customers": 45721758046504460288}, "generation": 0, "timestamp": "2025-11-15T12:59:00.920828"}