{"key": "daily_snapshot", "value": {"day": 0, "customers": 7398831151812493362861296375302265624942812309554215270214086765303691552976133066212519, "mrr": 3.330297280886927e-136, "total_revenue": 7.010218214998832, "conversion_rate": 9.745857106886648e+80, "churn_rate": 0.05, "average_price": 4.501112692740803e-224, "daily_visitors": 0, "new_customers": 814368980743563303635824847550953685145562016333708405705440052512102965311897201541120, "churned_customers": 163059891009424127414712699719979481292979997867574057848334924959104779697854103945216}, "generation": 0, "timestamp": "2025-11-14T23:59:49.194639"}