{"key": "daily_snapshot", "value": {"day": 0, "customers": 358472914850897800213475654160887651184789440211459329269045738254292107877577610190198250, "mrr": 3.090903640880386e-140, "total_revenue": 5.620306961549841, "conversion_rate": 5.72491975780522e+82, "churn_rate": 0.05, "average_price": 8.6224189132002e-230, "daily_visitors": 0, "new_customers": 44574008858938652817711344412440500043622827211442824290198140715282140443014985318137856, "churned_customers": 17779896673448554768564406810365397742342782636674698624234319778484947746196914958237696}, "generation": 0, "timestamp": "2025-11-15T03:22:55.364836"}