{"key": "daily_snapshot", "value": {"day": 0, "customers": 110255287525824272746369561132091112595047084119239071956049765627573157674856767508163446726, "mrr": 4.7739481685885296e-144, "total_revenue": 3.6346456800791516, "conversion_rate": 1.4626843930311496e+85, "churn_rate": 0.05, "average_price": 4.329904057862407e-236, "daily_visitors": 0, "new_customers": 11842719293969904538034493114958897259123731240049555747121548733443897375451501873659379712, "churned_customers": 5275410337706771247634130505752607598786058068639163341674384519509824927427146080390742016}, "generation": 0, "timestamp": "2025-11-13T15:22:44.539855"}