{"key": "daily_snapshot", "value": {"day": 0, "customers": 449983665851917042295220410900937559616611539918426867847491460855375161667005527283082515575816918036497244980618068, "mrr": 5.592504721275001e-184, "total_revenue": 7.997332640408474, "conversion_rate": 6.370190477901642e+109, "churn_rate": 0.05, "average_price": 1.2428239391061388e-300, "daily_visitors": 0, "new_customers": 62834822684057222066350717038092026585220448994463637940905932540154924632764539674260733130729870371620641411432448, "churned_customers": 25234740109707968059563890262805299485438907868994101722741274115483414590802263969870601214063112198491210231316480}, "generation": 0, "timestamp": "2025-11-15T16:47:53.837709"}