{"key": "daily_snapshot", "value": {"day": 0, "customers": 207363027779835122169964168682211288636841182661827093309040680475235138391775943286840781878359328, "mrr": 2.802899445066601e-153, "total_revenue": 2.640852054669741, "conversion_rate": 2.5462623504413596e+91, "churn_rate": 0.05, "average_price": 1.3516871715639401e-251, "daily_visitors": 0, "new_customers": 20157265465196856830722919493087952696085141391211432231909838229896803019385998613124710402097152, "churned_customers": 8128247236638119747616257943515085792326915631006302451103359917974413689728321981427617663811584}, "generation": 0, "timestamp": "2025-11-14T02:52:49.741019"}