{"key": "daily_snapshot", "value": {"day": 0, "customers": 234876930162567513006375110896667535236861374874770758654394848875068959957, "mrr": 1.4990133604425916e-110, "total_revenue": 5.438023679800494, "conversion_rate": 3.5414815750713816e+67, "churn_rate": 0.05, "average_price": 6.382122583963719e-185, "daily_visitors": 0, "new_customers": 29934610756079460529872755341753491571055763895789591009352791564824346624, "churned_customers": 14900297167300403618573194229627970169390729331691431835475991629265895424}, "generation": 0, "timestamp": "2025-11-14T20:02:39.344740"}