{"key": "daily_snapshot", "value": {"day": 0, "customers": 138739930077482150129856338868388553, "mrr": 4.073621382443739e-45, "total_revenue": 3.6905216285399813, "conversion_rate": 2.145590988370479e+28, "churn_rate": 0.05, "average_price": 2.9361564332407705e-80, "daily_visitors": 0, "new_customers": 20026306472431914119834612227112960, "churned_customers": 7547941072872382505698842923499520}, "generation": 0, "timestamp": "2025-11-15T03:58:13.757096"}