{"key": "daily_snapshot", "value": {"day": 0, "customers": 659824944147179285036981534776878320711671290958370635499316907656063044986589599289781174452516367463310680453847688851867591336053740, "mrr": 6.519936743444811e-189, "total_revenue": 3.8452002827692775, "conversion_rate": 9.100470094261591e+127, "churn_rate": 0.05, "average_price": 1e-323, "daily_visitors": 0, "new_customers": 91410898203301356186023186671950848334252264339792837166858380215649271942800518073438073791045264700252706168739840371337480617590784, "churned_customers": 30775393938429294432795415444093887544311622028445065357808243826611715570038102268266081383592794633427813542280571960462180735778816}, "generation": 0, "timestamp": "2025-11-13T14:40:57.216720"}