{"key": "daily_snapshot", "value": {"day": 0, "customers": 7589070799159091150541586143721312279858149645056039998297, "mrr": 7.994828360008423e-87, "total_revenue": 4.2636659399133805, "conversion_rate": 9.618475260501011e+50, "churn_rate": 0.05, "average_price": 1.0534660397283803e-144, "daily_visitors": 0, "new_customers": 997421849350425478016181086538826474716309771651850960896, "churned_customers": 316576234479720011131950251255188695479952034151723433984}, "generation": 0, "timestamp": "2025-11-15T15:19:31.044952"}