{"key": "daily_snapshot", "value": {"day": 0, "customers": 7695137061718547476086583070501616510778653121782280546546066606, "mrr": 9.747770588571008e-93, "total_revenue": 14.069439877331755, "conversion_rate": 1.0765597401069638e+57, "churn_rate": 0.05, "average_price": 1.2667442451498127e-156, "daily_visitors": 0, "new_customers": 836976623285329005250965286919495805711467106600822563319840768, "churned_customers": 469509924972417600110092803877188065425069214440810759552237568}, "generation": 0, "timestamp": "2025-11-15T13:18:50.195027"}