{"key": "daily_snapshot", "value": {"day": 0, "customers": 607399622810594202763595161593570682842459325912528175602475605503578224114197963604, "mrr": 1.5624489917987985e-129, "total_revenue": 7.997332640408474, "conversion_rate": 8.190035169900322e+76, "churn_rate": 0.05, "average_price": 2.5723575272716592e-213, "daily_visitors": 0, "new_customers": 62929304893085289968922444947279031735099627068312330241988032140986414411609538560, "churned_customers": 24521796217742125323330568636198631408912627991388890499082986553545913019318403072}, "generation": 0, "timestamp": "2025-11-15T16:32:42.465084"}