{"key": "daily_snapshot", "value": {"day": 0, "customers": 202604972596675987981393173877070167451399251812759184538631667571503141944419568413281312461445216061690923966319596, "mrr": 7.156652092279839e-183, "total_revenue": 3.8452002827692775, "conversion_rate": 2.7146338274462996e+109, "churn_rate": 0.05, "average_price": 3.5323180870424767e-299, "daily_visitors": 0, "new_customers": 24801017618094006771872761438840875073920757973212826242316998541494698600484538279639815832865375582488081670864896, "churned_customers": 8110135582429826535769743557160870089004032709407286452583052054929489728201666622616721262176194803264711980744704}, "generation": 0, "timestamp": "2025-11-13T14:32:28.623708"}