{"key": "daily_snapshot", "value": {"day": 0, "customers": 539777682322779717057202517179553, "mrr": 2.5248463085076726e-41, "total_revenue": 4.323965768575599, "conversion_rate": 7.782074555604009e+25, "churn_rate": 0.05, "average_price": 4.6775670636153665e-74, "daily_visitors": 0, "new_customers": 81365504781983374288833713537024, "churned_customers": 20337822966169999870873584009216}, "generation": 0, "timestamp": "2025-11-14T14:05:34.924930"}