{"key": "daily_snapshot", "value": {"day": 0, "customers": 46949808171381998250256790378798965597855295488900539541355852879730278910770725018743, "mrr": 7.060321050567315e-133, "total_revenue": 3.0646080228541357, "conversion_rate": 6.6366833950984944e+78, "churn_rate": 0.05, "average_price": 1.5038018951632046e-218, "daily_visitors": 0, "new_customers": 5317044664597619786828180113452401976097705644572008963339754738165028023249255006208, "churned_customers": 2056655994978594620835062976478896553000202308482079810302023503462350666589909549056}, "generation": 0, "timestamp": "2025-11-14T21:21:28.759024"}