{"key": "daily_snapshot", "value": {"day": 0, "customers": 926232874620358341531196913158602040135150668177350780003590409483791590506869670835186313337503, "mrr": 2.4690894602182182e-152, "total_revenue": 3.5615064647863135, "conversion_rate": 1.3243550091583188e+89, "churn_rate": 0.05, "average_price": 2.665732914338893e-248, "daily_visitors": 0, "new_customers": 127029598488962592643345094981390621259497396914378229022668858470982567577694968451724707102720, "churned_customers": 46768890230234204325632238548722245512403405947667508725592813292500940963091055683511177445376}, "generation": 0, "timestamp": "2025-11-13T12:18:12.017565"}