{"key": "daily_snapshot", "value": {"day": 0, "customers": 1574911648538837565717855732118493901226223029439168675547970721, "mrr": 1.4863984788998786e-92, "total_revenue": 4.323965768575599, "conversion_rate": 2.1475861037796717e+56, "churn_rate": 0.05, "average_price": 9.437980094178114e-156, "daily_visitors": 0, "new_customers": 189874213680272845905601041971885187353687581616230426942111744, "churned_customers": 42857948066777864421571145909243237588618419404755159333470208}, "generation": 0, "timestamp": "2025-11-14T14:19:41.870173"}