{"key": "daily_snapshot", "value": {"day": 0, "customers": 454811319674589334390426504816194157723042, "mrr": 7.437341729254902e-59, "total_revenue": 8.401501509864964, "conversion_rate": 6.068816179012335e+34, "churn_rate": 0.05, "average_price": 1.635258712244939e-100, "daily_visitors": 0, "new_customers": 54241416873505545055877632269604878286848, "churned_customers": 22334421687242392360021580254740047986688}, "generation": 0, "timestamp": "2025-11-14T13:09:00.033635"}