{"key": "daily_snapshot", "value": {"day": 0, "customers": 4434856931808808532508667897501137755911120839301350047627385681778807, "mrr": 8.281827120541828e-105, "total_revenue": 8.055065502431749, "conversion_rate": 6.178212749067134e+62, "churn_rate": 0.05, "average_price": 1.8674395246306147e-174, "daily_visitors": 0, "new_customers": 487936922919077316055871797926601130846101758039426598738510559051776, "churned_customers": 147746125632976213039907609601884715762436542425265544673607605551104}, "generation": 0, "timestamp": "2025-11-13T17:16:33.073036"}