{"key": "daily_snapshot", "value": {"day": 0, "customers": 241139320602736490301534049895405707270154395875841763340611944516862603618097831161820249800995736524523490538784, "mrr": 1.0110177669750716e-178, "total_revenue": 2.640852054669741, "conversion_rate": 3.330688248920693e+106, "churn_rate": 0.05, "average_price": 4.192670711885544e-292, "daily_visitors": 0, "new_customers": 35200824727664078935817156668297743842214367724893086902306884619912398202564099263548769138582613639571634651136, "churned_customers": 8835639595464156054019219189050626109789186499840657202876364977788998007993105876415809265944043279837474848768}, "generation": 0, "timestamp": "2025-11-14T02:59:49.596411"}