{"key": "daily_snapshot", "value": {"day": 0, "customers": 51455822665861716270920737450796564524599452505086623, "mrr": 1.1113148591145051e-76, "total_revenue": 3.5615064647863135, "conversion_rate": 6.077875843258155e+45, "churn_rate": 0.05, "average_price": 2.1597455866774145e-129, "daily_visitors": 0, "new_customers": 6258934594053991801505492078968498743938412376489984, "churned_customers": 1479476432307921041212611931935308313376161013956608}, "generation": 0, "timestamp": "2025-11-13T11:57:40.229356"}