{"key": "daily_snapshot", "value": {"day": 0, "customers": 8385548851545644422799504400920036126045072645, "mrr": 1.9195370897048367e-65, "total_revenue": 1.5620171583249602, "conversion_rate": 1.1379098679984045e+39, "churn_rate": 0.05, "average_price": 2.2891013142819186e-111, "daily_visitors": 0, "new_customers": 1065940287788273951204130278000919504316530688, "churned_customers": 321961890437221782870196194292438566279577600}, "generation": 0, "timestamp": "2025-11-13T21:13:21.613450"}