{"key": "daily_snapshot", "value": {"day": 0, "customers": 50932530807267423781974403112929301544582501232, "mrr": 3.558035986652226e-64, "total_revenue": 7.626819946521412, "conversion_rate": 6.881400597262584e+39, "churn_rate": 0.05, "average_price": 6.985782819463863e-111, "daily_visitors": 0, "new_customers": 6654414991504218007569763361242001387148017664, "churned_customers": 1272259019449583272427592433062593870946107392}, "generation": 0, "timestamp": "2025-11-15T01:42:31.864319"}