{"key": "daily_snapshot", "value": {"day": 0, "customers": 122365706339794082245436745013629969095312509431691280570939335460623362677551806780818567713648, "mrr": 3.605848164583655e-145, "total_revenue": 7.626819946521412, "conversion_rate": 1.8972388308052705e+88, "churn_rate": 0.05, "average_price": 2.9467800026999976e-240, "daily_visitors": 0, "new_customers": 17167829451214595796964879736152018077149429385736680954030508914611984862185304382302257676288, "churned_customers": 6690822149766465252661873359002355787647176434560928331143921546627770501724993212754595676160}, "generation": 0, "timestamp": "2025-11-15T02:04:54.056011"}