{"key": "daily_snapshot", "value": {"day": 0, "customers": 45362815013324117718100256410418020171, "mrr": 7.711308567079408e-51, "total_revenue": 5.241512577835226, "conversion_rate": 7.085949557111161e+30, "churn_rate": 0.05, "average_price": 1.6999184386626835e-88, "daily_visitors": 0, "new_customers": 7156655637180839253552307173574311936, "churned_customers": 1910674135398419359854142747779792896}, "generation": 0, "timestamp": "2025-11-13T19:04:06.133998"}