{"key": "daily_snapshot", "value": {"day": 0, "customers": 4774379096916483561404626671865509446188407922537821014930, "mrr": 1.937349260423387e-83, "total_revenue": 5.414632391501176, "conversion_rate": 7.121527265648832e+50, "churn_rate": 0.05, "average_price": 4.057803582615837e-141, "daily_visitors": 0, "new_customers": 568159743386142911263547719097419176166322677243235532800, "churned_customers": 238171190494673530755964646933335012877424156815684272128}, "generation": 0, "timestamp": "2025-11-13T22:19:35.553546"}