{"key": "daily_snapshot", "value": {"day": 0, "customers": 102946501959768634523753885752212703840550602610937376081493254316793987, "mrr": 7.262862387785464e-106, "total_revenue": 4.596591164332845, "conversion_rate": 1.2239706937617758e+64, "churn_rate": 0.05, "average_price": 7.054987055921319e-177, "daily_visitors": 0, "new_customers": 12568979979928886774856807057907581679745849256994100297588180225359872, "churned_customers": 2289391759204945413803851286788068034209566682748862363994843850473472}, "generation": 0, "timestamp": "2025-11-14T12:20:58.079181"}