{"key": "daily_snapshot", "value": {"day": 0, "customers": 22842869288875941247847254607701504617075011470337131870159034161393230257478828415650237096789962175029755941350634540866242817, "mrr": 2.2571753936151335e-196, "total_revenue": 6.966800923949336, "conversion_rate": 3.047181653475699e+120, "churn_rate": 0.05, "average_price": 1e-323, "daily_visitors": 0, "new_customers": 2740100042734151098058770727136909192120229882553775884633220462935650461065788456073192351739390477822040672581264875397840896, "churned_customers": 882207766494529739762136651963695089083140108823679922512919145724353826749978708354248472938361650582191208128771561550249984}, "generation": 0, "timestamp": "2025-11-14T05:08:24.896783"}