{"key": "daily_snapshot", "value": {"day": 0, "customers": 73337453813982738686756505007400543482252577168176332851323395746344454828748225736572881341038444509512065991, "mrr": 1.3787870851526656e-177, "total_revenue": 4.928703564447977, "conversion_rate": 9.35079468664582e+102, "churn_rate": 0.05, "average_price": 1.8800585695951472e-287, "daily_visitors": 0, "new_customers": 9439344384917239601343516200029133716129007796500492411455796312172569899901767352673638111514925272343248896, "churned_customers": 2181549941076391890541656539838317951039345291256196291478370237977780499186495441641518216870926152928067584}, "generation": 0, "timestamp": "2025-11-15T06:50:21.994734"}