{"key": "daily_snapshot", "value": {"day": 0, "customers": 2378122041915473952118790357568777362210598888930145071428067197664537736626543095495658910044874880995193304712621354570906628, "mrr": 2.3498968050565452e-197, "total_revenue": 4.445436838349596, "conversion_rate": 3.38243484373509e+119, "churn_rate": 0.05, "average_price": 1e-323, "daily_visitors": 0, "new_customers": 296430916315002058504252084663543384327634423335217398530348391135935225451861361955376838065388549651862681516821021739450368, "churned_customers": 78460481871073187620356004840559379446449567286507186286490330447036735134319329713208887304917810581799828168179035374878720}, "generation": 0, "timestamp": "2025-11-15T18:54:27.266997"}