{"key": "daily_snapshot", "value": {"day": 0, "customers": 58, "mrr": 2.738972560064398, "total_revenue": 3.7109778422572193, "conversion_rate": 0.1724689981182678, "churn_rate": 0.05, "average_price": 0.04722366482869651, "daily_visitors": 59, "new_customers": 7, "churned_customers": 3}, "generation": 0, "timestamp": "2025-11-15T04:45:52.517074"}