{"key": "daily_snapshot", "value": {"day": 0, "customers": 118082811674610378516861994275986551, "mrr": 2.978212847867146e-46, "total_revenue": 3.0646080228541357, "conversion_rate": 1.6358177416882246e+28, "churn_rate": 0.05, "average_price": 2.522139171341825e-81, "daily_visitors": 0, "new_customers": 17462420505863856926400282584154112, "churned_customers": 4440375590486947564572971085332480}, "generation": 0, "timestamp": "2025-11-14T20:57:45.813218"}