{"key": "daily_snapshot", "value": {"day": 0, "customers": 446417500849869426006615521099768445515600664849023913451459258129923, "mrr": 1.748306882616607e-106, "total_revenue": 11.37579680016544, "conversion_rate": 5.968487587349313e+61, "churn_rate": 0.05, "average_price": 3.9163045339581434e-175, "daily_visitors": 0, "new_customers": 50560405694763717053059863056499339669187878712483638589365959000064, "churned_customers": 14644522707273489392406397891415242996023978622310961291065320013824}, "generation": 0, "timestamp": "2025-11-14T06:01:10.624716"}