{"key": "daily_snapshot", "value": {"day": 0, "customers": 4282632213778509302541387126772330345668931046995994500103565993054328225301571131741674, "mrr": 6.316559635506497e-137, "total_revenue": 5.620306961549841, "conversion_rate": 5.621176804067857e+80, "churn_rate": 0.05, "average_price": 1.474924607157307e-224, "daily_visitors": 0, "new_customers": 501127648512377922330128566198846125471430042615396196578885575837107262895296098598912, "churned_customers": 143716249138835469057122753185712403437616892424721091090496965391475010120693116305408}, "generation": 0, "timestamp": "2025-11-15T03:22:01.114618"}