{"key": "daily_snapshot", "value": {"day": 0, "customers": 8244123578754871030135550085077769170508000615194938075018716746092133172565390598013335730748141893064117739868539350029221934006301984, "mrr": 8.146276480665148e-188, "total_revenue": 2.640852054669741, "conversion_rate": 1.2127005363803121e+129, "churn_rate": 0.05, "average_price": 1e-323, "daily_visitors": 0, "new_customers": 1128937824227448724412173575364221161631602710948239577554833078108477354006223428430745264659210063985723131055552254263501134818705408, "churned_customers": 409236839912198979107888066521032064848932685388593710275276890498995194915447644396103678798154961607938766169759537908978687382913024}, "generation": 0, "timestamp": "2025-11-14T03:10:14.532410"}