{"key": "daily_snapshot", "value": {"day": 0, "customers": 468058558765430616191164, "mrr": 1.7627615011235902e-25, "total_revenue": 7.827191553977371, "conversion_rate": 6.416890299779647e+16, "churn_rate": 0.05, "average_price": 3.76611316706422e-49, "daily_visitors": 0, "new_customers": 63623001680544815644672, "churned_customers": 13599700836415093866496}, "generation": 0, "timestamp": "2025-11-15T04:54:00.909842"}