{"key": "daily_snapshot", "value": {"day": 0, "customers": 131483675607174946760468063196699130556411723627027963202223384498911833764152189038802971631061606120505, "mrr": 1.9710886406672797e-161, "total_revenue": 8.82569014329087, "conversion_rate": 1.9622434229102994e+97, "churn_rate": 0.05, "average_price": 1.4991128226109e-265, "daily_visitors": 0, "new_customers": 17862789309940354651625166260763623493304091386632028472861939721121427111921717876399870057767310983168, "churned_customers": 7732799929665250230721373572002890138466298170923597287735993763720740663036989925927404349610581295104}, "generation": 0, "timestamp": "2025-11-13T12:20:14.347090"}