{"key": "daily_snapshot", "value": {"day": 0, "customers": 37065808320193008629213009964251592, "mrr": 8.108542230174238e-45, "total_revenue": 4.843910136547377, "conversion_rate": 5.172961517034896e+27, "churn_rate": 0.05, "average_price": 2.1876070151036748e-79, "daily_visitors": 0, "new_customers": 4826875984168323020369481076572160, "churned_customers": 1738450517138919908589248855408640}, "generation": 0, "timestamp": "2025-11-14T06:45:45.202717"}