{"key": "daily_snapshot", "value": {"day": 0, "customers": 28168328319559547, "mrr": 3.43136505812905e-14, "total_revenue": 4.816594378793721, "conversion_rate": 3628459635.152329, "churn_rate": 0.05, "average_price": 1.2181642514250217e-30, "daily_visitors": 0, "new_customers": 3986936663106809, "churned_customers": 1712782475232118}, "generation": 0, "timestamp": "2025-11-15T20:06:18.841733"}