{"key": "daily_snapshot", "value": {"day": 0, "customers": 4488241039595925933441102785417398365389775938592085104128914139826599073607731713844085139983426, "mrr": 3.4670795666957864e-144, "total_revenue": 7.574353924996814, "conversion_rate": 6.831810552120774e+89, "churn_rate": 0.05, "average_price": 7.724806970277883e-241, "daily_visitors": 0, "new_customers": 596174842593018802228152557244184676120511890543435489894474248363872126517598976177038291894272, "churned_customers": 171650765562744993893781875364843811294645940619163993762166833941186563755401847754484736851968}, "generation": 0, "timestamp": "2025-11-14T11:25:05.608689"}