{"key": "daily_snapshot", "value": {"day": 0, "customers": 1765735257588163530092229443, "mrr": 5.9576841060238e-33, "total_revenue": 3.6902796439842023, "conversion_rate": 2.0670092950154956e+20, "churn_rate": 0.05, "average_price": 3.374052865751496e-60, "daily_visitors": 0, "new_customers": 222724935465111476324270080, "churned_customers": 87670318895488791471980544}, "generation": 0, "timestamp": "2025-11-14T01:13:04.733597"}