{"key": "daily_snapshot", "value": {"day": 0, "customers": 7050000399592594583199022287030891254683695706101587652110982989393392367438681728437580288825686657938, "mrr": 4.3289583609615275e-163, "total_revenue": 5.414632391501176, "conversion_rate": 8.730251280926035e+95, "churn_rate": 0.05, "average_price": 6.140366121414247e-266, "daily_visitors": 0, "new_customers": 734001184118176411505215711754920431721802506788563114785883052167055492800564686830558891278130479104, "churned_customers": 277385498066041830043665011611805025806329561723581797883000663306820734928303882575383857565100146688}, "generation": 0, "timestamp": "2025-11-13T22:41:16.924745"}