{"key": "daily_snapshot", "value": {"day": 0, "customers": 1007932671666003427208456948564580359425612623223267067134124920174528961239628410587586719915016731448, "mrr": 8.551984054219689e-156, "total_revenue": 8.385937104373125, "conversion_rate": 1.3105308836260478e+95, "churn_rate": 0.05, "average_price": 8.48467789032395e-258, "daily_visitors": 0, "new_customers": 115181844456083796899502746755601790050176385643098326935957857761580031274368362630991814703307554816, "churned_customers": 31195192283345515749311844964394335940645818850077053767403933671735263468108798698931685436392734720}, "generation": 0, "timestamp": "2025-11-13T13:22:10.737467"}