{"key": "daily_snapshot", "value": {"day": 0, "customers": 522725686308258536512468681984837658531486241288170820117226947213339690741620895269157892, "mrr": 6.10834061830933e-138, "total_revenue": 4.445436838349596, "conversion_rate": 7.776235083128658e+82, "churn_rate": 0.05, "average_price": 1.1685556647214688e-227, "daily_visitors": 0, "new_customers": 57889951037712008186364542083442222966728611413321114872335670984214436634394685824040960, "churned_customers": 26336330294149004518313820972623835324462383404122954947144376589203331360953436110585856}, "generation": 0, "timestamp": "2025-11-15T18:37:44.215536"}