{"key": "daily_snapshot", "value": {"day": 0, "customers": 120478789072702613412758384668250501826823708001902119476618692873541932151631340947402236253891557472595620837663481347, "mrr": 4.438528972456339e-190, "total_revenue": 11.37579680016544, "conversion_rate": 1.5028156907844189e+112, "churn_rate": 0.05, "average_price": 3.68407501985924e-309, "daily_visitors": 0, "new_customers": 16214149763988998093615850348517798164160517655297182555366708563002656168583943558272554035985329196785485154239905792, "churned_customers": 3751106095368805580848488238463883340281650656512951423601410053126427510902112183299989310150216350752135603948617728}, "generation": 0, "timestamp": "2025-11-14T06:24:20.579322"}