{"key": "daily_snapshot", "value": {"day": 0, "customers": 11859260446708124542577985786619937645186149186941808064462454824593430461087133195308310119955322298664736644874076849677550099668483, "mrr": 1.17185063436048e-190, "total_revenue": 11.37579680016544, "conversion_rate": 1.5128975486862517e+126, "churn_rate": 0.05, "average_price": 1e-323, "daily_visitors": 0, "new_customers": 1279367297471715505776133781702146092315059829567528438379293550234660641718875295219257329714511038027169583952756122409876045430784, "churned_customers": 468095761736619749174327950656905193154914260838049384387917689408961636384368508856772690283040691773121901430703974720188360687616}, "generation": 0, "timestamp": "2025-11-14T06:31:01.493646"}