{"key": "daily_snapshot", "value": {"day": 0, "customers": 28033825228938907505619366985031008439769852166591192874521228648394392873013158773412720894016327353790327427421960309650, "mrr": 2.2809711730738623e-195, "total_revenue": 5.414632391501176, "conversion_rate": 3.3135935012662777e+114, "churn_rate": 0.05, "average_price": 8.1364964e-317, "daily_visitors": 0, "new_customers": 3227666321105606896245657098197479069990874443859279534400951111262986746992980477498744848607704372936597508787714129920, "churned_customers": 724620003127324636098311446017825067701799880443509487343337687548052095489467608779668917430438479454796023789153943552}, "generation": 0, "timestamp": "2025-11-14T00:05:14.246810"}