{"key": "daily_snapshot", "value": {"day": 0, "customers": 22343242405632101581760268206416500702178388179882933071187166375, "mrr": 7.889773322264447e-97, "total_revenue": 7.010218214998832, "conversion_rate": 3.630261999481941e+57, "churn_rate": 0.05, "average_price": 3.531167580348883e-161, "daily_visitors": 0, "new_customers": 2956414588720237935589223373321477906349356488801172386914238464, "churned_customers": 540076271921645785290037481149545905668929716759860418938142720}, "generation": 0, "timestamp": "2025-11-14T23:48:57.104133"}