{"key": "daily_snapshot", "value": {"day": 0, "customers": 13840319473081913167800651538215100761890797031947945119802191847000309052590022, "mrr": 4.6262497135484415e-122, "total_revenue": 3.6346456800791516, "conversion_rate": 2.2354020739206818e+72, "churn_rate": 0.05, "average_price": 3.342588819966223e-201, "daily_visitors": 0, "new_customers": 2311210514439331040071686451745345141133681106149251245344789367071665492590592, "churned_customers": 361524633452023772040386755763397496866341097227564096530851631826692118413312}, "generation": 0, "timestamp": "2025-11-13T15:16:42.799989"}