{"key": "daily_snapshot", "value": {"day": 0, "customers": 26851395623247948392309147941459607174584119617570579437254345692391164994, "mrr": 8.251112325000622e-108, "total_revenue": 7.574353924996814, "conversion_rate": 3.2662038206686945e+66, "churn_rate": 0.05, "average_price": 3.072880248301435e-181, "daily_visitors": 0, "new_customers": 3341923715906369694806255361681006578032211235791920097641365187111944192, "churned_customers": 1721453815007866578391129014943396949996583146876341080130881170469552128}, "generation": 0, "timestamp": "2025-11-14T10:53:47.988699"}