{"key": "daily_snapshot", "value": {"day": 0, "customers": 46494448805155110951879704395, "mrr": 2.7987386739226296e-36, "total_revenue": 5.241512577835226, "conversion_rate": 5.668505853151434e+21, "churn_rate": 0.05, "average_price": 6.01951145963971e-65, "daily_visitors": 0, "new_customers": 5317730731712815945071198208, "churned_customers": 1804229214441199688185020416}, "generation": 0, "timestamp": "2025-11-13T19:00:01.849001"}