{"key": "daily_snapshot", "value": {"day": 0, "customers": 536886627019456074323711834751992687091335881, "mrr": 3.284795444231539e-61, "total_revenue": 3.6905216285399813, "conversion_rate": 7.635572056272983e+37, "churn_rate": 0.05, "average_price": 6.118229210638361e-106, "daily_visitors": 0, "new_customers": 82292675153196352045397886260979363259351040, "churned_customers": 32604456341668953574217069138089033387212800}, "generation": 0, "timestamp": "2025-11-15T04:02:40.080635"}