{"key": "daily_snapshot", "value": {"day": 0, "customers": 2123001317400606197483925692, "mrr": 1.3029636973387298e-31, "total_revenue": 7.827191553977371, "conversion_rate": 2.7804711603029407e+20, "churn_rate": 0.05, "average_price": 6.137366409805497e-59, "daily_visitors": 0, "new_customers": 222338750753654447250866176, "churned_customers": 67398107190408380491497472}, "generation": 0, "timestamp": "2025-11-15T04:55:42.473435"}