{"key": "daily_snapshot", "value": {"day": 0, "customers": 172213586160996267242581949152223944358341110818048564420217238859755489578626829934024288703978, "mrr": 1.768294215193415e-149, "total_revenue": 5.620306961549841, "conversion_rate": 2.370818603890414e+88, "churn_rate": 0.05, "average_price": 1.0268029686927838e-244, "daily_visitors": 0, "new_customers": 20723448262093347446502351093321488557326987565675794189803573308829770457886723664604743860224, "churned_customers": 11136801094071220219794347220764400815679391328514900023289094518982318680807450084030629806080}, "generation": 0, "timestamp": "2025-11-15T03:25:30.127262"}