{"key": "daily_snapshot", "value": {"day": 0, "customers": 345918283988098393704425889283, "mrr": 2.602823843206577e-35, "total_revenue": 11.37579680016544, "conversion_rate": 4.480371784500086e+22, "churn_rate": 0.05, "average_price": 7.5243893245496365e-65, "daily_visitors": 0, "new_customers": 48719476105056525427710885888, "churned_customers": 22897275403323830107124006912}, "generation": 0, "timestamp": "2025-11-14T05:23:55.780747"}