{"key": "daily_snapshot", "value": {"day": 0, "customers": 16134637733675493600761792126454332875167362503331861, "mrr": 1.78415168706276e-77, "total_revenue": 6.513341788556554, "conversion_rate": 2.140430599518425e+45, "churn_rate": 0.05, "average_price": 1.1057897403788364e-129, "daily_visitors": 0, "new_customers": 1908420274382931161830464879236012299623400158003200, "churned_customers": 595663018560216706861657093276206393501515534827520}, "generation": 0, "timestamp": "2025-11-15T00:44:38.008454"}