{"key": "daily_snapshot", "value": {"day": 0, "customers": 40432060279976640224137203978132073499714, "mrr": 2.5715396691496536e-53, "total_revenue": 7.574353924996814, "conversion_rate": 5.09868103483434e+33, "churn_rate": 0.05, "average_price": 6.360149968472345e-94, "daily_visitors": 0, "new_customers": 3842756520027728595544160803230045962240, "churned_customers": 1002487603058913842498181257806013792256}, "generation": 0, "timestamp": "2025-11-14T10:38:43.221559"}