{"key": "daily_snapshot", "value": {"day": 0, "customers": 163168184116534488469799619872132569571888565744869461531165577494, "mrr": 2.1767245914649347e-98, "total_revenue": 6.2331957973706755, "conversion_rate": 2.1966637922532168e+58, "churn_rate": 0.05, "average_price": 1.33403739414684e-163, "daily_visitors": 0, "new_customers": 21272021069401365098198799407683047745163061655114683479077421056, "churned_customers": 6287468291784199570732442305753537783181528899503836743696646144}, "generation": 0, "timestamp": "2025-11-14T08:01:25.423322"}