{"key": "daily_snapshot", "value": {"day": 0, "customers": 30507940753263182941096159091359, "mrr": 5.902055218395544e-40, "total_revenue": 3.5615064647863135, "conversion_rate": 3.723611776946916e+24, "churn_rate": 0.05, "average_price": 1.93459639446961e-71, "daily_visitors": 0, "new_customers": 3517731485984480924512569786368, "churned_customers": 664789704080447705039503360000}, "generation": 0, "timestamp": "2025-11-13T11:47:38.795734"}