{"key": "daily_snapshot", "value": {"day": 0, "customers": 1638638281579682166741173789202736163520410460057216881054463033161326896515821350589693850593104080362798923, "mrr": 5.269812679404171e-174, "total_revenue": 5.241512577835226, "conversion_rate": 2.229530783054069e+101, "churn_rate": 0.05, "average_price": 3.2159706865409973e-282, "daily_visitors": 0, "new_customers": 241799804395271178178344995645439062455583891364536784509847236849969226522240663223902957081330723716071424, "churned_customers": 89769715483115376381782518809340816088515184890971877711230258310969308036339542071786471664561028054646784}, "generation": 0, "timestamp": "2025-11-13T20:41:47.440387"}