{"key": "daily_snapshot", "value": {"day": 0, "customers": 18864377642150297475, "mrr": 2.4200670338338208e-18, "total_revenue": 4.596591164332845, "conversion_rate": 2183338150150.9158, "churn_rate": 0.05, "average_price": 1.2828766894628197e-37, "daily_visitors": 0, "new_customers": 2365088941283904512, "churned_customers": 534195725506687488}, "generation": 0, "timestamp": "2025-11-14T11:56:53.784481"}