{"key": "daily_snapshot", "value": {"day": 0, "customers": 11874542881831950252526689658179611901373786298884047454134222227469751244613925456583781236423936327327875, "mrr": 4.576888521582586e-166, "total_revenue": 4.596591164332845, "conversion_rate": 1.60970020412992e+99, "churn_rate": 0.05, "average_price": 3.8543702836639085e-272, "daily_visitors": 0, "new_customers": 1259232300826966299678698241064642601909598438150449165933349102401069660332105074718101392689589460664320, "churned_customers": 291584179002018016415678206905472170165508091997697719645563510396206660901546511645292402301635454304256}, "generation": 0, "timestamp": "2025-11-14T12:37:27.286278"}