{"key": "daily_snapshot", "value": {"day": 0, "customers": 70024700762665651681389124681395431266282087649424309574670389702834774619998282498838, "mrr": 1.6453637142989514e-132, "total_revenue": 8.73321624443256, "conversion_rate": 9.197664980626185e+78, "churn_rate": 0.05, "average_price": 2.349690461192507e-218, "daily_visitors": 0, "new_customers": 8683156847186306613769952826130343275996262868758089506646040619846544771918514356224, "churned_customers": 2537862122393655608229828515375470509967286738487699047040150165209810484430035222528}, "generation": 0, "timestamp": "2025-11-14T16:34:26.103384"}