{"key": "daily_snapshot", "value": {"day": 0, "customers": 1731999452968830757, "mrr": 9.867403447110526e-18, "total_revenue": 6.513341788556554, "conversion_rate": 229376147725.74738, "churn_rate": 0.05, "average_price": 5.6971169535860704e-36, "daily_visitors": 0, "new_customers": 199016824196377184, "churned_customers": 116991413654090352}, "generation": 0, "timestamp": "2025-11-15T00:28:26.988197"}