{"key": "daily_snapshot", "value": {"day": 0, "customers": 2206778249066582549647555019776670430342232360590477470711877326598757190405602743261705827616, "mrr": 3.609829110486193e-145, "total_revenue": 2.640852054669741, "conversion_rate": 3.441185555082107e+86, "churn_rate": 0.05, "average_price": 1.635791503751258e-238, "daily_visitors": 0, "new_customers": 278549642075325958410812124892221781164453293406718749961015384276786341085141808410242580480, "churned_customers": 137783267781012480584906193042791799167217057879151002103702941600836574662876635231525273600}, "generation": 0, "timestamp": "2025-11-14T02:50:34.130760"}