{"key": "daily_snapshot", "value": {"day": 0, "customers": 16550882045933504130970434654787004357144555011206174861769160, "mrr": 4.813496594559157e-91, "total_revenue": 4.843910136547377, "conversion_rate": 2.297983180010665e+54, "churn_rate": 0.05, "average_price": 2.908302156465321e-152, "daily_visitors": 0, "new_customers": 2526014474465129276908486351713717746647525619281150498308096, "churned_customers": 919709319711874002789125397599495862910571929607488174817280}, "generation": 0, "timestamp": "2025-11-14T06:58:20.749060"}