{"key": "daily_snapshot", "value": {"day": 0, "customers": 519004200690183535018979146401614081, "mrr": 3.4314671217748635e-46, "total_revenue": 6.966800923949336, "conversion_rate": 7.006130808970434e+28, "churn_rate": 0.05, "average_price": 6.611636509322315e-82, "daily_visitors": 0, "new_customers": 59174800884219287276251091472220160, "churned_customers": 27167148513602866068881872577888256}, "generation": 0, "timestamp": "2025-11-14T04:25:43.424173"}