{"key": "daily_snapshot", "value": {"day": 0, "customers": 158651058295449272641766255128573928650486115974252730710936251233128479726, "mrr": 2.102943578125393e-114, "total_revenue": 4.058738603221899, "conversion_rate": 2.0687784943616256e+67, "churn_rate": 0.05, "average_price": 1.3255150017399622e-188, "daily_visitors": 0, "new_customers": 21577700484455845961411480372237081009818982007326949597184990277992972288, "churned_customers": 3438273917562042213250493682100751066969577035340940432255017317946097664}, "generation": 0, "timestamp": "2025-11-14T15:26:30.252834"}