{"key": "daily_snapshot", "value": {"day": 0, "customers": 55502545661527, "mrr": 2.4490619326874154e-09, "total_revenue": 4.843910136016114, "conversion_rate": 7052802.357923025, "churn_rate": 0.05, "average_price": 4.4125218104816497e-23, "daily_visitors": 0, "new_customers": 7617572645716, "churned_customers": 2181434368607}, "generation": 0, "timestamp": "2025-11-14T06:36:01.922457"}