{"key": "daily_snapshot", "value": {"day": 0, "customers": 13576663414928293612524, "mrr": 3.8466877777101834e-23, "total_revenue": 3.8452002827692775, "conversion_rate": 1864606222942918.0, "churn_rate": 0.05, "average_price": 2.833308641562504e-45, "daily_visitors": 0, "new_customers": 2121823098570411868160, "churned_customers": 497601299389399302144}, "generation": 0, "timestamp": "2025-11-13T13:48:35.351159"}