{"key": "daily_snapshot", "value": {"day": 0, "customers": 2283072102484671877927077561570629232981163456446514785821063071447438274854049, "mrr": 6.683643038926098e-118, "total_revenue": 4.323965768575599, "conversion_rate": 3.4839366332222184e+71, "churn_rate": 0.05, "average_price": 2.9274778626799725e-196, "daily_visitors": 0, "new_customers": 334751383508018899266004054127785165050767062401553274002586588090309839683584, "churned_customers": 145162517493640988513388143620228400155228213376579487323858993481645987725312}, "generation": 0, "timestamp": "2025-11-14T14:26:41.889490"}