{"key": "daily_snapshot", "value": {"day": 0, "customers": 265864499552110755812899576681835949391183506190549417792158821710101486, "mrr": 3.116492345421702e-109, "total_revenue": 4.058738603221899, "conversion_rate": 3.9604021978828465e+64, "churn_rate": 0.05, "average_price": 1.172210788078855e-180, "daily_visitors": 0, "new_customers": 42615375567760771319825105213276995399247535405408346057323943456407552, "churned_customers": 18337581503098656118019108938668802623020463434420197270748525259390976}, "generation": 0, "timestamp": "2025-11-14T15:25:07.950465"}