{"key": "daily_snapshot", "value": {"day": 0, "customers": 27786289145875671005170118210215031775311825543727472132169900808176551079, "mrr": 1.9041254696919258e-112, "total_revenue": 7.010218214998832, "conversion_rate": 4.359948575669555e+66, "churn_rate": 0.05, "average_price": 6.8527519442968e-186, "daily_visitors": 0, "new_customers": 4217495757822385982547859073254126991985282933688741652971384049856675840, "churned_customers": 1540765953419017872410173334998427537817596402782835758910824214465347584}, "generation": 0, "timestamp": "2025-11-14T23:53:13.298550"}