{"key": "daily_snapshot", "value": {"day": 0, "customers": 201543677788232442112245264872684966126006202693062365636833776961451259878871204338167150208296176454845325624216334136608, "mrr": 1.2217904659389817e-193, "total_revenue": 2.640852054669741, "conversion_rate": 2.918390314031445e+115, "churn_rate": 0.05, "average_price": 6.0621622e-316, "daily_visitors": 0, "new_customers": 22699349087141136747358373179932096004885589726934670240218362323104059337467008555753450624843563450957866165903705505792, "churned_customers": 9471376461386448468531836449040579376094960077121277014525275425549561738183108498827749066537060372017877624406671360000}, "generation": 0, "timestamp": "2025-11-14T03:03:56.752415"}