{"key": "daily_snapshot", "value": {"day": 0, "customers": 4480992418588178940279790978390974119329551928300, "mrr": 5.150962383525518e-69, "total_revenue": 3.8452002827692775, "conversion_rate": 6.891370106133556e+41, "churn_rate": 0.05, "average_price": 1.1495137465884011e-117, "daily_visitors": 0, "new_customers": 706165568575679912505600929777509233978815545344, "churned_customers": 257686059481835189645360265964924326354354176000}, "generation": 0, "timestamp": "2025-11-13T14:01:05.501886"}