{"key": "daily_snapshot", "value": {"day": 0, "customers": 16968895716350092786215748551430107690510977863440621466437335249170031001131523436297157402748773346351840238, "mrr": 5.033329815383915e-175, "total_revenue": 4.058738603221899, "conversion_rate": 2.1273400278809568e+102, "churn_rate": 0.05, "average_price": 2.966209410158691e-284, "daily_visitors": 0, "new_customers": 1962974159834643358043369970783495139905089947346392161702118848909451409968818558475759341409017222001590272, "churned_customers": 866641524299784527773410291109381743327973001000882741410551016506237747956651553271241530876048471660429312}, "generation": 0, "timestamp": "2025-11-14T15:44:11.906787"}