{"key": "daily_snapshot", "value": {"day": 0, "customers": 3744945289015439711213538565302633205679534356986884, "mrr": 1.7294132738431609e-72, "total_revenue": 4.445436838349596, "conversion_rate": 4.823942614213288e+44, "churn_rate": 0.05, "average_price": 4.617993429478993e-124, "daily_visitors": 0, "new_customers": 503115072323060887921715328427639478955298133114880, "churned_customers": 168325597729797285696049473703553060634244532928512}, "generation": 0, "timestamp": "2025-11-15T18:19:48.025958"}