{"key": "daily_snapshot", "value": {"day": 0, "customers": 94870855956755607321342093793470053307233094668793850114393915593969206343202647339267143, "mrr": 3.632721957527266e-139, "total_revenue": 8.531929138055917, "conversion_rate": 1.245907384478105e+82, "churn_rate": 0.05, "average_price": 3.8291232021593093e-228, "daily_visitors": 0, "new_customers": 11094248741881284163244312298497875796416634617813092664473983127001885428767094074245120, "churned_customers": 4675889955164834734324887238829731324683854227301492006379043357604531144970184213659648}, "generation": 0, "timestamp": "2025-11-13T11:43:41.261039"}