{"key": "daily_snapshot", "value": {"day": 0, "customers": 41867666408683652185768726, "mrr": 8.50200087729145e-31, "total_revenue": 8.73321624443256, "conversion_rate": 6.285936387459527e+18, "churn_rate": 0.05, "average_price": 2.0306842025301115e-56, "daily_visitors": 0, "new_customers": 4927712350624256335282176, "churned_customers": 1556982778288866592817152}, "generation": 0, "timestamp": "2025-11-14T16:06:28.165749"}