{"key": "daily_snapshot", "value": {"day": 0, "customers": 6442741335726316764043045097390152034073055799639127604573031487, "mrr": 1.8377626226891737e-94, "total_revenue": 2.4762944740981485, "conversion_rate": 8.392487545247232e+56, "churn_rate": 0.05, "average_price": 2.8524544552152118e-158, "daily_visitors": 0, "new_customers": 742735513317257050881385835933304445792051033622004811838783488, "churned_customers": 401454443879717210215735651583683230065016095635976191012241408}, "generation": 0, "timestamp": "2025-11-13T16:12:34.472402"}