{"key": "daily_snapshot", "value": {"day": 0, "customers": 218586976770189063183409527458769281849437999961, "mrr": 8.31378503281959e-68, "total_revenue": 4.2636659399133805, "conversion_rate": 2.8424002635269507e+40, "churn_rate": 0.05, "average_price": 3.803421940164473e-115, "daily_visitors": 0, "new_customers": 27973023045603148090939249019509609220982964224, "churned_customers": 10678272421148826906973705089364041686690299904}, "generation": 0, "timestamp": "2025-11-15T15:14:24.729367"}