{"key": "daily_snapshot", "value": {"day": 0, "customers": 11496140045, "mrr": 0.0048637388766693814, "total_revenue": 2.475115381252028, "conversion_rate": 1725.41143393585, "churn_rate": 0.05, "average_price": 4.2307582002576253e-13, "daily_visitors": 0, "new_customers": 1300175160, "churned_customers": 673065156}, "generation": 0, "timestamp": "2025-11-13T15:47:30.745626"}