{"key": "daily_snapshot", "value": {"day": 0, "customers": 731689615888103, "mrr": 2.197268841896667e-12, "total_revenue": 1.5620171583245326, "conversion_rate": 82186063.65004097, "churn_rate": 0.05, "average_price": 3.003006731521928e-27, "daily_visitors": 0, "new_customers": 73160784126700, "churned_customers": 44029396431654}, "generation": 0, "timestamp": "2025-11-13T20:58:50.404151"}