{"key": "daily_snapshot", "value": {"day": 0, "customers": 174840972643697493906, "mrr": 7.815693671448459e-22, "total_revenue": 5.414632391501176, "conversion_rate": 26156865317792.863, "churn_rate": 0.05, "average_price": 4.470172839507017e-42, "daily_visitors": 0, "new_customers": 25633934696835436544, "churned_customers": 11435607084103180288}, "generation": 0, "timestamp": "2025-11-13T22:02:29.768203"}