{"key": "daily_snapshot", "value": {"day": 0, "customers": 114988675400989012214590074308992238414578012164977109619181341360616888777332358822464302396225648253468491, "mrr": 1.1395348746777434e-171, "total_revenue": 5.241512577835226, "conversion_rate": 1.4861151989366313e+100, "churn_rate": 0.05, "average_price": 9.909974792769395e-279, "daily_visitors": 0, "new_customers": 14425229891177581404408156060598476193997511524128429535230808155642711751889840738690540572710967684628480, "churned_customers": 5180507645857772503280801421709105392548067993383411508598395751644312948065060944979905612803634133729280}, "generation": 0, "timestamp": "2025-11-13T20:41:11.299815"}