{"key": "daily_snapshot", "value": {"day": 0, "customers": 1455527018964332618000749736899391543981095836117, "mrr": 2.245661656919921e-70, "total_revenue": 5.250998821828405, "conversion_rate": 1.888662593717132e+41, "churn_rate": 0.05, "average_price": 1.5428512337186305e-118, "daily_visitors": 0, "new_customers": 150120695565763277422584635816846797642978557952, "churned_customers": 53475765458380362416704125470829784807084392448}, "generation": 0, "timestamp": "2025-11-14T22:05:20.545164"}