{"key": "daily_snapshot", "value": {"day": 0, "customers": 13749281692684325458234863794951578870741063546576111475633674341459484518368733149908675673738959234937381588208530, "mrr": 6.518530438683261e-185, "total_revenue": 5.414632391501176, "conversion_rate": 2.140454334085907e+108, "churn_rate": 0.05, "average_price": 4.7409970821614776e-300, "daily_visitors": 0, "new_customers": 1825613009967112299123018323874033098211437365526302157319514786985122669573561863223350149839403131129729095041024, "churned_customers": 912027738138104009002812696694279444090346873978231857596948642164240277028749770446178861616891705856818633768960}, "generation": 0, "timestamp": "2025-11-14T00:00:11.766549"}