{"key": "daily_snapshot", "value": {"day": 0, "customers": 1074628223650, "mrr": 3.322352874871084e-06, "total_revenue": 5.250998086367502, "conversion_rate": 155125.59658727873, "churn_rate": 0.05, "average_price": 3.091630018413842e-18, "daily_visitors": 0, "new_customers": 165662208810, "churned_customers": 71668041346}, "generation": 0, "timestamp": "2025-11-14T21:48:00.851069"}