{"key": "daily_snapshot", "value": {"day": 0, "customers": 33280735425812728878, "mrr": 1.3990323711493614e-18, "total_revenue": 14.069439877331755, "conversion_rate": 4373038717453.9746, "churn_rate": 0.05, "average_price": 4.203730336031769e-38, "daily_visitors": 0, "new_customers": 4710507529666009088, "churned_customers": 1920341976723780608}, "generation": 0, "timestamp": "2025-11-15T12:58:20.745639"}