{"key": "daily_snapshot", "value": {"day": 0, "customers": 1071597348009108198210726423828316034980033801386142823098351523153890703872305189211130443097164639879612609001588368703552494, "mrr": 1.0588788716517742e-197, "total_revenue": 4.058738603221899, "conversion_rate": 1.369734475914114e+119, "churn_rate": 0.05, "average_price": 1e-323, "daily_visitors": 0, "new_customers": 140024331579242039279709389787506662787806180333974952381027215187051203947287804779390731804107181391836492877947448818925568, "churned_customers": 41029925079432495674441837209155713344714426156403644193521910179221861799542399004712479353138393617891474732456664031559680}, "generation": 0, "timestamp": "2025-11-14T15:52:49.859011"}