{"key": "daily_snapshot", "value": {"day": 0, "customers": 107360154584130834260597736687610339215348399573849747527451934004017435304745873741943, "mrr": 8.266158281145885e-133, "total_revenue": 8.055065502431749, "conversion_rate": 1.263822971948746e+79, "churn_rate": 0.05, "average_price": 7.699465703235609e-219, "daily_visitors": 0, "new_customers": 10237620017601921710634803902125677714322478706743949079794364062609330475943520632832, "churned_customers": 5199881930100582939551323434058056693096727149681607276019064337190642204878552694784}, "generation": 0, "timestamp": "2025-11-13T17:24:13.238786"}