{"key": "daily_snapshot", "value": {"day": 0, "customers": 2000774023449662503478210951178999733690992158196903, "mrr": 7.93672271756333e-74, "total_revenue": 7.010218214998832, "conversion_rate": 3.0587640252781654e+44, "churn_rate": 0.05, "average_price": 3.966826150551034e-125, "daily_visitors": 0, "new_customers": 240903509226175925795057430520284723385790697046016, "churned_customers": 49475828083723187340581969304735286062612085735424}, "generation": 0, "timestamp": "2025-11-14T23:42:43.353433"}