{"key": "daily_snapshot", "value": {"day": 0, "customers": 86440519318592642327678868760849094343910343, "mrr": 3.152268590198534e-61, "total_revenue": 4.928703564447977, "conversion_rate": 1.1304942639322845e+37, "churn_rate": 0.05, "average_price": 3.64674878754518e-105, "daily_visitors": 0, "new_customers": 10704207945940370121146576780968373155528704, "churned_customers": 3796421183030903287558989435200445010149376}, "generation": 0, "timestamp": "2025-11-15T06:18:50.460944"}