{"key": "daily_snapshot", "value": {"day": 0, "customers": 51419897813970937742853534923649185539362937878560620966297886526758434283687084330353646247180546765562019646538005304, "mrr": 9.88895594192099e-185, "total_revenue": 8.385937104373125, "conversion_rate": 7.830956785213766e+111, "churn_rate": 0.05, "average_price": 1.9231768950023333e-303, "daily_visitors": 0, "new_customers": 7823035579459121129477739477168242140076849117534403631428017748323289547557615208228513794121606556831310370085797888, "churned_customers": 2044521973550449880926348799703126572733300042718262132748965827722692947740581042037919855584265153793633873666506752}, "generation": 0, "timestamp": "2025-11-13T13:30:03.699366"}