{"key": "daily_snapshot", "value": {"day": 0, "customers": 839414919603296, "mrr": 1.1194461598179092e-10, "total_revenue": 6.966800923923812, "conversion_rate": 111257995.19343688, "churn_rate": 0.05, "average_price": 1.3336028865759913e-25, "daily_visitors": 0, "new_customers": 95564459984297, "churned_customers": 55987216701836}, "generation": 0, "timestamp": "2025-11-14T04:15:59.875128"}