{"key": "daily_snapshot", "value": {"day": 0, "customers": 12104940066296789027219679854394473233496490697, "mrr": 2.4034103019453082e-63, "total_revenue": 3.6905216285399813, "conversion_rate": 1.70217341927601e+39, "churn_rate": 0.05, "average_price": 1.985478894387102e-109, "daily_visitors": 0, "new_customers": 1742238679240566413977502099486803982121172992, "churned_customers": 273304600928816453353573514845462358344597504}, "generation": 0, "timestamp": "2025-11-15T04:03:16.259828"}