{"key": "daily_snapshot", "value": {"day": 0, "customers": 51586199981735972878413833079536115879833465261688830777099438177972905415925882591746974649756281678280694305639318225666523172444449, "mrr": 5.097393842094417e-190, "total_revenue": 9.426328809042326, "conversion_rate": 6.572948833313033e+126, "churn_rate": 0.05, "average_price": 1e-323, "daily_visitors": 0, "new_customers": 5279855440860942681679395377510758933197177601462048196774335094278615106181106340829856553256076287925446610068476573774304174407680, "churned_customers": 2286110524680099746732751374032499171919277549830204956939219591767121229579774283142392402551319109925009171648362641638838797074432}, "generation": 0, "timestamp": "2025-11-15T12:50:33.267553"}