{"key": "daily_snapshot", "value": {"day": 0, "customers": 37827064023376797269407098993542965079282254133290185926380956414734087, "mrr": 1.3796827042575503e-103, "total_revenue": 7.42566689692798, "conversion_rate": 5.247210165983378e+63, "churn_rate": 0.05, "average_price": 3.6473428215441686e-174, "daily_visitors": 0, "new_customers": 4733186309624619908230012834811736614489131299544671227842986348904448, "churned_customers": 2037611823487059077994940246186179227468137591719866162368239217147904}, "generation": 0, "timestamp": "2025-11-15T14:23:11.055031"}