{"key": "daily_snapshot", "value": {"day": 0, "customers": 553853327869084416720769876695757955043077380639947923126534776672565795554022389540721526896477383950155, "mrr": 6.995167833119008e-168, "total_revenue": 5.241512577835226, "conversion_rate": 6.986729660968061e+97, "churn_rate": 0.05, "average_price": 1.2630000545509897e-272, "daily_visitors": 0, "new_customers": 71331305151558049644284770356051249018136162849616724108436790195536298009318897807501521277908911390720, "churned_customers": 33553786655781141165981726031983237469997447575407991334539152488478833240583468911898799004684270960640}, "generation": 0, "timestamp": "2025-11-13T20:40:08.061784"}