{"key": "daily_snapshot", "value": {"day": 0, "customers": 385851629697140406591207854153456085, "mrr": 2.191387423967833e-47, "total_revenue": 5.250998821828405, "conversion_rate": 5.579219794464987e+28, "churn_rate": 0.05, "average_price": 5.679352516115792e-83, "daily_visitors": 0, "new_customers": 58359454383327472369829226922115072, "churned_customers": 10272559467991274536650712224366592}, "generation": 0, "timestamp": "2025-11-14T21:59:11.782367"}