{"key": "daily_snapshot", "value": {"day": 0, "customers": 1408041355363869721360172820963862179069745923115235037930170873699937879947451782623137700531831314333820820967841352770, "mrr": 8.873288013720992e-184, "total_revenue": 7.574353924996814, "conversion_rate": 2.0153376870774543e+113, "churn_rate": 0.05, "average_price": 6.301866049543647e-304, "daily_visitors": 0, "new_customers": 216098207073867910027855438627220986526150851311562469783554644531063818515223842581721330188985090417073341070806351872, "churned_customers": 72353640037088289546392466332877495255428285858014056349441271563553451632778364447576387371097616231100309439193808896}, "generation": 0, "timestamp": "2025-11-14T11:41:41.493182"}