{"key": "daily_snapshot", "value": {"day": 0, "customers": 1845114647109470120360240809620559786710360334319474015161052423714207817736483911, "mrr": 3.8713771301493266e-126, "total_revenue": 8.531929138055917, "conversion_rate": 2.434416638861573e+74, "churn_rate": 0.05, "average_price": 2.098177008249417e-207, "daily_visitors": 0, "new_customers": 216922693385185617383788544790407185235424727013396603240035511452562065610244096, "churned_customers": 47444522310776191916242913537127575765834522497335927513604477596344425272836096}, "generation": 0, "timestamp": "2025-11-13T11:40:06.577420"}