{"key": "daily_snapshot", "value": {"day": 0, "customers": 12070410885764943682019091056136593765464401094792055607837279890862907743465306982827974, "mrr": 3.7335483880915123e-137, "total_revenue": 3.6346456800791516, "conversion_rate": 1.584602323805684e+81, "churn_rate": 0.05, "average_price": 3.093141089749162e-225, "daily_visitors": 0, "new_customers": 1598042429548904842461070251598717721160473301633955287041564779952350469710658570027008, "churned_customers": 326101388844702105595110005843721207287242316014566353615653543114483581512595984613376}, "generation": 0, "timestamp": "2025-11-13T15:20:51.982728"}