{"key": "daily_snapshot", "value": {"day": 0, "customers": 959309420020775312275370211213383022403873830445824920186111466354324705309948646869091266547734711392019665776, "mrr": 2.120072118132933e-172, "total_revenue": 7.626819946521412, "conversion_rate": 1.1379257206913464e+104, "churn_rate": 0.05, "average_price": 2.2099982277741207e-283, "daily_visitors": 0, "new_customers": 122404075729784289231921862889708764248408153425449980920495695667296244491762954614183179685769257459403194368, "churned_customers": 48454522143392690100339113901436038432565001162536263253324784371995251507130931248675205638840375525639192576}, "generation": 0, "timestamp": "2025-11-15T02:12:21.651526"}