{"key": "daily_snapshot", "value": {"day": 0, "customers": 635007252427340895759867063897640540520128234327815118436096206077656078091542390571244708807, "mrr": 6.131635562159663e-148, "total_revenue": 4.928703564447977, "conversion_rate": 8.426500800213904e+85, "churn_rate": 0.05, "average_price": 9.656008712847354e-241, "daily_visitors": 0, "new_customers": 89129428634377285437515022468793048571874372294637970769432719402411989074680606102877372416, "churned_customers": 38952818564759407725907772710010956194439783147351514755624934419135655568064982145977810944}, "generation": 0, "timestamp": "2025-11-15T06:42:17.037568"}