{"key": "daily_snapshot", "value": {"day": 0, "customers": 149002665634850867224600077612194711986246693367950651087941934197267776027363339434706642837826444977071701193799, "mrr": 2.0273294273395782e-182, "total_revenue": 8.531929138055917, "conversion_rate": 1.9215367068495877e+106, "churn_rate": 0.05, "average_price": 1.360599435387146e-295, "daily_visitors": 0, "new_customers": 20973943660603552110528738312059902685180896616178553069202718148787711152869319882496869698357053697377852981248, "churned_customers": 8362936473649256738610801064610401508061547786348659762756769739218316854682191858965736946853275060686467104768}, "generation": 0, "timestamp": "2025-11-13T11:55:19.466423"}