{"key": "daily_snapshot", "value": {"day": 0, "customers": 64982572244206649107931669462859, "mrr": 9.276133411819673e-42, "total_revenue": 5.241512577835226, "conversion_rate": 8.258322004864778e+24, "churn_rate": 0.05, "average_price": 1.4274801829880875e-73, "daily_visitors": 0, "new_customers": 9669094986464031193821345742848, "churned_customers": 1802007121309397600345090162688}, "generation": 0, "timestamp": "2025-11-13T19:01:31.273076"}