{"key": "daily_snapshot", "value": {"day": 0, "customers": 4937130807345262368394921352940799747143473337754631592405, "mrr": 5.201099639234995e-87, "total_revenue": 5.250998821828405, "conversion_rate": 6.415689026226428e+50, "churn_rate": 0.05, "average_price": 1.0534660397283803e-144, "daily_visitors": 0, "new_customers": 667401456458665473937751162327494096089556731509923119104, "churned_customers": 222221932252015491790745553464680549441136048723286032384}, "generation": 0, "timestamp": "2025-11-14T22:09:51.913162"}