{"key": "daily_snapshot", "value": {"day": 0, "customers": 53509228550813056230307200714321680283212695114503332649646624847492102600, "mrr": 1.8774296063457588e-112, "total_revenue": 4.843910136547377, "conversion_rate": 7.142619512208557e+66, "churn_rate": 0.05, "average_price": 3.508608995479962e-186, "daily_visitors": 0, "new_customers": 6125213827709219490997170453129061770851934279485282498320446576977248256, "churned_customers": 1738297631777213509131424989675931580710171029028245485568004877270908928}, "generation": 0, "timestamp": "2025-11-14T07:04:12.336589"}