{"key": "daily_snapshot", "value": {"day": 0, "customers": 13054012819745261273235765851167488001890908178530130597836959382795439555837660829528489444367722164919311445205, "mrr": 4.1576288089277315e-173, "total_revenue": 5.438023679800494, "conversion_rate": 1.7388643890418664e+105, "churn_rate": 0.05, "average_price": 3.1849431024297588e-285, "daily_visitors": 0, "new_customers": 1727931964334726337396107321224353529619436902766962195136234366741781857544050477081577545835222168399847096320, "churned_customers": 688005235539971405696354899858278330482014579349603138903441129017817305441092243070560565599460142818554544128}, "generation": 0, "timestamp": "2025-11-14T20:19:59.773350"}