{"key": "daily_snapshot", "value": {"day": 0, "customers": 70111984380267818786084573251681696545135354330138343519350423371, "mrr": 3.83107108622813e-99, "total_revenue": 5.241512577835226, "conversion_rate": 9.457884738746539e+57, "churn_rate": 0.05, "average_price": 5.464217166425458e-164, "daily_visitors": 0, "new_customers": 9884136450374458372045213905458355290901676162514631567033237504, "churned_customers": 2653998238122374273905113907520711483429915988474101936345317376}, "generation": 0, "timestamp": "2025-11-13T19:17:09.417376"}