{"key": "daily_snapshot", "value": {"day": 0, "customers": 1564445960621104581794734062312455718364516380159166700674693576, "mrr": 6.972673203620486e-95, "total_revenue": 4.843910136547377, "conversion_rate": 1.9598924988129835e+56, "churn_rate": 0.05, "average_price": 4.456960086273768e-158, "daily_visitors": 0, "new_customers": 182853783727114272753843261847523216806342076878002157646774272, "churned_customers": 68512660573434758486501295780107740646101606275885769441673216}, "generation": 0, "timestamp": "2025-11-14T06:59:21.011968"}