{"key": "daily_snapshot", "value": {"day": 0, "customers": 2462705150377052628243705379535225811193409079464785367009915967531761052240288597, "mrr": 6.015402409968142e-125, "total_revenue": 7.593310615949716, "conversion_rate": 3.474194638772873e+74, "churn_rate": 0.05, "average_price": 2.4425995166523092e-206, "daily_visitors": 0, "new_customers": 294301372216308766486546943901094958550746670494219614158138148608686521841614848, "churned_customers": 61616341743342552048690067657760511777268181336651919459735303105594268231663616}, "generation": 0, "timestamp": "2025-11-14T19:05:13.521277"}