{"key": "daily_snapshot", "value": {"day": 0, "customers": 735555008547211417166104160115913808407194662155691577277046020277597641895157903503636941072066087747403, "mrr": 4.756510801512354e-168, "total_revenue": 5.241512577835226, "conversion_rate": 8.98263116276403e+97, "churn_rate": 0.05, "average_price": 6.466560279301068e-273, "daily_visitors": 0, "new_customers": 89168226987035935591723022895824590790929211841566448728517263868475340504459445078227644523811614752768, "churned_customers": 30829056469930355728776642477370311674039258513944450270982086220988520371095781225821884192987900018688}, "generation": 0, "timestamp": "2025-11-13T20:40:11.072526"}