{"key": "daily_snapshot", "value": {"day": 0, "customers": 217496803595, "mrr": 0.00022248499816728494, "total_revenue": 7.82714252875115, "conversion_rate": 30488.148423622803, "churn_rate": 0.05, "average_price": 1.0229345649675544e-15, "daily_visitors": 0, "new_customers": 24079030532, "churned_customers": 11967381112}, "generation": 0, "timestamp": "2025-11-15T04:48:14.151915"}