{"key": "daily_snapshot", "value": {"day": 0, "customers": 183817726142859158685675703632722926, "mrr": 9.72268791381391e-47, "total_revenue": 4.058738603221899, "conversion_rate": 2.043460851695525e+28, "churn_rate": 0.05, "average_price": 5.289309207457853e-82, "daily_visitors": 0, "new_customers": 22343386120558004165046544120152064, "churned_customers": 6892411255830973168619686553714688}, "generation": 0, "timestamp": "2025-11-14T15:08:05.530069"}