{"key": "daily_snapshot", "value": {"day": 0, "customers": 20178798806908773922020394913545768943973538660128449790772059471023812297494, "mrr": 1.356249263140067e-115, "total_revenue": 8.73321624443256, "conversion_rate": 2.5882004292531352e+69, "churn_rate": 0.05, "average_price": 6.7211595502687564e-192, "daily_visitors": 0, "new_customers": 2211136900448613954900057393471813780011212268089352721189618692961219903488, "churned_customers": 442067494969598419918675714380217769338524698145716791044525013315394469888}, "generation": 0, "timestamp": "2025-11-14T16:29:52.000996"}