{"key": "daily_snapshot", "value": {"day": 0, "customers": 15126542511998024455485910000484759948268, "mrr": 2.017608678889852e-54, "total_revenue": 3.8452002827692775, "conversion_rate": 2.3037630630676817e+33, "churn_rate": 0.05, "average_price": 1.3338201226681718e-94, "daily_visitors": 0, "new_customers": 1895434418140570563644302181660245360640, "churned_customers": 830892380118610836051164558747385200640}, "generation": 0, "timestamp": "2025-11-13T13:57:06.304429"}