{"key": "daily_snapshot", "value": {"day": 0, "customers": 32560975347929342540097992200305176399893, "mrr": 2.563683282542467e-56, "total_revenue": 6.513341788556554, "conversion_rate": 3.8929069898073183e+33, "churn_rate": 0.05, "average_price": 7.873484301831578e-97, "daily_visitors": 0, "new_customers": 3498279165458614263405064598610274942976, "churned_customers": 1018920270471801996782816857070191509504}, "generation": 0, "timestamp": "2025-11-15T00:38:57.503504"}