{"key": "daily_snapshot", "value": {"day": 0, "customers": 18266812023933783329610745959561630583659390788202323381995866594743599894, "mrr": 2.1205966469091018e-110, "total_revenue": 8.73321624443256, "conversion_rate": 2.2884535004991743e+66, "churn_rate": 0.05, "average_price": 1.1609013352360695e-183, "daily_visitors": 0, "new_customers": 2373722649856660972645825879306682628847976527719837225484110529669627904, "churned_customers": 1049078544188047380990154435953472552653625745911221030867211595034918912}, "generation": 0, "timestamp": "2025-11-14T16:28:26.689631"}