{"key": "daily_snapshot", "value": {"day": 0, "customers": 390285426624706170829988417711076427770603533224013219656102130234768437942839167314233491741815, "mrr": 2.753907155221612e-150, "total_revenue": 3.0646080228541357, "conversion_rate": 4.8736432753692825e+88, "churn_rate": 0.05, "average_price": 7.056136271953953e-246, "daily_visitors": 0, "new_customers": 48553099040840599335632277924178368601375242339761419729928583491271354055744642381687254155264, "churned_customers": 16920908016241345254893437858052204534216579647726256090017516751068181915830252882942926782464}, "generation": 0, "timestamp": "2025-11-14T21:26:12.222655"}