{"key": "daily_snapshot", "value": {"day": 0, "customers": 538603228001210019043834888490353092334629749523341951359156817461627593753192741565838005296482705146130439682695174898, "mrr": 3.609338269406737e-188, "total_revenue": 10.298721371422412, "conversion_rate": 7.156511921139174e+112, "churn_rate": 0.05, "average_price": 6.70129342299194e-308, "daily_visitors": 0, "new_customers": 69901182292657735514317492440025626225144090335721203975293686553331456250060156296926997480006260085425987807006949376, "churned_customers": 20652905366699963731192645444971497505314608756925100277707706741670368653297106429667356297639929946835670229971894272}, "generation": 0, "timestamp": "2025-11-14T04:03:38.913528"}