{"key": "daily_snapshot", "value": {"day": 0, "customers": 196009185645625976800021735587590039234343474459084832492350672333840011651772723095046350457558502976, "mrr": 1.803109315229316e-154, "total_revenue": 4.61627280770732, "conversion_rate": 2.8361979856518987e+94, "churn_rate": 0.05, "average_price": 9.199106201528946e-256, "daily_visitors": 0, "new_customers": 23101144168435609606362991132215687099383087541934894935415508446494451419104106374260483682239250432, "churned_customers": 8679545799930861457200663225786595046475380116055872495495369396990732271088686516733121110785130496}, "generation": 0, "timestamp": "2025-11-15T17:41:23.162696"}