{"key": "daily_snapshot", "value": {"day": 0, "customers": 7999105073635103126705020041536340, "mrr": 9.713839939992936e-44, "total_revenue": 7.997332640408474, "conversion_rate": 9.817725669203447e+26, "churn_rate": 0.05, "average_price": 1.214365838499805e-77, "daily_visitors": 0, "new_customers": 987650725008873973421182403215360, "churned_customers": 283843395089665340162902958538752}, "generation": 0, "timestamp": "2025-11-15T16:09:04.711063"}