{"key": "daily_snapshot", "value": {"day": 0, "customers": 6133826124161238033244765, "mrr": 5.9972802743964845e-28, "total_revenue": 7.058512489256422, "conversion_rate": 7.624444064620691e+17, "churn_rate": 0.05, "average_price": 9.77738878311712e-53, "daily_visitors": 0, "new_customers": 644301574638176705708032, "churned_customers": 152249190546696730312704}, "generation": 0, "timestamp": "2025-11-15T07:10:57.136782"}