{"key": "daily_snapshot", "value": {"day": 0, "customers": 2588052938772602547169607830594, "mrr": 5.885509648179023e-37, "total_revenue": 7.574353924996814, "conversion_rate": 4.221015648170164e+23, "churn_rate": 0.05, "average_price": 2.2741071328201874e-67, "daily_visitors": 0, "new_customers": 310536436078821912402961891328, "churned_customers": 100980987608477159434114564096}, "generation": 0, "timestamp": "2025-11-14T10:18:39.785033"}