{"key": "daily_snapshot", "value": {"day": 0, "customers": 2065627207580240386855962528246926821554217775233455680637952434835889995548239728638458457423155004351781337162883203, "mrr": 1.0413844776370852e-186, "total_revenue": 4.596591164332845, "conversion_rate": 3.077234524005894e+110, "churn_rate": 0.05, "average_price": 5.041492839634918e-304, "daily_visitors": 0, "new_customers": 308740696247153635886037588787855585982609277475164229976239320078034009922207790181875139691332692623428231930839040, "churned_customers": 130438630139881182641159924431884056983983756942881800980173521913150988514736502935512458537631324152822309240963072}, "generation": 0, "timestamp": "2025-11-14T12:42:58.000652"}