{"key": "daily_snapshot", "value": {"day": 0, "customers": 8323837052620060767926613819679947447828764378058584032275421623097837817286934, "mrr": 5.834940543676381e-123, "total_revenue": 6.2331957973706755, "conversion_rate": 1.1972331543642786e+72, "churn_rate": 0.05, "average_price": 7.0099168289698075e-202, "daily_visitors": 0, "new_customers": 1001370880758966507396357879428898937134594356671731808380177707468792965103616, "churned_customers": 324656614899424886693861843097837922006335834565268910472036147796291012788224}, "generation": 0, "timestamp": "2025-11-14T08:08:02.223287"}