{"key": "daily_snapshot", "value": {"day": 0, "customers": 29086647117532456612978262965423699484642981855690872199975347776552425551126900307200042204895959509, "mrr": 2.0994642086467428e-161, "total_revenue": 5.250998821828405, "conversion_rate": 3.4269087079592317e+93, "churn_rate": 0.05, "average_price": 7.217965687702988e-262, "daily_visitors": 0, "new_customers": 3192739313089179539705615908485097629156886005918756620039484705539836446988701715127545669506564096, "churned_customers": 1281240167458225604428173548337165526729963235652105457635274068995284879295701866505491120803282944}, "generation": 0, "timestamp": "2025-11-14T23:05:12.430086"}