{"key": "daily_snapshot", "value": {"day": 0, "customers": 49994205309703461394296082313378218124032374974222, "mrr": 1.1116126346509686e-70, "total_revenue": 5.934471667464104, "conversion_rate": 6.6494304313941e+42, "churn_rate": 0.05, "average_price": 2.22348295720427e-120, "daily_visitors": 0, "new_customers": 5658254363518084978035610647690290139211352768512, "churned_customers": 2659451732313136419450428524584971753353293856768}, "generation": 0, "timestamp": "2025-11-14T17:38:30.417210"}