{"key": "daily_snapshot", "value": {"day": 0, "customers": 16675668215004374767669267703038015134828674496968367145141014, "mrr": 2.890699018847788e-90, "total_revenue": 8.73321624443256, "conversion_rate": 2.2374871063650556e+54, "churn_rate": 0.05, "average_price": 1.733483169356179e-151, "daily_visitors": 0, "new_customers": 2049973166403134457882835849463531249386502072784240288727040, "churned_customers": 593053170245764614167691544901662083316780437088242317131776}, "generation": 0, "timestamp": "2025-11-14T16:22:52.903118"}