{"key": "daily_snapshot", "value": {"day": 0, "customers": 45408240332245566752474008956850639779642789541272433088204195847041212, "mrr": 6.718321805778633e-107, "total_revenue": 7.827191553977371, "conversion_rate": 6.730253491486345e+63, "churn_rate": 0.05, "average_price": 1.4795380214299514e-177, "daily_visitors": 0, "new_customers": 7586795706382566011848387334411100118931306236667408326035991238279168, "churned_customers": 2843388488405819908136568501201866807144220327631322204320620963954688}, "generation": 0, "timestamp": "2025-11-15T05:16:13.169785"}