{"key": "daily_snapshot", "value": {"day": 0, "customers": 398711227392934688387417236016394006180044103401021353281799281938342861614296896853952494574, "mrr": 3.3393072036843443e-146, "total_revenue": 4.058738603221899, "conversion_rate": 4.79758361025832e+85, "churn_rate": 0.05, "average_price": 8.375252499206442e-239, "daily_visitors": 0, "new_customers": 44752236974704571898402784485904210259636023913427303104197027943101996344582684258936553472, "churned_customers": 25354792043907170176076343688364822578271763124497867536265180612444974862820784813748781056}, "generation": 0, "timestamp": "2025-11-14T15:35:10.551599"}