{"key": "daily_snapshot", "value": {"day": 0, "customers": 22822560749789530778153307458706099619584624959166439076157837590, "mrr": 6.447222929615976e-97, "total_revenue": 6.2331957973706755, "conversion_rate": 2.9125585976328685e+57, "churn_rate": 0.05, "average_price": 2.824934064279107e-161, "daily_visitors": 0, "new_customers": 2228718556888687849470200256185535670535490791709351443936837632, "churned_customers": 1505143081542486977943517611538815068439137686615973415658455040}, "generation": 0, "timestamp": "2025-11-14T08:01:01.315970"}