{"key": "daily_snapshot", "value": {"day": 0, "customers": 959853423018702059448538097645404445089369097888410474163948623865718805955237821663206586893078, "mrr": 1.4203709667769428e-150, "total_revenue": 8.73321624443256, "conversion_rate": 1.3808982488358682e+89, "churn_rate": 0.05, "average_price": 1.479779029500078e-246, "daily_visitors": 0, "new_customers": 117656155834627015155310434369138495956262682142554787492535601595061090778367552210687596953600, "churned_customers": 59079367474171043813171533786083118471402398681776906910297064570961259091309023520896730529792}, "generation": 0, "timestamp": "2025-11-14T16:39:18.370566"}