{"key": "daily_snapshot", "value": {"day": 0, "customers": 94461436401545450791948850786293184555891080249, "mrr": 1.288841952179286e-63, "total_revenue": 8.82569014329087, "conversion_rate": 1.1985680493584297e+40, "churn_rate": 0.05, "average_price": 1.3644107069265354e-110, "daily_visitors": 0, "new_customers": 10119537751439987625729917780542550417422155776, "churned_customers": 2832658162693264163406464850278581550222147584}, "generation": 0, "timestamp": "2025-11-13T11:53:30.388249"}