{"key": "daily_snapshot", "value": {"day": 0, "customers": 53316168139876004695996742965657876614983998725418682549534657029981767390085578280213566132972638161434238240727171, "mrr": 7.713983080541467e-184, "total_revenue": 4.596591164332845, "conversion_rate": 6.018065186776793e+108, "churn_rate": 0.05, "average_price": 1.4468374884525988e-299, "daily_visitors": 0, "new_customers": 6489673436690577014486001860150302292908142119840723649306563553490741036279886594213591651338354106001112854167552, "churned_customers": 1972100046649560595987580213630305834713815624446389141661315239722529774999200539713954361826931874798574147469312}, "generation": 0, "timestamp": "2025-11-14T12:42:11.772021"}