{"key": "daily_snapshot", "value": {"day": 0, "customers": 105399973897340093840415044419, "mrr": 2.598733212552254e-36, "total_revenue": 3.6902796439842023, "conversion_rate": 1.5634110507697268e+22, "churn_rate": 0.05, "average_price": 2.465591893868426e-65, "daily_visitors": 0, "new_customers": 12767223629521778090014932992, "churned_customers": 4133259309859878628126359552}, "generation": 0, "timestamp": "2025-11-14T01:13:57.966975"}