{"key": "daily_snapshot", "value": {"day": 0, "customers": 76237313749218645172933468279010454814448935315571350671678505433446783469660783417924340534821577, "mrr": 3.969303057852991e-150, "total_revenue": 3.6905216285399813, "conversion_rate": 1.3055491802979894e+91, "churn_rate": 0.05, "average_price": 5.206509598318149e-248, "daily_visitors": 0, "new_customers": 11594228774437702758194321705477976443604177929712708407999354032423103471620616933905221088706560, "churned_customers": 5160056123501885115817232156601185970859086152448135826849460724036435522626948878228711767277568}, "generation": 0, "timestamp": "2025-11-15T04:27:14.005933"}