{"key": "daily_snapshot", "value": {"day": 0, "customers": 429338786885868046451235949500637742422815560442560750103647150586278843683774845491507081674778750502941192485350277565927632427600876, "mrr": 4.242430900549274e-189, "total_revenue": 3.8452002827692775, "conversion_rate": 6.049548114222397e+127, "churn_rate": 0.05, "average_price": 1e-323, "daily_visitors": 0, "new_customers": 64390859142076155359054644236960345576590237563195679513395186661911325806116419097879470648600488981573530345539141069981679746023424, "churned_customers": 9861015206179274079824456996052056806150735080129884024773016607541507501543754296082242062832484166614406818889355529179857770512384}, "generation": 0, "timestamp": "2025-11-13T14:40:52.195790"}