{"key": "daily_snapshot", "value": {"day": 0, "customers": 2161305997841378848592944768817412155150, "mrr": 6.104552540810958e-53, "total_revenue": 5.934471667464104, "conversion_rate": 2.6578807002734615e+32, "churn_rate": 0.05, "average_price": 2.8244739740267813e-92, "daily_visitors": 0, "new_customers": 205198842955948452215135438465826553856, "churned_customers": 49467298754514215081568754812158214144}, "generation": 0, "timestamp": "2025-11-14T17:30:08.058399"}