{"key": "daily_snapshot", "value": {"day": 0, "customers": 88563004293388226711219053936919838790348037, "mrr": 4.334790078797588e-62, "total_revenue": 1.5620171583249602, "conversion_rate": 1.3012475470874073e+37, "churn_rate": 0.05, "average_price": 4.894583368510689e-106, "daily_visitors": 0, "new_customers": 13776453460910643653406150586589277134520320, "churned_customers": 4811307373793278546982481188261228225495040}, "generation": 0, "timestamp": "2025-11-13T21:12:26.419191"}