{"key": "daily_snapshot", "value": {"day": 0, "customers": 113717176002741993616811930371827426295658083966803208206097038222528156638351658188981014, "mrr": 3.244259037942685e-138, "total_revenue": 8.73321624443256, "conversion_rate": 1.4929117942590967e+82, "churn_rate": 0.05, "average_price": 2.8529191033238974e-227, "daily_visitors": 0, "new_customers": 11881424819115296740025175128837733115173022645212990776669601622490847442836184920752128, "churned_customers": 4903526047783171051536521759778861596682433645651008156601714520653775014828911630483456}, "generation": 0, "timestamp": "2025-11-14T16:35:58.502917"}