{"key": "daily_snapshot", "value": {"day": 0, "customers": 41175155481518677648428106217354948012647133536315480503397180599908050, "mrr": 6.541257533497387e-108, "total_revenue": 7.180499208388138, "conversion_rate": 5.3410777834329345e+63, "churn_rate": 0.05, "average_price": 1.5886418538075483e-178, "daily_visitors": 0, "new_customers": 5048863276238249770954207452284172383987950280797516643583827181043712, "churned_customers": 2203911620664806320379832940380812492897330023341448852411141553389568}, "generation": 0, "timestamp": "2025-11-15T19:30:32.926730"}