{"key": "daily_snapshot", "value": {"day": 0, "customers": 16528332136009411110563510996482098133680227560907780726999367074375599972268905702228, "mrr": 4.5211594970201686e-132, "total_revenue": 7.997332640408474, "conversion_rate": 2.161497705462488e+78, "churn_rate": 0.05, "average_price": 2.7353997123340445e-217, "daily_visitors": 0, "new_customers": 1790689312911430892322718509709664478286736428599390994559618587120452514139256913920, "churned_customers": 1087775396364004392062859197647605628429101557127710838274283747723187086726055067648}, "generation": 0, "timestamp": "2025-11-15T16:33:23.685261"}