{"key": "daily_snapshot", "value": {"day": 0, "customers": 7763079480452334856542524771715712136243523257322494856666538424374439532904244669701, "mrr": 1.6824199644316826e-135, "total_revenue": 1.5620171583249602, "conversion_rate": 1.0067276288993765e+78, "churn_rate": 0.05, "average_price": 2.1672069295027395e-220, "daily_visitors": 0, "new_customers": 810214730821330884237463007562119892042208319082958657043970587938568179428035133440, "churned_customers": 464675104012069104351340849794003432613140817477772025592941383759066285884246589440}, "generation": 0, "timestamp": "2025-11-13T21:32:11.326568"}