{"key": "daily_snapshot", "value": {"day": 0, "customers": 107418547992215452194336714395983873122383207843673425425993012480462497838324777503827480790850079903228361889, "mrr": 8.433957556976614e-172, "total_revenue": 4.323965768575599, "conversion_rate": 1.4142228974111873e+103, "churn_rate": 0.05, "average_price": 7.85149093393798e-282, "daily_visitors": 0, "new_customers": 12253954240705120908127086740775753474846283635204722068907587770661691748318178462733910371453628166029967360, "churned_customers": 2513856118014260191520899509571046108409744331002133421389803721596263638678302983017211480145998881772011520}, "generation": 0, "timestamp": "2025-11-14T14:41:29.326841"}