{"key": "daily_snapshot", "value": {"day": 0, "customers": 38180005142857773347936945208966767967393, "mrr": 1.0679800906250822e-54, "total_revenue": 4.323965768575599, "conversion_rate": 5.485796265101871e+33, "churn_rate": 0.05, "average_price": 2.7972235378938032e-95, "daily_visitors": 0, "new_customers": 5773433310754061290943968991548931047424, "churned_customers": 1497310823603500606059613610908395241472}, "generation": 0, "timestamp": "2025-11-14T14:09:14.878411"}