{"key": "daily_snapshot", "value": {"day": 0, "customers": 58277704754964195334259625522338990362940349145682860654205217, "mrr": 8.762384944488352e-88, "total_revenue": 9.426328809042326, "conversion_rate": 6.995009922090654e+54, "churn_rate": 0.05, "average_price": 1.5035569745464206e-149, "daily_visitors": 0, "new_customers": 7886657747977455094765611285913932761034064489520641800667136, "churned_customers": 3012816921455513443239863473250982474008940308122585329041408}, "generation": 0, "timestamp": "2025-11-15T12:16:24.475183"}