{"key": "daily_snapshot", "value": {"day": 0, "customers": 269689715768916948829504685082507502542605123208019282447572141159558564647295671353350136475823847, "mrr": 9.556095902877494e-154, "total_revenue": 3.180859164035811, "conversion_rate": 3.220350138013891e+91, "churn_rate": 0.05, "average_price": 3.5433668190245765e-252, "daily_visitors": 0, "new_customers": 34294723301788251179522516458813375679739219970096540194313911959894436088625840365198467556966400, "churned_customers": 11035619870353004746725711579746289794313843200405590197881317176906666134690878691498777806635008}, "generation": 0, "timestamp": "2025-11-14T09:27:07.173369"}