{"key": "daily_snapshot", "value": {"day": 0, "customers": 21274516947776221942194249895488, "mrr": 6.972369286551459e-38, "total_revenue": 4.61627280770732, "conversion_rate": 3.194393672212406e+24, "churn_rate": 0.05, "average_price": 3.2773337715102695e-69, "daily_visitors": 0, "new_customers": 2624909040800193601575531315200, "churned_customers": 826748992572108751597010419712}, "generation": 0, "timestamp": "2025-11-15T17:09:04.695306"}