{"key": "daily_snapshot", "value": {"day": 0, "customers": 5176015949, "mrr": 0.03983308837795627, "total_revenue": 6.957535406017807, "conversion_rate": 703.7309664687954, "churn_rate": 0.05, "average_price": 7.695704335233353e-12, "daily_visitors": 0, "new_customers": 741204979, "churned_customers": 192543093}, "generation": 0, "timestamp": "2025-11-14T04:13:37.364069"}