{"key": "daily_snapshot", "value": {"day": 0, "customers": 729848710880547588928634345498624610946671748109880353435146961415074014027542490693523567687, "mrr": 2.3317975005511877e-145, "total_revenue": 8.531929138055917, "conversion_rate": 9.837524027117823e+85, "churn_rate": 0.05, "average_price": 3.1949052807641756e-238, "daily_visitors": 0, "new_customers": 104707384367784053782655690647305394592221400633219451168492121408627431155411702321531322368, "churned_customers": 25238092301643240574419883272634416480782769766782429298649216326022614665608502320518135808}, "generation": 0, "timestamp": "2025-11-13T11:45:25.656822"}