{"key": "daily_snapshot", "value": {"day": 0, "customers": 527972749562339502764326798148696129240865057463854932224568541897, "mrr": 1.6014732659793592e-96, "total_revenue": 3.6905216285399813, "conversion_rate": 7.531823417203477e+58, "churn_rate": 0.05, "average_price": 3.0332498548587835e-162, "daily_visitors": 0, "new_customers": 55755313330401849742971028401139452640749409791064180873383378944, "churned_customers": 32080298253568016766852317915975071404667998131250468409925697536}, "generation": 0, "timestamp": "2025-11-15T04:12:24.145456"}