{"key": "daily_snapshot", "value": {"day": 0, "customers": 73438328480526659059436146790373525887503879112681814766102547740806207, "mrr": 5.563125719920706e-107, "total_revenue": 2.4762944740981485, "conversion_rate": 9.520062790091646e+63, "churn_rate": 0.05, "average_price": 7.575234669721353e-178, "daily_visitors": 0, "new_customers": 8591540597195673504421155848745247353584355078421070064006421612068864, "churned_customers": 2024442973138058101648935653126936750925555906895691742413417485434880}, "generation": 0, "timestamp": "2025-11-13T16:15:57.249024"}