{"key": "daily_snapshot", "value": {"day": 0, "customers": 2670355615249086818572838191430319956395522869139666013192435290292222431637779357954005723683309279625686078807070641042, "mrr": 1.404096367257049e-193, "total_revenue": 5.414632391501176, "conversion_rate": 3.8159900515909726e+113, "churn_rate": 0.05, "average_price": 5.2580875717e-314, "daily_visitors": 0, "new_customers": 300901143400409739548859472557511670908390815104480198911859557622574603712094745594371105948467388730831726211575578624, "churned_customers": 95072621783776734118650051503012838368788331072853852580864456561330247503018258098298512456049125576687965441693319168}, "generation": 0, "timestamp": "2025-11-14T00:04:45.129183"}