{"key": "daily_snapshot", "value": {"day": 0, "customers": 62914973030447286154929934, "mrr": 3.631170154549671e-29, "total_revenue": 5.934471667464104, "conversion_rate": 7.715869791363574e+18, "churn_rate": 0.05, "average_price": 5.7715516349222464e-55, "daily_visitors": 0, "new_customers": 6881936885080491672207360, "churned_customers": 2916991767772810086187008}, "generation": 0, "timestamp": "2025-11-14T17:22:15.319627"}