{"key": "daily_snapshot", "value": {"day": 0, "customers": 3146133955032823458328438607631690712592754843, "mrr": 4.6540666868033163e-63, "total_revenue": 13.18914372001125, "conversion_rate": 4.168792969439503e+38, "churn_rate": 0.05, "average_price": 1.4792970526122309e-108, "daily_visitors": 0, "new_customers": 385959826362765843947061681896603430709886976, "churned_customers": 92482167838018671039007815467516917788442624}, "generation": 0, "timestamp": "2025-11-13T18:06:26.355369"}