{"key": "daily_snapshot", "value": {"day": 0, "customers": 47281387080633428339687548687782121299232324483285019962581, "mrr": 5.029457609014392e-83, "total_revenue": 5.438023679800494, "conversion_rate": 7.294766366507e+51, "churn_rate": 0.05, "average_price": 1.0637288623612463e-141, "daily_visitors": 0, "new_customers": 5351539672947497548870545304681388485947592116190893309952, "churned_customers": 2668638940830317773008700077357650174827935843881821667328}, "generation": 0, "timestamp": "2025-11-14T19:55:11.024773"}