{"key": "daily_snapshot", "value": {"day": 0, "customers": 27, "mrr": 2.490310449950792, "total_revenue": 1.8396635814059643, "conversion_rate": 0.09343785942527551, "churn_rate": 0.05, "average_price": 0.09223372036854786, "daily_visitors": 65, "new_customers": 3, "churned_customers": 1}, "generation": 0, "timestamp": "2025-11-14T02:09:40.504278"}