{"key": "daily_snapshot", "value": {"day": 0, "customers": 234261382327247931834812460324231839, "mrr": 1.2390808864953168e-46, "total_revenue": 3.5615064647863135, "conversion_rate": 3.3665948381562533e+28, "churn_rate": 0.05, "average_price": 5.289309207457853e-82, "daily_visitors": 0, "new_customers": 26423905681118241320053702727303168, "churned_customers": 9448124016646335769253466490273792}, "generation": 0, "timestamp": "2025-11-13T11:49:28.216728"}