{"key": "daily_snapshot", "value": {"day": 0, "customers": 6426616202733568357893021250034762753673640054554693596753037304887295803572289139236723591761265827162475113135522, "mrr": 8.06496297350492e-183, "total_revenue": 8.401501509864964, "conversion_rate": 8.749452690492833e+107, "churn_rate": 0.05, "average_price": 1.2549314785710212e-297, "daily_visitors": 0, "new_customers": 881678743911824044122159078596135550283913866208241254139468713049850065918846697439282160293575603643537124491264, "churned_customers": 437301260633839294848042017252583750024227832101038726885882288528922721940225360347137404465349683403017492103168}, "generation": 0, "timestamp": "2025-11-14T13:43:04.850277"}