{"key": "daily_snapshot", "value": {"day": 0, "customers": 217123383654031853862420023070053292350979, "mrr": 6.458374714427113e-58, "total_revenue": 11.37579680016544, "conversion_rate": 2.7857610239699235e+34, "churn_rate": 0.05, "average_price": 2.9745182696295845e-99, "daily_visitors": 0, "new_customers": 22735780338760058199802725020191349014528, "churned_customers": 5105060406610688686274482700797071065088}, "generation": 0, "timestamp": "2025-11-14T05:29:52.651672"}