{"key": "daily_snapshot", "value": {"day": 0, "customers": 1213534907289365658412464499538812023, "mrr": 4.7362099221641066e-48, "total_revenue": 3.0646080228541357, "conversion_rate": 1.6002175430096482e+29, "churn_rate": 0.05, "average_price": 3.902821331067623e-84, "daily_visitors": 0, "new_customers": 145516239904520316996988220288794624, "churned_customers": 67517508576130264580536678207193088}, "generation": 0, "timestamp": "2025-11-14T20:58:14.936498"}