{"key": "daily_snapshot", "value": {"day": 0, "customers": 6736754045301333690798996114239294433260023606402446407, "mrr": 1.2258076784818197e-81, "total_revenue": 8.531929138055917, "conversion_rate": 9.476500854732216e+47, "churn_rate": 0.05, "average_price": 1.8195820572324154e-136, "daily_visitors": 0, "new_customers": 971809742217673771764269882166493630695488629988392960, "churned_customers": 182235646923407419209016839387000149189639482801913856}, "generation": 0, "timestamp": "2025-11-13T11:27:52.444086"}