{"key": "daily_snapshot", "value": {"day": 0, "customers": 10986997941614315936611376154566, "mrr": 1.2669209601814789e-39, "total_revenue": 3.6346456800791516, "conversion_rate": 1.4952270763862893e+24, "churn_rate": 0.05, "average_price": 1.1531093087611252e-70, "daily_visitors": 0, "new_customers": 1250813995976243778170856144896, "churned_customers": 504095641253007898795510333440}, "generation": 0, "timestamp": "2025-11-13T14:54:06.634504"}