{"key": "daily_snapshot", "value": {"day": 0, "customers": 197941488415273192730518226172152780567278970636953741607493120245820924756, "mrr": 2.6237441236118155e-114, "total_revenue": 7.997332640408474, "conversion_rate": 2.752225600606627e+67, "churn_rate": 0.05, "average_price": 1.3255150017399622e-188, "daily_visitors": 0, "new_customers": 24493517873757402930641866084589854687361356299266835153522297042397822976, "churned_customers": 12762135636473694062462438438229330539001113093859070565610957693092102144}, "generation": 0, "timestamp": "2025-11-15T16:28:26.073031"}