{"key": "daily_snapshot", "value": {"day": 0, "customers": 6147210558447341654065138407597797927895756012010546298065133521524253664296508141349427177537649342170306307200281103993746, "mrr": 2.7334129992132746e-199, "total_revenue": 5.414632391501176, "conversion_rate": 7.111381481382632e+116, "churn_rate": 0.05, "average_price": 4.4e-323, "daily_visitors": 0, "new_customers": 735037723526624469852259335318283252313141925115315207914856851474622223729296779832876226775886267510595798482810998620160, "churned_customers": 305314742420740493069121654398691412582269696752469604463645484309621260063713647404475998803030683603062257262457610305536}, "generation": 0, "timestamp": "2025-11-14T00:06:19.471699"}