{"key": "daily_snapshot", "value": {"day": 0, "customers": 13021325334525394110758198746925463974849802033392224121414342554027728339590077455522712628775593412023322586830588947190640, "mrr": 1.908593666261382e-194, "total_revenue": 7.626819946521412, "conversion_rate": 1.8172981182601265e+117, "churn_rate": 0.05, "average_price": 1.465745e-318, "daily_visitors": 0, "new_customers": 1574728579458180687870104383404701430389200979576071614988749473839701176597511611669675088466344304610278118355676386295808, "churned_customers": 321567107946442923783152105790914459958939816481619211743969774888271240439578251500858646649853470500320543517223910637568}, "generation": 0, "timestamp": "2025-11-15T02:18:26.771604"}