{"key": "daily_snapshot", "value": {"day": 0, "customers": 2513482287271173678807596717957004673274134, "mrr": 3.5306295974028366e-59, "total_revenue": 6.2331957973706755, "conversion_rate": 3.251960692060342e+35, "churn_rate": 0.05, "average_price": 1.4046765379182183e-101, "daily_visitors": 0, "new_customers": 333604177555887735626568119476499905511424, "churned_customers": 162771614761801898172652083725453320257536}, "generation": 0, "timestamp": "2025-11-14T07:50:42.223739"}