{"key": "daily_snapshot", "value": {"day": 0, "customers": 125816338927176624168415358216545454, "mrr": 2.955331623582647e-45, "total_revenue": 14.069439877331755, "conversion_rate": 1.622928163294513e+28, "churn_rate": 0.05, "average_price": 2.3489251465926164e-80, "daily_visitors": 0, "new_customers": 16603618304060264041614037777121280, "churned_customers": 4806143193347440710675018832412672}, "generation": 0, "timestamp": "2025-11-15T13:05:38.868861"}