{"key": "daily_snapshot", "value": {"day": 0, "customers": 44054458601848267417657818500565375163233936432069636, "mrr": 1.6118430940749322e-74, "total_revenue": 4.445436838349596, "conversion_rate": 6.126754274293366e+45, "churn_rate": 0.05, "average_price": 3.6587513392056727e-127, "daily_visitors": 0, "new_customers": 5009296866364457467899840790449530026177650218762240, "churned_customers": 2541598497627328950053174594153588999432674805284864}, "generation": 0, "timestamp": "2025-11-15T18:20:20.353917"}