{"key": "daily_snapshot", "value": {"day": 0, "customers": 25737227713649316493604839220999176178844961416657220083290687012528230398268684140512293040704938316923744904988025517127, "mrr": 1.1512474577990946e-196, "total_revenue": 8.531929138055917, "conversion_rate": 3.8361906983789547e+114, "churn_rate": 0.05, "average_price": 4.473083e-318, "daily_visitors": 0, "new_customers": 4062035354494160909523346358616741922775080319955310580644964464136137422102148102148970949071057679612341494438466420736, "churned_customers": 666955210035173813976568294890988068666918158341797731620356426487866461124935146716726427635319034530161499308904415232}, "generation": 0, "timestamp": "2025-11-13T11:59:12.242570"}