{"key": "daily_snapshot", "value": {"day": 0, "customers": 207431808984128557377099651643367315799280718433054229763587545472518662766107458630630457, "mrr": 2.4475702350227633e-135, "total_revenue": 8.82569014329087, "conversion_rate": 2.7636565623825285e+82, "churn_rate": 0.05, "average_price": 1.1799396857258458e-224, "daily_visitors": 0, "new_customers": 23823339481324712931199633284281595643699299160815945865429720376355523971338658606219264, "churned_customers": 9989858729895814472493190064151975808555198689765833892041938593635420475940005866373120}, "generation": 0, "timestamp": "2025-11-13T12:13:11.032133"}