{"key": "daily_snapshot", "value": {"day": 0, "customers": 75038588992, "mrr": 0.0013962483787747365, "total_revenue": 8.40119096970346, "conversion_rate": 10180.745933681865, "churn_rate": 0.05, "average_price": 1.8607071341967706e-14, "daily_visitors": 0, "new_customers": 10089132629, "churned_customers": 2296415074}, "generation": 0, "timestamp": "2025-11-14T12:54:06.618090"}