{"key": "daily_snapshot", "value": {"day": 0, "customers": 5032594707385963698621089860224381173084720262564029633348119050085452183619135435074011330487470, "mrr": 1.0092740597209958e-147, "total_revenue": 14.069439877331755, "conversion_rate": 6.87346096553188e+89, "churn_rate": 0.05, "average_price": 2.0054745482280933e-244, "daily_visitors": 0, "new_customers": 708782856746489387227379041437877015292430186186154140927086052249714175474530563442126067073024, "churned_customers": 276248510405230391305307297937941956514640229178085926587117480205837158384354355458723754803200}, "generation": 0, "timestamp": "2025-11-15T13:34:01.089277"}