{"key": "daily_snapshot", "value": {"day": 0, "customers": 168205937759532634061756583146154426264827851258312, "mrr": 1.225533148066228e-70, "total_revenue": 4.843910136547377, "conversion_rate": 2.1046643755292503e+43, "churn_rate": 0.05, "average_price": 7.285908954166953e-121, "daily_visitors": 0, "new_customers": 15425773463775428715026331300352204463814219923456, "churned_customers": 10476774312158748678740232730424871144505361825792}, "generation": 0, "timestamp": "2025-11-14T06:52:55.181699"}