{"key": "daily_snapshot", "value": {"day": 0, "customers": 136595033449, "mrr": 0.000272905822495862, "total_revenue": 11.375739607058179, "conversion_rate": 18287.363529374205, "churn_rate": 0.05, "average_price": 1.9979190722022544e-15, "daily_visitors": 0, "new_customers": 15881124726, "churned_customers": 7401536636}, "generation": 0, "timestamp": "2025-11-14T05:15:23.272004"}