{"key": "daily_snapshot", "value": {"day": 0, "customers": 250995630009084392338284667111749309466985746588803592396566716, "mrr": 1.8951134078011466e-93, "total_revenue": 7.827191553977371, "conversion_rate": 3.021300356241558e+55, "churn_rate": 0.05, "average_price": 7.550384075342491e-156, "daily_visitors": 0, "new_customers": 28375431544267885131710316853928397570131522541995072128286720, "churned_customers": 10906394953514152097766223803171420379351845290382341640814592}, "generation": 0, "timestamp": "2025-11-15T05:12:27.909654"}