{"key": "daily_snapshot", "value": {"day": 0, "customers": 14022009232539352199290197196182817026977152442331187642164647747170541371183345211810786392646311661360406889968940076185298, "mrr": 1.801226192341284e-198, "total_revenue": 7.180499208388138, "conversion_rate": 1.978440398541113e+117, "churn_rate": 0.05, "average_price": 1.3e-322, "daily_visitors": 0, "new_customers": 2054281940705270924604359293467670215220101606653142036703952895065448573873430966342407706325276125640397574004030421598208, "churned_customers": 645796643950430842940103294281688751573989414483863964241148713320012024233638323456862027058915029424842653896907094491136}, "generation": 0, "timestamp": "2025-11-15T19:55:34.765950"}