{"key": "daily_snapshot", "value": {"day": 0, "customers": 19170721351737940116750741110412682470897426043617074756384697173370286673695432354749035272624116269798604788705326226130683867971, "mrr": 1.894318965177796e-193, "total_revenue": 3.6902796439842023, "conversion_rate": 2.5686317018784773e+123, "churn_rate": 0.05, "average_price": 1e-323, "daily_visitors": 0, "new_customers": 2532469518290912199236633034567717635846925191485112130128086442134152879525670587599591319062804471315244947936156884893647765504, "churned_customers": 1291271401748399908514986450835352538508711013799096017836822142695595733030625552802356361414584370734747022828488757275235713024}, "generation": 0, "timestamp": "2025-11-14T02:06:30.251864"}