{"key": "daily_snapshot", "value": {"day": 0, "customers": 7716367211399321064806689074563516258885234536742165683621288195166090053243091317355649225736086838738622855547833235880924496810841, "mrr": 7.624783899696448e-191, "total_revenue": 4.2636659399133805, "conversion_rate": 1.0117255191601502e+126, "churn_rate": 0.05, "average_price": 1e-323, "daily_visitors": 0, "new_customers": 948995904894205571870997110133146710591395301417061983812218673065070519835752973867383328725129112776344030541538008118347748605952, "churned_customers": 360863618609326971380121548516833840926108253666751233680528973532880596685132187024533122760145680514219323985320813056104217968640}, "generation": 0, "timestamp": "2025-11-15T15:54:12.375220"}