{"key": "daily_snapshot", "value": {"day": 0, "customers": 20529261174077324209833676506800703430, "mrr": 1.6640696335762004e-50, "total_revenue": 3.6346456800791516, "conversion_rate": 3.15832111373034e+30, "churn_rate": 0.05, "average_price": 8.105842774690069e-88, "daily_visitors": 0, "new_customers": 3257095336776156773840311157264482304, "churned_customers": 814424665724385150582204739035856896}, "generation": 0, "timestamp": "2025-11-13T14:57:04.370669"}