{"key": "daily_snapshot", "value": {"day": 0, "customers": 116668893729774546729970854041055987658302516485, "mrr": 1.6927376943456332e-67, "total_revenue": 1.5620171583249602, "conversion_rate": 1.372692141803517e+40, "churn_rate": 0.05, "average_price": 1.4508903275163541e-114, "daily_visitors": 0, "new_customers": 13848708194468171799336905382134645713121837056, "churned_customers": 3379616625126510202811098773435366217860775936}, "generation": 0, "timestamp": "2025-11-13T21:13:54.728692"}