{"key": "daily_snapshot", "value": {"day": 0, "customers": 68890986780106559187708833422149711303996072295520212046528467986176634117, "mrr": 6.275190243253571e-116, "total_revenue": 1.5620171583249602, "conversion_rate": 1.0631669457485666e+67, "churn_rate": 0.05, "average_price": 9.10886973252884e-190, "daily_visitors": 0, "new_customers": 7156960925717470565188248756739590314787197931336225228099679602331353088, "churned_customers": 2560880336147590572555965339941880319858157752820055598200477965317308416}, "generation": 0, "timestamp": "2025-11-13T21:26:54.073316"}