{"key": "daily_snapshot", "value": {"day": 0, "customers": 410041070254747386691410610022690824638915143728722478901798223883999035245557497964377612141334, "mrr": 8.829668178757757e-150, "total_revenue": 8.73321624443256, "conversion_rate": 5.151071278906926e+88, "churn_rate": 0.05, "average_price": 2.1533618994000096e-245, "daily_visitors": 0, "new_customers": 54484989877305442371817940293891898492193166198152550228839194858553346421731332415069748199424, "churned_customers": 25798539222407355460378069477153301952472049118507437226448623089813514456525264025507613114368}, "generation": 0, "timestamp": "2025-11-14T16:39:06.316184"}