{"key": "daily_snapshot", "value": {"day": 0, "customers": 15148445130533893459828489635771402087939707806023526618752192940099295701, "mrr": 7.133668331092247e-114, "total_revenue": 5.250998821828405, "conversion_rate": 2.2215988268510008e+66, "churn_rate": 0.05, "average_price": 4.709175278136831e-187, "daily_visitors": 0, "new_customers": 2082250040243658133059373519129397073120388130106036983884397922161262592, "churned_customers": 1006793909278415711394109139697467964128154274679192697870713520620830720}, "generation": 0, "timestamp": "2025-11-14T22:17:11.183597"}