{"key": "daily_snapshot", "value": {"day": 0, "customers": 39955517671056348900086955516474013858248, "mrr": 3.410782302801836e-54, "total_revenue": 4.843910136547377, "conversion_rate": 6.807936916283763e+33, "churn_rate": 0.05, "average_price": 8.536448785076301e-95, "daily_visitors": 0, "new_customers": 5127653180318040244567204715938480914432, "churned_customers": 1987078595380934526315683369914655047680}, "generation": 0, "timestamp": "2025-11-14T06:48:24.904160"}