{"key": "daily_snapshot", "value": {"day": 0, "customers": 1558757914184914679465065980054715093957715724967608076087015, "mrr": 1.6262556117739282e-87, "total_revenue": 3.180859164035811, "conversion_rate": 2.0555013362208036e+53, "churn_rate": 0.05, "average_price": 1.0433022324857343e-147, "daily_visitors": 0, "new_customers": 223554448346916200855826013870786002229561018560559280291840, "churned_customers": 105069659569438261502084718978546235408378963598942142464000}, "generation": 0, "timestamp": "2025-11-14T09:09:03.524556"}