{"key": "daily_snapshot", "value": {"day": 0, "customers": 1192868572846284, "mrr": 3.3361766059681256e-11, "total_revenue": 3.6905216285327778, "conversion_rate": 157523141.06218895, "churn_rate": 0.05, "average_price": 2.796767960788614e-26, "daily_visitors": 0, "new_customers": 140618642823703, "churned_customers": 63075995259877}, "generation": 0, "timestamp": "2025-11-15T03:48:53.953780"}