{"key": "daily_snapshot", "value": {"day": 0, "customers": 648349497337667047363538358803056092314606, "mrr": 6.319398666030444e-58, "total_revenue": 4.058738603221899, "conversion_rate": 9.126129765185976e+34, "churn_rate": 0.05, "average_price": 9.746901465922224e-100, "daily_visitors": 0, "new_customers": 86181710674035431731682948604975783084032, "churned_customers": 25227379868678112547598202008359749550080}, "generation": 0, "timestamp": "2025-11-14T15:11:09.379165"}