{"key": "daily_snapshot", "value": {"day": 0, "customers": 84389440865633880647152343257520526168517861323274216808061050927259760008281392126145923278377733039886, "mrr": 5.181820636964293e-162, "total_revenue": 5.934471667464104, "conversion_rate": 1.0341765627968843e+97, "churn_rate": 0.05, "average_price": 6.140366121414247e-266, "daily_visitors": 0, "new_customers": 9625641060379137075083411186014613094297151617089630872076353530601411184709064240352048110670356414464, "churned_customers": 2406462764310961937229891229780161502196573282720513801107834691681993460719075456328738384636662513664}, "generation": 0, "timestamp": "2025-11-14T18:14:25.642528"}