{"key": "daily_snapshot", "value": {"day": 0, "customers": 64313042705315888829362070369301222504762184654888152016856262088464350769363047257, "mrr": 3.0092658472269784e-129, "total_revenue": 4.2636659399133805, "conversion_rate": 8.947119166191491e+75, "churn_rate": 0.05, "average_price": 4.6790910842385673e-212, "daily_visitors": 0, "new_customers": 6514935016325643047131586678564162547321971801198332651812324715132903580032303104, "churned_customers": 4393722388047569159101008975190497774264782953824599410378000249187847142717259776}, "generation": 0, "timestamp": "2025-11-15T15:31:09.432637"}