{"key": "daily_snapshot", "value": {"day": 0, "customers": 10810759780215444123621285508980227, "mrr": 1.3128217365321298e-43, "total_revenue": 11.37579680016544, "conversion_rate": 1.4124973071502422e+27, "churn_rate": 0.05, "average_price": 1.214365838499805e-77, "daily_visitors": 0, "new_customers": 1365355815108144975905043381223424, "churned_customers": 512275591005218104523570540445696}, "generation": 0, "timestamp": "2025-11-14T05:26:08.527880"}