{"key": "daily_snapshot", "value": {"day": 0, "customers": 11258825669046674328387403, "mrr": 1.0153264640232952e-29, "total_revenue": 5.241512577835226, "conversion_rate": 1.5014223134013704e+18, "churn_rate": 0.05, "average_price": 9.01804942956601e-55, "daily_visitors": 0, "new_customers": 1309947737174666144382976, "churned_customers": 444704114419776062750720}, "generation": 0, "timestamp": "2025-11-13T18:58:16.386206"}