{"key": "daily_snapshot", "value": {"day": 0, "customers": 120482519420749933257106239340648108223444842130630457042, "mrr": 1.7369018186318676e-83, "total_revenue": 7.180499208388138, "conversion_rate": 1.6340908455743494e+49, "churn_rate": 0.05, "average_price": 1.4416214293844955e-139, "daily_visitors": 0, "new_customers": 16514033805960992917732752581647988282084682882254635008, "churned_customers": 3022225292759110152674937226372537165772688230732267520}, "generation": 0, "timestamp": "2025-11-15T19:23:45.549818"}