{"key": "daily_snapshot", "value": {"day": 0, "customers": 402201954621960905141446090428345263240498589087659777957588353582224102781570196611571057095433026511830177, "mrr": 9.825783301380018e-168, "total_revenue": 4.323965768575599, "conversion_rate": 5.384006238258889e+100, "churn_rate": 0.05, "average_price": 2.4429974017942066e-275, "daily_visitors": 0, "new_customers": 42686615859263274588498435012926376456125787104759308862245153912166291659118857038173092189826998928932864, "churned_customers": 10921507131121416187426435085137470861639323716873304158557955913255034303061978869993997176800608469909504}, "generation": 0, "timestamp": "2025-11-14T14:40:22.043155"}