{"key": "daily_snapshot", "value": {"day": 0, "customers": 115861281316657144184149674273537084526448771821229375605480012571983590815287238, "mrr": 2.8575971044824513e-123, "total_revenue": 3.6346456800791516, "conversion_rate": 1.5282602032522406e+73, "churn_rate": 0.05, "average_price": 2.466395220222392e-203, "daily_visitors": 0, "new_customers": 14187276730954032060329937784768366637538374984925058901051210780072541264281600, "churned_customers": 3220042713089336412531105729378222783160789641788139821690674255037361127686144}, "generation": 0, "timestamp": "2025-11-13T15:17:04.908775"}