{"key": "daily_snapshot", "value": {"day": 0, "customers": 512163444322572896986364261167113759528244281097016, "mrr": 2.202733811643879e-72, "total_revenue": 8.385937104373125, "conversion_rate": 6.934569953122804e+43, "churn_rate": 0.05, "average_price": 4.3008415302997375e-123, "daily_visitors": 0, "new_customers": 59116616754753872024116348638679094431179117428736, "churned_customers": 27185483428365500367274903141030322200242305368064}, "generation": 0, "timestamp": "2025-11-13T12:57:40.781787"}