{"key": "daily_snapshot", "value": {"day": 0, "customers": 11211818102771395535308914562791412278859572740858496231537576963446069460386025668135999, "mrr": 7.343719592766925e-135, "total_revenue": 2.4762944740981485, "conversion_rate": 1.4591722920670268e+81, "churn_rate": 0.05, "average_price": 6.549981033809018e-223, "daily_visitors": 0, "new_customers": 1372833773139981776771503263059928611397683414074714492611992373766348984074498914385920, "churned_customers": 698673783005432576432014120444890223673079965669861785427211546859896954999021093519360}, "generation": 0, "timestamp": "2025-11-13T16:23:44.572843"}