{"key": "daily_snapshot", "value": {"day": 0, "customers": 51599555412085280718176424320463882160191377177180982948293670551539191324562422585160116070273881, "mrr": 2.128492953763377e-153, "total_revenue": 4.2636659399133805, "conversion_rate": 7.110616591373786e+90, "churn_rate": 0.05, "average_price": 4.125021885876281e-251, "daily_visitors": 0, "new_customers": 6931199632360035028432088856717447755890902711516050842379603482854304185033720389396119624351744, "churned_customers": 2663760589361007535015494123595109915461560261824738418804374568819815596503340855359028192083968}, "generation": 0, "timestamp": "2025-11-15T15:37:54.656124"}