{"key": "daily_snapshot", "value": {"day": 0, "customers": 5016463757736267, "mrr": 1.2940285004162023e-12, "total_revenue": 5.9344716674638205, "conversion_rate": 634941598.1825517, "churn_rate": 0.05, "average_price": 2.579563140310908e-28, "daily_visitors": 0, "new_customers": 555504316420088, "churned_customers": 153082992796724}, "generation": 0, "timestamp": "2025-11-14T17:17:37.386543"}