{"key": "daily_snapshot", "value": {"day": 0, "customers": 123484965153230764357904819436968026759697702254938504509138, "mrr": 3.145315913642303e-88, "total_revenue": 7.180499208388138, "conversion_rate": 1.6583940667029638e+52, "churn_rate": 0.05, "average_price": 2.5471245910296245e-147, "daily_visitors": 0, "new_customers": 17432288788640353595062008291024403285360106607903598706688, "churned_customers": 6805222976041039132395340786876543195574121518932328185856}, "generation": 0, "timestamp": "2025-11-15T19:25:06.361959"}