{"key": "daily_snapshot", "value": {"day": 0, "customers": 2098803053002541064317125527347108169479239, "mrr": 3.165540583487968e-60, "total_revenue": 8.531929138055917, "conversion_rate": 2.6101471961803618e+35, "churn_rate": 0.05, "average_price": 1.508259947954314e-102, "daily_visitors": 0, "new_customers": 272095250682038708339260559257269331558400, "churned_customers": 125648304134075640681477360264313158238208}, "generation": 0, "timestamp": "2025-11-13T11:22:01.253934"}