{"key": "daily_snapshot", "value": {"day": 0, "customers": 227654887936954919722681876297215787505014903001366, "mrr": 1.2238844957687355e-72, "total_revenue": 6.2331957973706755, "conversion_rate": 3.44428839852561e+43, "churn_rate": 0.05, "average_price": 5.376051912874672e-123, "daily_visitors": 0, "new_customers": 31202642647385427461238364773388865994776511512576, "churned_customers": 14056108731417138579336665838701240879209607331840}, "generation": 0, "timestamp": "2025-11-14T07:54:24.341174"}