{"key": "daily_snapshot", "value": {"day": 0, "customers": 110789472953843519470, "mrr": 2.3615269322470112e-21, "total_revenue": 4.058738603221899, "conversion_rate": 15267634369835.914, "churn_rate": 0.05, "average_price": 2.1315445134673194e-41, "daily_visitors": 0, "new_customers": 14709294318087286784, "churned_customers": 5080260536081977344}, "generation": 0, "timestamp": "2025-11-14T15:01:04.501464"}