{"key": "daily_snapshot", "value": {"day": 0, "customers": 37324168061481660193126218133812410575918955883609423569648326031769138578452335082302126209982606570472060460733673211794157140256923, "mrr": 3.688117839756633e-190, "total_revenue": 13.18914372001125, "conversion_rate": 5.3106226114623194e+126, "churn_rate": 0.05, "average_price": 1e-323, "daily_visitors": 0, "new_customers": 5258855851831409103745885785022632950283700204385751480438554051301897865085173292016516151924518235433673995149850309222083434905600, "churned_customers": 1378495473738643827883609044563437916709545896780599429949799565480454241436890421072209926639593224819173417087383532445116242329600}, "generation": 0, "timestamp": "2025-11-13T18:48:06.548276"}