{"key": "daily_snapshot", "value": {"day": 0, "customers": 7019194591428575525466930114897302853511090441262789438886857139552066786343633433816333559361794245369945887485057963712031059719, "mrr": 6.935885818199087e-194, "total_revenue": 7.42566689692798, "conversion_rate": 1.0428667918806838e+123, "churn_rate": 0.05, "average_price": 1e-323, "daily_visitors": 0, "new_customers": 784112676446561445162987141745194492277447033455313708303487697810642380580787960106230858329206116580732422946575451106301706240, "churned_customers": 439131463217394823160103585867136485863979589780816929953023115586269043053518495362786069731888876838509759658964405052663398400}, "generation": 0, "timestamp": "2025-11-15T14:50:49.830531"}