{"key": "daily_snapshot", "value": {"day": 0, "customers": 25602366261420623073178989223147305263644765249883356918934989330827711610584314448129, "mrr": 1.0942610204150126e-131, "total_revenue": 6.966800923949336, "conversion_rate": 3.366904219087878e+78, "churn_rate": 0.05, "average_price": 4.274062050521944e-217, "daily_visitors": 0, "new_customers": 2466163214693631052432788942273977689247581026366013146222792547722164349025701068800, "churned_customers": 1317334106389991498076674675353107848393790122928323634522878584668223603159758536704}, "generation": 0, "timestamp": "2025-11-14T04:49:05.513535"}