{"key": "daily_snapshot", "value": {"day": 0, "customers": 235693927923371130625928253735032934701316560532163672948922617016322307186679184567164204423181967997271883, "mrr": 2.0063689623276065e-172, "total_revenue": 5.241512577835226, "conversion_rate": 2.694719218243733e+100, "churn_rate": 0.05, "average_price": 8.51260352782579e-280, "daily_visitors": 0, "new_customers": 29504384375923370474785528684989383007142978781039007697452904702830107325822204777221465855764785084235776, "churned_customers": 14196945457801006109864365817213263153816458342016605969133575957213236014967079614370076554097025316028416}, "generation": 0, "timestamp": "2025-11-13T20:41:22.347178"}