{"key": "daily_snapshot", "value": {"day": 0, "customers": 3514087716771999307800087824686415798649171602344733225958010790263419488953278389531064504029862735181003582871807923712041151888545, "mrr": 3.472380034659499e-191, "total_revenue": 4.323965768575599, "conversion_rate": 4.851062838129362e+125, "churn_rate": 0.05, "average_price": 1e-323, "daily_visitors": 0, "new_customers": 479584816033197858239611476819211482614487460499858408550724547986439643251287279929698158618293029351634534410095367460403164479488, "churned_customers": 185262920444686259790025825612243030887454538312535855956216597944516886666069899428814265294789807045859840556889621851092811776000}, "generation": 0, "timestamp": "2025-11-14T14:51:44.519913"}