{"key": "daily_snapshot", "value": {"day": 0, "customers": 38815170753239555877838208230125961585492, "mrr": 1.1658120635930775e-55, "total_revenue": 7.997332640408474, "conversion_rate": 5.043768313718321e+33, "churn_rate": 0.05, "average_price": 3.0034959037138273e-96, "daily_visitors": 0, "new_customers": 4494293257404034089797546584529054990336, "churned_customers": 1501452907459534350955915966843036106752}, "generation": 0, "timestamp": "2025-11-15T16:12:17.430333"}