{"key": "daily_snapshot", "value": {"day": 0, "customers": 29352387323374829790698356202297614663329641074671527485484708202576702001381152887, "mrr": 1.3868047872617794e-126, "total_revenue": 8.055065502431749, "conversion_rate": 3.751400904198066e+75, "churn_rate": 0.05, "average_price": 4.7246745962547137e-209, "daily_visitors": 0, "new_customers": 3152948393063079743222125794627127843674212788748288302965467730212848022058958848, "churned_customers": 1609180873317089307754265029642726269854882806207350325320656631217858396362375168}, "generation": 0, "timestamp": "2025-11-13T17:22:31.598135"}