{"key": "daily_snapshot", "value": {"day": 0, "customers": 63290712500863570904524702966694601, "mrr": 8.861133226099136e-45, "total_revenue": 3.6905216285399813, "conversion_rate": 1.0401948081513162e+28, "churn_rate": 0.05, "average_price": 1.400068489666352e-79, "daily_visitors": 0, "new_customers": 8217200687137692693411761831804928, "churned_customers": 4113860224277558212848102705987584}, "generation": 0, "timestamp": "2025-11-15T03:58:06.721060"}