{"key": "daily_snapshot", "value": {"day": 0, "customers": 9849079365936995495927599592467717, "mrr": 1.378938567247144e-45, "total_revenue": 1.5620171583249602, "conversion_rate": 1.4135795864119333e+27, "churn_rate": 0.05, "average_price": 1.400068489666352e-79, "daily_visitors": 0, "new_customers": 1112209981450930327465002065199104, "churned_customers": 474851926957092552721198995210240}, "generation": 0, "timestamp": "2025-11-13T21:07:52.423086"}