{"key": "daily_snapshot", "value": {"day": 0, "customers": 117717512492258854783017866031157894573837959348239131861165409741640625024052696888588894491029267399, "mrr": 1.781910137231633e-161, "total_revenue": 4.928703564447977, "conversion_rate": 1.3863035663430684e+94, "churn_rate": 0.05, "average_price": 1.5137171177897701e-262, "daily_visitors": 0, "new_customers": 14097557302857284363087447269597154550613457109943077736859273522439039517674531306562854557811998720, "churned_customers": 5423486406867867199776231414881328409354504749855083599634609354529113256052677342600276018187993088}, "generation": 0, "timestamp": "2025-11-15T06:46:03.323311"}