{"key": "daily_snapshot", "value": {"day": 0, "customers": 3742739529776564923552929025774153427341094090460944853, "mrr": 3.2473667589549654e-81, "total_revenue": 5.250998821828405, "conversion_rate": 4.301970012245755e+47, "churn_rate": 0.05, "average_price": 8.676443372881007e-136, "daily_visitors": 0, "new_customers": 431719392972838734793228711183209091969324053612724224, "churned_customers": 138232739548380789815851134473585349320820048573497344}, "generation": 0, "timestamp": "2025-11-14T22:08:19.439122"}