{"key": "daily_snapshot", "value": {"day": 0, "customers": 160294823162678867121306214092749057237, "mrr": 3.40610156895515e-50, "total_revenue": 5.438023679800494, "conversion_rate": 2.4094527255068333e+31, "churn_rate": 0.05, "average_price": 2.1248980483283544e-88, "daily_visitors": 0, "new_customers": 19518331888446060153927064983374397440, "churned_customers": 7067256605709789762032902934588555264}, "generation": 0, "timestamp": "2025-11-14T19:45:58.497383"}