{"key": "daily_snapshot", "value": {"day": 0, "customers": 125513178163386391097, "mrr": 1.485128277478665e-19, "total_revenue": 8.82569014329087, "conversion_rate": 17189973491569.965, "churn_rate": 0.05, "average_price": 1.1832448984324212e-39, "daily_visitors": 0, "new_customers": 15407761969779613696, "churned_customers": 6988434542796121088}, "generation": 0, "timestamp": "2025-11-13T11:41:16.315726"}