{"key": "daily_snapshot", "value": {"day": 0, "customers": 120789484477714591302422, "mrr": 2.9114039547802894e-26, "total_revenue": 8.73321624443256, "conversion_rate": 1.6715058532179664e+16, "churn_rate": 0.05, "average_price": 2.410312426921101e-49, "daily_visitors": 0, "new_customers": 15139083940718702493696, "churned_customers": 5012318123952604971008}, "generation": 0, "timestamp": "2025-11-14T16:05:14.916260"}