{"key": "daily_snapshot", "value": {"day": 0, "customers": 2472945285643936016287047161636848059654996, "mrr": 4.342110277874379e-59, "total_revenue": 7.997332640408474, "conversion_rate": 3.430278004662789e+35, "churn_rate": 0.05, "average_price": 1.7558456723977728e-101, "daily_visitors": 0, "new_customers": 289117129330045315666935241511199685214208, "churned_customers": 161631498487796834635326421870370883633152}, "generation": 0, "timestamp": "2025-11-15T16:13:11.639445"}