{"key": "daily_snapshot", "value": {"day": 0, "customers": 107889047328029, "mrr": 4.760627744470149e-09, "total_revenue": 10.298721370339461, "conversion_rate": 14365178.218999932, "churn_rate": 0.05, "average_price": 4.4125218104816497e-23, "daily_visitors": 0, "new_customers": 13346328282267, "churned_customers": 6909799861333}, "generation": 0, "timestamp": "2025-11-14T03:14:27.598676"}