{"key": "daily_snapshot", "value": {"day": 0, "customers": 124529812294721979716781611022333751537263864617507075611673988597336484003234, "mrr": 1.618963935074949e-117, "total_revenue": 8.401501509864964, "conversion_rate": 1.6328622797457878e+70, "churn_rate": 0.05, "average_price": 1.300061330891098e-194, "daily_visitors": 0, "new_customers": 13246735086959652972924943800164316213726646759581020886796410484147057852416, "churned_customers": 6937634913631249828431575638070980724044835988004842210572005213133380517888}, "generation": 0, "timestamp": "2025-11-14T13:25:15.293210"}