{"key": "daily_snapshot", "value": {"day": 0, "customers": 2316335587737298572231537086601086918727748234990745265644125, "mrr": 1.4265313396049912e-89, "total_revenue": 7.058512489256422, "conversion_rate": 2.924492275010638e+53, "churn_rate": 0.05, "average_price": 6.15856936774214e-150, "daily_visitors": 0, "new_customers": 301477095744160355270173943306181807402833341802876237774848, "churned_customers": 96976047802472745433653183428954188483573683539971403677696}, "generation": 0, "timestamp": "2025-11-15T09:37:25.108124"}