{"key": "daily_snapshot", "value": {"day": 0, "customers": 36162094481695043, "mrr": 4.4051370754254945e-14, "total_revenue": 4.84391013654737, "conversion_rate": 4766677689.931771, "churn_rate": 0.05, "average_price": 1.2181642514250217e-30, "daily_visitors": 0, "new_customers": 5167075186993592, "churned_customers": 1526628808031718}, "generation": 0, "timestamp": "2025-11-14T06:37:20.214432"}