{"key": "daily_snapshot", "value": {"day": 0, "customers": 4921847670782748894816315149818848126164150057924553414697318016656761801364213437186439969398514377801963286247, "mrr": 4.412346788261898e-175, "total_revenue": 3.180859164035811, "conversion_rate": 6.15264504778476e+104, "churn_rate": 0.05, "average_price": 8.964817855811816e-287, "daily_visitors": 0, "new_customers": 533753270187269643492833345432176903650530586079313359610542110752741450959282987399653966574533846286928445440, "churned_customers": 243574900208607665329966296433788956575243045220245311224229817359780228309915118685900187901426518977002078208}, "generation": 0, "timestamp": "2025-11-14T09:33:05.869665"}