{"key": "daily_snapshot", "value": {"day": 0, "customers": 40348990930671861066570790464302711233938826423444061, "mrr": 6.492700806960877e-76, "total_revenue": 7.058512489256422, "conversion_rate": 4.8682947808952446e+45, "churn_rate": 0.05, "average_price": 1.609135856239061e-128, "daily_visitors": 0, "new_customers": 5128838455296734482662399910177492904292058249822208, "churned_customers": 1247499599289913563170592494887548003466028467093504}, "generation": 0, "timestamp": "2025-11-15T09:14:53.739701"}