{"key": "daily_snapshot", "value": {"day": 0, "customers": 18736157720363907166305651403902337135134938753644307055188226080283245917855322973661376694727941997334, "mrr": 1.2353063401163313e-163, "total_revenue": 8.73321624443256, "conversion_rate": 2.739653039234652e+96, "churn_rate": 0.05, "average_price": 6.593167919235142e-267, "daily_visitors": 0, "new_customers": 2309306679811106403339541587650158062920762080612274256792126925513170026531731779727324562452608188416, "churned_customers": 1191970331274342103411859708663468095412771926555018381427064078255492335542871687670703909181306437632}, "generation": 0, "timestamp": "2025-11-14T16:42:49.301546"}