{"key": "daily_snapshot", "value": {"day": 0, "customers": 270299352921191013089491574815225847988983274634704765717, "mrr": 6.601255382164414e-81, "total_revenue": 2.963987135955569, "conversion_rate": 3.8209885265899777e+49, "churn_rate": 0.05, "average_price": 2.442201696313009e-137, "daily_visitors": 0, "new_customers": 35920325411550232914271581413022416564968067907847192576, "churned_customers": 7008674150970952091971514322757609101279612597117648896}, "generation": 0, "timestamp": "2025-11-14T00:35:19.087876"}