{"key": "daily_snapshot", "value": {"day": 0, "customers": 44644817845452787, "mrr": 1.0622015841936022e-13, "total_revenue": 7.058512489256399, "conversion_rate": 6612743349.391504, "churn_rate": 0.05, "average_price": 2.3792270535644952e-30, "daily_visitors": 0, "new_customers": 6578533604917803, "churned_customers": 2279164103244494}, "generation": 0, "timestamp": "2025-11-15T07:07:04.991706"}