{"key": "daily_snapshot", "value": {"day": 0, "customers": 408728799322284386793501801466826574276295504564878592158712084267588053, "mrr": 2.828203492657395e-111, "total_revenue": 5.250998821828405, "conversion_rate": 4.999393467274318e+64, "churn_rate": 0.05, "average_price": 6.919511170602256e-183, "daily_visitors": 0, "new_customers": 55574034320357478529113882556216095223908998790390902297969089000243200, "churned_customers": 26389159031142924517294455288757292275209706339406556815279767896981504}, "generation": 0, "timestamp": "2025-11-14T22:16:27.959978"}