{"key": "daily_snapshot", "value": {"day": 0, "customers": 7196932776948696379048653471665409470919637693647145838446747798170761044303522022670595896668154239151363066432474467539926073, "mrr": 7.111514481038387e-197, "total_revenue": 8.82569014329087, "conversion_rate": 9.598680778638223e+119, "churn_rate": 0.05, "average_price": 1e-323, "daily_visitors": 0, "new_customers": 922665302506505541289591986913270854800934896486847895067551875925537093619444936011470466353526372003062807568496147333906432, "churned_customers": 319381700357001133485559925047814537837961087167953569187219996152209826223116073657430174410102925468623027942117424987373568}, "generation": 0, "timestamp": "2025-11-13T12:30:53.436485"}