{"key": "daily_snapshot", "value": {"day": 0, "customers": 263934809271524454834781, "mrr": 3.791840974594389e-25, "total_revenue": 7.058512489256422, "conversion_rate": 3.4359878191706612e+16, "churn_rate": 0.05, "average_price": 1.4366581600434184e-48, "daily_visitors": 0, "new_customers": 32627827635483014332416, "churned_customers": 7740022611692312592384}, "generation": 0, "timestamp": "2025-11-15T07:10:13.928378"}