{"key": "daily_snapshot", "value": {"day": 0, "customers": 689307889786071659246432476350153915021229771604968046825024, "mrr": 2.216071938496276e-84, "total_revenue": 4.61627280770732, "conversion_rate": 9.567395782892448e+52, "churn_rate": 0.05, "average_price": 3.21492321694452e-144, "daily_visitors": 0, "new_customers": 88978356741241079504033042312287021664865670385183062228992, "churned_customers": 27088135712225120926251554591574059907059125214697549201408}, "generation": 0, "timestamp": "2025-11-15T17:22:02.683890"}