{"key": "daily_snapshot", "value": {"day": 0, "customers": 972334588056671, "mrr": 8.298932565440344e-11, "total_revenue": 3.8452002827514784, "conversion_rate": 141131991.48093557, "churn_rate": 0.05, "average_price": 8.535058474086344e-26, "daily_visitors": 0, "new_customers": 120110948337775, "churned_customers": 45067437109497}, "generation": 0, "timestamp": "2025-11-13T13:45:13.522570"}