{"key": "daily_snapshot", "value": {"day": 0, "customers": 193454208462488558083257753716957876186670913029882091481860231041828161432527735698, "mrr": 2.3729009119074964e-129, "total_revenue": 5.414632391501176, "conversion_rate": 2.4612805644589673e+76, "churn_rate": 0.05, "average_price": 1.2265956531866351e-212, "daily_visitors": 0, "new_customers": 20691171404631125390702702423352685854726464885735073164768474201683035149486260224, "churned_customers": 6254798545045182435247552674713974273179312466904655941791051948715796800494108672}, "generation": 0, "timestamp": "2025-11-13T22:32:01.225689"}