{"key": "daily_snapshot", "value": {"day": 0, "customers": 7821133172757843069726928958752, "mrr": 1.4091596041511722e-39, "total_revenue": 2.640852054669741, "conversion_rate": 9.705401608369768e+23, "churn_rate": 0.05, "average_price": 1.801733294939258e-70, "daily_visitors": 0, "new_customers": 906445579637962587056956768256, "churned_customers": 200241953011254230608590667776}, "generation": 0, "timestamp": "2025-11-14T02:21:32.604791"}