{"key": "daily_snapshot", "value": {"day": 0, "customers": 5363562622671423492798852749222150084917478890226, "mrr": 5.347709224619763e-67, "total_revenue": 10.298721371422412, "conversion_rate": 7.501535861625755e+41, "churn_rate": 0.05, "average_price": 9.970442410824758e-116, "daily_visitors": 0, "new_customers": 786138966322063066046669864736820302493131997184, "churned_customers": 277279370860382056381306817559550507468699205632}, "generation": 0, "timestamp": "2025-11-14T03:30:27.055022"}