{"key": "daily_snapshot", "value": {"day": 0, "customers": 5669160714519652537753921843538379907072437768550460743553431910139315202484312199301059232534, "mrr": 1.3364615540511155e-146, "total_revenue": 8.73321624443256, "conversion_rate": 7.656663458894853e+86, "churn_rate": 0.05, "average_price": 2.3574240021599981e-240, "daily_visitors": 0, "new_customers": 647479717834415984323486582894254166082461716482152131616131369066882248456011249246957207552, "churned_customers": 297743892210750996584628528451193881346078539022824022176631283398510473823929747197164257280}, "generation": 0, "timestamp": "2025-11-14T16:38:14.092935"}