{"key": "daily_snapshot", "value": {"day": 0, "customers": 2742889183405112375061408814972149411300343763640429692620087506228080, "mrr": 1.9729918424648293e-101, "total_revenue": 7.626819946521412, "conversion_rate": 3.700318797027283e+62, "churn_rate": 0.05, "average_price": 7.193115399636716e-171, "daily_visitors": 0, "new_customers": 365303040402373565517856852598114868379140665794183146186066725175296, "churned_customers": 109285085269199852219719892936410623792147365792736400503579653177344}, "generation": 0, "timestamp": "2025-11-15T01:52:54.034325"}