{"key": "daily_snapshot", "value": {"day": 0, "customers": 4799364410750039252883903564866152823072031821036376001178710803131092027694337578261454333914184066511927377621483041651694, "mrr": 4.7424021544494237e-200, "total_revenue": 4.058738603221899, "conversion_rate": 6.052406899549048e+116, "churn_rate": 0.05, "average_price": 1e-323, "daily_visitors": 0, "new_customers": 598892370760939976016697126583623815284646156382463902664036665433485325211544815417038124053422640181113053777236217298944, "churned_customers": 175257125885839025904167170658282013578408020124461021847322741091581203793947731668235582268359329444154951335165590241280}, "generation": 0, "timestamp": "2025-11-14T15:51:43.551688"}