{"key": "daily_snapshot", "value": {"day": 0, "customers": 907844707268140883987852728458839371988597921, "mrr": 9.31874022177657e-62, "total_revenue": 4.323965768575599, "conversion_rate": 1.251519743463078e+38, "churn_rate": 0.05, "average_price": 1.0264685300438931e-106, "daily_visitors": 0, "new_customers": 121621848979149873011650247533751614310449152, "churned_customers": 36790992022831427612571981383369237767127040}, "generation": 0, "timestamp": "2025-11-14T14:11:13.438549"}