{"key": "daily_snapshot", "value": {"day": 0, "customers": 583354965958690723, "mrr": 3.868995078981249e-17, "total_revenue": 3.0646080228541357, "conversion_rate": 73888286472.91747, "churn_rate": 0.05, "average_price": 6.632317036374085e-35, "daily_visitors": 0, "new_customers": 82218260631233792, "churned_customers": 29234938647897720}, "generation": 0, "timestamp": "2025-11-14T20:49:44.602088"}