{"key": "daily_snapshot", "value": {"day": 0, "customers": 3346525798294915253598821440059456538277183381476727356163409607875640275798868028084875576325420975880854044215916698354, "mrr": 1.3238004138257952e-189, "total_revenue": 10.298721371422412, "conversion_rate": 4.490093959486206e+113, "churn_rate": 0.05, "average_price": 3.9557454315765e-310, "daily_visitors": 0, "new_customers": 385811212933660625911927550847137186474592283021687068515358521701392024306914347389754529984416968975848693234491457536, "churned_customers": 168647893251372990423250720561088937850159540791541168350125898056264177642225476566257221578581557508142368635303755776}, "generation": 0, "timestamp": "2025-11-14T04:04:02.123108"}