{"key": "daily_snapshot", "value": {"day": 0, "customers": 2452855742773980595893327352688, "mrr": 5.578056740421268e-37, "total_revenue": 7.626819946521412, "conversion_rate": 3.199245847933737e+23, "churn_rate": 0.05, "average_price": 2.2741071328201874e-67, "daily_visitors": 0, "new_customers": 248657923229909938259544244224, "churned_customers": 98725461930745422421675737088}, "generation": 0, "timestamp": "2025-11-15T01:35:00.713671"}