{"key": "daily_snapshot", "value": {"day": 0, "customers": 130089394196971857022778607345994283602800, "mrr": 2.0005015684465584e-55, "total_revenue": 7.626819946521412, "conversion_rate": 2.000840061703525e+34, "churn_rate": 0.05, "average_price": 1.53778990270148e-96, "daily_visitors": 0, "new_customers": 15892153214060957051696086393579907317760, "churned_customers": 3553324527990902908422671289542391103488}, "generation": 0, "timestamp": "2025-11-15T01:40:03.204526"}