{"key": "daily_snapshot", "value": {"day": 0, "customers": 1805536788482668377359966863715530164869154909327663878599051095082891574339812972123484621057, "mrr": 1.7604122986258747e-144, "total_revenue": 6.966800923949336, "conversion_rate": 2.642856393084436e+86, "churn_rate": 0.05, "average_price": 9.750077150769576e-238, "daily_visitors": 0, "new_customers": 236241287483314240397297216869683275588760347735950319928855324250296820107240045929283190784, "churned_customers": 50276167134145316450363564038335031394026850874022854137304571478859871382181486156392169472}, "generation": 0, "timestamp": "2025-11-14T04:52:39.678164"}