{"key": "daily_snapshot", "value": {"day": 0, "customers": 18565164357647092366759722758094589358051531494890, "mrr": 7.436222386193371e-73, "total_revenue": 5.620306961549841, "conversion_rate": 3.002289734386901e+42, "churn_rate": 0.05, "average_price": 4.0054708070119244e-122, "daily_visitors": 0, "new_customers": 2666742692989225296763713152507898327278330839040, "churned_customers": 1290482060122416706708133591118833396386652749824}, "generation": 0, "timestamp": "2025-11-15T03:04:18.898965"}