{"key": "daily_snapshot", "value": {"day": 0, "customers": 571351134202277149171299364093657912263637191682008351569724017557759984512758892938070202994339899557518165, "mrr": 8.239404033177953e-170, "total_revenue": 7.593310615949716, "conversion_rate": 8.370460456249317e+100, "churn_rate": 0.05, "average_price": 1.4420911309963255e-277, "daily_visitors": 0, "new_customers": 72573487740411865564044401762932396543847945826621187670393705731194361362693334663546054519459183178285056, "churned_customers": 20223047835447769718693107726995358499220985644395661055089597593585763388232841347692509765991392763445248}, "generation": 0, "timestamp": "2025-11-14T19:17:32.438766"}