{"key": "daily_snapshot", "value": {"day": 0, "customers": 256005384158494818247211466019480895912390143638310881491143885204147972923612103959212220, "mrr": 3.212168909157171e-139, "total_revenue": 7.827191553977371, "conversion_rate": 3.223317366065831e+82, "churn_rate": 0.05, "average_price": 1.2547270908835628e-228, "daily_visitors": 0, "new_customers": 30321283324193910229151880932264073614163318481403529960533936972795375157633291181359104, "churned_customers": 10115300070976532493487047622780621321398914542910897879600249518797348727683479590928384}, "generation": 0, "timestamp": "2025-11-15T05:39:02.526322"}