{"key": "daily_snapshot", "value": {"day": 0, "customers": 28104481747976953742908191307473662808501669296681538105260715272688441357163563730622747203588976, "mrr": 4.1588422725624e-149, "total_revenue": 7.626819946521412, "conversion_rate": 4.085482728349259e+90, "churn_rate": 0.05, "average_price": 1.479779029500078e-246, "daily_visitors": 0, "new_customers": 3277515548047520335580887492576360089173669039268980445953828848401288533387033835494853109088256, "churned_customers": 1525170542650616711990409214329649077560641494734289102226075190283416565542791782188699520860160}, "generation": 0, "timestamp": "2025-11-15T02:05:59.441531"}