{"key": "daily_snapshot", "value": {"day": 0, "customers": 2452636579941289002471357339993953512745051918, "mrr": 7.086285280929864e-63, "total_revenue": 5.934471667464104, "conversion_rate": 3.3855048461408026e+38, "churn_rate": 0.05, "average_price": 2.889252055883263e-108, "daily_visitors": 0, "new_customers": 291025116915136421915123698166500865374945280, "churned_customers": 126650065784230875030513704940752341628354560}, "generation": 0, "timestamp": "2025-11-14T17:35:18.592970"}