{"key": "daily_snapshot", "value": {"day": 0, "customers": 588387495504620058625653320162239616699417289441234533650320364, "mrr": 3.554041260950988e-93, "total_revenue": 3.8452002827692775, "conversion_rate": 8.971767125983534e+55, "churn_rate": 0.05, "average_price": 6.040307260273993e-156, "daily_visitors": 0, "new_customers": 63626760535024885327104492834053451567736568695577534189797376, "churned_customers": 26983273375205523795058897061916141027178901310484372560805888}, "generation": 0, "timestamp": "2025-11-13T14:07:42.326224"}