{"key": "daily_snapshot", "value": {"day": 0, "customers": 4114540078740404618627215111, "mrr": 1.388267574392345e-32, "total_revenue": 7.42566689692798, "conversion_rate": 6.100247109001238e+20, "churn_rate": 0.05, "average_price": 3.374052865751496e-60, "daily_visitors": 0, "new_customers": 494252039346897008080191488, "churned_customers": 89143748622127183530295296}, "generation": 0, "timestamp": "2025-11-15T14:03:27.387695"}