{"key": "daily_snapshot", "value": {"day": 0, "customers": 1415326571979095170076313653710148464, "mrr": 1.6857198289632654e-47, "total_revenue": 7.626819946521412, "conversion_rate": 1.986100437807531e+29, "churn_rate": 0.05, "average_price": 1.1910465487877266e-83, "daily_visitors": 0, "new_customers": 199295857745632128640650837093253120, "churned_customers": 97105466838352547852686066242813952}, "generation": 0, "timestamp": "2025-11-15T01:37:49.568376"}