{"key": "daily_snapshot", "value": {"day": 0, "customers": 246579677717771425387610834220378767599005892669521314, "mrr": 7.674845272031366e-78, "total_revenue": 8.401501509864964, "conversion_rate": 3.503142782464445e+46, "churn_rate": 0.05, "average_price": 3.112521414200156e-131, "daily_visitors": 0, "new_customers": 36489061484283267132649940443273124909134396826583040, "churned_customers": 14366576586212071470936187420205623169917121453883392}, "generation": 0, "timestamp": "2025-11-14T13:14:18.412484"}