{"key": "daily_snapshot", "value": {"day": 0, "customers": 935803452999226577345720938732856324876383526476315574559508021919396004765437864481880919464452104901488, "mrr": 2.5271948513378195e-162, "total_revenue": 7.626819946521412, "conversion_rate": 1.1236479170609408e+98, "churn_rate": 0.05, "average_price": 2.7005615797187147e-267, "daily_visitors": 0, "new_customers": 112126844039374612154517166722437126348063189926169414081534628554277254277272823821902205132667053146112, "churned_customers": 28870577004159735165363257916001670863495444294034120045142498110814272837028837862562948267596656410624}, "generation": 0, "timestamp": "2025-11-15T02:09:34.693671"}