{"key": "daily_snapshot", "value": {"day": 0, "customers": 1258706872346925308218683515358191447057205277406120165682634510656161661637216981300849125134, "mrr": 5.851978833954997e-144, "total_revenue": 5.934471667464104, "conversion_rate": 1.8245110211498646e+86, "churn_rate": 0.05, "average_price": 4.6491990808341844e-237, "daily_visitors": 0, "new_customers": 161750058265536171710452546803020061366146591321177363340281819793744689595335127272064548864, "churned_customers": 68006318709364634871417143751630539220309431689839897779150337607403288016790639305046360064}, "generation": 0, "timestamp": "2025-11-14T18:09:26.283640"}