{"key": "daily_snapshot", "value": {"day": 0, "customers": 88340345400650877756119048943284774144440442487554832164182466079670178864319235305717025823042605248532758, "mrr": 8.153269031131564e-171, "total_revenue": 6.2331957973706755, "conversion_rate": 1.1628877450142812e+100, "churn_rate": 0.05, "average_price": 9.229383238376484e-278, "daily_visitors": 0, "new_customers": 8624458881208832226823670105087387471039841250324821572689199534483691094787131150277713092345383587151872, "churned_customers": 3245843731443110725933168625916625408832176684411815150192929004206991889747091314751172949587181816512512}, "generation": 0, "timestamp": "2025-11-14T08:21:08.886277"}