{"key": "daily_snapshot", "value": {"day": 0, "customers": 23114269477726819540755170471, "mrr": 7.193194143144858e-34, "total_revenue": 7.010218214998832, "conversion_rate": 3.3675171213127655e+21, "churn_rate": 0.05, "average_price": 3.112014485284211e-62, "daily_visitors": 0, "new_customers": 3623027624763458233797967872, "churned_customers": 1511553764445412543787171840}, "generation": 0, "timestamp": "2025-11-14T23:31:51.379892"}