{"key": "daily_snapshot", "value": {"day": 0, "customers": 404455746078882557882716983863817607317563961043635405770759066653239311235859842833237, "mrr": 1.4705889094422689e-134, "total_revenue": 7.593310615949716, "conversion_rate": 5.461805699958484e+79, "churn_rate": 0.05, "average_price": 3.6359698772964253e-221, "daily_visitors": 0, "new_customers": 55266078833602056522052825539703124537002486847770668066370325113500315347582422351872, "churned_customers": 23011366021980842149091595006587181117325310510818787434276843649146238738881105100800}, "generation": 0, "timestamp": "2025-11-14T19:07:47.369096"}