{"key": "daily_snapshot", "value": {"day": 0, "customers": 761069607714610462907692091954204323578093424925208640116343003641442285555677228293, "mrr": 2.0818295860087297e-133, "total_revenue": 1.5620171583249602, "conversion_rate": 1.0071298809125877e+77, "churn_rate": 0.05, "average_price": 2.7353997123340445e-217, "daily_visitors": 0, "new_customers": 93563829240949097113089635065712336332641737294634465826759020557310707109315215360, "churned_customers": 48746437959176077627450585276554907734121444772779261138903196200444571710748884992}, "generation": 0, "timestamp": "2025-11-13T21:31:39.198542"}