{"key": "daily_snapshot", "value": {"day": 0, "customers": 322516933, "mrr": 1.0265290554657232, "total_revenue": 4.585135876849397, "conversion_rate": 55.40688041786963, "churn_rate": 0.05, "average_price": 3.182868713022653e-09, "daily_visitors": 0, "new_customers": 46482583, "churned_customers": 16926530}, "generation": 0, "timestamp": "2025-11-14T06:33:38.292287"}