{"key": "daily_snapshot", "value": {"day": 0, "customers": 50657610324768, "mrr": 8.526909272190825e-09, "total_revenue": 3.6905216266599523, "conversion_rate": 6987980.178926875, "churn_rate": 0.05, "average_price": 1.683243488495502e-22, "daily_visitors": 0, "new_customers": 6489606328124, "churned_customers": 1510563017250}, "generation": 0, "timestamp": "2025-11-15T03:48:14.749340"}