{"key": "daily_snapshot", "value": {"day": 0, "customers": 13579321900, "mrr": 0.011220864742649014, "total_revenue": 3.8427464525734134, "conversion_rate": 1781.0326230956614, "churn_rate": 0.05, "average_price": 8.263199609878173e-13, "daily_visitors": 0, "new_customers": 1916311053, "churned_customers": 511337321}, "generation": 0, "timestamp": "2025-11-13T13:42:58.974336"}