{"key": "daily_snapshot", "value": {"day": 0, "customers": 680913509713598372914765130264310802791639121289877648290781704451663302977620175840860389477455378004792, "mrr": 1.0207661735006468e-160, "total_revenue": 8.385937104373125, "conversion_rate": 9.97623385173249e+97, "churn_rate": 0.05, "average_price": 1.4991128226109e-265, "daily_visitors": 0, "new_customers": 98537949679289984300158433713130547896434071043413075685892872681361634173696684959097567127060065812480, "churned_customers": 39428033174700694731537488771864168491127673319515146618515646161472964177023809119317444070233780256768}, "generation": 0, "timestamp": "2025-11-13T13:23:31.043396"}