{"key": "daily_snapshot", "value": {"day": 0, "customers": 3645101106080401807034416649012692528720599633830318045744046909824340207492510094973686938546292833566083469162432231680119261126, "mrr": 3.6018384642645116e-194, "total_revenue": 3.6346456800791516, "conversion_rate": 4.916088463058725e+122, "churn_rate": 0.05, "average_price": 1e-323, "daily_visitors": 0, "new_customers": 374857946005590209032138357357031193815679463772224303559441632252374749706774060763039597388604425538564203013220328070413549568, "churned_customers": 84856619759385870849319075774543467354288143225294245363971087974030990003867767469187300787728417940635862731167904741004935168}, "generation": 0, "timestamp": "2025-11-13T15:39:59.633837"}