{"key": "daily_snapshot", "value": {"day": 0, "customers": 3327688339862908903908866613925400571504614789928408122331913857041801129722494767683252370831890183814325592199199969765395238464, "mrr": 3.288192977585507e-194, "total_revenue": 4.61627280770732, "conversion_rate": 5.0555589168566025e+122, "churn_rate": 0.05, "average_price": 1e-323, "daily_visitors": 0, "new_customers": 502332060041448269647550707939551705616983758033475957479444697751634214994014122374061655893472294882526767277275128493613514752, "churned_customers": 200584458193037553595845721162124920288144111354778524735427429041940167749568302356890603857841744846681113013734419261036691456}, "generation": 0, "timestamp": "2025-11-15T17:54:29.691834"}