{"key": "daily_snapshot", "value": {"day": 0, "customers": 20461433916084389615418749793148092977766255596, "mrr": 4.68382952694014e-65, "total_revenue": 3.8452002827692775, "conversion_rate": 2.5583628237365316e+39, "churn_rate": 0.05, "average_price": 2.2891013142819186e-111, "daily_visitors": 0, "new_customers": 2684247463819218702249493431017268298995728384, "churned_customers": 542883381858784789375973857729566095544680448}, "generation": 0, "timestamp": "2025-11-13T14:00:00.132977"}