{"key": "daily_snapshot", "value": {"day": 0, "customers": 103325627539578759622, "mrr": 6.259687509172995e-20, "total_revenue": 3.6346456800791516, "conversion_rate": 13341554578991.86, "churn_rate": 0.05, "average_price": 6.0582138799739974e-40, "daily_visitors": 0, "new_customers": 12616056697349224448, "churned_customers": 6840830588689956864}, "generation": 0, "timestamp": "2025-11-13T14:48:48.346340"}