{"key": "daily_snapshot", "value": {"day": 0, "customers": 4048406735105304825103041359816320073713759893960, "mrr": 6.772023616627287e-68, "total_revenue": 4.843910136547377, "conversion_rate": 5.542874004674829e+41, "churn_rate": 0.05, "average_price": 1.672762659419678e-116, "daily_visitors": 0, "new_customers": 459514448801499019725924166837614262170209484800, "churned_customers": 178513515276343919842726954438777486613187395584}, "generation": 0, "timestamp": "2025-11-14T06:52:09.950444"}