{"key": "daily_snapshot", "value": {"day": 0, "customers": 35846215656489470872333653566296867605, "mrr": 5.6750739878737725e-50, "total_revenue": 2.963987135955569, "conversion_rate": 4.780915400604688e+30, "churn_rate": 0.05, "average_price": 1.5831724169316538e-87, "daily_visitors": 0, "new_customers": 5139429755644206093109448473629949952, "churned_customers": 1851398560022199134640922926413512704}, "generation": 0, "timestamp": "2025-11-14T00:26:43.223858"}