{"key": "daily_snapshot", "value": {"day": 0, "customers": 6373588671733009578291118345533863535173556384658503, "mrr": 6.563820841346992e-77, "total_revenue": 8.531929138055917, "conversion_rate": 7.498518592730155e+44, "churn_rate": 0.05, "average_price": 1.029846947992999e-128, "daily_visitors": 0, "new_customers": 732419218334078832513240379511171262473589143633920, "churned_customers": 336659238921740111034362564702014625090756168122368}, "generation": 0, "timestamp": "2025-11-13T11:26:32.178570"}