{"key": "daily_snapshot", "value": {"day": 0, "customers": 1864459171397290653083554314583278669692406394006826046268255093722193209982248697849738528, "mrr": 3.371412597735808e-140, "total_revenue": 2.640852054669741, "conversion_rate": 2.6595222957978756e+83, "churn_rate": 0.05, "average_price": 1.8082523068655636e-230, "daily_visitors": 0, "new_customers": 209082369388310904473350119131817763339194806448199840414245527521389332286294128125280256, "churned_customers": 111719200885008843390919406423253358242357947139298500600282204163331020530549060253253632}, "generation": 0, "timestamp": "2025-11-14T02:49:10.752486"}