{"key": "daily_snapshot", "value": {"day": 0, "customers": 3310584945, "mrr": 0.18982054973687798, "total_revenue": 7.5324618275844095, "conversion_rate": 439.8050367502946, "churn_rate": 0.05, "average_price": 5.7337465399752185e-11, "daily_visitors": 0, "new_customers": 374321624, "churned_customers": 143477635}, "generation": 0, "timestamp": "2025-11-14T09:46:34.190901"}