{"key": "daily_snapshot", "value": {"day": 0, "customers": 288873371057203440328995529952782204078721621187003948149554944334986589853569302, "mrr": 2.153326283319239e-125, "total_revenue": 6.2331957973706755, "conversion_rate": 4.023515294256294e+73, "churn_rate": 0.05, "average_price": 7.454222157752408e-206, "daily_visitors": 0, "new_customers": 42346732156428368038351650382013581766589086212702530850154639259494557604118528, "churned_customers": 14365718810047070199336821189512483339191455039783140678993868328765800218361856}, "generation": 0, "timestamp": "2025-11-14T08:08:43.421489"}