{"key": "daily_snapshot", "value": {"day": 0, "customers": 9943659468173119615, "mrr": 6.0827679346444825e-18, "total_revenue": 2.4762944740981485, "conversion_rate": 1598434221560.1423, "churn_rate": 0.05, "average_price": 6.1172327492848345e-37, "daily_visitors": 0, "new_customers": 1454684218533341952, "churned_customers": 565611452503528896}, "generation": 0, "timestamp": "2025-11-13T15:51:37.691532"}