{"key": "daily_snapshot", "value": {"day": 0, "customers": 9859929839912653631812936255264340407215388718737192550981523701199099250463704396611, "mrr": 6.13246112328191e-131, "total_revenue": 3.6902796439842023, "conversion_rate": 1.3763796738461768e+78, "churn_rate": 0.05, "average_price": 6.219578863997511e-216, "daily_visitors": 0, "new_customers": 1242249590405212248755429367493896821063357001712620346884313371819278711699445645312, "churned_customers": 370658045237210752740291981112451442595441038527556529733493218751701418869182693376}, "generation": 0, "timestamp": "2025-11-14T01:39:59.261153"}