{"key": "daily_snapshot", "value": {"day": 0, "customers": 2296811843651130317217766929739644950051372969625176232074690393287256636477765994617555948, "mrr": 3.0943865438687077e-139, "total_revenue": 3.8452002827692775, "conversion_rate": 2.5674589267178196e+83, "churn_rate": 0.05, "average_price": 1.3472529551875313e-229, "daily_visitors": 0, "new_customers": 273190058011553236754545155015894424028076320292233977734378887259342301673631039627460608, "churned_customers": 91609791434355470479525682659912292802578404304344841777721303130516381685551412136640512}, "generation": 0, "timestamp": "2025-11-13T14:20:27.230811"}