{"key": "daily_snapshot", "value": {"day": 0, "customers": 3756633935674088394290696616879306656023933486888131275114209213745782817815663690694220318403469324566673625199377259526438066700499400, "mrr": 3.712047543235924e-188, "total_revenue": 4.843910136547377, "conversion_rate": 4.528382940313331e+128, "churn_rate": 0.05, "average_price": 1e-323, "daily_visitors": 0, "new_customers": 451489633614375987070088356693177575193069695106598866191174891160462284762635474494181236185613211799193311872359449158200489152610304, "churned_customers": 200468434807502995058610656109140149371486080315199776629678639203040895944341742536952544441435470244863153243181925946948795387346944}, "generation": 0, "timestamp": "2025-11-14T07:32:59.966024"}