{"key": "daily_snapshot", "value": {"day": 0, "customers": 358364248646329249298919827384198025809692593676905895842767133909756856540675, "mrr": 7.741016805255281e-121, "total_revenue": 11.37579680016544, "conversion_rate": 4.647564972155315e+70, "churn_rate": 0.05, "average_price": 2.160097396572311e-198, "daily_visitors": 0, "new_customers": 50761019551750846355319346435255135157704655143784208793316362552713741860864, "churned_customers": 24239212004274021259937295650430032011629573663251852068042798089888168148992}, "generation": 0, "timestamp": "2025-11-14T06:05:11.899709"}