{"key": "daily_snapshot", "value": {"day": 0, "customers": 1847958755851723814550596209704894336862286165267620087090257071137563807000947875261321281363521163887623283072749758765352240843009, "mrr": 1.8260258723957366e-191, "total_revenue": 6.966800923949336, "conversion_rate": 2.3725788069390207e+125, "churn_rate": 0.05, "average_price": 1e-323, "daily_visitors": 0, "new_customers": 234168608939414698049723251964243449498572605222693397353522125922744029031374131747973398322525636717386846136212311784380499492864, "churned_customers": 73569180654142290050287544222636867136540552973595489174904116805393797010566006286633363482112727449413310317036696902855009763328}, "generation": 0, "timestamp": "2025-11-14T05:10:42.744629"}