{"key": "daily_snapshot", "value": {"day": 0, "customers": 8532793549703882559480538340476857865126420018273202774510361712426130228747901693422568487223743889104518468113013025, "mrr": 4.301801758291515e-186, "total_revenue": 9.426328809042326, "conversion_rate": 1.1852410270027948e+111, "churn_rate": 0.05, "average_price": 5.041492839634918e-304, "daily_visitors": 0, "new_customers": 934810837592481584465231023602562156969274930617162481402203718749138120088954766669924273495199067540375040180617216, "churned_customers": 233943201031958616846369397949343124674825803462508410268081329576384086087634445743557132101414091967212315968798720}, "generation": 0, "timestamp": "2025-11-15T12:43:09.557184"}