{"key": "daily_snapshot", "value": {"day": 0, "customers": 2032395976792704451866361428313796980687772575971209561493756763063463, "mrr": 3.0363012614103535e-105, "total_revenue": 7.010218214998832, "conversion_rate": 2.572634577861506e+62, "churn_rate": 0.05, "average_price": 1.4939516197044918e-174, "daily_visitors": 0, "new_customers": 269165982314694206038602087106256579175683319599282033352325275320320, "churned_customers": 119726522848035613230565908759625806155490589241171690494987457265664}, "generation": 0, "timestamp": "2025-11-14T23:51:15.732045"}