{"key": "daily_snapshot", "value": {"day": 0, "customers": 16452588831448225763896180855212478440643839593897487622092180138431477998124531531, "mrr": 2.34933965191261e-129, "total_revenue": 5.241512577835226, "conversion_rate": 2.178564041046712e+75, "churn_rate": 0.05, "average_price": 1.427945277172414e-211, "daily_visitors": 0, "new_customers": 1989349926897091545868130054728750566230405686191390751003067269191653977170640896, "churned_customers": 948506886998046650794458632065788221096710243939020276698532779624561503629213696}, "generation": 0, "timestamp": "2025-11-13T19:47:18.583452"}