{"key": "daily_snapshot", "value": {"day": 0, "customers": 287076871801220860959718888841225061066533215520544651446288646140149261543360231047235194815433101757319099038032839, "mrr": 4.073776060949827e-189, "total_revenue": 4.928703564447977, "conversion_rate": 4.10489372179227e+109, "churn_rate": 0.05, "average_price": 1.4190540796231787e-305, "daily_visitors": 0, "new_customers": 33887249343731498166768813144714805353292223468996969739053013776720523957952873812234427821843249419516030002135040, "churned_customers": 16469051370170641118974738190558558546764943896737487418651771209758714404142113741753647282197459568658500160585728}, "generation": 0, "timestamp": "2025-11-15T06:53:30.174021"}