{"key": "daily_snapshot", "value": {"day": 0, "customers": 142598118217074812497928081363675126701416340813561623573347541844, "mrr": 3.715453555401357e-98, "total_revenue": 7.997332640408474, "conversion_rate": 1.7605479742422627e+58, "churn_rate": 0.05, "average_price": 2.605541785443046e-163, "daily_visitors": 0, "new_customers": 17984815205363218926563645392898067078919008325109944287106170880, "churned_customers": 5425649463197640431799714501301678700867610075167209430590685184}, "generation": 0, "timestamp": "2025-11-15T16:23:56.700807"}