{"key": "daily_snapshot", "value": {"day": 0, "customers": 688968110299152643741752463706626958067652959330004982625404050899501633421868595319322189689993496839279276273191687658, "mrr": 2.9263571281333883e-191, "total_revenue": 5.620306961549841, "conversion_rate": 1.0095713667282392e+113, "churn_rate": 0.05, "average_price": 4.2474493149803e-311, "daily_visitors": 0, "new_customers": 105082530991422872164655913691613300717426971279579659075254165438848597979421974430968866855825108520510228675281551360, "churned_customers": 32884225958317126336904818447291336481585079199393149385005519255643927265734048877924516501041085743260824569682853888}, "generation": 0, "timestamp": "2025-11-15T03:36:59.360287"}