{"key": "daily_snapshot", "value": {"day": 0, "customers": 15761701149769153385962, "mrr": 6.435862068480435e-25, "total_revenue": 5.620306961549841, "conversion_rate": 2144639198831710.2, "churn_rate": 0.05, "average_price": 4.083228077557285e-47, "daily_visitors": 0, "new_customers": 1956236688548052074496, "churned_customers": 629521295685786927104}, "generation": 0, "timestamp": "2025-11-15T02:32:40.615877"}