{"key": "daily_snapshot", "value": {"day": 0, "customers": 65541185474366991685144295161325043607060946959194790744823888410328605378045905001992006266265817619971, "mrr": 5.401550518227959e-163, "total_revenue": 11.37579680016544, "conversion_rate": 8.558321074757324e+96, "churn_rate": 0.05, "average_price": 8.241459899043927e-267, "daily_visitors": 0, "new_customers": 9664873368050714743271472129762454490599576121642599465096619890883772049441726805368380587745847803904, "churned_customers": 3646564902650630384951085587550584844914832428195626293482943417278310747530377674448199077677443842048}, "generation": 0, "timestamp": "2025-11-14T06:17:01.623736"}