{"key": "daily_snapshot", "value": {"day": 0, "customers": 657223316617111711048790319561240574269372733974406572873342212673652615984030837948032759706488255757905703738650956963971, "mrr": 3.945763806334084e-196, "total_revenue": 4.596591164332845, "conversion_rate": 8.765361419563726e+115, "churn_rate": 0.05, "average_price": 6.0037e-319, "daily_visitors": 0, "new_customers": 99321116670952038358553730075723251669587273966386048375793433311970662053295558880581950334309057118851399192117082324992, "churned_customers": 24767561331307726922979488125792731398102955760502285542994483467103324724888585874917799773626400208692655985707540545536}, "generation": 0, "timestamp": "2025-11-14T12:45:32.738600"}