{"key": "daily_snapshot", "value": {"day": 0, "customers": 23, "mrr": 2.651719460595751, "total_revenue": 0.9658002862699907, "conversion_rate": 0.09953456921960427, "churn_rate": 0.05, "average_price": 0.11529215046068482, "daily_visitors": 67, "new_customers": 4, "churned_customers": 1}, "generation": 0, "timestamp": "2025-11-14T08:34:33.788703"}