{"key": "daily_snapshot", "value": {"day": 0, "customers": 142173588448072527816, "mrr": 3.5279585562698713e-20, "total_revenue": 4.843910136547377, "conversion_rate": 17060696383145.844, "churn_rate": 0.05, "average_price": 2.48144440523735e-40, "daily_visitors": 0, "new_customers": 17946543052357292032, "churned_customers": 5579980754859351040}, "generation": 0, "timestamp": "2025-11-14T06:39:00.566131"}