{"key": "daily_snapshot", "value": {"day": 0, "customers": 22542570025634448119649900706174852280139151321110694978, "mrr": 1.974947555007678e-77, "total_revenue": 7.574353924996814, "conversion_rate": 3.048991832917477e+48, "churn_rate": 0.05, "average_price": 8.760968925734076e-133, "daily_visitors": 0, "new_customers": 2723834416798230791404064136616072991431381248487981056, "churned_customers": 878074777426096245771059913658372986827820224955285504}, "generation": 0, "timestamp": "2025-11-14T10:45:25.873759"}