{"key": "daily_snapshot", "value": {"day": 0, "customers": 42581739037167901266004518330685517564255953001000964041106671233807725546825275973050120648, "mrr": 1.0234859884487645e-142, "total_revenue": 4.843910136547377, "conversion_rate": 5.932564098498898e+84, "churn_rate": 0.05, "average_price": 2.403579589728368e-234, "daily_visitors": 0, "new_customers": 4949864392502339146301768126971447521387662029108092860663073458637746301649949319992705024, "churned_customers": 1611615656264153185718172037289092472908507098374701915796444776267374075276889762184560640}, "generation": 0, "timestamp": "2025-11-14T07:12:31.813630"}