{"key": "daily_snapshot", "value": {"day": 0, "customers": 1284157358903657930761902198808360177497527783437706542838673309307207713285063, "mrr": 1.5249703831971985e-121, "total_revenue": 4.928703564447977, "conversion_rate": 1.6403338114926382e+71, "churn_rate": 0.05, "average_price": 1.1875261023299615e-199, "daily_visitors": 0, "new_customers": 124036426466110971747968606139807376851819877930982484847792872464339502628864, "churned_customers": 73444864084269270284407274465755913127227634559269325998693359477248095158272}, "generation": 0, "timestamp": "2025-11-15T06:35:10.632270"}