{"key": "daily_snapshot", "value": {"day": 0, "customers": 3412674064385787458799971701597557219858158343056851536215889106472200839872023257461423412714, "mrr": 1.0056399688664964e-146, "total_revenue": 5.620306961549841, "conversion_rate": 4.965330743664484e+86, "churn_rate": 0.05, "average_price": 2.9467800026999976e-240, "daily_visitors": 0, "new_customers": 413849533372931271586821985408377814651453713692395449081035265395899491313306454737339547648, "churned_customers": 88159515272462619577235648583101804920712430250997332781928925298504661107657497838461386752}, "generation": 0, "timestamp": "2025-11-15T03:24:43.863168"}