{"key": "daily_snapshot", "value": {"day": 0, "customers": 23429258475732, "mrr": 1.8805096993233646e-08, "total_revenue": 4.596591160024941, "conversion_rate": 3496728.2662281487, "churn_rate": 0.05, "average_price": 8.026330416181094e-22, "daily_visitors": 0, "new_customers": 2639437106860, "churned_customers": 1585607366648}, "generation": 0, "timestamp": "2025-11-14T11:54:10.009060"}