{"key": "daily_snapshot", "value": {"day": 0, "customers": 10063371288029617267910841142597783247777333216572580440277994941678084440202678266800599992249960706053990355690585931, "mrr": 4.6342768472248244e-191, "total_revenue": 5.241512577835226, "conversion_rate": 1.2442183880695227e+111, "churn_rate": 0.05, "average_price": 4.605093774824047e-309, "daily_visitors": 0, "new_customers": 1138471519817237994351954384476537118952107595870919442619320891578377343148100684470083516822418529135666370055241728, "churned_customers": 418260157144007918089626880835914282309869380179260630306183637139189684304450771270837622958024970257758371079782400}, "generation": 0, "timestamp": "2025-11-13T20:46:25.524088"}