{"key": "daily_snapshot", "value": {"day": 0, "customers": 16364089807235818016414792406608027, "mrr": 4.167458701191423e-44, "total_revenue": 13.18914372001125, "conversion_rate": 2.169740840363201e+27, "churn_rate": 0.05, "average_price": 2.546709746941544e-78, "daily_visitors": 0, "new_customers": 2070693548027692628033151373934592, "churned_customers": 615607275889377813106297466257408}, "generation": 0, "timestamp": "2025-11-13T18:01:12.941376"}