{"key": "daily_snapshot", "value": {"day": 0, "customers": 2133277593205595838863850843580993967108206464143617128716499443819563188043, "mrr": 3.0069173138642736e-117, "total_revenue": 5.241512577835226, "conversion_rate": 2.628317400834069e+68, "churn_rate": 0.05, "average_price": 1.409529319316523e-192, "daily_visitors": 0, "new_customers": 279991966862672712697769873694786211586129537419357430033981158959184084992, "churned_customers": 112284417781611906753296794293725641832830846554337891338814563794835996672}, "generation": 0, "timestamp": "2025-11-13T19:24:49.756258"}