{"key": "daily_snapshot", "value": {"day": 0, "customers": 328828487746301575494040565044732871, "mrr": 2.174094434888693e-46, "total_revenue": 4.928703564447977, "conversion_rate": 4.635763736964706e+28, "churn_rate": 0.05, "average_price": 6.611636509322315e-82, "daily_visitors": 0, "new_customers": 42402969199187529794685749994455040, "churned_customers": 8723848308441299603523882545315840}, "generation": 0, "timestamp": "2025-11-15T06:14:49.367849"}