{"key": "daily_snapshot", "value": {"day": 0, "customers": 661363546280171422557830148, "mrr": 1.9354965274857357e-31, "total_revenue": 4.445436838349596, "conversion_rate": 9.74431337340883e+19, "churn_rate": 0.05, "average_price": 2.9265243577029677e-58, "daily_visitors": 0, "new_customers": 105014110563860902517407744, "churned_customers": 45909688857899021407092736}, "generation": 0, "timestamp": "2025-11-15T18:08:25.137541"}