{"key": "daily_snapshot", "value": {"day": 0, "customers": 3141345979674053803775345032487939894029304983873396194753001686760552795507256902777297084231642502000, "mrr": 2.1116926795328995e-158, "total_revenue": 7.626819946521412, "conversion_rate": 5.07256199006643e+95, "churn_rate": 0.05, "average_price": 6.722254387757724e-261, "daily_visitors": 0, "new_customers": 398785929607742941717024029762072922767111220491242769031789175040238524644084833272460187729638981632, "churned_customers": 205048531804015560182941368575151528336558845259603383707108107669117523167310440781514137017180487680}, "generation": 0, "timestamp": "2025-11-15T02:08:28.297866"}