{"key": "daily_snapshot", "value": {"day": 0, "customers": 288289994193173797622126513285811263, "mrr": 2.5832047152381324e-44, "total_revenue": 2.4762944740981485, "conversion_rate": 3.6252655966394287e+28, "churn_rate": 0.05, "average_price": 8.960438333864653e-80, "daily_visitors": 0, "new_customers": 29625897563325869606867655863566336, "churned_customers": 9065463166747386792924538858373120}, "generation": 0, "timestamp": "2025-11-13T15:59:01.294576"}