{"key": "daily_snapshot", "value": {"day": 0, "customers": 38683029603878065520507137378911949208948611484955202170570350310956190779334, "mrr": 7.8578610858933525e-118, "total_revenue": 3.6346456800791516, "conversion_rate": 5.327796645618462e+69, "churn_rate": 0.05, "average_price": 2.0313458295173403e-194, "daily_visitors": 0, "new_customers": 5613749019271557797602073182409018980541315127047702298060434152533344124928, "churned_customers": 1877784650250183906247003318270882226065243175907601145834282555027348258816}, "generation": 0, "timestamp": "2025-11-13T15:15:32.494943"}