{"key": "daily_snapshot", "value": {"day": 0, "customers": 96399668940483949859069810788823086535316029714105946312034845925896260842208051078789256917834871, "mrr": 3.415793882886649e-154, "total_revenue": 3.0646080228541357, "conversion_rate": 1.3070884281938297e+91, "churn_rate": 0.05, "average_price": 3.5433668190245765e-252, "daily_visitors": 0, "new_customers": 10462864597399419814430716445526218988600166582756750913615659216264417927789393628161966545567744, "churned_customers": 5549626204023884383776560313621661199697426349075493234420134984895615837897547982694881555382272}, "generation": 0, "timestamp": "2025-11-14T21:27:17.575409"}