{"key": "daily_snapshot", "value": {"day": 0, "customers": 120278153818638092574465080291130315804017106847331021003493040807961476102752274110364535704393119627339276066795062685237247819, "mrr": 1.1885060749399645e-195, "total_revenue": 5.241512577835226, "conversion_rate": 1.5862845288023996e+121, "churn_rate": 0.05, "average_price": 1e-323, "daily_visitors": 0, "new_customers": 12942293729120104568393556620642625767457115218431814779034819856840396703289441363663971970122223755528291348497214750358241280, "churned_customers": 4984509675913333860317169593857834736931363773164109054564802376903189209083440853924808216776826543075314633799996565538996224}, "generation": 0, "timestamp": "2025-11-13T20:51:16.704844"}