{"key": "daily_snapshot", "value": {"day": 0, "customers": 1297322759859592796881240758092323959, "mrr": 4.050575152367631e-48, "total_revenue": 3.0646080228541357, "conversion_rate": 1.72389036954368e+29, "churn_rate": 0.05, "average_price": 3.1222570648540988e-84, "daily_visitors": 0, "new_customers": 159385945018794739118920589205569536, "churned_customers": 75598092448567600650144330652057600}, "generation": 0, "timestamp": "2025-11-14T20:58:15.940420"}