{"key": "daily_snapshot", "value": {"day": 0, "customers": 12511754963386660446659383726437689757584301891008992948603448741721918397643519983100101096581640493224829193781678571613884359508, "mrr": 1.2363256593186106e-193, "total_revenue": 7.997332640408474, "conversion_rate": 1.6260501814151805e+123, "churn_rate": 0.05, "average_price": 1e-323, "daily_visitors": 0, "new_customers": 1194906109865733530661875038354699761121021132761944270588076835767036966090467301113966464721272319316530770133195038824199094272, "churned_customers": 460956712463899279140699361345904067887942019961728781653043345301237485372639112647548881199256685163541277167084907593774137344}, "generation": 0, "timestamp": "2025-11-15T16:54:13.378151"}