{"key": "daily_snapshot", "value": {"day": 0, "customers": 400051827210411530108442106636393346083890668630819814280711019922361185568, "mrr": 2.0228374421725602e-113, "total_revenue": 2.640852054669741, "conversion_rate": 5.428160613137718e+67, "churn_rate": 0.05, "average_price": 5.05643845268235e-188, "daily_visitors": 0, "new_customers": 40305947371052940769653950188836741212797366974905782906864265828753211392, "churned_customers": 15110369547522306857462172667755675467686229812269857196205471391213944832}, "generation": 0, "timestamp": "2025-11-14T02:41:50.774197"}