{"key": "daily_snapshot", "value": {"day": 0, "customers": 715501726185744604040145824149738461357690853596785001268304341, "mrr": 3.986203294087307e-95, "total_revenue": 5.250998821828405, "conversion_rate": 8.02800831651993e+55, "churn_rate": 0.05, "average_price": 5.571200107842209e-158, "daily_visitors": 0, "new_customers": 88568967353445793436275619628729610003460133909042593085259776, "churned_customers": 30896237475819928280846389680649722035084611349403126607118336}, "generation": 0, "timestamp": "2025-11-14T22:12:09.627498"}