{"key": "daily_snapshot", "value": {"day": 0, "customers": 42760231511473, "mrr": 4.606456400527815e-09, "total_revenue": 4.616272806713186, "conversion_rate": 5455358.446422969, "churn_rate": 0.05, "average_price": 1.0772758326371213e-22, "daily_visitors": 0, "new_customers": 5293929917139, "churned_customers": 2725984032614}, "generation": 0, "timestamp": "2025-11-15T17:01:02.359616"}