{"key": "daily_snapshot", "value": {"day": 0, "customers": 200513173375621954430151876333589, "mrr": 6.002648419857964e-42, "total_revenue": 6.513341788556554, "conversion_rate": 2.829239624942952e+25, "churn_rate": 0.05, "average_price": 2.993642920713835e-74, "daily_visitors": 0, "new_customers": 28721872250177905434601464004608, "churned_customers": 7253208559535126097285789777920}, "generation": 0, "timestamp": "2025-11-15T00:35:03.626128"}