{"key": "daily_snapshot", "value": {"day": 0, "customers": 1248117150250323526152397806711, "mrr": 7.440569765670333e-38, "total_revenue": 3.0646080228541357, "conversion_rate": 1.9649206916205237e+23, "churn_rate": 0.05, "average_price": 5.961435402260153e-68, "daily_visitors": 0, "new_customers": 185408030992363107027905413120, "churned_customers": 68893407554749682807381950464}, "generation": 0, "timestamp": "2025-11-14T20:55:27.230665"}