{"key": "daily_snapshot", "value": {"day": 0, "customers": 7551702191265330631630351285360811684415990247425737870086304671502, "mrr": 1.2471321293993551e-99, "total_revenue": 5.934471667464104, "conversion_rate": 1.0194725315136058e+60, "churn_rate": 0.05, "average_price": 1.6514583041183078e-166, "daily_visitors": 0, "new_customers": 912943880287587510487160426495574884651037630269722714267176665088, "churned_customers": 501511727993550937070916953642205518854594480326163943825476681728}, "generation": 0, "timestamp": "2025-11-14T17:57:15.214418"}