{"key": "daily_snapshot", "value": {"day": 0, "customers": 123707483279964290463262778398527320691316913998319637, "mrr": 6.459936004260388e-79, "total_revenue": 6.513341788556554, "conversion_rate": 1.8332787506070672e+46, "churn_rate": 0.05, "average_price": 5.22194440706615e-132, "daily_visitors": 0, "new_customers": 12922761934005243660434078665064121020998678432710656, "churned_customers": 8214096718680717396882304837179992494543705657573376}, "generation": 0, "timestamp": "2025-11-15T00:45:02.128611"}