{"key": "daily_snapshot", "value": {"day": 0, "customers": 34953621837877507858973709903370895419407021189014988710192789487971122389844, "mrr": 4.544185212601518e-118, "total_revenue": 7.997332640408474, "conversion_rate": 5.44638877316625e+69, "churn_rate": 0.05, "average_price": 1.300061330891098e-194, "daily_visitors": 0, "new_customers": 4517019459125150907413722983645484980447420706503216662359877358440337637376, "churned_customers": 1557872787797761783962040750345352908025813286399806750303299827538025512960}, "generation": 0, "timestamp": "2025-11-15T16:29:28.363612"}