{"key": "daily_snapshot", "value": {"day": 0, "customers": 13, "mrr": 8.933531975680005, "total_revenue": 1.9408400766293343, "conversion_rate": 0.05922117131064707, "churn_rate": 0.05, "average_price": 0.6871947673600004, "daily_visitors": 83, "new_customers": 2, "churned_customers": 0}, "generation": 0, "timestamp": "2025-11-14T03:10:37.787865"}