{"key": "daily_snapshot", "value": {"day": 0, "customers": 61005168965744772142951952681621728511706581683928068299667769356019269394136613324442223920601110855529026393, "mrr": 4.114420022563376e-173, "total_revenue": 4.2636659399133805, "conversion_rate": 9.036257371041158e+102, "churn_rate": 0.05, "average_price": 6.744379357220826e-283, "daily_visitors": 0, "new_customers": 6664253863675075436399913656412056134602682792997564446401231022010139539573360454072061938803397486553595904, "churned_customers": 2470719903472281670944735042172496326777946918779829110485783574510588381648095526602674176946426115960864768}, "generation": 0, "timestamp": "2025-11-15T15:43:24.351830"}