{"key": "daily_snapshot", "value": {"day": 0, "customers": 1697646677256574647277669583331473994533793461825949607429831684, "mrr": 8.203446040010327e-93, "total_revenue": 4.445436838349596, "conversion_rate": 2.0630561045364153e+56, "churn_rate": 0.05, "average_price": 4.832245808219195e-156, "daily_visitors": 0, "new_customers": 171467854533423795812336761228465161488406806672225263792685056, "churned_customers": 67630416393330012414661692993671702771343590779123418907279360}, "generation": 0, "timestamp": "2025-11-15T18:25:20.097862"}