{"key": "daily_snapshot", "value": {"day": 0, "customers": 286286967400207482111799463205116982589765101050734034501362944767513278620656340002807709356337804756995337699850691758, "mrr": 2.6000428098061596e-186, "total_revenue": 14.069439877331755, "conversion_rate": 4.490753461351893e+112, "churn_rate": 0.05, "average_price": 9.081946109588345e-306, "daily_visitors": 0, "new_customers": 35132146482742028758199740537650958949661794640518203409824340832945811614500272904214057099473993410055557364475494400, "churned_customers": 14114992316862832299417398026027434874941459979402101743242742912814332433969782865709098702311302983043152096232734720}, "generation": 0, "timestamp": "2025-11-15T13:44:42.652734"}