{"key": "daily_snapshot", "value": {"day": 0, "customers": 171722149460083198095304502107458592953370270697988125113144, "mrr": 1.157782097442297e-85, "total_revenue": 8.385937104373125, "conversion_rate": 2.438641822455282e+52, "churn_rate": 0.05, "average_price": 6.742182654261635e-145, "daily_visitors": 0, "new_customers": 23539331820030518204411549681982328723738944780539973861376, "churned_customers": 8883004761603150958323980376639799958044892221188222222336}, "generation": 0, "timestamp": "2025-11-13T13:01:26.594532"}