{"key": "daily_snapshot", "value": {"day": 0, "customers": 667819097794946457141568051115218555642000301054387654559843638095304115607184800676331562363858717780390885655886905, "mrr": 2.948686847516847e-182, "total_revenue": 8.82569014329087, "conversion_rate": 8.20332026283954e+109, "churn_rate": 0.05, "average_price": 4.4153976088030954e-299, "daily_visitors": 0, "new_customers": 93138987234267761082283869924459969572263349896667636755269333337361020262087282752917600843175240592066635022467072, "churned_customers": 29482793106406359385829409477034959077977861012596323442576586356042276031714333718393376126735662902851263132598272}, "generation": 0, "timestamp": "2025-11-13T12:26:01.487527"}