{"key": "daily_snapshot", "value": {"day": 0, "customers": 2119014480316797494664384888392959580061687247729550619267098720942753642251367115347966526988725234778025667797, "mrr": 1.1433150014960501e-171, "total_revenue": 5.438023679800494, "conversion_rate": 2.5083104390662327e+104, "churn_rate": 0.05, "average_price": 5.395503485776661e-283, "daily_visitors": 0, "new_customers": 252873462782453059992083136202710317922839425836692729158073885896105606369903975693015477722125533810410913792, "churned_customers": 82987572636042350888360220951114585320287705837610544022272728033326163921567195606919473140926230009233801216}, "generation": 0, "timestamp": "2025-11-14T20:19:36.638679"}