{"key": "daily_snapshot", "value": {"day": 0, "customers": 423094433281850969332997076656102879672930052856533562235634, "mrr": 3.82866799718309e-86, "total_revenue": 10.298721371422412, "conversion_rate": 6.223946207018925e+52, "churn_rate": 0.05, "average_price": 9.049204376160068e-146, "daily_visitors": 0, "new_customers": 54608262010102172038520863580303966375810639934476834045952, "churned_customers": 22470597111894790678909298110075715515941313980864227442688}, "generation": 0, "timestamp": "2025-11-14T03:35:38.296652"}