{"key": "daily_snapshot", "value": {"day": 0, "customers": 67139938927804842697260537511536870646347733982005384479772413863155124796239236685098506495758, "mrr": 1.0876733477901586e-146, "total_revenue": 5.934471667464104, "conversion_rate": 1.0079395779215623e+88, "churn_rate": 0.05, "average_price": 1.620009438733221e-241, "daily_visitors": 0, "new_customers": 10670446870467608843770849269023504366820301584984408603607265123235142411716421875792837869568, "churned_customers": 3955090160370150741162160515642567709212140145068318531181487683760669096923846769581794263040}, "generation": 0, "timestamp": "2025-11-14T18:10:12.493667"}