{"key": "daily_snapshot", "value": {"day": 0, "customers": 827163727493540563112213385934493606413101690062001031712512861401131224640, "mrr": 1.611041353110393e-109, "total_revenue": 4.61627280770732, "conversion_rate": 1.0575517549997723e+68, "churn_rate": 0.05, "average_price": 1.9476692455943963e-184, "daily_visitors": 0, "new_customers": 108713737336396705830411215590167653328689654205829941168905588722668404736, "churned_customers": 43472421242233932112726323614861878253422120182019015328146173678281818112}, "generation": 0, "timestamp": "2025-11-15T17:29:02.665837"}