{"key": "daily_snapshot", "value": {"day": 0, "customers": 4109307990758837801339312955210962653403791429740902327244049720110878003990292713750, "mrr": 3.4303588549236186e-132, "total_revenue": 6.2331957973706755, "conversion_rate": 5.465666483353337e+77, "churn_rate": 0.05, "average_price": 8.347777442425672e-217, "daily_visitors": 0, "new_customers": 524842672035605010279123403434357600864979415567354363338179140542116772460837732352, "churned_customers": 151818905968249685253819011507476333078273431081783488942698913150329537199572254720}, "generation": 0, "timestamp": "2025-11-14T08:10:36.942739"}