{"key": "daily_snapshot", "value": {"day": 0, "customers": 73149582458720187586425418876864382103327315039264162151358930161256557657255327648764226821, "mrr": 1.0278498019943768e-147, "total_revenue": 1.5620171583249602, "conversion_rate": 8.486754710014966e+84, "churn_rate": 0.05, "average_price": 1.4051342023372636e-239, "daily_visitors": 0, "new_customers": 7168854909068088889467483858888547574835460294139790124785922484560780050041254757246435328, "churned_customers": 2428172017032157531486226936780494551972697996982180185732742925813987274791099704675401728}, "generation": 0, "timestamp": "2025-11-13T21:35:30.251246"}