{"key": "daily_snapshot", "value": {"day": 0, "customers": 10012383286666841799653454040675178977929886701782807596284159758916709606218912298394822655819435222968640648279328, "mrr": 2.285533803288962e-181, "total_revenue": 2.640852054669741, "conversion_rate": 1.1755669389465596e+108, "churn_rate": 0.05, "average_price": 2.28270706169682e-296, "daily_visitors": 0, "new_customers": 1018485987514768583512085264175722371820176273648467580629403072503576725507110574771614848836653541297333269954560, "churned_customers": 536454387207458119515192182791544596744784332083982966069115886900717007556774197777784351275091925031436901416960}, "generation": 0, "timestamp": "2025-11-14T03:00:33.799918"}