{"key": "daily_snapshot", "value": {"day": 0, "customers": 377873370129240726214775, "mrr": 3.474399108219396e-25, "total_revenue": 8.055065502431749, "conversion_rate": 5.186730214981305e+16, "churn_rate": 0.05, "average_price": 9.194612224277878e-49, "daily_visitors": 0, "new_customers": 50781399731593602400256, "churned_customers": 9644245442630322749440}, "generation": 0, "timestamp": "2025-11-13T16:54:46.088238"}