{"key": "daily_snapshot", "value": {"day": 0, "customers": 1352069346, "mrr": 0.07752422934434057, "total_revenue": 2.9477693576121267, "conversion_rate": 183.88613913984847, "churn_rate": 0.05, "average_price": 5.7337465399752185e-11, "daily_visitors": 0, "new_customers": 150854297, "churned_customers": 75251637}, "generation": 0, "timestamp": "2025-11-14T00:13:30.209104"}