{"key": "daily_snapshot", "value": {"day": 0, "customers": 33391736126767628503836987197415178465331756335243376565769190996348028104631615720188951899355459795050682506328157851227812422251808, "mrr": 3.2995419350463865e-190, "total_revenue": 2.640852054669741, "conversion_rate": 4.1912039874258863e+126, "churn_rate": 0.05, "average_price": 1e-323, "daily_visitors": 0, "new_customers": 4130133413985541779717849550430713480944228838051877776202880863158997269408556583714441679243761788209003864125844681141174537289728, "churned_customers": 1308868911789001941822784087279600986311688072953755749336716182503829035993570447050081345323267731422502875663127145618103064330240}, "generation": 0, "timestamp": "2025-11-14T03:09:10.232892"}