{"key": "daily_snapshot", "value": {"day": 0, "customers": 7457472773510046869487395790719901677055788059135101300375116156084603349484550648207742078363642699656539083784794651170812738360, "mrr": 7.368962204375507e-194, "total_revenue": 8.385937104373125, "conversion_rate": 9.240680710554252e+122, "churn_rate": 0.05, "average_price": 1e-323, "daily_visitors": 0, "new_customers": 830876485552942472563669875492064199146609402342578448538845997191644058209244097410246303820682984976135510726029967203921559552, "churned_customers": 167938347879357508971779826240866654952689761136435326552695336226675459588135529572572027305622128318099885178911967386286424064}, "generation": 0, "timestamp": "2025-11-13T13:35:15.149979"}