{"key": "daily_snapshot", "value": {"day": 0, "customers": 22541547148374520807, "mrr": 2.4840394655324544e-19, "total_revenue": 7.010218214998832, "conversion_rate": 2665130529035.8765, "churn_rate": 0.05, "average_price": 1.1019826852087122e-38, "daily_visitors": 0, "new_customers": 2205191247703171328, "churned_customers": 1054260005570687360}, "generation": 0, "timestamp": "2025-11-14T23:27:47.267060"}