{"key": "daily_snapshot", "value": {"day": 0, "customers": 32090236603732538100640979206018184489501130134232803300208, "mrr": 1.3981823334560417e-83, "total_revenue": 7.626819946521412, "conversion_rate": 3.78107877020054e+51, "churn_rate": 0.05, "average_price": 4.3570334202316655e-142, "daily_visitors": 0, "new_customers": 3172977436545590634665233746648874941646626931191593304064, "churned_customers": 1047098733850453580780623243897847704071614287212250660864}, "generation": 0, "timestamp": "2025-11-15T01:47:55.453900"}