{"key": "daily_snapshot", "value": {"day": 0, "customers": 357576231373933, "mrr": 4.4411485486779477e-10, "total_revenue": 6.233195797269273, "conversion_rate": 51169158.131753065, "churn_rate": 0.05, "average_price": 1.2420144738405853e-24, "daily_visitors": 0, "new_customers": 50921826578260, "churned_customers": 14696265031757}, "generation": 0, "timestamp": "2025-11-14T07:37:25.212886"}