{"key": "daily_snapshot", "value": {"day": 0, "customers": 35045390012813507136377622534039008529948369792811748372648651513390656094532163649362153858506946848204226807493098478, "mrr": 1.109045131528018e-191, "total_revenue": 4.058738603221899, "conversion_rate": 4.994163666825362e+111, "churn_rate": 0.05, "average_price": 3.16459634526117e-310, "daily_visitors": 0, "new_customers": 4923350965154884507268238279004018439513107406928846441566751943591150280903334646303598406403486203562461571565223936, "churned_customers": 1324360351438176771059847852659317026349570062946555507309262411678316691865627826048121690299059556009087229677797376}, "generation": 0, "timestamp": "2025-11-14T15:49:12.848829"}