{"key": "daily_snapshot", "value": {"day": 0, "customers": 77587075976155214097744924837697590678926386035455905531930464750991525836187727301615133753564801667126123171706827650832508078, "mrr": 7.666621760218598e-196, "total_revenue": 14.069439877331755, "conversion_rate": 1.0306985077304542e+121, "churn_rate": 0.05, "average_price": 1e-323, "daily_visitors": 0, "new_customers": 9914076528609630742559672721361839135745084698533237873674233228185441206110130908992857292011667418250551702397631181944258560, "churned_customers": 4594803363284227632533071863649315871462651520175731469920411224319024943627285089818630229616593907717858098747558753019625472}, "generation": 0, "timestamp": "2025-11-15T13:48:39.380597"}