{"key": "daily_snapshot", "value": {"day": 0, "customers": 90169030964, "mrr": 0.00011529627307838159, "total_revenue": 4.323940414581172, "conversion_rate": 13464.1030773442, "churn_rate": 0.05, "average_price": 1.278668206209443e-15, "daily_visitors": 0, "new_customers": 14359758735, "churned_customers": 4949235935}, "generation": 0, "timestamp": "2025-11-14T13:55:28.639130"}