{"key": "daily_snapshot", "value": {"day": 0, "customers": 117498510521268909883202353345265429429039219577123761793290702964630702, "mrr": 1.5078521224815385e-104, "total_revenue": 14.069439877331755, "conversion_rate": 1.8712632864932837e+64, "churn_rate": 0.05, "average_price": 1.283294669687405e-175, "daily_visitors": 0, "new_customers": 17359983870274727875350737649900619840918190145733482075147095087513600, "churned_customers": 8023606766480509092694040011107563336810407436342240878100437738192896}, "generation": 0, "timestamp": "2025-11-15T13:22:07.184808"}