{"key": "daily_snapshot", "value": {"day": 0, "customers": 890735292588892309958661307374, "mrr": 5.310060907281978e-38, "total_revenue": 4.058738603221899, "conversion_rate": 1.290990641810633e+23, "churn_rate": 0.05, "average_price": 5.961435402260153e-68, "daily_visitors": 0, "new_customers": 116402437764208366608059465728, "churned_customers": 53657870713633130380424904704}, "generation": 0, "timestamp": "2025-11-14T15:05:39.822546"}