{"key": "daily_snapshot", "value": {"day": 0, "customers": 5371081428579280098395926747368489942246019962502869460964208, "mrr": 3.586343196991636e-87, "total_revenue": 7.626819946521412, "conversion_rate": 8.153499401172612e+53, "churn_rate": 0.05, "average_price": 6.677134287908701e-148, "daily_visitors": 0, "new_customers": 788498630242707744448930453150788267476011460874563747840000, "churned_customers": 289754800921192488568009929286659643985441020127646773673984}, "generation": 0, "timestamp": "2025-11-15T01:48:55.770416"}