{"key": "daily_snapshot", "value": {"day": 0, "customers": 5005770211824017373762872108465543015657933075780599259415823332042286718569214426126426291085301390008701911507183337894095233667093, "mrr": 4.9463581852754135e-191, "total_revenue": 6.513341788556554, "conversion_rate": 6.88335977485138e+125, "churn_rate": 0.05, "average_price": 1e-323, "daily_visitors": 0, "new_customers": 665354635277634034358228249410714522619679743941372462061120520719515768870795546755258954500927593791357175512752816843958834429952, "churned_customers": 276536145878620574686645613913203104298179360456989112154883951310709354822321266235356848287138290038262937254433565295751884439552}, "generation": 0, "timestamp": "2025-11-15T01:22:05.062343"}