{"key": "daily_snapshot", "value": {"day": 0, "customers": 64729741118967592762767313028014011970042700876960469208689640638905160934285939771494204261491526940724836733382089173, "mrr": 9.009112500621264e-193, "total_revenue": 5.250998821828405, "conversion_rate": 8.870184223704245e+111, "churn_rate": 0.05, "average_price": 1.391804191533e-311, "daily_visitors": 0, "new_customers": 7678229715586191557194708376281304384329444233971637812885371131039338771557548290759859240404930094108780524143116288, "churned_customers": 3360743716413063569148066107040182110774104710724866871745635386078462633113508416935080986761036312717916795240972288}, "generation": 0, "timestamp": "2025-11-14T23:13:48.588298"}