{"key": "daily_snapshot", "value": {"day": 0, "customers": 5893648976992148466414455271394303392690225019673168959, "mrr": 4.435333316637895e-79, "total_revenue": 2.4762944740981485, "conversion_rate": 7.9523395817802e+47, "churn_rate": 0.05, "average_price": 7.525615003460027e-134, "daily_visitors": 0, "new_customers": 796425245386649854750575539119347241700389622424535040, "churned_customers": 162388624087277950742000818707207524225625873748852736}, "generation": 0, "timestamp": "2025-11-13T16:08:21.564209"}