{"key": "daily_snapshot", "value": {"day": 0, "customers": 200675125806996401154307815592678635531002185072427028119808858035185273844902497974339023714423943035916305174, "mrr": 2.8109624235185056e-176, "total_revenue": 8.73321624443256, "conversion_rate": 2.808972869761643e+103, "churn_rate": 0.05, "average_price": 1.4007527899705961e-286, "daily_visitors": 0, "new_customers": 24907539098685777268665246932774849146062374456921599985557406164401546492018740975492592426178150822265749504, "churned_customers": 8622593633880984443354668913410959899904910962317212114630288635308919422693468792148046227480833093890211840}, "generation": 0, "timestamp": "2025-11-14T16:55:38.418575"}