{"key": "daily_snapshot", "value": {"day": 0, "customers": 12648561319593261722540854008870371719555402733496432679022772183363401433257998601279, "mrr": 2.4007789502965914e-130, "total_revenue": 2.4762944740981485, "conversion_rate": 1.8465506767241983e+78, "churn_rate": 0.05, "average_price": 1.8980648388664274e-215, "daily_visitors": 0, "new_customers": 1816771572999040014999159722378355231494583290805849659647003739739937575547309129728, "churned_customers": 700865078842617457725024536155526165654534296177950036239544647834315753021811720192}, "generation": 0, "timestamp": "2025-11-13T16:22:27.280173"}