{"key": "daily_snapshot", "value": {"day": 0, "customers": 185, "mrr": 0.3073839740252624, "total_revenue": 2.1900934743810114, "conversion_rate": 0.5709044752636121, "churn_rate": 0.05, "average_price": 0.0016615349947311482, "daily_visitors": 39, "new_customers": 24, "churned_customers": 10}, "generation": 0, "timestamp": "2025-11-15T15:56:16.251592"}