{"key": "daily_snapshot", "value": {"day": 0, "customers": 128140458863204133535039162712073781906852217351803924696930732337032165680722949968588373758861244356403861585181753, "mrr": 3.925964245751217e-181, "total_revenue": 8.82569014329087, "conversion_rate": 1.713544230095829e+109, "churn_rate": 0.05, "average_price": 3.063797555105032e-297, "daily_visitors": 0, "new_customers": 18416587086999132265617347476408204942340407343259571947072926675285173689874159016885806981645518906744380495757312, "churned_customers": 6740169037307124068582797370527684875230828576636247204945428596876522593335282600230849659997307016998698386194432}, "generation": 0, "timestamp": "2025-11-13T12:25:42.425984"}