{"key": "daily_snapshot", "value": {"day": 0, "customers": 7457468813621, "mrr": 6.489612316115507e-07, "total_revenue": 7.574353776067068, "conversion_rate": 1062029.9413438998, "churn_rate": 0.05, "average_price": 8.702164874310018e-20, "daily_visitors": 0, "new_customers": 961893744286, "churned_customers": 277080286553}, "generation": 0, "timestamp": "2025-11-14T09:48:05.529109"}