{"key": "daily_snapshot", "value": {"day": 0, "customers": 486736358509, "mrr": 5.346154583988979e-05, "total_revenue": 7.827180128369256, "conversion_rate": 61420.67800793309, "churn_rate": 0.05, "average_price": 1.0983676256209091e-16, "daily_visitors": 0, "new_customers": 63757188492, "churned_customers": 33100255367}, "generation": 0, "timestamp": "2025-11-15T04:48:24.195709"}