{"key": "daily_snapshot", "value": {"day": 0, "customers": 2039552057782854152444824809518442757207131037106745591334951336254037589407749740778072009265173, "mrr": 2.4144690917446397e-150, "total_revenue": 6.513341788556554, "conversion_rate": 2.674559259237523e+89, "churn_rate": 0.05, "average_price": 1.1838232236000626e-246, "daily_visitors": 0, "new_customers": 283126866779376828076534711097885629959456436833912727513477508949015914736844279524797087481856, "churned_customers": 52269658450378376581903275879886880081885379041807817822515103319491876705271756323090933481472}, "generation": 0, "timestamp": "2025-11-15T01:04:51.322539"}