{"key": "daily_snapshot", "value": {"day": 0, "customers": 334615374590026019198905550767415830043216959, "mrr": 1.2202582115801536e-60, "total_revenue": 2.4762944740981485, "conversion_rate": 4.935825113202398e+37, "churn_rate": 0.05, "average_price": 3.64674878754518e-105, "daily_visitors": 0, "new_customers": 47539015317907051715401643723683414518267904, "churned_customers": 17770403870226835793054795093381115694546944}, "generation": 0, "timestamp": "2025-11-13T16:03:24.368577"}