{"key": "daily_snapshot", "value": {"day": 0, "customers": 5450691898794251286986162772722, "mrr": 1.3309520958375803e-37, "total_revenue": 10.298721371422412, "conversion_rate": 6.865510922069114e+23, "churn_rate": 0.05, "average_price": 2.4418039407657594e-68, "daily_visitors": 0, "new_customers": 598141397476099396894407524352, "churned_customers": 197961723037363554950613827584}, "generation": 0, "timestamp": "2025-11-14T03:22:16.247031"}