{"key": "daily_snapshot", "value": {"day": 0, "customers": 977341665280909673615669704, "mrr": 2.860214189242563e-31, "total_revenue": 4.843910136547377, "conversion_rate": 1.3770880165995879e+20, "churn_rate": 0.05, "average_price": 2.9265243577029677e-58, "daily_visitors": 0, "new_customers": 114441203848831858905186304, "churned_customers": 32729717681696135870152704}, "generation": 0, "timestamp": "2025-11-14T06:42:06.303297"}