{"key": "daily_snapshot", "value": {"day": 0, "customers": 1088698340238506005566762197, "mrr": 1.5192519239896678e-30, "total_revenue": 5.438023679800494, "conversion_rate": 1.424941016638091e+20, "churn_rate": 0.05, "average_price": 1.3954755581393083e-57, "daily_visitors": 0, "new_customers": 130430919471293403108474880, "churned_customers": 24437157336400728837586944}, "generation": 0, "timestamp": "2025-11-14T19:40:39.498740"}