{"key": "daily_snapshot", "value": {"day": 0, "customers": 2778826184314687050492610065716430391675622518761138536661841426242161229278574236172372082445378, "mrr": 8.188589430917657e-144, "total_revenue": 7.574353924996814, "conversion_rate": 4.0631450873703065e+89, "churn_rate": 0.05, "average_price": 2.9467800026999976e-240, "daily_visitors": 0, "new_customers": 397209030372558225031816517080545345432696515227996716588563650487508065397623086119846932381696, "churned_customers": 93541708370905647799148408573945002896928628568547242399258395434054378569216415633776819830784}, "generation": 0, "timestamp": "2025-11-14T11:09:57.724180"}