{"key": "daily_snapshot", "value": {"day": 0, "customers": 8994765417526603932277228216486805503985559972846540127246964429623600809663834918760497312516944910203509879, "mrr": 9.478767219532843e-174, "total_revenue": 3.0646080228541357, "conversion_rate": 1.1883398146535363e+102, "churn_rate": 0.05, "average_price": 1.053809274565754e-282, "daily_visitors": 0, "new_customers": 926156030685724244477198463912761031284147215260236178916964860193139887744050704883623789443037092863016960, "churned_customers": 430304988232094598971694616353144945286574105876320130899149705746639831774391883255872818423604143898755072}, "generation": 0, "timestamp": "2025-11-14T21:32:34.262809"}