{"key": "daily_snapshot", "value": {"day": 0, "customers": 1887690508030303619154699736002615776022201365515891889075950431762224861008958954, "mrr": 3.402222972443361e-127, "total_revenue": 5.620306961549841, "conversion_rate": 2.5922608871215594e+74, "churn_rate": 0.05, "average_price": 1.8023203263300745e-208, "daily_visitors": 0, "new_customers": 282647575389921377075319778175722628008638673688208814805822233322358095474589696, "churned_customers": 113982257761558197731398085480483261448250201755096252378730192780931756546064384}, "generation": 0, "timestamp": "2025-11-15T03:19:14.335634"}