{"key": "daily_snapshot", "value": {"day": 0, "customers": 443327426879524768013029147742437601300497169756106095332688607814778267765693522051, "mrr": 9.891364147712752e-128, "total_revenue": 4.596591164332845, "conversion_rate": 5.5974069194745844e+76, "churn_rate": 0.05, "average_price": 2.2311644955818966e-211, "daily_visitors": 0, "new_customers": 51541900104766102204034956419994991499115373477641779373683624690802420918163341312, "churned_customers": 10523473782747435477413993815929997337895507942425021918499474164155064951859314688}, "generation": 0, "timestamp": "2025-11-14T12:26:56.156627"}