{"key": "daily_snapshot", "value": {"day": 0, "customers": 1940317299455903214467720725329552417176591927931054146979494963866005228820226952172, "mrr": 3.9929518484406485e-129, "total_revenue": 3.8452002827692775, "conversion_rate": 2.316369135979969e+77, "churn_rate": 0.05, "average_price": 2.0578860218173275e-213, "daily_visitors": 0, "new_customers": 205247190390563622883072556343287453642879340450820912640264599393601855322354352128, "churned_customers": 57060534500727364075711053898349008366961040739770239862969432217016081792431554560}, "generation": 0, "timestamp": "2025-11-13T14:17:39.587997"}