{"key": "daily_snapshot", "value": {"day": 0, "customers": 26700958073093374595406182040265, "mrr": 2.4631298645539594e-39, "total_revenue": 3.6905216285399813, "conversion_rate": 4.121152122708427e+24, "churn_rate": 0.05, "average_price": 9.224874470089003e-71, "daily_visitors": 0, "new_customers": 3674571171062315583142031785984, "churned_customers": 1530579015945666104782925856768}, "generation": 0, "timestamp": "2025-11-15T03:56:35.249568"}