{"key": "daily_snapshot", "value": {"day": 0, "customers": 11421511029959083096911435926632552485934409020164135878671042068703296285526704809839915566501240963, "mrr": 1.0506769294652786e-155, "total_revenue": 4.596591164332845, "conversion_rate": 1.5533766033955783e+93, "churn_rate": 0.05, "average_price": 9.199106201528946e-256, "daily_visitors": 0, "new_customers": 1221000085750381908125298473805808445137024164605729250299000119195718059809589300072286489482887168, "churned_customers": 587391832686976886976573814309194657436684072304566038502769713098566479106271943922868055946821632}, "generation": 0, "timestamp": "2025-11-14T12:34:37.352420"}