{"key": "daily_snapshot", "value": {"day": 0, "customers": 538078977777578482330135739240573976888004732898645828772683419292862697891708997978637935443754041, "mrr": 4.335131952465719e-152, "total_revenue": 8.82569014329087, "conversion_rate": 6.4384541434264115e+91, "churn_rate": 0.05, "average_price": 8.056683370852111e-251, "daily_visitors": 0, "new_customers": 62497420116600640573008617192749382735328509279113084498131304541741489926974330429500047166013440, "churned_customers": 24091362365684559928824370443502823099352573427346044581099644222797513466491689321946519122739200}, "generation": 0, "timestamp": "2025-11-13T12:17:41.813113"}