{"key": "daily_snapshot", "value": {"day": 0, "customers": 265568906138646109557244806622333215195075235971395361159264284570739109291273429, "mrr": 1.1096095707371222e-120, "total_revenue": 5.438023679800494, "conversion_rate": 3.463360835323292e+73, "churn_rate": 0.05, "average_price": 4.178236024957779e-201, "daily_visitors": 0, "new_customers": 31566296145189450199274590087352165096314321337957541347793872316433280826081280, "churned_customers": 15238858544112891731600310817732343657734287339463831430632473902758286204076032}, "generation": 0, "timestamp": "2025-11-14T20:05:27.385158"}