{"key": "daily_snapshot", "value": {"day": 0, "customers": 14617926943262, "mrr": 2.8644607335502173e-08, "total_revenue": 3.180859157921079, "conversion_rate": 1888974.8242125346, "churn_rate": 0.05, "average_price": 1.959553324262962e-21, "daily_visitors": 0, "new_customers": 1702254617238, "churned_customers": 369038739766}, "generation": 0, "timestamp": "2025-11-14T08:37:58.573291"}