{"key": "daily_snapshot", "value": {"day": 0, "customers": 449321685712443544884312273272769884587998620685362897943039593160569296077310294204209087475463, "mrr": 1.777112724320508e-145, "total_revenue": 7.42566689692798, "conversion_rate": 6.031115468481077e+88, "churn_rate": 0.05, "average_price": 3.9551011687822765e-241, "daily_visitors": 0, "new_customers": 63734862224969824805962460341759884348545407717495386119837272364690622027192797884091069366272, "churned_customers": 28690753396808128942706382141131187899333827765766343913849050816732776434919805379035705376768}, "generation": 0, "timestamp": "2025-11-15T14:34:45.547460"}