{"key": "daily_snapshot", "value": {"day": 0, "customers": 39457465200798099259488457918323692867321798249098859784876801532908455915654395657924879534, "mrr": 6.128836939391855e-140, "total_revenue": 14.069439877331755, "conversion_rate": 5.574383291140846e+84, "churn_rate": 0.05, "average_price": 1.553276904180831e-231, "daily_visitors": 0, "new_customers": 5286445782293902160697926836035870989758103453612405858074617155852052452993769699092201472, "churned_customers": 1356589082884150037847865026067076983194831194784668265217283419837605705229185515255758848}, "generation": 0, "timestamp": "2025-11-15T13:31:47.284387"}