{"key": "daily_snapshot", "value": {"day": 0, "customers": 83229190345048657369759, "mrr": 1.7400000864730234e-24, "total_revenue": 3.5615064647863135, "conversion_rate": 1.0343681679134292e+16, "churn_rate": 0.05, "average_price": 2.0906127757093302e-47, "daily_visitors": 0, "new_customers": 11220738842419294896128, "churned_customers": 3577239144940358336512}, "generation": 0, "timestamp": "2025-11-13T11:43:30.016944"}