{"key": "daily_snapshot", "value": {"day": 0, "customers": 3837037772823042117801271866692577299754846017153622052416, "mrr": 4.1213302900340045e-81, "total_revenue": 4.61627280770732, "conversion_rate": 5.633848599108488e+50, "churn_rate": 0.05, "average_price": 1.074091664988171e-138, "daily_visitors": 0, "new_customers": 581995803645356931041138000831506010623339726242135932928, "churned_customers": 101930837399797606623420977979363975859214970318728724480}, "generation": 0, "timestamp": "2025-11-15T17:21:05.281632"}