{"key": "daily_snapshot", "value": {"day": 0, "customers": 958127669564929956704964391898170031704024620714209461638957439891206747283571189883121922032329, "mrr": 5.461233329428872e-147, "total_revenue": 3.6905216285399813, "conversion_rate": 1.3474382156969528e+89, "churn_rate": 0.05, "average_price": 5.699901487980958e-243, "daily_visitors": 0, "new_customers": 148047617966813899706451772213331482158441299361494056090500603642282620476533018616031342493696, "churned_customers": 29915464974794813637955561388931959837765025812252278588314895580059552021140749347726884339712}, "generation": 0, "timestamp": "2025-11-15T04:26:21.703599"}