{"key": "daily_snapshot", "value": {"day": 0, "customers": 1705042777714262853242244921739824151716102412869382157314406067841030208519143801073457172002514, "mrr": 1.1096651984640434e-151, "total_revenue": 7.180499208388138, "conversion_rate": 2.405825655372705e+89, "churn_rate": 0.05, "average_price": 6.508136997897686e-248, "daily_visitors": 0, "new_customers": 212438015667494755050257759829822413835649644912930989484589073296585908006858307386843225653248, "churned_customers": 100407894214100221906231293775410352379627024684642913846485243557572717049470977606770082447360}, "generation": 0, "timestamp": "2025-11-15T19:42:39.115339"}