{"key": "daily_snapshot", "value": {"day": 0, "customers": 396583116103174912551298329154957019683351010543703985654148459302014015, "mrr": 2.7708948079709444e-108, "total_revenue": 2.4762944740981485, "conversion_rate": 5.378803165602088e+64, "churn_rate": 0.05, "average_price": 6.986920762532083e-180, "daily_visitors": 0, "new_customers": 49958752624468181797196781296781047376487068053983593541806274824372224, "churned_customers": 11954662013905759222343305924579970356604946710819383096731032275124224}, "generation": 0, "timestamp": "2025-11-13T16:16:18.325136"}