{"key": "daily_snapshot", "value": {"day": 0, "customers": 6712382958625887353845729133269797510290504904194089169067034080242465187360247314087932289460735832794754444627550638224976986825, "mrr": 6.632715643174552e-194, "total_revenue": 3.6905216285399813, "conversion_rate": 8.908964734393998e+122, "churn_rate": 0.05, "average_price": 1e-323, "daily_visitors": 0, "new_customers": 914210406911559471654013449467604787890410665811588780721496232252994740983265339966542693093594335167786162209328211625617915904, "churned_customers": 321559553756347005824021617404039950322504182983549972029982086324073267923599524983876091538589811619007103580468574872064229376}, "generation": 0, "timestamp": "2025-11-15T04:42:07.128567"}