{"key": "daily_snapshot", "value": {"day": 0, "customers": 830576335038960124754425613262660027270927785733547739599294199764883153071463214951106752879346, "mrr": 1.665699700281204e-148, "total_revenue": 10.298721371422412, "conversion_rate": 1.208352818039324e+89, "churn_rate": 0.05, "average_price": 2.0054745482280933e-244, "daily_visitors": 0, "new_customers": 90573376274286241673266872234966115018227574513334008901745198052331243672427914181515258363904, "churned_customers": 34575007851701682811321166978447474286429839790608472451400209911234092434711092561566079385600}, "generation": 0, "timestamp": "2025-11-14T03:52:40.663990"}