{"key": "daily_snapshot", "value": {"day": 0, "customers": 34279804693366690120044824876873195011, "mrr": 2.778667071915131e-50, "total_revenue": 11.37579680016544, "conversion_rate": 4.2444403895253727e+30, "churn_rate": 0.05, "average_price": 8.105842774690069e-88, "daily_visitors": 0, "new_customers": 4292190564243831573374369768746778624, "churned_customers": 2241575380786256913591875600153313280}, "generation": 0, "timestamp": "2025-11-14T05:27:54.061443"}