{"key": "daily_snapshot", "value": {"day": 0, "customers": 288891241515102591632723301413768436394114199554360272835042085911374813004557076042440244385, "mrr": 3.555190229795785e-142, "total_revenue": 4.323965768575599, "conversion_rate": 4.4021577651688095e+85, "churn_rate": 0.05, "average_price": 1.2306327499409245e-234, "daily_visitors": 0, "new_customers": 31860593291093443341442027278231937625471400306592704717207465229689095722444545153375928320, "churned_customers": 14645121784354547904529537493931888732542229061374622871955801634523215524664628496675373056}, "generation": 0, "timestamp": "2025-11-14T14:33:20.006188"}