{"key": "daily_snapshot", "value": {"day": 0, "customers": 2602824551372930781704340641847267769007852528451356299416636403723805519272208705242586825003473135913338932986757033105478768526412780, "mrr": 2.5719323859710398e-188, "total_revenue": 3.8452002827692775, "conversion_rate": 3.441367741877989e+128, "churn_rate": 0.05, "average_price": 1e-323, "daily_visitors": 0, "new_customers": 274410393953999412591779187158109534722338182869251051908879751125223000126145968366981874104907849975471942863292776833152640209649664, "churned_customers": 127611446266074365243713307945539567533555595838247952307058679126572865724203150300797270658733902936400670845676158064406535887388672}, "generation": 0, "timestamp": "2025-11-13T14:41:14.292553"}