{"key": "daily_snapshot", "value": {"day": 0, "customers": 130764840124449295482754700306972633238683355640791945390035439300571588813256826451285418175939157389609855632868668177579604964559938, "mrr": 1.292128303788268e-189, "total_revenue": 7.574353924996814, "conversion_rate": 1.5701402636072766e+127, "churn_rate": 0.05, "average_price": 1e-323, "daily_visitors": 0, "new_customers": 13158080416620455016643708823632496694422274648149025160282153033045464685335611989882551091413858168407231419622766166045697484259328, "churned_customers": 3598860799615405837186670805707592141917581093674832534118213837532794329255439056506823336022887337123616967602031140805250316763136}, "generation": 0, "timestamp": "2025-11-14T11:48:25.266288"}