{"key": "daily_snapshot", "value": {"day": 0, "customers": 202521351645889407038949208648942351237740588807, "mrr": 3.420704396191973e-66, "total_revenue": 7.42566689692798, "conversion_rate": 2.2809812456740176e+40, "churn_rate": 0.05, "average_price": 1.689058644134031e-113, "daily_visitors": 0, "new_customers": 25276648224179686457166849640328304414548819968, "churned_customers": 7847524546595106563107166366330814699065573376}, "generation": 0, "timestamp": "2025-11-15T14:12:41.792991"}