{"key": "daily_snapshot", "value": {"day": 0, "customers": 53962880732536377618110389740010663504543688123851007684090168579190129640648674442991032475495637, "mrr": 3.8076944007597505e-148, "total_revenue": 5.438023679800494, "conversion_rate": 7.198307805016389e+90, "churn_rate": 0.05, "average_price": 7.056136271953953e-246, "daily_visitors": 0, "new_customers": 5803252058201030083223129993227656716923577845031194149731182916209817988335499586116123875082240, "churned_customers": 2335844567195068704734250816690333813881097782484618588426207812720471275150047071259645081288704}, "generation": 0, "timestamp": "2025-11-14T20:13:11.694342"}