{"key": "daily_snapshot", "value": {"day": 0, "customers": 181988843772053942718168684470924646780050985238, "mrr": 2.112366825158064e-67, "total_revenue": 6.2331957973706755, "conversion_rate": 2.3134913976532956e+40, "churn_rate": 0.05, "average_price": 1.1607122620130834e-114, "daily_visitors": 0, "new_customers": 25405875473291233254336961456356665360147021824, "churned_customers": 7205464156335748896034768678485770363572584448}, "generation": 0, "timestamp": "2025-11-14T07:52:57.890459"}