{"key": "daily_snapshot", "value": {"day": 0, "customers": 2418599714038375175051893430014676544, "mrr": 6.549873529148471e-46, "total_revenue": 4.61627280770732, "conversion_rate": 2.8964539964249438e+29, "churn_rate": 0.05, "average_price": 2.708126314218421e-82, "daily_visitors": 0, "new_customers": 294382472594670548456722691390439424, "churned_customers": 87991530151860553509545288541405184}, "generation": 0, "timestamp": "2025-11-15T17:11:20.318276"}