{"key": "daily_snapshot", "value": {"day": 0, "customers": 118802231673240275683436150167237935702422180507798857259219889575878445714920241888391419744556522, "mrr": 4.209598857370302e-154, "total_revenue": 5.620306961549841, "conversion_rate": 1.777329699206453e+91, "churn_rate": 0.05, "average_price": 3.5433668190245765e-252, "daily_visitors": 0, "new_customers": 15745723599519103150853958579177691979328831041024670697211640716058613774974352321439260915793920, "churned_customers": 5847939953050614430701353375758289156915910999135678165759313788966403816641077104771828702773248}, "generation": 0, "timestamp": "2025-11-15T03:26:47.460946"}