{"key": "daily_snapshot", "value": {"day": 0, "customers": 378654729839765115764341480561620396518225303773663406400110481653597616123093, "mrr": 5.730827944629057e-116, "total_revenue": 5.438023679800494, "conversion_rate": 4.986228884369342e+70, "churn_rate": 0.05, "average_price": 1.5134705823044028e-193, "daily_visitors": 0, "new_customers": 51114660592551245622989172624312155551107656563062470203196419624815059533824, "churned_customers": 11451888453585236349895628550550180795488175910880965667473884823056577200128}, "generation": 0, "timestamp": "2025-11-14T20:04:08.967706"}