{"key": "daily_snapshot", "value": {"day": 0, "customers": 11059741409267946260423246872066898638450846138545042449588020167, "mrr": 4.546460731822185e-96, "total_revenue": 4.928703564447977, "conversion_rate": 1.2900751883418206e+57, "churn_rate": 0.05, "average_price": 4.110820102911537e-160, "daily_visitors": 0, "new_customers": 1203269876175583273378859747537045225489623605557804363293917184, "churned_customers": 439380136908227932595094968483602126510694267386496605654876160}, "generation": 0, "timestamp": "2025-11-15T06:28:20.402036"}