{"key": "daily_snapshot", "value": {"day": 0, "customers": 32320899933196085321089543883627984881082701006052018678487387919547552808902345357861365132260645474518318012285623811, "mrr": 5.287886575866882e-189, "total_revenue": 11.37579680016544, "conversion_rate": 3.7962925991676154e+111, "churn_rate": 0.05, "average_price": 1.6360579645976412e-307, "daily_visitors": 0, "new_customers": 3803750699059762155389893883747139141529188091574428084596114569175580572713981817240470596557981815392446465081081856, "churned_customers": 743765416724596037316521730449757500855885271076254834646272777479366833156277542891754219117243179844825960190836736}, "generation": 0, "timestamp": "2025-11-14T06:24:03.507087"}