{"key": "daily_snapshot", "value": {"day": 0, "customers": 219225136995439488179669994386, "mrr": 1.13355201332254e-36, "total_revenue": 5.414632391501176, "conversion_rate": 2.821206962230129e+22, "churn_rate": 0.05, "average_price": 5.170720971409958e-66, "daily_visitors": 0, "new_customers": 29056111176737931524793434112, "churned_customers": 5998591519928368693738733568}, "generation": 0, "timestamp": "2025-11-13T22:06:37.649380"}