{"key": "daily_snapshot", "value": {"day": 0, "customers": 3335845212017128, "mrr": 2.626044723724978e-12, "total_revenue": 4.445436838349023, "conversion_rate": 455529425.9225509, "churn_rate": 0.05, "average_price": 7.872201966280846e-28, "daily_visitors": 0, "new_customers": 393848650346084, "churned_customers": 231667738390095}, "generation": 0, "timestamp": "2025-11-15T18:03:09.391792"}