{"key": "daily_snapshot", "value": {"day": 0, "customers": 1031785974135083164589441521347240670269080481938052718361330895828548879541552438774134047109336286616325696, "mrr": 1.7490526069278352e-165, "total_revenue": 4.61627280770732, "conversion_rate": 1.3579669894089993e+101, "churn_rate": 0.05, "average_price": 1.6951699778571e-273, "daily_visitors": 0, "new_customers": 155736764522992236390080957200153004471499923882773108129199540199469181694917258633803573717294176744243200, "churned_customers": 38923458126895062686958216370780350051349982226751712604616395573875865161560048482242283093411479393665024}, "generation": 0, "timestamp": "2025-11-15T17:44:27.460057"}