{"key": "daily_snapshot", "value": {"day": 0, "customers": 8480334494698460141237655121696294369842239707307392807700831520907518155423, "mrr": 2.6916393919871495e-118, "total_revenue": 3.5615064647863135, "conversion_rate": 1.1655243167707188e+69, "churn_rate": 0.05, "average_price": 3.173977858620844e-194, "daily_visitors": 0, "new_customers": 1193026985499957773129154703024752926117155881062088144999782660606510759936, "churned_customers": 184006165076756581716289650872386418743868918353873090416932766086430982144}, "generation": 0, "timestamp": "2025-11-13T12:08:51.766349"}