{"key": "daily_snapshot", "value": {"day": 0, "customers": 89884337854, "mrr": 0.0006850495639449219, "total_revenue": 7.827021203090909, "conversion_rate": 13690.693068086024, "churn_rate": 0.05, "average_price": 7.621456421669974e-15, "daily_visitors": 0, "new_customers": 10616535458, "churned_customers": 5308429833}, "generation": 0, "timestamp": "2025-11-15T04:48:05.110780"}