{"key": "daily_snapshot", "value": {"day": 0, "customers": 78794375719514, "mrr": 6.79066213682893e-09, "total_revenue": 9.426328807647224, "conversion_rate": 10259828.509008624, "churn_rate": 0.05, "average_price": 8.61820666109697e-23, "daily_visitors": 0, "new_customers": 8168494121092, "churned_customers": 3192287225629}, "generation": 0, "timestamp": "2025-11-15T11:54:30.671757"}