{"key": "daily_snapshot", "value": {"day": 0, "customers": 3438124248129284969593130558314514419907935615830921392722263633767763602120225269612375815, "mrr": 1.3165001330418374e-137, "total_revenue": 7.42566689692798, "conversion_rate": 5.128980107429613e+83, "churn_rate": 0.05, "average_price": 3.8291232021593093e-228, "daily_visitors": 0, "new_customers": 400733856572518219344507740388163331956234982046950893517208578184734570228107995674312704, "churned_customers": 192326285013506990533642449717532474905535526779762270327988110175151044009749469116497920}, "generation": 0, "timestamp": "2025-11-15T14:32:30.868227"}