{"key": "daily_snapshot", "value": {"day": 0, "customers": 12134096044088306, "mrr": 2.688706813253909e-13, "total_revenue": 4.843910136547322, "conversion_rate": 1574270588.6932995, "churn_rate": 0.05, "average_price": 2.215827865120483e-29, "daily_visitors": 0, "new_customers": 1425019421864144, "churned_customers": 614113390875194}, "generation": 0, "timestamp": "2025-11-14T06:37:07.166465"}