{"key": "daily_snapshot", "value": {"day": 0, "customers": 185094095886558120973257026275908436789353519393, "mrr": 4.236991381597437e-64, "total_revenue": 9.426328809042326, "conversion_rate": 2.7910036609761668e+40, "churn_rate": 0.05, "average_price": 2.2891013142819186e-111, "daily_visitors": 0, "new_customers": 25732182930897395394765445518271203430931365888, "churned_customers": 11702124090885447577759382587105297780392853504}, "generation": 0, "timestamp": "2025-11-15T12:09:48.679286"}