{"key": "daily_snapshot", "value": {"day": 0, "customers": 6500860830082654043898832507113970036749550357, "mrr": 2.0167690583557694e-63, "total_revenue": 2.963987135955569, "conversion_rate": 8.68043655423344e+38, "churn_rate": 0.05, "average_price": 3.1023107724798464e-109, "daily_visitors": 0, "new_customers": 821846852314712431335381174845923434002644992, "churned_customers": 176977163650400650378253957976446853703532544}, "generation": 0, "timestamp": "2025-11-14T00:30:28.096838"}