{"key": "daily_snapshot", "value": {"day": 0, "customers": 44740621945993467747097610254387012089626265815233507921410404810389510548480370570420387857312274435305255138470778883352543301716493001, "mrr": 4.4209608554172624e-187, "total_revenue": 3.6905216285399813, "conversion_rate": 5.736784946284859e+129, "churn_rate": 0.05, "average_price": 1e-323, "daily_visitors": 0, "new_customers": 4646505976991823329253237867743456926159427506266952390085981476256363999694839910615393373194347755996024158667970072959078101615116288, "churned_customers": 2087558699309862462078128755895361922865923863778794407408380226730702736895780963784502195117423657835221593820310633357134051820961792}, "generation": 0, "timestamp": "2025-11-15T04:45:24.282210"}