{"key": "daily_snapshot", "value": {"day": 0, "customers": 27097175020674250, "mrr": 4.1261012405990546e-14, "total_revenue": 5.250998821828399, "conversion_rate": 4145399989.6905103, "churn_rate": 0.05, "average_price": 1.522705314281277e-30, "daily_visitors": 0, "new_customers": 3124787847777795, "churned_customers": 1088738062091939}, "generation": 0, "timestamp": "2025-11-14T21:50:08.389687"}