{"key": "daily_snapshot", "value": {"day": 0, "customers": 460110947630804570039656856407053291910391200771910658574881691233318606031094974287925559899296195999194748329636048085, "mrr": 5.22337853851824e-186, "total_revenue": 5.438023679800494, "conversion_rate": 6.177740201615077e+112, "churn_rate": 0.05, "average_price": 1.135243263698543e-305, "daily_visitors": 0, "new_customers": 59369906314124796107245672831797706556242735506074138976705422773137062883904040451427374071671005574860492628232765440, "churned_customers": 16339682679062479248606244849251252359427548495719707085527591634625405050605899320431108367917932283863332527907274752}, "generation": 0, "timestamp": "2025-11-14T20:23:32.082356"}