{"key": "daily_snapshot", "value": {"day": 0, "customers": 1261316173581006, "mrr": 3.527608662695847e-11, "total_revenue": 8.055065502423966, "conversion_rate": 189923876.3882648, "churn_rate": 0.05, "average_price": 2.796767960788614e-26, "daily_visitors": 0, "new_customers": 194159565177188, "churned_customers": 44425306915869}, "generation": 0, "timestamp": "2025-11-13T16:50:53.199724"}