{"key": "daily_snapshot", "value": {"day": 0, "customers": 658673444790783455475651114017366537089418457412043891673751887342992021090531497141550371725186538, "mrr": 2.6908284359616115e-155, "total_revenue": 5.620306961549841, "conversion_rate": 9.447422381213367e+91, "churn_rate": 0.05, "average_price": 4.085223804363796e-254, "daily_visitors": 0, "new_customers": 92635476053350618762055291090006511064782933686465259700104189412868815890149390581453579182145536, "churned_customers": 20297261220282973195360641906841114728437756189658463744954250389668967441101575882375598318813184}, "generation": 0, "timestamp": "2025-11-15T03:27:07.556814"}