{"key": "daily_snapshot", "value": {"day": 0, "customers": 314528739629363055924591751265312951811336600390237065592555768148882191761538091512005719574632635760503708791, "mrr": 5.5072126195220686e-176, "total_revenue": 3.0646080228541357, "conversion_rate": 4.3219977023805695e+103, "churn_rate": 0.05, "average_price": 1.750940987463245e-286, "daily_visitors": 0, "new_customers": 35711582279026051165735855782633437808945077353466170927031156954451190629584625241446908106945975205247320064, "churned_customers": 11807971784839817381934387548164210491584485146043447795244338632593174739892349105262795105659616021322924032}, "generation": 0, "timestamp": "2025-11-14T21:33:13.471985"}