{"key": "daily_snapshot", "value": {"day": 0, "customers": 23367210700521514393294552089550787483852596695511298697777173, "mrr": 2.988864438173428e-92, "total_revenue": 6.513341788556554, "conversion_rate": 3.500126152088957e+54, "churn_rate": 0.05, "average_price": 1.2790848152478558e-153, "daily_visitors": 0, "new_customers": 3761970061360727291688550163796372321819362795425576989491200, "churned_customers": 1375768138708253820589782420333261969254068317348641485357056}, "generation": 0, "timestamp": "2025-11-15T00:48:46.416666"}