{"key": "daily_snapshot", "value": {"day": 0, "customers": 24869909353382, "mrr": 2.4951763736339576e-08, "total_revenue": 4.445436832935534, "conversion_rate": 3403192.8308769236, "churn_rate": 0.05, "average_price": 1.0032913020226366e-21, "daily_visitors": 0, "new_customers": 2568409489285, "churned_customers": 703759398983}, "generation": 0, "timestamp": "2025-11-15T18:02:06.110773"}