{"key": "daily_snapshot", "value": {"day": 0, "customers": 56035215494485465110375673912329770389406269471766335908507357085785755822235, "mrr": 1.3251195347498685e-116, "total_revenue": 13.18914372001125, "conversion_rate": 8.248248439727886e+69, "churn_rate": 0.05, "average_price": 2.364797784850629e-193, "daily_visitors": 0, "new_customers": 8575776325549255330059005003905584314186486689431243866172138319403590615040, "churned_customers": 2050894696289249972552295971016788911845721371421824308246640919968525320192}, "generation": 0, "timestamp": "2025-11-13T18:21:05.186037"}