{"key": "daily_snapshot", "value": {"day": 0, "customers": 6037851006, "mrr": 0.09075296125462354, "total_revenue": 10.279332890641259, "conversion_rate": 850.0533719514475, "churn_rate": 0.05, "average_price": 1.503067252975264e-11, "daily_visitors": 0, "new_customers": 703503996, "churned_customers": 340145947}, "generation": 0, "timestamp": "2025-11-14T03:12:28.177657"}