{"key": "daily_snapshot", "value": {"day": 0, "customers": 278217786305411045936546456136181169427514549344130939883648288, "mrr": 8.01334817198721e-93, "total_revenue": 2.640852054669741, "conversion_rate": 3.8222202514696675e+55, "churn_rate": 0.05, "average_price": 2.880242948662754e-155, "daily_visitors": 0, "new_customers": 39655747443218566369742746568375016097614530583547857407574016, "churned_customers": 9907518928783838816390100946250268456879249973673460970291200}, "generation": 0, "timestamp": "2025-11-14T02:36:11.343228"}