{"key": "daily_snapshot", "value": {"day": 0, "customers": 261395355051196193930800336753725066220, "mrr": 1.9542754145400073e-51, "total_revenue": 3.8452002827692775, "conversion_rate": 3.478531048670384e+31, "churn_rate": 0.05, "average_price": 7.4763203583217765e-90, "daily_visitors": 0, "new_customers": 33842061134075523013668198907956428800, "churned_customers": 15484605056617125524590962394271842304}, "generation": 0, "timestamp": "2025-11-13T13:56:17.104088"}