{"key": "daily_snapshot", "value": {"day": 0, "customers": 92165903909868913744901573751277190134459684354100251905793164585991662910595471129784446967482556662931096892915830037408038312405, "mrr": 9.107201367954331e-193, "total_revenue": 5.250998821828405, "conversion_rate": 1.2297344724997577e+124, "churn_rate": 0.05, "average_price": 1e-323, "daily_visitors": 0, "new_customers": 11466179714592407552154840808945859017507133969928958681055871176077524524021590408317780398202857208595196338224746436046333411328, "churned_customers": 6037610161800583175459228696600756982683676300953437021369773291211533392076231922158833805643724584173389154132481273545363554304}, "generation": 0, "timestamp": "2025-11-14T23:19:33.687406"}