{"key": "daily_snapshot", "value": {"day": 0, "customers": 729578862348863601192356016012096080118231379115626774, "mrr": 9.987215221735645e-79, "total_revenue": 6.2331957973706755, "conversion_rate": 9.623922804616956e+46, "churn_rate": 0.05, "average_price": 1.3689013946459493e-132, "daily_visitors": 0, "new_customers": 89827727423329401260478650014011953266967977039757312, "churned_customers": 45410960237538522343222716700830964233088421767151616}, "generation": 0, "timestamp": "2025-11-14T07:56:03.921151"}