{"key": "daily_snapshot", "value": {"day": 0, "customers": 623444285313833082218846842853988481668242539220098106113204847146728137712961042129777573963333615786188458392084240665193052706282, "mrr": 6.1604480693922666e-192, "total_revenue": 5.620306961549841, "conversion_rate": 8.080352759263906e+124, "churn_rate": 0.05, "average_price": 1e-323, "daily_visitors": 0, "new_customers": 85701864316932294652591945961922143117488004750141424279388023371077662289396017658804065980255771577612518158557217471884070748160, "churned_customers": 19922213886810364346710331145433450185976753621534816202822527004679690817894128304929845615664554302880439072845409426801734713344}, "generation": 0, "timestamp": "2025-11-15T03:42:35.058998"}