{"key": "daily_snapshot", "value": {"day": 0, "customers": 372580492903390928885309472750684059538922, "mrr": 9.519773391137243e-59, "total_revenue": 5.620306961549841, "conversion_rate": 5.06955945376937e+34, "churn_rate": 0.05, "average_price": 2.5550917378827167e-100, "daily_visitors": 0, "new_customers": 42988804809204465772542577836626534203392, "churned_customers": 8221098566207148935257912782421357494272}, "generation": 0, "timestamp": "2025-11-15T03:00:32.755832"}