{"key": "daily_snapshot", "value": {"day": 0, "customers": 1615456066458478484580179751035157663969011667865454759216609945503452013558228139539976013766, "mrr": 2.8374157141925343e-146, "total_revenue": 3.6346456800791516, "conversion_rate": 1.9755076069198563e+86, "churn_rate": 0.05, "average_price": 1.7564177529215793e-239, "daily_visitors": 0, "new_customers": 186341403040588762107117580036857856514046528081319824499033833567725888366215479228228435968, "churned_customers": 59971595093314503420734813835271898782763545612648075124183800882296502182338616857884360704}, "generation": 0, "timestamp": "2025-11-13T15:23:19.683347"}