{"key": "daily_snapshot", "value": {"day": 0, "customers": 133458018408077039318128936325116245199817039028799693815204937443690149903421101234899942834867798867895468745, "mrr": 2.9781529678767353e-170, "total_revenue": 3.6905216285399813, "conversion_rate": 2.282852009698893e+103, "churn_rate": 0.05, "average_price": 2.2315279391983644e-280, "daily_visitors": 0, "new_customers": 16486862173101673042568027485008573747027581096931548437416427288225279743120004024028742652825247188418297856, "churned_customers": 7064567061003760408096736511227843895186178537113550156150974001397514298583129345783195715592360989951000576}, "generation": 0, "timestamp": "2025-11-15T04:32:49.919728"}