{"key": "daily_snapshot", "value": {"day": 0, "customers": 581425629629077608879906602585472186035318150081181489524039857920367249276079078061064740268360138236509, "mrr": 1.5550267108719404e-165, "total_revenue": 7.058512489256422, "conversion_rate": 6.951931910488809e+97, "churn_rate": 0.05, "average_price": 2.6745066464716644e-270, "daily_visitors": 0, "new_customers": 73373297325684799799987642333956761636696423350145177607126332606409961607303458043006930252590041006080, "churned_customers": 30997344047872253374433002525781106338982115731741183131580255684226952212595039813920331733561671417856}, "generation": 0, "timestamp": "2025-11-15T11:36:08.568068"}