{"key": "daily_snapshot", "value": {"day": 0, "customers": 27332253135336959966478612780059268539432442949300135402565562480238686678459321920, "mrr": 4.974137864812657e-123, "total_revenue": 4.61627280770732, "conversion_rate": 3.688036384971795e+75, "churn_rate": 0.05, "average_price": 1.819878456482521e-205, "daily_visitors": 0, "new_customers": 3561072650364647096790495483914618134059775301494638262386260235514752953739116544, "churned_customers": 962699477881823920630903348392793406519446308511493083456829439120869110428205056}, "generation": 0, "timestamp": "2025-11-15T17:32:41.280745"}