{"key": "daily_snapshot", "value": {"day": 0, "customers": 90407397213906637618029301486593769894035908416010453944311237323486966312557343625097028412716982615709495581912609402886164435150606, "mrr": 8.933437818662979e-190, "total_revenue": 5.934471667464104, "conversion_rate": 1.1612182205297795e+127, "churn_rate": 0.05, "average_price": 1e-323, "daily_visitors": 0, "new_customers": 10351321470024938407651496598469602757023634822800915221644947337865880454751848002867674101011413431900884571106852600628166023708672, "churned_customers": 5998373889623657731141733384781865787694882389209236846555196463162532346492809791648891337146802691946424165551566129759011746086912}, "generation": 0, "timestamp": "2025-11-14T18:28:29.225997"}