{"key": "daily_snapshot", "value": {"day": 0, "customers": 3920587701041066502741001155597117728775854473309060426628933843405641924282346120986771743849802643900197645634540, "mrr": 7.762500044805725e-180, "total_revenue": 3.8452002827692775, "conversion_rate": 5.709389454530911e+107, "churn_rate": 0.05, "average_price": 1.9799327643517533e-294, "daily_visitors": 0, "new_customers": 574694426454773537167540699012175082909714601543786927725789530665039627437494403688727979661963439401035664195584, "churned_customers": 248463556655438028111909331231563662597622958458668940651105084363064806091202772668485474499226971411714104360960}, "generation": 0, "timestamp": "2025-11-13T14:31:39.393669"}