{"key": "daily_snapshot", "value": {"day": 0, "customers": 8042248855156463786609890153701555351323873606734112401469284572269400666144920614277948609066887324978212101, "mrr": 1.3114421769858154e-176, "total_revenue": 1.5620171583249602, "conversion_rate": 1.1156954082911723e+102, "churn_rate": 0.05, "average_price": 1.6306908684440367e-285, "daily_visitors": 0, "new_customers": 1106544091365786885018937262723738148490915322407490103076050340186871054492203798544519373334575258154303488, "churned_customers": 439155597420108561267206713298956431316320614028864901807102887307194589906449910960991795061873314688401408}, "generation": 0, "timestamp": "2025-11-13T21:43:26.602168"}