{"key": "daily_snapshot", "value": {"day": 0, "customers": 1310414598837547059463300799367863475166764196892530480846525456488439863559661723, "mrr": 1.5262689903901678e-124, "total_revenue": 13.18914372001125, "conversion_rate": 1.6837672132540506e+74, "churn_rate": 0.05, "average_price": 1.1647222121488135e-205, "daily_visitors": 0, "new_customers": 149559273598892353671113073504888139738990476572328877906476478973485359915073536, "churned_customers": 58075211523509082397178368321443422424825461410475317937537491729128180804485120}, "generation": 0, "timestamp": "2025-11-13T18:23:12.764784"}