{"key": "daily_snapshot", "value": {"day": 0, "customers": 17781602296091416399305019335508, "mrr": 2.563016391538901e-39, "total_revenue": 7.997332640408474, "conversion_rate": 2.2599845238275504e+24, "churn_rate": 0.05, "average_price": 1.4413866359514065e-70, "daily_visitors": 0, "new_customers": 1893288683086182451895024484352, "churned_customers": 470086393751809938263266820096}, "generation": 0, "timestamp": "2025-11-15T16:07:51.453730"}