{"key": "daily_snapshot", "value": {"day": 0, "customers": 65808077127713720760111199050788695581875946261, "mrr": 2.5273425655178425e-65, "total_revenue": 2.963987135955569, "conversion_rate": 8.757818993986658e+39, "churn_rate": 0.05, "average_price": 3.840474719559165e-112, "daily_visitors": 0, "new_customers": 8667758387923644244751033083598019493535678464, "churned_customers": 2660476650437385412363774290829985354738565120}, "generation": 0, "timestamp": "2025-11-14T00:30:58.192722"}