{"key": "daily_snapshot", "value": {"day": 0, "customers": 1863854061806007959751304253219493141085799207329567824524026187971634845095830109, "mrr": 7.113514110121559e-125, "total_revenue": 7.058512489256422, "conversion_rate": 2.259535951891485e+74, "churn_rate": 0.05, "average_price": 3.816561744769233e-206, "daily_visitors": 0, "new_customers": 233944283614944150591265196663266503653377595481798707110103982806798825884221440, "churned_customers": 77367187098367993176497737663977482316922061469821389221974894003415867602239488}, "generation": 0, "timestamp": "2025-11-15T11:00:18.403041"}