{"key": "daily_snapshot", "value": {"day": 0, "customers": 12109784093532146434809285501396256135264256231479585, "mrr": 4.4738322701072543e-72, "total_revenue": 9.426328809042326, "conversion_rate": 1.5656379654552944e+45, "churn_rate": 0.05, "average_price": 3.6943947435831947e-124, "daily_visitors": 0, "new_customers": 1332393899805307077982848326546692565961222343622656, "churned_customers": 352927153422065051332930848752970810727959594270720}, "generation": 0, "timestamp": "2025-11-15T12:12:01.289399"}