{"key": "daily_snapshot", "value": {"day": 0, "customers": 23711622246214395509394434308819966165431465785978315412333587336171434727464830077529320746511016351305820074918013997827095293687495841, "mrr": 2.343019591803917e-187, "total_revenue": 4.323965768575599, "conversion_rate": 3.555604242942267e+129, "churn_rate": 0.05, "average_price": 1e-323, "daily_visitors": 0, "new_customers": 3907283556712204269247177647855133804992963963752683447595920643740688595924773284930025233980125436731455869928714481927316865508442112, "churned_customers": 921958319121545891549231267068665588206647022876152488106422407255767542283367726552960780473134118829618872274196748904790899006898176}, "generation": 0, "timestamp": "2025-11-14T14:53:36.183477"}