{"key": "daily_snapshot", "value": {"day": 0, "customers": 179213201854027886242120839149810956744, "mrr": 7.986159977324596e-51, "total_revenue": 4.843910136547377, "conversion_rate": 2.465786052393708e+31, "churn_rate": 0.05, "average_price": 4.4562341918479056e-89, "daily_visitors": 0, "new_customers": 20958814463527313507741207643713175552, "churned_customers": 5411729874111152795650773667465396224}, "generation": 0, "timestamp": "2025-11-14T06:47:25.646707"}