{"key": "daily_snapshot", "value": {"day": 0, "customers": 1865916800668607312622097424482063193, "mrr": 9.774191147806126e-49, "total_revenue": 4.2636659399133805, "conversion_rate": 2.5544816054235053e+29, "churn_rate": 0.05, "average_price": 5.238278118458323e-85, "daily_visitors": 0, "new_customers": 220627030407933031216111043951460352, "churned_customers": 119142039277166797314113315622879232}, "generation": 0, "timestamp": "2025-11-15T15:09:12.225688"}