{"key": "daily_snapshot", "value": {"day": 0, "customers": 319159878527575598365329626736445901388365592080176977634578066058095928289534557, "mrr": 1.6508243649750303e-123, "total_revenue": 7.058512489256422, "conversion_rate": 4.4918313543571026e+73, "churn_rate": 0.05, "average_price": 5.172405668879832e-204, "daily_visitors": 0, "new_customers": 34915587401895866619900251503345847035239828753723914359331183682578805610774528, "churned_customers": 17123762254092295261415260465340046352432167534289835308291440102218295624597504}, "generation": 0, "timestamp": "2025-11-15T10:59:56.284818"}