{"key": "daily_snapshot", "value": {"day": 0, "customers": 16084072370060007327023329856348164163461285426926638143836131726634408680752510128667705, "mrr": 1.226439710826434e-133, "total_revenue": 8.82569014329087, "conversion_rate": 2.236346318356088e+81, "churn_rate": 0.05, "average_price": 7.625181500111955e-222, "daily_visitors": 0, "new_customers": 2092765945333083115546691057337021284679633664014460090401402977152377311615031273586688, "churned_customers": 1107870480620025542392918357211146208663381937655992441885183348235719760676982945218560}, "generation": 0, "timestamp": "2025-11-13T12:12:41.955489"}