{"key": "daily_snapshot", "value": {"day": 0, "customers": 2379340479628972138994068999695274445165213801926679295118807471594, "mrr": 9.500661726779072e-103, "total_revenue": 5.620306961549841, "conversion_rate": 3.241114857840008e+59, "churn_rate": 0.05, "average_price": 3.9929811677312275e-169, "daily_visitors": 0, "new_customers": 240933261645883758793646603559845505065937129321937549452506038272, "churned_customers": 62375863897106559203796169433764989398504152635560425460563181568}, "generation": 0, "timestamp": "2025-11-15T03:12:26.457022"}