{"key": "daily_snapshot", "value": {"day": 0, "customers": 7083314941798859520114339841137870607555397700801836903580539729112504439, "mrr": 2.50946953547116e-110, "total_revenue": 8.055065502431749, "conversion_rate": 1.073874124270288e+66, "churn_rate": 0.05, "average_price": 3.542789719348356e-183, "daily_visitors": 0, "new_customers": 828518075617723328628994860288064926825952863728119605825076991459590144, "churned_customers": 433774620663931125989957704960780251614434596243283676665174523419557888}, "generation": 0, "timestamp": "2025-11-13T17:18:03.476573"}