{"key": "daily_snapshot", "value": {"day": 0, "customers": 1213809437275330956300018418363282059030347121832110668938214654099842441641038352842732426567281926903707131487157747531, "mrr": 5.482367966717118e-195, "total_revenue": 5.241512577835226, "conversion_rate": 1.642143678872163e+113, "churn_rate": 0.05, "average_price": 4.51666283e-315, "daily_visitors": 0, "new_customers": 126785589258882936431913080880442806967053153980864028616980270120567983299360690048600437987398828667392922973355638784, "churned_customers": 64150471628048968146542178633670267621822857748178137562460770493309737214034063081872597144974148175881930953505898496}, "generation": 0, "timestamp": "2025-11-13T20:47:27.797862"}