{"key": "daily_snapshot", "value": {"day": 0, "customers": 3855760900434512354971914860176673289745313185160311, "mrr": 1.5295133170115827e-73, "total_revenue": 3.0646080228541357, "conversion_rate": 5.762271008028441e+44, "churn_rate": 0.05, "average_price": 3.966826150551034e-125, "daily_visitors": 0, "new_customers": 472390667432149191882147157892199908098033814863872, "churned_customers": 181877592354513594588377466120941982813112722522112}, "generation": 0, "timestamp": "2025-11-14T21:05:19.834659"}