{"key": "daily_snapshot", "value": {"day": 0, "customers": 359, "mrr": 0.15636655324751, "total_revenue": 1.9845348384295731, "conversion_rate": 1.0171807295894664, "churn_rate": 0.05, "average_price": 0.00043556142965880224, "daily_visitors": 33, "new_customers": 58, "churned_customers": 9}, "generation": 0, "timestamp": "2025-11-14T12:52:19.242956"}