{"key": "daily_snapshot", "value": {"day": 0, "customers": 11438518807197555421026405465780345289167608514860810819670882058705361825216650343926095710465, "mrr": 1.0286498560045649e-145, "total_revenue": 6.966800923949336, "conversion_rate": 1.4001267661937363e+87, "churn_rate": 0.05, "average_price": 8.992858894958488e-240, "daily_visitors": 0, "new_customers": 1346092788897423826487290368402106538158898034363799846229882342718875999630673015451760459776, "churned_customers": 455199311776303139966119137887685980417558662664723054814126515572795370454611515748273618944}, "generation": 0, "timestamp": "2025-11-14T04:53:00.802957"}