{"key": "daily_snapshot", "value": {"day": 0, "customers": 348659355481941456834172887719166979158005538008799087677220971042181206896, "mrr": 1.911420860940915e-111, "total_revenue": 7.626819946521412, "conversion_rate": 4.55085258354746e+67, "churn_rate": 0.05, "average_price": 5.48220155543744e-186, "daily_visitors": 0, "new_customers": 44321377553188475527965617040166592289353559182436962145512520099771187200, "churned_customers": 16527723890840426429453861457467077211237994503127379031751608835415998464}, "generation": 0, "timestamp": "2025-11-15T01:55:30.883162"}