{"key": "daily_snapshot", "value": {"day": 0, "customers": 8768947395444999579926864189402911434406629269819059144743947469386189708890769409603639262797089881226274593323832, "mrr": 8.278811577376612e-179, "total_revenue": 8.385937104373125, "conversion_rate": 1.164977695217378e+108, "churn_rate": 0.05, "average_price": 9.441055127867471e-294, "daily_visitors": 0, "new_customers": 1193461307451782985735336231847000765485590063426706489079460746856351689684770337591641459088334982267347488735232, "churned_customers": 505190950317203577737137583150049364863121065533283346948594530923596193544920481982801698468142464003011313139712}, "generation": 0, "timestamp": "2025-11-13T13:28:23.279249"}