{"key": "daily_snapshot", "value": {"day": 0, "customers": 729019251085234290536408310767018781945683621235541159, "mrr": 1.559305421147379e-78, "total_revenue": 7.010218214998832, "conversion_rate": 9.003150596134479e+46, "churn_rate": 0.05, "average_price": 2.1389084291342956e-132, "daily_visitors": 0, "new_customers": 88730328132889045445738119703225928874145816390926336, "churned_customers": 32132327498385026049778691603001552195600680092696576}, "generation": 0, "timestamp": "2025-11-14T23:43:58.715492"}