{"key": "daily_snapshot", "value": {"day": 0, "customers": 959365603500704952032196767706846618799040058151492846892589544736, "mrr": 8.79492197173709e-99, "total_revenue": 2.640852054669741, "conversion_rate": 1.3404689640571367e+59, "churn_rate": 0.05, "average_price": 9.16743516720279e-165, "daily_visitors": 0, "new_customers": 134155442467484825777440271036325993587464045073301182129647910912, "churned_customers": 29470842330076769818459889389944261923871516147802438324803600384}, "generation": 0, "timestamp": "2025-11-14T02:37:49.741205"}