{"key": "daily_snapshot", "value": {"day": 0, "customers": 120612806572524222446, "mrr": 2.0567325288284727e-21, "total_revenue": 4.058738603221899, "conversion_rate": 17142662097470.824, "churn_rate": 0.05, "average_price": 1.7052356107738557e-41, "daily_visitors": 0, "new_customers": 15560494400375881728, "churned_customers": 5737160781695178752}, "generation": 0, "timestamp": "2025-11-14T15:01:05.507827"}