{"key": "daily_snapshot", "value": {"day": 0, "customers": 1665239041842636568163387750038606806648423831292951743615545553371072115597677585301146410405833044156, "mrr": 8.259832521847718e-161, "total_revenue": 7.827191553977371, "conversion_rate": 2.1975015304550208e+95, "churn_rate": 0.05, "average_price": 4.96014825157352e-263, "daily_visitors": 0, "new_customers": 245645290108227135100968251468906930839614472776935142104776795376791557414353364830991715994416709632, "churned_customers": 64614288205285181238787675263039356690169589523584998388890290437296327368655865229468065475149692928}, "generation": 0, "timestamp": "2025-11-15T05:44:59.427040"}