{"key": "daily_snapshot", "value": {"day": 0, "customers": 397942007258497008139855514032656562905073406646951141557664118144323350993149702906827373924150533, "mrr": 2.7011278004938425e-159, "total_revenue": 1.5620171583249602, "conversion_rate": 4.824847206378222e+91, "churn_rate": 0.05, "average_price": 6.787742312259161e-258, "daily_visitors": 0, "new_customers": 53894229279999688627796157405002305478431595279322597670353265677706585529012750161125349420695552, "churned_customers": 25820528810478356661626883465807563630668188854700045478135841356924191367756778437635443292897280}, "generation": 0, "timestamp": "2025-11-13T21:38:40.252739"}