{"key": "daily_snapshot", "value": {"day": 0, "customers": 2190974230256628621183218378579097489853674566489020123276475415609, "mrr": 6.645772265925254e-96, "total_revenue": 8.82569014329087, "conversion_rate": 2.8312639807223558e+59, "churn_rate": 0.05, "average_price": 3.0332498548587835e-162, "daily_visitors": 0, "new_customers": 219728620451811900368093570767293422911462728872032074124652183552, "churned_customers": 144955947878013317612036502898448093948963060824315967979418288128}, "generation": 0, "timestamp": "2025-11-13T12:02:24.970292"}