{"key": "daily_snapshot", "value": {"day": 0, "customers": 48351425126994059238400047689728843818652233732346328781021744498739196997869210054911819501560783779949893511615857578014882474139, "mrr": 4.777755616542599e-193, "total_revenue": 13.18914372001125, "conversion_rate": 6.355937771528257e+123, "churn_rate": 0.05, "average_price": 1e-323, "daily_visitors": 0, "new_customers": 5356294723270577696053357525796570615179698407407893194536751700957783628152677594747273554680977313573243201092079742212630380544, "churned_customers": 2457565600552413074090739739940075928680267038479468096323503982447179215354792788631959998773027009662544202620806807015070367744}, "generation": 0, "timestamp": "2025-11-13T18:46:45.132877"}