{"key": "daily_snapshot", "value": {"day": 0, "customers": 863741363875074921653707604, "mrr": 1.2942131917496264e-31, "total_revenue": 7.997332640408474, "conversion_rate": 1.1840190491493694e+20, "churn_rate": 0.05, "average_price": 1.4983804711439197e-58, "daily_visitors": 0, "new_customers": 98749481973446978228453376, "churned_customers": 33948972332980942971863040}, "generation": 0, "timestamp": "2025-11-15T16:05:47.025102"}