{"key": "daily_snapshot", "value": {"day": 0, "customers": 230076768160535562657324747912815132300949020482421580510376196823843764354839354722004465000276599405920441071208569414214182240075, "mrr": 2.273460541086035e-192, "total_revenue": 5.241512577835226, "conversion_rate": 3.2376353858984407e+124, "churn_rate": 0.05, "average_price": 1e-323, "daily_visitors": 0, "new_customers": 31893794500975259559703536147615773328414455523663792304860117548080919346063945883276655464308945840650136025837725776202499620864, "churned_customers": 9091526611025147751191268666362485184559749862034180985546101896169017209103697717217454727808003595439256263751758005569490780160}, "generation": 0, "timestamp": "2025-11-13T20:52:48.097700"}