{"key": "daily_snapshot", "value": {"day": 0, "customers": 520424911915656081935651949916892994486377472678237674, "mrr": 9.561810364469784e-80, "total_revenue": 5.620306961549841, "conversion_rate": 6.627863937978005e+46, "churn_rate": 0.05, "average_price": 1.8373083504541078e-133, "daily_visitors": 0, "new_customers": 56177626833852722667015474625282085415004680184922112, "churned_customers": 25615109962670462909881743851421271566335551133974528}, "generation": 0, "timestamp": "2025-11-15T03:06:16.403974"}