{"key": "daily_snapshot", "value": {"day": 0, "customers": 14983472533292538551157970224004321836548292420372172340858518391811956394930694297299969456584, "mrr": 1.94186935431471e-147, "total_revenue": 4.843910136547377, "conversion_rate": 2.1706151906125335e+87, "churn_rate": 0.05, "average_price": 1.2960075509865767e-241, "daily_visitors": 0, "new_customers": 1790564404452170030114862502002820062098384461555219751778122811587609074873839922666654400512, "churned_customers": 657362109543181291211031978994086443820187531394905806703841530394171778456570595326602248192}, "generation": 0, "timestamp": "2025-11-14T07:13:47.187560"}