{"key": "daily_snapshot", "value": {"day": 0, "customers": 996047485822420606871746904865847840259385077985923751809888985067834434, "mrr": 2.8783010281718387e-105, "total_revenue": 7.574353924996814, "conversion_rate": 1.2850121191538936e+65, "churn_rate": 0.05, "average_price": 2.8897226981053734e-177, "daily_visitors": 0, "new_customers": 129358648731188796573253678234847501216102091284447168176344896888635392, "churned_customers": 47899376507487385836205300493083372958968480889796660858356013570457600}, "generation": 0, "timestamp": "2025-11-14T10:53:06.801031"}