{"key": "daily_snapshot", "value": {"day": 0, "customers": 74270265963209854096462837058973761463752915950, "mrr": 5.138302350429927e-67, "total_revenue": 4.058738603221899, "conversion_rate": 8.923349739823495e+39, "churn_rate": 0.05, "average_price": 6.918384206372993e-114, "daily_visitors": 0, "new_customers": 9460092561395036890114384919517207267087745024, "churned_customers": 1958668577541023529964938653918381178412335104}, "generation": 0, "timestamp": "2025-11-14T15:13:35.966608"}