{"key": "daily_snapshot", "value": {"day": 0, "customers": 97061682422510861648369555143021598009374952068120734813036387616578170117, "mrr": 3.6213646180627903e-116, "total_revenue": 1.5620171583249602, "conversion_rate": 1.5375743531450904e+67, "churn_rate": 0.05, "average_price": 3.7309930424438136e-190, "daily_visitors": 0, "new_customers": 12444313633644033563335510037239771814768773278027773534936899220047659008, "churned_customers": 4881151198607903426371822418223810047158587215863356983337149337761218560}, "generation": 0, "timestamp": "2025-11-13T21:26:58.088557"}