{"key": "daily_snapshot", "value": {"day": 0, "customers": 34674133680714006265499576805431278927327330677607676472626396474751858690292569735449666, "mrr": 3.337153788300802e-130, "total_revenue": 7.574353924996814, "conversion_rate": 5.299481341572783e+81, "churn_rate": 0.05, "average_price": 9.62433212904451e-219, "daily_visitors": 0, "new_customers": 5159632951560248701995528223479847272678974251445768331983197399145700559798241910063104, "churned_customers": 1770183848680871188391580544307940224267387586429434040385513997532248576569363530776576}, "generation": 0, "timestamp": "2025-11-14T11:06:14.574337"}