{"key": "daily_snapshot", "value": {"day": 0, "customers": 82919527614919401596494121496807471783050238241417372792195958939845643783959730227457, "mrr": 1.5586817846669185e-132, "total_revenue": 6.966800923949336, "conversion_rate": 1.0551650827988316e+79, "churn_rate": 0.05, "average_price": 1.8797523689540057e-218, "daily_visitors": 0, "new_customers": 11354082795720415127332035027558236174950098602799595972998112249620371573843676889088, "churned_customers": 4050703709660089408273190941760110440786703332202770986756291341252522927369584902144}, "generation": 0, "timestamp": "2025-11-14T04:49:19.592184"}