{"key": "daily_snapshot", "value": {"day": 0, "customers": 119781564117252128660733290377177650676043742135129894961650770146336343835695032391287466302373672351770847161498781280085166, "mrr": 1.6191635916583186e-195, "total_revenue": 14.069439877331755, "conversion_rate": 1.8186026872544093e+118, "churn_rate": 0.05, "average_price": 1.352e-320, "daily_visitors": 0, "new_customers": 14367972645286015820969546793478331061308597962845739873514949203134490348428378105117898587063154798648534716503152318742528, "churned_customers": 8029046350527360185729702071613482499707966441507276660146669563326324528628274316134664325804588951070775906137753610354688}, "generation": 0, "timestamp": "2025-11-15T13:47:18.878079"}