{"key": "daily_snapshot", "value": {"day": 0, "customers": 2700369276063128897370949256182102577849529370229252409002025094300307382835260629, "mrr": 2.7280088577300496e-122, "total_revenue": 5.438023679800494, "conversion_rate": 4.1741998593790654e+74, "churn_rate": 0.05, "average_price": 1.0102354822030921e-203, "daily_visitors": 0, "new_customers": 367352336670332939077621443190624022338246968801927504285864071903397100900057088, "churned_customers": 105459887352267129729279627269308861430276361573386197361039423485775113860677632}, "generation": 0, "timestamp": "2025-11-14T20:05:54.523415"}