{"key": "daily_snapshot", "value": {"day": 0, "customers": 4585562417419199587729157430787, "mrr": 2.1869227307581172e-37, "total_revenue": 11.37579680016544, "conversion_rate": 6.091417911704109e+23, "churn_rate": 0.05, "average_price": 4.769148321808123e-68, "daily_visitors": 0, "new_customers": 505857065371569594032719921152, "churned_customers": 272517435256655142365637378048}, "generation": 0, "timestamp": "2025-11-14T05:24:28.960477"}