{"key": "daily_snapshot", "value": {"day": 0, "customers": 4997494423133663764175981562075313260751022708798699972743078334947194173924779276446393577715998938737148070878197230805, "mrr": 1.0973897198529587e-187, "total_revenue": 5.438023679800494, "conversion_rate": 6.595127373800166e+113, "churn_rate": 0.05, "average_price": 2.1958798288459996e-308, "daily_visitors": 0, "new_customers": 629363999566196677505777863866708010929390951236475514104636776086776060715411867172749276279860875229245114413377126400, "churned_customers": 274597983965754700227989283251074164801153493534478267212035059517130273687133737305325792807853652845773014178275000320}, "generation": 0, "timestamp": "2025-11-14T20:24:00.257474"}