{"key": "daily_snapshot", "value": {"day": 0, "customers": 47429506578811076686951317168053615619877711790259257, "mrr": 9.633003878633478e-73, "total_revenue": 8.82569014329087, "conversion_rate": 6.615883203232566e+45, "churn_rate": 0.05, "average_price": 2.0310149890821295e-125, "daily_visitors": 0, "new_customers": 6152655963854310569500614118185737424510519823302656, "churned_customers": 3062454677296089348612349731154738085635821800521728}, "generation": 0, "timestamp": "2025-11-13T11:56:03.860606"}