{"key": "daily_snapshot", "value": {"day": 0, "customers": 13358165849421686452780820345050654859805266371001132955815993697241771149860032591173042435820952584255385492742387317227813892, "mrr": 1.319962167529802e-196, "total_revenue": 4.445436838349596, "conversion_rate": 1.908103959422972e+120, "churn_rate": 0.05, "average_price": 1e-323, "daily_visitors": 0, "new_customers": 1990831137844776030815549845472095927187934364394050674736190392294111572349598251586739567562110712884679998394253324289310720, "churned_customers": 865415210324906324859734107213096257306726294216911251826669321987485905315333609991291057699817555833907122372556451399860224}, "generation": 0, "timestamp": "2025-11-15T18:54:47.349513"}