{"key": "daily_snapshot", "value": {"day": 0, "customers": 57364842501247045389027293544940737539271433118663, "mrr": 3.3436401570737027e-71, "total_revenue": 4.928703564447977, "conversion_rate": 7.760884836510551e+42, "churn_rate": 0.05, "average_price": 5.828727163333563e-121, "daily_visitors": 0, "new_customers": 7259518472833494026300206745987818977587464503296, "churned_customers": 2861735117455795453675004397566200846836347961344}, "generation": 0, "timestamp": "2025-11-15T06:21:34.234813"}