{"key": "daily_snapshot", "value": {"day": 0, "customers": 803497646914221, "mrr": 9.204516763478982e-12, "total_revenue": 4.816594378791548, "conversion_rate": 126125046.81174892, "churn_rate": 0.05, "average_price": 1.1455561567390163e-26, "daily_visitors": 0, "new_customers": 100177826205281, "churned_customers": 40445314903545}, "generation": 0, "timestamp": "2025-11-15T20:05:37.236787"}