{"key": "daily_snapshot", "value": {"day": 0, "customers": 274009166415160081792448478866453351216073793288755092863285071378149645507011405918312631779630074653140178728224, "mrr": 7.352513323628887e-179, "total_revenue": 2.640852054669741, "conversion_rate": 3.682157273257232e+106, "churn_rate": 0.05, "average_price": 2.683309255606748e-292, "daily_visitors": 0, "new_customers": 29450268519682057756439587058713213467437752510979911812732742222568783825638913672362565358972999780033521254400, "churned_customers": 12009181418079669056912801204959385901139444558132649247045315500006628825917056845039539266003571248505160728576}, "generation": 0, "timestamp": "2025-11-14T02:59:51.604530"}