{"key": "daily_snapshot", "value": {"day": 0, "customers": 172532059426690266244517519531330326717426263147799664582933687565473, "mrr": 5.5113381129652744e-101, "total_revenue": 4.323965768575599, "conversion_rate": 2.64576401944942e+61, "churn_rate": 0.05, "average_price": 3.1943849341849823e-169, "daily_visitors": 0, "new_customers": 27470817700342617219047323591305072755765563474477014753306268925952, "churned_customers": 8973243448365363228064179192204512764629607247827128909812742488064}, "generation": 0, "timestamp": "2025-11-14T14:22:01.492048"}