{"key": "daily_snapshot", "value": {"day": 0, "customers": 3473771767761808848052132579364087047729048610097626908185887062472, "mrr": 1.8798310956996938e-100, "total_revenue": 4.843910136547377, "conversion_rate": 4.793423460779151e+59, "churn_rate": 0.05, "average_price": 5.411498570934873e-167, "daily_visitors": 0, "new_customers": 430537746296341043911911900460694927086805281290104382686375182336, "churned_customers": 111889752061442541649014395552841926347276378805184912542836719616}, "generation": 0, "timestamp": "2025-11-14T07:00:53.396036"}