{"key": "daily_snapshot", "value": {"day": 0, "customers": 1135453678360930226966, "mrr": 4.359970933270246e-22, "total_revenue": 8.73321624443256, "conversion_rate": 147336719798999.22, "churn_rate": 0.05, "average_price": 3.839849230630022e-43, "daily_visitors": 0, "new_customers": 139856369896306704384, "churned_customers": 35417897022309265408}, "generation": 0, "timestamp": "2025-11-14T16:04:10.563474"}