{"key": "daily_snapshot", "value": {"day": 0, "customers": 65236180992479587415683530514332527189232341993435824292747681601262933321534092675170512127515678221276591978726603833, "mrr": 1.0776993443306321e-185, "total_revenue": 8.82569014329087, "conversion_rate": 7.446948707015193e+111, "churn_rate": 0.05, "average_price": 1.6519963736915703e-304, "daily_visitors": 0, "new_customers": 8123487978478041789128520059034252368103775117192707473116446811410484488191141738657680787497165455269734469783781376, "churned_customers": 2772888373757301005616522058314672553281579555576804624567694770480908581955758443002517989725309268873689508249337856}, "generation": 0, "timestamp": "2025-11-13T12:26:57.670101"}