{"key": "daily_snapshot", "value": {"day": 0, "customers": 1671324341104831664898829122397249505028930899999612258463839106770, "mrr": 1.4131827005402286e-100, "total_revenue": 7.180499208388138, "conversion_rate": 1.9542434318060368e+59, "churn_rate": 0.05, "average_price": 8.455466517085738e-167, "daily_visitors": 0, "new_customers": 222027677138603799825359115049875494720905522549135333534386356224, "churned_customers": 74949141643156863575368953408835494736367367909630220283152433152}, "generation": 0, "timestamp": "2025-11-15T19:28:28.816435"}