{"key": "daily_snapshot", "value": {"day": 0, "customers": 854151244, "mrr": 0.18682429275133233, "total_revenue": 3.024052699725574, "conversion_rate": 118.74467230967525, "churn_rate": 0.05, "average_price": 2.187250724783026e-10, "daily_visitors": 0, "new_customers": 123104297, "churned_customers": 31126466}, "generation": 0, "timestamp": "2025-11-14T20:45:30.534056"}