{"key": "daily_snapshot", "value": {"day": 0, "customers": 590323870953122408462957760683105417094677270, "mrr": 4.1640489692096554e-63, "total_revenue": 8.73321624443256, "conversion_rate": 7.570671707935892e+37, "churn_rate": 0.05, "average_price": 7.053838027058747e-108, "daily_visitors": 0, "new_customers": 70426455103552454467642590056085726404018176, "churned_customers": 15642182346399244757753376522160710675857408}, "generation": 0, "timestamp": "2025-11-14T16:15:21.039335"}