{"key": "daily_snapshot", "value": {"day": 0, "customers": 2207886888085333009033805377444864308203541, "mrr": 6.504037818188664e-60, "total_revenue": 6.513341788556554, "conversion_rate": 3.03884632687092e+35, "churn_rate": 0.05, "average_price": 2.9458202108482688e-102, "daily_visitors": 0, "new_customers": 262760372403931036769885701617986824044544, "churned_customers": 119614441771779205320532153602982212009984}, "generation": 0, "timestamp": "2025-11-15T00:39:53.720884"}