{"key": "daily_snapshot", "value": {"day": 0, "customers": 5768, "mrr": 0.018537637278571783, "total_revenue": 1.6092064958381167, "conversion_rate": 3.982361250905909, "churn_rate": 0.05, "average_price": 3.2138760885179928e-06, "daily_visitors": 11, "new_customers": 1570, "churned_customers": 343}, "generation": 0, "timestamp": "2025-11-14T08:35:20.953856"}