{"key": "daily_snapshot", "value": {"day": 0, "customers": 1908588032848966005518102851223417935225901739908073042755, "mrr": 1.7439458526918675e-85, "total_revenue": 3.6902796439842023, "conversion_rate": 2.479242625168553e+50, "churn_rate": 0.05, "average_price": 9.137361351305678e-143, "daily_visitors": 0, "new_customers": 212502962209353467644396709562002620468393875640936300544, "churned_customers": 72934487109091358499585580567010665809643719337074229248}, "generation": 0, "timestamp": "2025-11-14T01:27:20.448697"}