{"key": "daily_snapshot", "value": {"day": 0, "customers": 12890689073711848273673453908077417789748598069795425541420225501928918681450814437561554056952354212598874181420015815303910233, "mrr": 1.273769324508429e-196, "total_revenue": 4.2636659399133805, "conversion_rate": 1.7522362287062985e+120, "churn_rate": 0.05, "average_price": 1e-323, "daily_visitors": 0, "new_customers": 1629992829911987555286099542542302174689626552473597250210232999381187132432009599021720970698367131413090743758873887596609536, "churned_customers": 701662262509208594937530659350530490912393609971729143281811460836652744048697593581921821279913206241702210153511806448959488}, "generation": 0, "timestamp": "2025-11-15T15:51:33.295577"}