{"key": "daily_snapshot", "value": {"day": 0, "customers": 1365028806851286808232915888186743652276498909064029229942905586, "mrr": 2.0129866729753355e-92, "total_revenue": 10.298721371422412, "conversion_rate": 1.6909556406316332e+56, "churn_rate": 0.05, "average_price": 1.4746843897153303e-155, "daily_visitors": 0, "new_customers": 152933340599062602169548506572832938414551690544174865672306688, "churned_customers": 80107767085384360870237204349236442250185106384528430684176384}, "generation": 0, "timestamp": "2025-11-14T03:37:19.712944"}