{"key": "daily_snapshot", "value": {"day": 0, "customers": 38144814811076635, "mrr": 1.7725620185883038e-13, "total_revenue": 7.626819946521374, "conversion_rate": 5540257412.168772, "churn_rate": 0.05, "average_price": 4.646927838993154e-30, "daily_visitors": 0, "new_customers": 4861418206697625, "churned_customers": 2242730281754514}, "generation": 0, "timestamp": "2025-11-15T01:28:34.057940"}