{"key": "daily_snapshot", "value": {"day": 0, "customers": 1039316360391832743997268152598, "mrr": 2.954395935529729e-37, "total_revenue": 6.2331957973706755, "conversion_rate": 1.4258814115204297e+23, "churn_rate": 0.05, "average_price": 2.842633916025234e-67, "daily_visitors": 0, "new_customers": 127776843021756791826373672960, "churned_customers": 69348782928506794466212839424}, "generation": 0, "timestamp": "2025-11-14T07:44:46.823508"}