{"key": "daily_snapshot", "value": {"day": 0, "customers": 602, "mrr": 0.02815436754154259, "total_revenue": 2.365711781149154, "conversion_rate": 1.2433058632075302, "churn_rate": 0.05, "average_price": 4.6768052394589024e-05, "daily_visitors": 23, "new_customers": 94, "churned_customers": 14}, "generation": 0, "timestamp": "2025-11-14T01:03:33.228332"}