{"key": "daily_snapshot", "value": {"day": 0, "customers": 4197054718952243789667870845886426373994674128547996425266060702034914069984807126957322489206269875418183, "mrr": 1.1116751804673923e-167, "total_revenue": 8.531929138055917, "conversion_rate": 5.584731259677119e+98, "churn_rate": 0.05, "average_price": 2.6487030904017183e-273, "daily_visitors": 0, "new_customers": 544374979216932441078744099462471962791005498699160517704048015893822101731567881513415725422436727914496, "churned_customers": 139665995733985879382810160801070325873314970596205154472304247864902896418298333266578953809748874493952}, "generation": 0, "timestamp": "2025-11-13T11:51:28.719797"}