{"key": "daily_snapshot", "value": {"day": 0, "customers": 7886812855640796913420361514154220175768103171224885370752152414237320838512991391832824113892123330812117920165346429416259, "mrr": 2.6029309958170127e-196, "total_revenue": 3.6902796439842023, "conversion_rate": 1.2965178861245293e+117, "churn_rate": 0.05, "average_price": 3.3004e-320, "daily_visitors": 0, "new_customers": 1371398305418793796450510700482453005892108905644645338265955203026341359711507788596875198517815952041516825832314718126080, "churned_customers": 329975860036155320557876894030069768924494901557827890756745242012222446323284058725326310899890039918212561851679690981376}, "generation": 0, "timestamp": "2025-11-14T02:03:34.192763"}