{"key": "daily_snapshot", "value": {"day": 0, "customers": 49117029346160529513313709058074752493499913113013235620511, "mrr": 4.444700369032584e-87, "total_revenue": 3.5615064647863135, "conversion_rate": 6.105532187606418e+51, "churn_rate": 0.05, "average_price": 9.049204376160068e-146, "daily_visitors": 0, "new_customers": 5751530785810651981721809203703966204417594369415439187968, "churned_customers": 2747805150350084145734064892998012642944856697281468956672}, "generation": 0, "timestamp": "2025-11-13T12:00:29.784598"}