{"key": "daily_snapshot", "value": {"day": 0, "customers": 26111153143280871468358948508074922511772059965284091107038656949159140569290665789142109026907894608201514422532246733198706840984695, "mrr": 2.580124748278952e-190, "total_revenue": 3.0646080228541357, "conversion_rate": 3.365469220075011e+126, "churn_rate": 0.05, "average_price": 1e-323, "daily_visitors": 0, "new_customers": 2844012715066584402386280107293220189133840246095833390049968611646463074139499186851505897793871208096242309990164006622801724178432, "churned_customers": 1125366706850776924673906691577615602408278987354146822731984062123196775251570308448534280389223833285756906236658127514994982518784}, "generation": 0, "timestamp": "2025-11-14T21:44:01.544686"}