{"key": "daily_snapshot", "value": {"day": 0, "customers": 19395644770732022731569725432775, "mrr": 6.825347453172342e-39, "total_revenue": 4.928703564447977, "conversion_rate": 2.707756119006303e+24, "churn_rate": 0.05, "average_price": 3.5190103416782376e-70, "daily_visitors": 0, "new_customers": 2020911662682617773251624960000, "churned_customers": 1082052298087093167030584475648}, "generation": 0, "timestamp": "2025-11-15T06:12:47.789016"}