{"key": "daily_snapshot", "value": {"day": 0, "customers": 109900161804237870377017716947946015604692762466783948037, "mrr": 1.267475426798502e-83, "total_revenue": 1.5620171583249602, "conversion_rate": 1.6718467635118375e+49, "churn_rate": 0.05, "average_price": 1.1532971435075965e-139, "daily_visitors": 0, "new_customers": 14981525951633696886473485165911022419744321462425616384, "churned_customers": 4827949313059982968667210662317460385869423213600047104}, "generation": 0, "timestamp": "2025-11-13T21:18:14.824636"}