{"key": "daily_snapshot", "value": {"day": 0, "customers": 453782302254840997999982106808917428248229793669416011662124690484525834579687, "mrr": 6.3344843117093975e-118, "total_revenue": 3.180859164035811, "conversion_rate": 6.19295727083088e+70, "churn_rate": 0.05, "average_price": 1.3959302247428757e-195, "daily_visitors": 0, "new_customers": 66651579869618594980548319308367015122116624864512868047994941389066536484864, "churned_customers": 29798683494603343045081139809759913072518916753653552470941958466747733377024}, "generation": 0, "timestamp": "2025-11-14T09:17:20.054365"}