{"key": "daily_snapshot", "value": {"day": 0, "customers": 19795061797631177765698793960728603336131985895921057177988113997301342700138247, "mrr": 5.344907681756389e-119, "total_revenue": 7.42566689692798, "conversion_rate": 2.8393506824723767e+72, "churn_rate": 0.05, "average_price": 2.7001217457153884e-198, "daily_visitors": 0, "new_customers": 2595402160577653962380714046949888008628084569907724029413289457883241177415680, "churned_customers": 885986542523874423756187072841462017653503113733675656326469727126063167832064}, "generation": 0, "timestamp": "2025-11-15T14:27:21.326709"}