{"key": "daily_snapshot", "value": {"day": 0, "customers": 25893457628515941133699014, "mrr": 1.8680678463706387e-29, "total_revenue": 3.6346456800791516, "conversion_rate": 3.638962396078752e+18, "churn_rate": 0.05, "average_price": 7.214439543652808e-55, "daily_visitors": 0, "new_customers": 3518671029544275899580416, "churned_customers": 833351478003539264929792}, "generation": 0, "timestamp": "2025-11-13T14:51:22.948765"}