{"key": "daily_snapshot", "value": {"day": 0, "customers": 5179970500088320395153568178972084317218056098131955784450625012721167368985438797055808581063753112685986505, "mrr": 8.696212336653801e-168, "total_revenue": 3.6905216285399813, "conversion_rate": 6.291985803408997e+101, "churn_rate": 0.05, "average_price": 1.6788150311870555e-276, "daily_visitors": 0, "new_customers": 626937505112170256386937754239311486119795737757450130972945071201976918621029659997711642029168396026773504, "churned_customers": 167577074651064280599568044668600000140730394375945423425967291417162653342841972178425142354046762033872896}, "generation": 0, "timestamp": "2025-11-15T04:32:09.707047"}