{"key": "daily_snapshot", "value": {"day": 0, "customers": 386591293625742316219758562653641374881, "mrr": 1.7227413409257462e-50, "total_revenue": 4.323965768575599, "conversion_rate": 4.97792392255072e+31, "churn_rate": 0.05, "average_price": 4.4562341918479056e-89, "daily_visitors": 0, "new_customers": 50419399085487721550150519707203010560, "churned_customers": 21792990008586807959789798176793296896}, "generation": 0, "timestamp": "2025-11-14T14:08:10.596162"}