{"key": "daily_snapshot", "value": {"day": 0, "customers": 9891105832255139073945916392896151896509706159595393908555, "mrr": 1.7481765269981555e-87, "total_revenue": 5.241512577835226, "conversion_rate": 1.315143713406867e+51, "churn_rate": 0.05, "average_price": 1.767422729718763e-145, "daily_visitors": 0, "new_customers": 1464337545052159974443094436763265203240590389191261552640, "churned_customers": 380521008913156812239081285970461659651874270297125289984}, "generation": 0, "timestamp": "2025-11-13T19:13:57.658776"}