{"key": "daily_snapshot", "value": {"day": 0, "customers": 52486185883895405963429642277378927892160904339126827637129033582448806718957888046886647787584105607419972588, "mrr": 3.070345615032227e-171, "total_revenue": 3.8452002827692775, "conversion_rate": 8.288876002606391e+102, "churn_rate": 0.05, "average_price": 5.849816600932162e-281, "daily_visitors": 0, "new_customers": 6481854592261885112545492874603911015198236900341185815571395124299047870627637034782201554724782277132288000, "churned_customers": 2737730631102678819315795412604246403303731189912404499369743467888939809581413979973322526960280713658630144}, "generation": 0, "timestamp": "2025-11-13T14:29:19.711933"}