{"key": "daily_snapshot", "value": {"day": 0, "customers": 121928, "mrr": 0.10272413678851117, "total_revenue": 1.811439528767759, "conversion_rate": 8.19358943819443, "churn_rate": 0.05, "average_price": 8.424983333484611e-07, "daily_visitors": 5, "new_customers": 56081, "churned_customers": 5839}, "generation": 0, "timestamp": "2025-11-14T13:53:57.228034"}