{"key": "daily_snapshot", "value": {"day": 0, "customers": 204040231072341748716644859391631272068263, "mrr": 4.5219167699226903e-57, "total_revenue": 7.010218214998832, "conversion_rate": 2.701981543425102e+34, "churn_rate": 0.05, "average_price": 2.216188810489761e-98, "daily_visitors": 0, "new_customers": 23851976650732632030981647736576915013632, "churned_customers": 9480312172739822390874150934692837195776}, "generation": 0, "timestamp": "2025-11-14T23:38:06.072171"}