{"key": "daily_snapshot", "value": {"day": 0, "customers": 258051938840741811691417335317598247151168711659024651680017227924501010013163326681086321907036034212492570375, "mrr": 1.5095565157333025e-170, "total_revenue": 7.42566689692798, "conversion_rate": 3.2412148703195242e+103, "churn_rate": 0.05, "average_price": 5.849816600932162e-281, "daily_visitors": 0, "new_customers": 28087490194083600263944902269861460251889803653696485357336771462194726464198233542004384029130842150625345536, "churned_customers": 7451701565871118768380350106024869595805753024914470219278806453943529772289819929230081460283706549269954560}, "generation": 0, "timestamp": "2025-11-15T14:41:42.825675"}