{"key": "daily_snapshot", "value": {"day": 0, "customers": 54513852198094725647060770429223528183909640247506175682339285389768647191023531844848879840247748074, "mrr": 1.0415305443195225e-158, "total_revenue": 5.620306961549841, "conversion_rate": 7.925819880748874e+93, "churn_rate": 0.05, "average_price": 1.910579609261083e-259, "daily_visitors": 0, "new_customers": 8252252281005253323201123091766131015533568981029316457197653183711215807198240885638005030893125632, "churned_customers": 2905126012472504562653697318576794912483945662539040219548925251445850342411652829380782927172861952}, "generation": 0, "timestamp": "2025-11-15T03:28:02.863109"}