{"key": "daily_snapshot", "value": {"day": 0, "customers": 9582219867035634, "mrr": 3.0897426464200015e-12, "total_revenue": 14.069439877331067, "conversion_rate": 1308002818.7339015, "churn_rate": 0.05, "average_price": 3.224453925388635e-28, "daily_visitors": 0, "new_customers": 1237633921286914, "churned_customers": 397662849340201}, "generation": 0, "timestamp": "2025-11-15T12:56:38.182597"}