{"key": "daily_snapshot", "value": {"day": 0, "customers": 874318825590546585640762464336380856378794568768582564934881463201058407728223822909137613374631, "mrr": 2.0215604112594167e-150, "total_revenue": 7.010218214998832, "conversion_rate": 1.2113599622024269e+89, "churn_rate": 0.05, "average_price": 2.3121547335938716e-246, "daily_visitors": 0, "new_customers": 105936896627208902997545833912747188343169272847983591076252871307431094377310469965981591535616, "churned_customers": 49729619876517557464481032434377122141417235209182228964703362847977335856496749327922220761088}, "generation": 0, "timestamp": "2025-11-15T00:03:40.293492"}