{"key": "daily_snapshot", "value": {"day": 0, "customers": 3908969961700783830256617871597323691604161110921340570670955945380627905615345305096690021341664887485646729992835887442200833, "mrr": 3.862575537403461e-197, "total_revenue": 6.966800923949336, "conversion_rate": 6.1084443053279685e+119, "churn_rate": 0.05, "average_price": 1e-323, "daily_visitors": 0, "new_customers": 552164048318404568488780137880212842699325092395447593818433866814559963376421960191851326767536960176646106639217836133711872, "churned_customers": 121937848205796736390270863785244218359118398646106115287679274822273301294753897242220739003648426232618753143000219877638144}, "generation": 0, "timestamp": "2025-11-14T05:08:04.777230"}