{"key": "daily_snapshot", "value": {"day": 0, "customers": 38224826454046617537599458163400020879596068319719361013191769056199, "mrr": 2.5607234594881854e-102, "total_revenue": 4.928703564447977, "conversion_rate": 4.442407957181913e+60, "churn_rate": 0.05, "average_price": 6.699110753495908e-170, "daily_visitors": 0, "new_customers": 5007272435949780735606132708669690712512625438918644140085816066048, "churned_customers": 1413301472568442344311400603189534080261212883007833762234363805696}, "generation": 0, "timestamp": "2025-11-15T06:30:01.943601"}