{"key": "daily_snapshot", "value": {"day": 0, "customers": 4132549303344344384822648491226048308859130640134423497365418103617190976996634327519154877597788816551, "mrr": 2.751202666002701e-161, "total_revenue": 7.010218214998832, "conversion_rate": 5.35951088693254e+95, "churn_rate": 0.05, "average_price": 6.6573982886937065e-264, "daily_visitors": 0, "new_customers": 428495552663462464093195258554553162007798972491963167658896132604434092490074255099098679269830688768, "churned_customers": 175957853330504451840076650932912866708569509185225422987848800947872044187407939421786675258167656448}, "generation": 0, "timestamp": "2025-11-15T00:06:42.201256"}