{"key": "daily_snapshot", "value": {"day": 0, "customers": 484437637127486334542320520386532516054051112499076170395563762962537047435523420993083826940723124033589703200956900702472976840, "mrr": 4.786879881143979e-195, "total_revenue": 4.843910136547377, "conversion_rate": 6.823612102453787e+121, "churn_rate": 0.05, "average_price": 1e-323, "daily_visitors": 0, "new_customers": 56418976050111223916241425770197260263003995118942809975199006568802287229673367759633601005704330802990119541203933374472781824, "churned_customers": 17977590858976564422517179031313126124232275956303604299517284698451749713451630018530972381812827369973664442256513157103091712}, "generation": 0, "timestamp": "2025-11-14T07:29:44.911601"}