{"key": "daily_snapshot", "value": {"day": 0, "customers": 48928370504315946, "mrr": 3.8145786770455135e-14, "total_revenue": 3.561506464786306, "conversion_rate": 6294205739.103634, "churn_rate": 0.05, "average_price": 7.796251209120139e-31, "daily_visitors": 0, "new_customers": 5422645571880895, "churned_customers": 2538937359061705}, "generation": 0, "timestamp": "2025-11-13T11:40:38.475836"}