{"key": "daily_snapshot", "value": {"day": 0, "customers": 2052468665906229657765506823, "mrr": 4.127703776398934e-32, "total_revenue": 7.42566689692798, "conversion_rate": 2.9034025450760592e+20, "churn_rate": 0.05, "average_price": 2.011092225165066e-59, "daily_visitors": 0, "new_customers": 323942871265322146530852864, "churned_customers": 111634777891919205870075904}, "generation": 0, "timestamp": "2025-11-15T14:03:19.361392"}