{"key": "daily_snapshot", "value": {"day": 0, "customers": 44434586379755403754044742747737793863322660762009822093129500551353394406883091971076, "mrr": 3.7093003784443715e-131, "total_revenue": 4.445436838349596, "conversion_rate": 6.649479825638541e+78, "churn_rate": 0.05, "average_price": 8.347777442425672e-217, "daily_visitors": 0, "new_customers": 5466053942282714489867758343042159829524768417210598438024288608098528661102678507520, "churned_customers": 2515829919246839572571607517738143132790643327865369700130389133576458517747398082560}, "generation": 0, "timestamp": "2025-11-15T18:35:51.202824"}