{"key": "daily_snapshot", "value": {"day": 0, "customers": 1270334748110269935811968595600247698, "mrr": 2.3641059649091607e-47, "total_revenue": 5.414632391501176, "conversion_rate": 1.8017903066079317e+29, "churn_rate": 0.05, "average_price": 1.8610102324808226e-83, "daily_visitors": 0, "new_customers": 186020882478397503836358968369741824, "churned_customers": 32076842048293282663334220675416064}, "generation": 0, "timestamp": "2025-11-13T22:09:38.289146"}