{"key": "daily_snapshot", "value": {"day": 0, "customers": 8872368461141869371292694608351330793746213130319145741103256041239467171783122742774666212451037981619208000043745099, "mrr": 6.38407637005463e-191, "total_revenue": 5.241512577835226, "conversion_rate": 1.0871057054608574e+111, "churn_rate": 0.05, "average_price": 7.195459023162573e-309, "daily_visitors": 0, "new_customers": 1105168137452794948334702738584770598380973365769399834150833527033692198454824837875506367510917019794571613888839680, "churned_customers": 328585501738553591218387702096670267342921636501956935990617109241189217795567682135978294506465662586776450267873280}, "generation": 0, "timestamp": "2025-11-13T20:46:23.514971"}