{"key": "daily_snapshot", "value": {"day": 0, "customers": 3002933318515306327528101014725109778500158013707234943828, "mrr": 4.991104441642139e-84, "total_revenue": 7.997332640408474, "conversion_rate": 4.02787993092392e+50, "churn_rate": 0.05, "average_price": 1.6620763474394473e-141, "daily_visitors": 0, "new_customers": 390755868739797854128174162353678585846477194395656388608, "churned_customers": 167707074062535756127104431255554516204145186896766566400}, "generation": 0, "timestamp": "2025-11-15T16:20:10.194029"}