{"key": "daily_snapshot", "value": {"day": 0, "customers": 392481956950764275600976467868398030305238829106920678019891977780698744352144545, "mrr": 7.212278415612095e-122, "total_revenue": 4.323965768575599, "conversion_rate": 4.860157376530441e+73, "churn_rate": 0.05, "average_price": 1.8376076372134616e-202, "daily_visitors": 0, "new_customers": 40814099348671146617745623769323258765613718821745252974470142664151053394509824, "churned_customers": 17848981319287815670250038144766910274002879211765506857921266108897162157883392}, "generation": 0, "timestamp": "2025-11-14T14:27:46.171350"}