{"key": "daily_snapshot", "value": {"day": 0, "customers": 207096932226477013127209569001761287682658411073860403988562467066817096042974363432054474432670567023277705835331, "mrr": 1.4567476167994752e-179, "total_revenue": 3.6902796439842023, "conversion_rate": 2.732872237262154e+106, "churn_rate": 0.05, "average_price": 7.034134215017756e-293, "daily_visitors": 0, "new_customers": 22763460144731899373738240571469932648884914396559566881497568006346878801521423824178184382712505050062869495808, "churned_customers": 7229937103734940202864067412268683235353234679890062807077384409265783545935992022525226036133513251294757781504}, "generation": 0, "timestamp": "2025-11-14T01:58:50.412919"}