{"key": "daily_snapshot", "value": {"day": 0, "customers": 469272560327858522640531787897309106343557302985137332042323839738600803709285026611461243552922053186987761528617617682256516657987, "mrr": 4.6370290118791754e-192, "total_revenue": 3.6902796439842023, "conversion_rate": 5.318829596342255e+124, "churn_rate": 0.05, "average_price": 1e-323, "daily_visitors": 0, "new_customers": 54805275633316122096388665913430791108192755789653347809445974187818602744626206201686677129898181139343941913709008265905254170624, "churned_customers": 16918268895982792498424755116584104865150821168992622458977425852886810507952903679092427692031732389239148981508055348903409614848}, "generation": 0, "timestamp": "2025-11-14T02:07:12.479798"}