{"key": "daily_snapshot", "value": {"day": 0, "customers": 156377656931167016986756316142, "mrr": 8.08585230153937e-37, "total_revenue": 4.058738603221899, "conversion_rate": 2.12854099606173e+22, "churn_rate": 0.05, "average_price": 5.170720971409958e-66, "daily_visitors": 0, "new_customers": 22908716473853168874009133056, "churned_customers": 9432059791981758500728471552}, "generation": 0, "timestamp": "2025-11-14T15:05:19.719334"}