{"key": "daily_snapshot", "value": {"day": 0, "customers": 9654799725810498206432801634295713347300714911157036070241221711441516788543151698687865667, "mrr": 2.5160081878022722e-141, "total_revenue": 3.6902796439842023, "conversion_rate": 1.4578487833030115e+84, "churn_rate": 0.05, "average_price": 2.6059662129253115e-232, "daily_visitors": 0, "new_customers": 1274745166862705081070246575603052674814564380312852827871592448062854238445116772849811456, "churned_customers": 556226716059206105922791078924187175195258830572497939324242829252994056184261633405616128}, "generation": 0, "timestamp": "2025-11-14T01:42:48.974935"}