{"key": "daily_snapshot", "value": {"day": 0, "customers": 54361696860217564005331437530554175667695385267897574031757965477809266236140700383519768691046364638648439, "mrr": 3.7745588823166724e-167, "total_revenue": 8.055065502431749, "conversion_rate": 7.703900211938178e+99, "churn_rate": 0.05, "average_price": 6.943416229302681e-274, "daily_visitors": 0, "new_customers": 7905320142149811621677722245500673463566241748372350025727118335296307899319923378637418269736185916030976, "churned_customers": 1192097158483107995184516225637896276029562309550965597988120852011065501727007658087272281155085724024832}, "generation": 0, "timestamp": "2025-11-13T17:33:46.745815"}