{"key": "daily_snapshot", "value": {"day": 0, "customers": 96157910588683390829496121828784333846734946226060706, "mrr": 2.787388450019255e-77, "total_revenue": 8.401501509864964, "conversion_rate": 1.4842680461785871e+46, "churn_rate": 0.05, "average_price": 2.8987614570186975e-130, "daily_visitors": 0, "new_customers": 14466784320302286734034443132696409279423766134259712, "churned_customers": 4570273784214211548948447801188740914779886599536640}, "generation": 0, "timestamp": "2025-11-14T13:14:08.370236"}