{"key": "daily_snapshot", "value": {"day": 0, "customers": 7644059102457685702331217401115477184795721579614287360173008182067564112987263220271149465099536621035779055547532036628141805120, "mrr": 7.553333994608832e-194, "total_revenue": 4.61627280770732, "conversion_rate": 1.0252026222970324e+123, "churn_rate": 0.05, "average_price": 1e-323, "daily_visitors": 0, "new_customers": 997969246120313412490059057027307709263882405511478860000739374161868813892074070764877628467794685978975646426953963792907632640, "churned_customers": 421808504850756426613286928052632617036967433418718609531887514417315513117302172133337350381370895675610137992648516044756877312}, "generation": 0, "timestamp": "2025-11-15T17:54:38.746980"}