{"key": "daily_snapshot", "value": {"day": 0, "customers": 123603718049304125052468637140920387951885477854512900994659194601524063917514190174164817583173851332341263603501373596253, "mrr": 1.6872867766860658e-195, "total_revenue": 7.058512489256422, "conversion_rate": 1.5740973323735653e+115, "churn_rate": 0.05, "average_price": 1.3650777e-317, "daily_visitors": 0, "new_customers": 15090915349639802160845123336310776591325752626243124640850575779213567332190573159133565249330216152664767567746608136192, "churned_customers": 6765272199275602820945331286045079457420760165524661417417745554402505059937692532900284602197474640364588085701037260800}, "generation": 0, "timestamp": "2025-11-15T11:44:19.544402"}