{"key": "daily_snapshot", "value": {"day": 0, "customers": 950892641267385051627540227346598457384998502746375185978951784385181196161387020474837, "mrr": 6.687617089128835e-137, "total_revenue": 5.250998821828405, "conversion_rate": 1.216310213698323e+80, "churn_rate": 0.05, "average_price": 7.032988582407505e-224, "daily_visitors": 0, "new_customers": 99699920810339375901016511651059075218586571673872721643534797981167161407399740309504, "churned_customers": 57414928846472505619745316621520677565539696046780019271649887088613320342244190846976}, "generation": 0, "timestamp": "2025-11-14T22:23:33.330675"}