{"key": "daily_snapshot", "value": {"day": 0, "customers": 178999693225, "mrr": 9.374974633904184e-05, "total_revenue": 6.966779304031366, "conversion_rate": 27430.249445453344, "churn_rate": 0.05, "average_price": 5.237424972633879e-16, "daily_visitors": 0, "new_customers": 19319138524, "churned_customers": 12127209230}, "generation": 0, "timestamp": "2025-11-14T04:14:20.511384"}