{"key": "daily_snapshot", "value": {"day": 0, "customers": 1311557893367541052270234291243334469703573960079058, "mrr": 4.469104296345504e-75, "total_revenue": 7.180499208388138, "conversion_rate": 1.7131209731457387e+44, "churn_rate": 0.05, "average_price": 3.407477717106854e-126, "daily_visitors": 0, "new_customers": 141777358099467403987945823308460658587431713374208, "churned_customers": 52065948324530353781851798739649530021335294541824}, "generation": 0, "timestamp": "2025-11-15T19:21:24.079463"}