{"key": "daily_snapshot", "value": {"day": 0, "customers": 201434262968023604602506110373843878879965354997921183370896267407901351031, "mrr": 1.9893358456235208e-113, "total_revenue": 3.0646080228541357, "conversion_rate": 2.722270059815686e+67, "churn_rate": 0.05, "average_price": 9.875856352895213e-188, "daily_visitors": 0, "new_customers": 24100235358569220021496657365544697160630962801429521100034814898941722624, "churned_customers": 11894154468678855251114417671580554766612865841544260206985199950780956672}, "generation": 0, "timestamp": "2025-11-14T21:16:09.192297"}