{"key": "daily_snapshot", "value": {"day": 0, "customers": 83603431181375305275182420807320970804226805702450228391753450391445447903439042113511407759280221397, "mrr": 1.748678283205862e-153, "total_revenue": 5.438023679800494, "conversion_rate": 1.1336199787194236e+94, "churn_rate": 0.05, "average_price": 2.091634587834264e-254, "daily_visitors": 0, "new_customers": 11531688319818767624740338009778882470468770025449626723992871207716146394422634746020112249118523392, "churned_customers": 4656610249002556956719183306878375897230283242666764964028117401996935441153238367591622491213135872}, "generation": 0, "timestamp": "2025-11-14T20:14:40.052440"}