{"key": "daily_snapshot", "value": {"day": 0, "customers": 2030122968936161486822207371247408836178557640737161163604531319, "mrr": 1.413777662933761e-94, "total_revenue": 8.055065502431749, "conversion_rate": 2.598305015870563e+56, "churn_rate": 0.05, "average_price": 6.964000134802761e-158, "daily_visitors": 0, "new_customers": 230516195409961180551507641838033146354628398377079129533054976, "churned_customers": 130855739269781885707419280264530181239522572349497278036180992}, "generation": 0, "timestamp": "2025-11-13T17:13:40.887486"}