{"key": "daily_snapshot", "value": {"day": 0, "customers": 13074920050491150491873805392754244887550497728667, "mrr": 2.521582066334091e-69, "total_revenue": 13.18914372001125, "conversion_rate": 1.844598574772434e+42, "churn_rate": 0.05, "average_price": 1.928564042148288e-118, "daily_visitors": 0, "new_customers": 1941190101385403622005371820856677488780518621184, "churned_customers": 656820750456944736169457153971064993302580297728}, "generation": 0, "timestamp": "2025-11-13T18:08:08.766748"}