{"key": "daily_snapshot", "value": {"day": 0, "customers": 267729559796595314808183396280618047, "mrr": 2.9987177633876516e-44, "total_revenue": 2.4762944740981485, "conversion_rate": 3.444560292093764e+28, "churn_rate": 0.05, "average_price": 1.1200547917330815e-79, "daily_visitors": 0, "new_customers": 30338118067263680190175701905702912, "churned_customers": 14036767287269017980624490750541824}, "generation": 0, "timestamp": "2025-11-13T15:59:00.291144"}