{"key": "daily_snapshot", "value": {"day": 0, "customers": 92451758825653233845141745360796584057353037899205468836118955563025395128571979590933150881, "mrr": 4.042070223437431e-141, "total_revenue": 4.323965768575599, "conversion_rate": 1.1555162469939081e+85, "churn_rate": 0.05, "average_price": 4.372085804294996e-233, "daily_visitors": 0, "new_customers": 10585258349948943069293917807391373791302201323590595166442214360245948359967776171918098432, "churned_customers": 4391411647167883259263918672246011842941270765662460014834065384440261375175297762427142144}, "generation": 0, "timestamp": "2025-11-14T14:33:03.928523"}