{"key": "daily_snapshot", "value": {"day": 0, "customers": 1998605258237292029570256891101508851590330186140360667166226698050012142047905882953186173338018427715, "mrr": 3.025322991098433e-160, "total_revenue": 3.6902796439842023, "conversion_rate": 2.7780833681881836e+95, "churn_rate": 0.05, "average_price": 1.5137171177897701e-262, "daily_visitors": 0, "new_customers": 218804352520841805312646983396870663866949356412804573014316093345866949410710871043818653198348976128, "churned_customers": 125692075698846774726589554833322667335839264138371924627585913995485840970071824589726437233207017472}, "generation": 0, "timestamp": "2025-11-14T01:53:35.756181"}