{"key": "daily_snapshot", "value": {"day": 0, "customers": 169835085335629968615909900959568704390364115894772910, "mrr": 1.7490414429502906e-75, "total_revenue": 14.069439877331755, "conversion_rate": 2.623692336903625e+46, "churn_rate": 0.05, "average_price": 1.029846947992999e-128, "daily_visitors": 0, "new_customers": 22568246905394773371679567490105613303095559079329792, "churned_customers": 9531776833452118394789837040106399472787873882701824}, "generation": 0, "timestamp": "2025-11-15T13:14:00.634061"}