{"key": "daily_snapshot", "value": {"day": 0, "customers": 347647527461437808080241651261009615711821652111129691192351189, "mrr": 1.4430388379724612e-94, "total_revenue": 5.250998821828405, "conversion_rate": 4.600632015837022e+55, "churn_rate": 0.05, "average_price": 4.150867542506908e-157, "daily_visitors": 0, "new_customers": 35022019077041205081603869087033806110130271980090443857657856, "churned_customers": 10067521352982492959231648434557832809019077493845381731057664}, "generation": 0, "timestamp": "2025-11-14T22:12:00.581417"}