{"key": "daily_snapshot", "value": {"day": 0, "customers": 8513298338073305439461273664930487981874691, "mrr": 4.5177672862161416e-61, "total_revenue": 11.37579680016544, "conversion_rate": 9.977859437810055e+35, "churn_rate": 0.05, "average_price": 5.3067179215507015e-104, "daily_visitors": 0, "new_customers": 883064303935699819367261684836035287056384, "churned_customers": 374380476979807804415280399700262068944896}, "generation": 0, "timestamp": "2025-11-14T05:30:41.901346"}