{"key": "daily_snapshot", "value": {"day": 0, "customers": 3613071163260331125, "mrr": 2.210199724539275e-18, "total_revenue": 2.963987135955569, "conversion_rate": 497422394780.9154, "churn_rate": 0.05, "average_price": 6.1172327492848345e-37, "daily_visitors": 0, "new_customers": 528194773947915328, "churned_customers": 160869249551928384}, "generation": 0, "timestamp": "2025-11-14T00:17:59.173450"}