{"key": "daily_snapshot", "value": {"day": 0, "customers": 11490250947363246826047291754253944281222401889908517024446849936161694344837330006747655366673046153445205325887204263744664011961531553, "mrr": 1.1353876510374035e-187, "total_revenue": 4.323965768575599, "conversion_rate": 1.8217459280873134e+129, "churn_rate": 0.05, "average_price": 1e-323, "daily_visitors": 0, "new_customers": 1776219111058012489681047011615375810069766624619385009929186839034564914839109792735627960734834017210004438485608908863885760218005504, "churned_customers": 369124778584365371785566564561956640889854961672330436441626031470106467106751294589010907390337957481473580807086699613016210043568128}, "generation": 0, "timestamp": "2025-11-14T14:53:28.136028"}