{"key": "daily_snapshot", "value": {"day": 0, "customers": 95844722572709924173775125455614319308268978438353019942171778821710785828968951949468569407505823759546505685, "mrr": 1.8019369202329275e-177, "total_revenue": 5.250998821828405, "conversion_rate": 1.3680650939094646e+103, "churn_rate": 0.05, "average_price": 1.8800585695951472e-287, "daily_visitors": 0, "new_customers": 12403783663578203639782852489183088869418188229991326895120820832769136802339411216320776838675863473148133376, "churned_customers": 3509229317380260416637585107312982649288108834231876549658094547372644265000831399668575683222338078462967808}, "generation": 0, "timestamp": "2025-11-14T23:09:37.989802"}