{"key": "daily_snapshot", "value": {"day": 0, "customers": 19898293561501107331537359947624043845098, "mrr": 5.133726580398994e-57, "total_revenue": 5.620306961549841, "conversion_rate": 3.222195734119283e+33, "churn_rate": 0.05, "average_price": 2.5799833360241725e-97, "daily_visitors": 0, "new_customers": 3062011900862093317580869693031938260992, "churned_customers": 958813329214340397171783341505515618304}, "generation": 0, "timestamp": "2025-11-15T03:00:01.444459"}