{"key": "daily_snapshot", "value": {"day": 0, "customers": 24541841365404146232793434396546305067938887, "mrr": 4.582294028462782e-62, "total_revenue": 8.531929138055917, "conversion_rate": 3.4765936867151273e+36, "churn_rate": 0.05, "average_price": 1.8671353792231322e-105, "daily_visitors": 0, "new_customers": 2568258631188443431173442903272806860980224, "churned_customers": 1386619832119498422567441320802300465250304}, "generation": 0, "timestamp": "2025-11-13T11:22:31.504807"}