{"key": "daily_snapshot", "value": {"day": 0, "customers": 760840562895, "mrr": 3.6753711304266667e-06, "total_revenue": 5.438022749933508, "conversion_rate": 126231.08222203983, "churn_rate": 0.05, "average_price": 4.830671903771628e-18, "daily_visitors": 0, "new_customers": 115032605000, "churned_customers": 35216017474}, "generation": 0, "timestamp": "2025-11-14T19:33:50.123776"}