{"key": "daily_snapshot", "value": {"day": 0, "customers": 421701490374707004208688845169096032278279737096826349957521028305268602717351, "mrr": 7.900939377479081e-119, "total_revenue": 7.010218214998832, "conversion_rate": 6.025479365597066e+70, "churn_rate": 0.05, "average_price": 1.8735858321151825e-196, "daily_visitors": 0, "new_customers": 50615990228933718840598750442256608459628964028028390469172004232119168532480, "churned_customers": 20559698335539063835238423168831084165390390673235426916679861169638854361088}, "generation": 0, "timestamp": "2025-11-14T23:55:02.820820"}