{"key": "daily_snapshot", "value": {"day": 0, "customers": 25876202406809821266609398844379606936992193807674542711151203761209, "mrr": 9.716465989134167e-98, "total_revenue": 8.82569014329087, "conversion_rate": 3.2729303559447906e+60, "churn_rate": 0.05, "average_price": 3.7549814444862634e-165, "daily_visitors": 0, "new_customers": 3374173354873688790719344169538238061532714258053384362677361442816, "churned_customers": 1025375061006639313833989109199578717828594197077757232262785531904}, "generation": 0, "timestamp": "2025-11-13T12:02:55.071011"}