{"key": "daily_snapshot", "value": {"day": 0, "customers": 2057416256817376313395356929614783971259243702990643607645945568085, "mrr": 1.1133705133585408e-100, "total_revenue": 7.593310615949716, "conversion_rate": 2.6362965062728294e+59, "churn_rate": 0.05, "average_price": 5.411498570934873e-167, "daily_visitors": 0, "new_customers": 251664423330933518977964612332871203075214913791888952073769713664, "churned_customers": 114724202977897202548178926496748981693967881686866481442059190272}, "generation": 0, "timestamp": "2025-11-14T18:58:25.728234"}