{"key": "daily_snapshot", "value": {"day": 0, "customers": 9395360056910952022209118998, "mrr": 1.197608820390608e-34, "total_revenue": 8.73321624443256, "conversion_rate": 1.2340894355111844e+21, "churn_rate": 0.05, "average_price": 1.274681133172413e-62, "daily_visitors": 0, "new_customers": 1232586584190446974802067456, "churned_customers": 202532321143039124505100288}, "generation": 0, "timestamp": "2025-11-14T16:07:32.381370"}