{"key": "daily_snapshot", "value": {"day": 0, "customers": 55177381282920029480251955496998555749469983078885628128175560192919743298242582341539992960843, "mrr": 7.082037363249491e-150, "total_revenue": 5.241512577835226, "conversion_rate": 7.6004521554668305e+87, "churn_rate": 0.05, "average_price": 1.2835037108659798e-244, "daily_visitors": 0, "new_customers": 5698400012412182099371513326885950073562729244146750216148841312157973424842133852636504391680, "churned_customers": 2666778478458690192344628641163002808125240391183428038111011976116693954987127180140822396928}, "generation": 0, "timestamp": "2025-11-13T20:30:22.037493"}