{"key": "daily_snapshot", "value": {"day": 0, "customers": 1793115225355700179472627106078788634399735627, "mrr": 2.4465456122283047e-65, "total_revenue": 5.241512577835226, "conversion_rate": 2.3012406882610004e+38, "churn_rate": 0.05, "average_price": 1.3644107069265354e-110, "daily_visitors": 0, "new_customers": 225400304438640980092254288203085599358320640, "churned_customers": 117307664352706961137559683658437095359250432}, "generation": 0, "timestamp": "2025-11-13T19:07:55.846393"}