{"key": "daily_snapshot", "value": {"day": 0, "customers": 6529182333720593555400355958137754550207290688942999130587838990514731899587474, "mrr": 2.032553020139729e-121, "total_revenue": 5.414632391501176, "conversion_rate": 7.709302605056545e+71, "churn_rate": 0.05, "average_price": 3.113028425691855e-200, "daily_visitors": 0, "new_customers": 860895688692303998817026303421195154019509930280638362539575285338890108403712, "churned_customers": 362449373925961526670393271671360775550768764026939489703343450662304252690432}, "generation": 0, "timestamp": "2025-11-13T22:29:52.632177"}