{"key": "daily_snapshot", "value": {"day": 0, "customers": 7275770059652283920348638131430700308620859425050426613920609686306602402, "mrr": 3.222065420959835e-110, "total_revenue": 8.401501509864964, "conversion_rate": 9.691025914236156e+65, "churn_rate": 0.05, "average_price": 4.428487149185445e-183, "daily_visitors": 0, "new_customers": 884433056159577735331337248335359499032450381313166468510484969402925056, "churned_customers": 164158481614861605788737182927937527245252188823446999642767831657873408}, "generation": 0, "timestamp": "2025-11-14T13:23:15.732494"}