{"key": "daily_snapshot", "value": {"day": 0, "customers": 1337456972343008853928598632120438817740783841087491659578260291567700535671969, "mrr": 1.8669966119867023e-117, "total_revenue": 4.323965768575599, "conversion_rate": 1.9905809459234483e+71, "churn_rate": 0.05, "average_price": 1.3959302247428757e-195, "daily_visitors": 0, "new_customers": 184589741721799291461454641799495599823476682652027162964720311426032253009920, "churned_customers": 54632544503895897692859067792534312148433234838335982343747621345482392993792}, "generation": 0, "timestamp": "2025-11-14T14:26:34.856683"}