{"key": "daily_snapshot", "value": {"day": 0, "customers": 827024672875432705683717092262222937720854349570811219764794036356858628069845, "mrr": 5.028420537909628e-122, "total_revenue": 5.250998821828405, "conversion_rate": 1.1613068830381132e+71, "churn_rate": 0.05, "average_price": 6.080133643929404e-200, "daily_visitors": 0, "new_customers": 104463258665709287330547422891688193844980497124256846038411867071434373201920, "churned_customers": 39259818291571964118485317119029446814449660747368516354520093135847727038464}, "generation": 0, "timestamp": "2025-11-14T22:19:24.929866"}