{"key": "daily_snapshot", "value": {"day": 0, "customers": 421151881516970131820529919002896891422474222837245849957538803735484441910223250997961, "mrr": 3.7749349926517544e-131, "total_revenue": 3.6905216285399813, "conversion_rate": 5.441133334945223e+79, "churn_rate": 0.05, "average_price": 8.9633577773762e-218, "daily_visitors": 0, "new_customers": 43182909375782682716885801912429818242658727763354695481909280846021254900096079757312, "churned_customers": 16189462428647226011702654945205855867753109354925600832343762252305894476564960116736}, "generation": 0, "timestamp": "2025-11-15T04:22:00.272903"}