{"key": "daily_snapshot", "value": {"day": 0, "customers": 3662529098655075964150587812470152193127210544708338781744802695109326327488854567167772066892703287059106326276944033155319667764967, "mrr": 3.6190596090787576e-191, "total_revenue": 3.180859164035811, "conversion_rate": 5.4745488714363944e+125, "churn_rate": 0.05, "average_price": 1e-323, "daily_visitors": 0, "new_customers": 567866559707982370718483441742488618019990597942481352248190795178817400802976796789428151099132302044279007416659895428315690827776, "churned_customers": 146669391565297629188473807686121283277459673206216133538137093132896364760725914470439442896403769893788240243647292418988521291776}, "generation": 0, "timestamp": "2025-11-14T09:42:57.968122"}