{"key": "daily_snapshot", "value": {"day": 0, "customers": 92518293392881919982300963946620726660408057987, "mrr": 5.551783857376886e-65, "total_revenue": 4.596591164332845, "conversion_rate": 1.2051936687349137e+40, "churn_rate": 0.05, "average_price": 6.000741749311195e-112, "daily_visitors": 0, "new_customers": 12568154120847539740936495068946150646590996480, "churned_customers": 4608489842664835620990790205702795672166596608}, "generation": 0, "timestamp": "2025-11-14T12:09:44.433542"}