{"key": "daily_snapshot", "value": {"day": 0, "customers": 883447819894269794863126186085439, "mrr": 4.810730955517193e-40, "total_revenue": 2.4762944740981485, "conversion_rate": 1.1476376446350346e+26, "churn_rate": 0.05, "average_price": 5.445404750778531e-73, "daily_visitors": 0, "new_customers": 117804484463024985911934962368512, "churned_customers": 51264753756834783400878013415424}, "generation": 0, "timestamp": "2025-11-13T15:57:51.043191"}