{"key": "daily_snapshot", "value": {"day": 0, "customers": 7259163762747449181431859811646522028691824462888598515897608385853586445365318593944772443536941331834656903446, "mrr": 1.814084249785666e-179, "total_revenue": 6.2331957973706755, "conversion_rate": 1.0102071647863766e+105, "churn_rate": 0.05, "average_price": 2.499026484421218e-291, "daily_visitors": 0, "new_customers": 811955333889543814919673664749293948834355302563306307459915463590490577976186059381113844611910909732897947648, "churned_customers": 433345815055444801628983558054186069769864120400710952926467282201602446174285517246240021657524412418847932416}, "generation": 0, "timestamp": "2025-11-14T08:23:29.525628"}