{"key": "daily_snapshot", "value": {"day": 0, "customers": 36420567456668771645320595346030706114786629157038932065352449697824610502755313956937189888806759137257611966781935198125417415, "mrr": 3.5988302364767485e-196, "total_revenue": 4.928703564447977, "conversion_rate": 4.571715334511637e+120, "churn_rate": 0.05, "average_price": 1e-323, "daily_visitors": 0, "new_customers": 4449534941229215305836243712109255440769573993205553521369532498058028895794638969740785611678343901870339474939952015754657792, "churned_customers": 1940006489347693544822545893585335888604884057988606879300991332085372746048197509645078397387717018054012813564585766641729536}, "generation": 0, "timestamp": "2025-11-15T06:58:48.148768"}