{"key": "daily_snapshot", "value": {"day": 0, "customers": 398011873924899798400375371470896132, "mrr": 2.631509836785658e-46, "total_revenue": 4.445436838349596, "conversion_rate": 5.8309545318756985e+28, "churn_rate": 0.05, "average_price": 6.611636509322315e-82, "daily_visitors": 0, "new_customers": 56205662689977752182264162022326272, "churned_customers": 15467290506846270067096631761698816}, "generation": 0, "timestamp": "2025-11-15T18:12:30.655134"}