{"key": "daily_snapshot", "value": {"day": 0, "customers": 3, "mrr": 2.0615843020800013, "total_revenue": 0.16177710148266675, "conversion_rate": 0.048755336582381084, "churn_rate": 0.05, "average_price": 0.6871947673600004, "daily_visitors": 83, "new_customers": 1, "churned_customers": 0}, "generation": 0, "timestamp": "2025-11-14T08:34:25.760914"}