{"key": "daily_snapshot", "value": {"day": 0, "customers": 988110601909264618876844992052932077995571738857754105519329154083147314247, "mrr": 7.731431406857747e-116, "total_revenue": 8.531929138055917, "conversion_rate": 1.5836111683640784e+68, "churn_rate": 0.05, "average_price": 7.824459520947132e-191, "daily_visitors": 0, "new_customers": 143807876763391010192631780788446235380555659066805855490916598416299524096, "churned_customers": 62000864631726502000780323299403956671249181003693472317930730487434706944}, "generation": 0, "timestamp": "2025-11-13T11:37:15.146382"}