{"key": "daily_snapshot", "value": {"day": 0, "customers": 1171644335839488655381, "mrr": 7.547964791164717e-23, "total_revenue": 6.513341788556554, "conversion_rate": 150080437871450.44, "churn_rate": 0.05, "average_price": 6.442197994971371e-44, "daily_visitors": 0, "new_customers": 158028566256830906368, "churned_customers": 46700698810685747200}, "generation": 0, "timestamp": "2025-11-15T00:29:49.281093"}