{"key": "daily_snapshot", "value": {"day": 0, "customers": 26944283831028707664190161753299994105950151601681674140307615186855146957609346057973202911522793928924306721527085989961648618553, "mrr": 2.662448998541411e-193, "total_revenue": 8.82569014329087, "conversion_rate": 3.59585163250398e+123, "churn_rate": 0.05, "average_price": 1e-323, "daily_visitors": 0, "new_customers": 4083978820738870032412885790651226771289251419240781218954565266363856818448825470914534342887504995852072761977514612171942658048, "churned_customers": 992238042114138447532804248797033846986364255080756845538918637935486238220136263172278079009523154866020327650875622574958575616}, "generation": 0, "timestamp": "2025-11-13T12:32:29.663186"}