{"key": "daily_snapshot", "value": {"day": 0, "customers": 621784239138026804025613157786016921949790293148902211803084660124012927587970091295620788331459255012018998796580322171442009, "mrr": 6.144044633672746e-198, "total_revenue": 4.2636659399133805, "conversion_rate": 8.301797255580996e+118, "churn_rate": 0.05, "average_price": 1e-323, "daily_visitors": 0, "new_customers": 75486544155034982744603436040280439135513639623544649334799845110828693088104316787608760469678176918726353013869147320221696, "churned_customers": 37272022745107921492778446190323536861586079079034844666734606383652516183378172323966539485239428709787474108221399695884288}, "generation": 0, "timestamp": "2025-11-15T15:50:59.086614"}