{"key": "daily_snapshot", "value": {"day": 0, "customers": 499240850182745366624353157735701900549, "mrr": 7.219675075134299e-54, "total_revenue": 1.5620171583249602, "conversion_rate": 7.209385878348912e+31, "churn_rate": 0.05, "average_price": 1.4461306747017122e-92, "daily_visitors": 0, "new_customers": 56055924462580678579410039979487789056, "churned_customers": 20436152622287703596139158172019458048}, "generation": 0, "timestamp": "2025-11-13T21:10:06.911873"}