{"key": "daily_snapshot", "value": {"day": 0, "customers": 1481021606215769965024309089666015949444061961635275036464474295421065756528918, "mrr": 9.004809295338868e-122, "total_revenue": 6.2331957973706755, "conversion_rate": 2.431832627955491e+71, "churn_rate": 0.05, "average_price": 6.080133643929404e-200, "daily_visitors": 0, "new_customers": 184081131154326860969515921779768488816469260987519591373290453252233351921664, "churned_customers": 67820712446204659366184719587471098378916376762782733509482279109575089061888}, "generation": 0, "timestamp": "2025-11-14T08:07:42.126778"}