{"key": "daily_snapshot", "value": {"day": 0, "customers": 355861785735567028059699125077, "mrr": 4.492338863345443e-36, "total_revenue": 7.593310615949716, "conversion_rate": 5.227000313663121e+22, "churn_rate": 0.05, "average_price": 1.2623830496606342e-65, "daily_visitors": 0, "new_customers": 46702690846277099373992083456, "churned_customers": 14676347238229636249552945152}, "generation": 0, "timestamp": "2025-11-14T18:40:55.381967"}