{"key": "daily_snapshot", "value": {"day": 0, "customers": 1356305034847903576520661661774967508957654088820002908761236061, "mrr": 1.4758294446116348e-94, "total_revenue": 7.058512489256422, "conversion_rate": 1.6981016244898522e+56, "churn_rate": 0.05, "average_price": 1.0881250210629313e-157, "daily_visitors": 0, "new_customers": 193916518940395210705129908558070518466234330851669228801490944, "churned_customers": 93406001336045794908776573682869136796540622860441801990340608}, "generation": 0, "timestamp": "2025-11-15T09:54:56.562865"}