{"key": "daily_snapshot", "value": {"day": 0, "customers": 64406945833263844531312735722103825902182508317034645176211921192110266657, "mrr": 8.704386350735228e-109, "total_revenue": 9.426328809042326, "conversion_rate": 8.454460504918835e+66, "churn_rate": 0.05, "average_price": 1.351467025508253e-182, "daily_visitors": 0, "new_customers": 6499882792533775832917441504120870828409201872880374688097195887121399808, "churned_customers": 1529674648049606385674805182645092645815419251916988930429910328125947904}, "generation": 0, "timestamp": "2025-11-15T12:22:07.080254"}