{"key": "daily_snapshot", "value": {"day": 0, "customers": 1080133141877894651136965929537743764944940654858260501, "mrr": 2.1308810666313527e-80, "total_revenue": 6.513341788556554, "conversion_rate": 1.6536618102723495e+47, "churn_rate": 0.05, "average_price": 1.9727948194670258e-134, "daily_visitors": 0, "new_customers": 130924882022491201281082189227404239559018391262986240, "churned_customers": 73312393713016546587825586771664158066151945526050816}, "generation": 0, "timestamp": "2025-11-15T00:45:27.247945"}