{"key": "daily_snapshot", "value": {"day": 0, "customers": 229892731564272009299313032383718265699750848616325178967056249564341659372861323416771360135331804231, "mrr": 5.0639582772315315e-160, "total_revenue": 8.531929138055917, "conversion_rate": 3.069151403897835e+94, "churn_rate": 0.05, "average_price": 2.202748317780452e-261, "daily_visitors": 0, "new_customers": 30178939834704614402048348057577905164123562911883580727265166016140439801507764899232921897272344576, "churned_customers": 13257510769056579383815989656143458680562411688064287956633555935231565957602983930009217338789855232}, "generation": 0, "timestamp": "2025-11-13T11:49:25.307660"}