{"key": "daily_snapshot", "value": {"day": 0, "customers": 1208938816424, "mrr": 2.3920585825805698e-06, "total_revenue": 4.843909646429027, "conversion_rate": 169854.1939216035, "churn_rate": 0.05, "average_price": 1.978643211784859e-18, "daily_visitors": 0, "new_customers": 151008377229, "churned_customers": 48514135256}, "generation": 0, "timestamp": "2025-11-14T06:35:13.658281"}