{"key": "daily_snapshot", "value": {"day": 0, "customers": 5755748509450348791256446788092435953900288493372605417535798083974754782212908306214434686754429409344450311, "mrr": 6.184215752574552e-168, "total_revenue": 7.42566689692798, "conversion_rate": 8.218339642722622e+101, "churn_rate": 0.05, "average_price": 1.0744416199597157e-276, "daily_visitors": 0, "new_customers": 623083718560321407973628678667918675558995722179355366108313045406302108233396768148305424913225111211868160, "churned_customers": 205237939273085992420750282684309806075160821348488852179752460636773987978608687431809158622820086010871808}, "generation": 0, "timestamp": "2025-11-15T14:40:57.128589"}