{"key": "daily_snapshot", "value": {"day": 0, "customers": 22110586648376828365035195882594811999019361698521463812034871715728955874034, "mrr": 1.1888702449102624e-115, "total_revenue": 10.298721371422412, "conversion_rate": 3.078213885979707e+69, "churn_rate": 0.05, "average_price": 5.376927640215006e-192, "daily_visitors": 0, "new_customers": 3052216671287163614191815092888717842616030413506722469504368506431818694656, "churned_customers": 1453420493849530082830977278851376889960827919746791400432620225951074091008}, "generation": 0, "timestamp": "2025-11-14T03:43:37.301161"}