{"key": "daily_snapshot", "value": {"day": 0, "customers": 3828202381699258783443702191222928135315255627256490733766744592083772361905041578528099013161640883555559897769017136811947931270126, "mrr": 3.782766564250485e-191, "total_revenue": 4.058738603221899, "conversion_rate": 4.55239038193865e+125, "churn_rate": 0.05, "average_price": 1e-323, "daily_visitors": 0, "new_customers": 331355886136982055634707397375804861053085176546073100673371749744729205368314664666371903322369894098659112938381996539297260371968, "churned_customers": 93355712712239154357810734425654537022684924228897435843824657433827083879890092107263078564006738117796677064502853794069315846144}, "generation": 0, "timestamp": "2025-11-14T15:55:43.652271"}