{"key": "daily_snapshot", "value": {"day": 0, "customers": 10873976316179301254429724166356349658103429729487067644946098871736712297411512589671471393, "mrr": 1.9662892758532726e-139, "total_revenue": 9.426328809042326, "conversion_rate": 1.3390311314343875e+84, "churn_rate": 0.05, "average_price": 1.8082523068655636e-230, "daily_visitors": 0, "new_customers": 1178968700262096346628856661459537801348213206950379062503671691101928814513760346872741888, "churned_customers": 397571153627039471189579452514957465487628416645080226377661724240346156544577521250729984}, "generation": 0, "timestamp": "2025-11-15T12:30:25.898904"}