{"key": "daily_snapshot", "value": {"day": 0, "customers": 318, "mrr": 0.21641958536171735, "total_revenue": 1.6158991863564942, "conversion_rate": 0.8349634305501308, "churn_rate": 0.05, "average_price": 0.0006805647338418785, "daily_visitors": 35, "new_customers": 49, "churned_customers": 13}, "generation": 0, "timestamp": "2025-11-15T01:24:02.839906"}