{"key": "daily_snapshot", "value": {"day": 0, "customers": 912519554168840853952895687665848226595484436553311072211067343156331458125468215570780686593, "mrr": 5.303106340606243e-144, "total_revenue": 6.966800923949336, "conversion_rate": 1.2572624863276803e+86, "churn_rate": 0.05, "average_price": 5.81149885104273e-237, "daily_visitors": 0, "new_customers": 138105957797702066104726774690195738900359097487387332227664284908151344736251685271492362240, "churned_customers": 43345285418162327744935631238624018131779269707856438486863305967767397141721120201198534656}, "generation": 0, "timestamp": "2025-11-14T04:52:31.633278"}