{"key": "daily_snapshot", "value": {"day": 0, "customers": 329, "mrr": 0.14329971035774594, "total_revenue": 3.0478409963894246, "conversion_rate": 0.9948621275043138, "churn_rate": 0.05, "average_price": 0.00043556142965880224, "daily_visitors": 33, "new_customers": 46, "churned_customers": 12}, "generation": 0, "timestamp": "2025-11-15T00:22:56.639794"}