{"key": "daily_snapshot", "value": {"day": 0, "customers": 133508449870874025580102669164498602857510192851400927093396676083041620215226268488075788203428160093, "mrr": 3.423605968273983e-159, "total_revenue": 7.058512489256422, "conversion_rate": 1.8961960246172863e+94, "churn_rate": 0.05, "average_price": 2.5643365431815046e-260, "daily_visitors": 0, "new_customers": 14924005744779006830256867719519019694459995351593511785891581690626499791264522847777725477881380864, "churned_customers": 8366986677015597013357350449748284699708610281510255988146111213004648409377291265182859713998487552}, "generation": 0, "timestamp": "2025-11-15T11:33:57.864075"}