{"key": "daily_snapshot", "value": {"day": 0, "customers": 15820032481262028456811678497445522243027791271260348, "mrr": 1.2138643985970173e-75, "total_revenue": 7.827191553977371, "conversion_rate": 2.135284028173874e+45, "churn_rate": 0.05, "average_price": 7.672957688517859e-128, "daily_visitors": 0, "new_customers": 2235621844334759887817835665805970556674450019844096, "churned_customers": 823402043763680703837239585439371010830296449810432}, "generation": 0, "timestamp": "2025-11-15T05:07:37.322371"}