{"key": "daily_snapshot", "value": {"day": 0, "customers": 126303028848790638804532153247671624788508286350242464126178462114042385934337393326336694177971591718848217174864460836266174839969, "mrr": 1.2480397503976668e-192, "total_revenue": 4.323965768575599, "conversion_rate": 1.9137201563491284e+124, "churn_rate": 0.05, "average_price": 1e-323, "daily_visitors": 0, "new_customers": 13662969887921541705236950637382187450370164589804055249364805888254714853157366796904881652028666557413603137226521373108022018048, "churned_customers": 7768427697262165658250574886374736625631798588025961856026419341379813856295735242877414648304180815696090756381765077983461113856}, "generation": 0, "timestamp": "2025-11-14T14:51:07.301849"}