{"key": "daily_snapshot", "value": {"day": 0, "customers": 117504885808623107732227203579323688542813501822338215246816528448146849761714050121526505660, "mrr": 1.2421505905308004e-143, "total_revenue": 7.827191553977371, "conversion_rate": 1.7453297229084584e+85, "churn_rate": 0.05, "average_price": 1.057105482876564e-235, "daily_visitors": 0, "new_customers": 17016444395624073948339883658568540976928545303671402493736920663130537932540509007002992640, "churned_customers": 7190900921525745133372530453904332677679789893370689663503145884087354610579796628495925248}, "generation": 0, "timestamp": "2025-11-15T05:40:15.934099"}