{"key": "daily_snapshot", "value": {"day": 0, "customers": 15698704529151631409682342758081332093710994860220053673043809062774461323713824019061757057250076809695422432165798565690425, "mrr": 6.476419144375279e-196, "total_revenue": 8.82569014329087, "conversion_rate": 2.203082502429988e+117, "churn_rate": 0.05, "average_price": 4.1254e-320, "daily_visitors": 0, "new_customers": 2270949783318050006405503673573921811804085369568938115694772160551530254561131840313619685551637515743232690087776799948800, "churned_customers": 1064526720068138070054685261685139389402143773246279970686275228494198761888888034143080474626536518092876557478737093853184}, "generation": 0, "timestamp": "2025-11-13T12:29:39.240764"}