{"key": "daily_snapshot", "value": {"day": 0, "customers": 932370376166392485185981678999525662014098495, "mrr": 2.3365450426757526e-61, "total_revenue": 2.4762944740981485, "conversion_rate": 1.2732274912002546e+38, "churn_rate": 0.05, "average_price": 2.506026684677473e-106, "daily_visitors": 0, "new_customers": 102762414346973298355693407850564154873085952, "churned_customers": 64112603900043407176965344202423743954288640}, "generation": 0, "timestamp": "2025-11-13T16:03:36.412944"}