{"key": "daily_snapshot", "value": {"day": 0, "customers": 43401641628193370598945566961009733057817018219827730730335639383455989521527, "mrr": 4.203974900991285e-117, "total_revenue": 3.0646080228541357, "conversion_rate": 6.080600315148778e+69, "churn_rate": 0.05, "average_price": 9.686211726748178e-194, "daily_visitors": 0, "new_customers": 6184910077260527184390414363869227869166695912354428513233803259135521718272, "churned_customers": 2609225852868246428818241798862082991485082529310561215183382050416439066624}, "generation": 0, "timestamp": "2025-11-14T21:17:11.522767"}