{"key": "daily_snapshot", "value": {"day": 0, "customers": 14770859106933772021939674132398946002, "mrr": 2.923102089060158e-50, "total_revenue": 7.180499208388138, "conversion_rate": 2.1017606750682307e+30, "churn_rate": 0.05, "average_price": 1.978965521164567e-87, "daily_visitors": 0, "new_customers": 2058449017574373900801737497126109184, "churned_customers": 943920314019768429493328125974544384}, "generation": 0, "timestamp": "2025-11-15T19:14:38.946055"}