{"key": "daily_snapshot", "value": {"day": 0, "customers": 137012270012637794979885537440949439192352580425370029071813096003093408856079486521393398039719, "mrr": 5.3666918028378965e-149, "total_revenue": 7.010218214998832, "conversion_rate": 1.8902445188514855e+88, "churn_rate": 0.05, "average_price": 3.9169424770079944e-244, "daily_visitors": 0, "new_customers": 17935785815872692335103464207909890646339953395920600387260575094426538643486881323415653842944, "churned_customers": 8691056067640450130779078726669406181846465931949911931435959008092625473285024013217433649152}, "generation": 0, "timestamp": "2025-11-15T00:03:17.184060"}