{"key": "daily_snapshot", "value": {"day": 0, "customers": 117019900107056565157398683864915635916876881316830087221006085453911190427252741670720345, "mrr": 1.1746243106944976e-139, "total_revenue": 4.2636659399133805, "conversion_rate": 1.5646393393894303e+82, "churn_rate": 0.05, "average_price": 1.0037816727068503e-228, "daily_visitors": 0, "new_customers": 14562207244161133155056922397495801916443645278663091812103086386886313288894057700917248, "churned_customers": 6236498001574775546849632532879533722065099827274315229331694095063775871914507665145856}, "generation": 0, "timestamp": "2025-11-15T15:34:02.613004"}