{"key": "daily_snapshot", "value": {"day": 0, "customers": 25364355013478211792571910420489915374441464991640938397485036784491774955843917289995975364490029577651045546808, "mrr": 2.2738682272597944e-174, "total_revenue": 8.385937104373125, "conversion_rate": 3.631813777974031e+105, "churn_rate": 0.05, "average_price": 8.964817855811816e-287, "daily_visitors": 0, "new_customers": 2979475836065952309200114345890755086107150278747076479463449832145132103189627717868849916873413768081655726080, "churned_customers": 1422149424452271588491886502771255628412778731161919427834831019577902267153057462564427854237197578963318210560}, "generation": 0, "timestamp": "2025-11-13T13:27:10.977131"}