{"key": "daily_snapshot", "value": {"day": 0, "customers": 26035407489790114056770723331, "mrr": 2.4726124645539503e-33, "total_revenue": 11.37579680016544, "conversion_rate": 3.195302957081807e+21, "churn_rate": 0.05, "average_price": 9.497114518079254e-62, "daily_visitors": 0, "new_customers": 2748611796193595225416925184, "churned_customers": 750722502879140060747268096}, "generation": 0, "timestamp": "2025-11-14T05:23:23.620642"}