{"key": "daily_snapshot", "value": {"day": 0, "customers": 3416334929635247376637508495726276859219101446332, "mrr": 6.136131194634117e-69, "total_revenue": 7.827191553977371, "conversion_rate": 5.113410970371277e+41, "churn_rate": 0.05, "average_price": 1.7961152290443766e-117, "daily_visitors": 0, "new_customers": 430056107263284225379886913125898089994014162944, "churned_customers": 98206908250030955588750690801202658495296438272}, "generation": 0, "timestamp": "2025-11-15T05:05:49.735676"}