{"key": "daily_snapshot", "value": {"day": 0, "customers": 226701621803579507284579392128500158861049400878953790211101221468165184972665118180770779709473040191089231999173013930292122794054512, "mrr": 2.2401096637928708e-189, "total_revenue": 7.626819946521412, "conversion_rate": 2.8292827866523646e+127, "churn_rate": 0.05, "average_price": 1e-323, "daily_visitors": 0, "new_customers": 26608817615080932600410700867616651053546873901676305191264804746069471597478749739034848293953607946623321475514906384761081326206976, "churned_customers": 8402219226614737439052265725918677121513519588695553249051178810702646763454796548735255271247551514240583517837988944473318280396800}, "generation": 0, "timestamp": "2025-11-15T02:23:15.577692"}