{"key": "daily_snapshot", "value": {"day": 0, "customers": 606243247250472209785236790648020363764620129454364496680300371372171975961420955074817812713257674430008036871394137, "mrr": 4.1421550842219343e-185, "total_revenue": 4.2636659399133805, "conversion_rate": 7.810549075205616e+109, "churn_rate": 0.05, "average_price": 6.83249686162786e-302, "daily_visitors": 0, "new_customers": 72694795281158572251328482248770319451254465588609464330149548157514052039348086084706059690296521356374142628134912, "churned_customers": 21344604122062679212041996190242819084294746990264974441836364543829285853023748762245608859726474232688551577780224}, "generation": 0, "timestamp": "2025-11-15T15:46:41.523873"}