{"key": "daily_snapshot", "value": {"day": 0, "customers": 2000185915298124531316062367376472003607713160198672610349661101545401557, "mrr": 8.32983285219711e-107, "total_revenue": 5.438023679800494, "conversion_rate": 2.293177934753445e+65, "churn_rate": 0.05, "average_price": 4.16452930124526e-179, "daily_visitors": 0, "new_customers": 260161641756993979020783751318390841062866663817318459395936972577964032, "churned_customers": 68443046167167203191182306429942437542481570983332970507509257149087744}, "generation": 0, "timestamp": "2025-11-14T20:01:39.049603"}