{"key": "daily_snapshot", "value": {"day": 0, "customers": 67339965765736812157106187335066639491966724407121935104850281702133154163768129580807, "mrr": 1.5976952658801747e-129, "total_revenue": 7.42566689692798, "conversion_rate": 8.978764284554508e+78, "churn_rate": 0.05, "average_price": 2.3725810485830343e-215, "daily_visitors": 0, "new_customers": 8914064873422917508159807392801096198194434585254261549553308709494285782783004508160, "churned_customers": 2571675453025364604345060684566152211381341110186204362022083970853907980585179021312}, "generation": 0, "timestamp": "2025-11-15T14:30:18.210751"}