{"key": "daily_snapshot", "value": {"day": 0, "customers": 15183275520008342919802434096108261747443642691864035321386099048989193306165088399737445474963862022158048046406601528176, "mrr": 1.5744676075834851e-189, "total_revenue": 7.626819946521412, "conversion_rate": 2.0752802254793908e+114, "churn_rate": 0.05, "average_price": 1.03697493041516e-310, "daily_visitors": 0, "new_customers": 1798585118083995411091343563331367666742808077815668109319964373419021296061703344458435403265255979597306032809417113600, "churned_customers": 600766254942887743886015866707725441339825315163004861315093943328604945426494117537808523001350238390224512621815529472}, "generation": 0, "timestamp": "2025-11-15T02:17:05.252113"}