{"key": "daily_snapshot", "value": {"day": 0, "customers": 231241625820318205695476515731554967979804623765972238339444735534338781138965, "mrr": 6.769547405191071e-119, "total_revenue": 6.513341788556554, "conversion_rate": 3.318242835539262e+70, "churn_rate": 0.05, "average_price": 2.9274778626799725e-196, "daily_visitors": 0, "new_customers": 32947656770086325244065632131520370528362486515042500166889215963712064585728, "churned_customers": 13710472963631435723750978380830473975510511577324466489317210597839528263680}, "generation": 0, "timestamp": "2025-11-15T00:56:08.670280"}