{"key": "daily_snapshot", "value": {"day": 0, "customers": 114201383544115750862239674343731853081032, "mrr": 8.374106144365314e-55, "total_revenue": 4.843910136547377, "conversion_rate": 1.5921898384807968e+34, "churn_rate": 0.05, "average_price": 7.332753671176334e-96, "daily_visitors": 0, "new_customers": 12863549381202088903795850461666621784064, "churned_customers": 5884629482696806776346982876837813682176}, "generation": 0, "timestamp": "2025-11-14T06:48:35.953857"}