{"key": "daily_snapshot", "value": {"day": 0, "customers": 292160179760305996169403234547459017795291832404721578926788886, "mrr": 9.035454745441952e-94, "total_revenue": 6.2331957973706755, "conversion_rate": 4.351722425538386e+55, "churn_rate": 0.05, "average_price": 3.092637317260285e-156, "daily_visitors": 0, "new_customers": 42554146101883042460486066028649192554997744121127994126237696, "churned_customers": 9593320659945152614400150424706398802028582819134880765444096}, "generation": 0, "timestamp": "2025-11-14T08:00:09.072836"}