{"key": "daily_snapshot", "value": {"day": 0, "customers": 105839214265492727802183637519116380169161884156062117662570761832434208631078399719, "mrr": 1.7594150983501395e-127, "total_revenue": 3.180859164035811, "conversion_rate": 1.4697310727195843e+76, "churn_rate": 0.05, "average_price": 1.6623470899327813e-210, "daily_visitors": 0, "new_customers": 11525065075137738379787920471901798466869692199237467928878311418750387528704983040, "churned_customers": 3473745442478971705105095171698281799512729273086097760546839632016215244237963264}, "generation": 0, "timestamp": "2025-11-14T09:19:55.001296"}