{"key": "daily_snapshot", "value": {"day": 0, "customers": 2393604187786550777324073395768396008634943655069180162044178005308292119316064101713618905119997993599437630650384070929663105877, "mrr": 2.3651951978541493e-194, "total_revenue": 7.593310615949716, "conversion_rate": 3.1120808892631283e+122, "churn_rate": 0.05, "average_price": 1e-323, "daily_visitors": 0, "new_customers": 231446311994981417094979928396006217255532002168746919093173710821013617445507658087726681994267484303055731131540447328951336960, "churned_customers": 55624539724912727170432067759969116363563079165293980969853276853100041516163021097482770796077139750517781614091724746479632384}, "generation": 0, "timestamp": "2025-11-14T19:27:33.080352"}