{"key": "daily_snapshot", "value": {"day": 0, "customers": 2959512685686958759774363851041, "mrr": 1.3145017398813558e-36, "total_revenue": 9.426328809042326, "conversion_rate": 4.42914216341599e+23, "churn_rate": 0.05, "average_price": 4.441615493789428e-67, "daily_visitors": 0, "new_customers": 427454846155818329470991859712, "churned_customers": 190080437059329301932471746560}, "generation": 0, "timestamp": "2025-11-15T12:02:09.708005"}