{"key": "daily_snapshot", "value": {"day": 0, "customers": 17144319575118047214123464, "mrr": 5.897839407527567e-29, "total_revenue": 4.843910136547377, "conversion_rate": 2.5010434380001106e+18, "churn_rate": 0.05, "average_price": 3.440112850023654e-54, "daily_visitors": 0, "new_customers": 2064706615379339218255872, "churned_customers": 820422746830994269011968}, "generation": 0, "timestamp": "2025-11-14T06:41:24.143038"}