{"key": "daily_snapshot", "value": {"day": 0, "customers": 326262558034192099300072068218007203288939513148018644634905847566, "mrr": 2.5942710204578374e-97, "total_revenue": 5.934471667464104, "conversion_rate": 4.97288670284548e+58, "churn_rate": 0.05, "average_price": 7.951482499521012e-163, "daily_visitors": 0, "new_customers": 38684640937930700148690915043591239295030414093228165972352827392, "churned_customers": 16162977791097587067996949538373715705590594316610746583332421632}, "generation": 0, "timestamp": "2025-11-14T17:56:37.073235"}