{"key": "daily_snapshot", "value": {"day": 0, "customers": 3053442835549378338361167136991610547926160275521846338223267934106176727127695448953565544225836038473166386963053572, "mrr": 9.9480812983757e-184, "total_revenue": 4.445436838349596, "conversion_rate": 4.639145532037764e+110, "churn_rate": 0.05, "average_price": 3.257988386930398e-301, "daily_visitors": 0, "new_customers": 463489763566368262090570758735043972620996360795990707376135467741291501756587755059002933469066314459246753877065728, "churned_customers": 94451755072274513408629691677288078402043511948778895015295814251845392731787900935001025895086438263306913031651328}, "generation": 0, "timestamp": "2025-11-15T18:50:27.213736"}