{"key": "daily_snapshot", "value": {"day": 0, "customers": 7922135378293291667348374709315931542293257170561062679225443305231869184764993863107208135, "mrr": 1.6356509266570777e-144, "total_revenue": 4.928703564447977, "conversion_rate": 9.087456852942356e+83, "churn_rate": 0.05, "average_price": 2.0646591462432884e-235, "daily_visitors": 0, "new_customers": 947656335662303034979482388373471179631685774986628454933875663405282631599755073819770880, "churned_customers": 411540045854264462525049909109056079127454739777344292333150287754061990089037802358439936}, "generation": 0, "timestamp": "2025-11-15T06:41:21.728530"}