{"key": "daily_snapshot", "value": {"day": 0, "customers": 20531508050965358304792177690477380745930729709213035409635215705894101579159992348357928789047280432475486484496589380410487, "mrr": 2.0287825570589907e-199, "total_revenue": 3.0646080228541357, "conversion_rate": 2.848563630724606e+117, "churn_rate": 0.05, "average_price": 1e-323, "daily_visitors": 0, "new_customers": 2611362631450785187444948710551162755776615607386451804692900071870263174518192025624258856674374591302838767662110550786048, "churned_customers": 923841375815816766300080135208177221976425139760702830235654321980379140122852248058237275674096154776866105110445005209600}, "generation": 0, "timestamp": "2025-11-14T21:39:47.000263"}