{"key": "daily_snapshot", "value": {"day": 0, "customers": 108515716288445621112747122908746321987193745969984931751762072269414990086411573055385796296951750, "mrr": 1.5749570086468116e-154, "total_revenue": 3.6346456800791516, "conversion_rate": 1.4624071937198583e+91, "churn_rate": 0.05, "average_price": 1.4513630490724667e-252, "daily_visitors": 0, "new_customers": 11380457049363742946219902030189850230551197603745897752275821104882508512969994699304142070874112, "churned_customers": 5445841615322186047436112232292344433770298268733235983207765086837105750725714619878093816332288}, "generation": 0, "timestamp": "2025-11-13T15:25:35.395751"}