{"key": "daily_snapshot", "value": {"day": 0, "customers": 251937621969460099611965546226190761265257428531390352665744536162416821624666416698865536502017, "mrr": 3.764439289278261e-148, "total_revenue": 6.966800923949336, "conversion_rate": 3.811863858213333e+88, "churn_rate": 0.05, "average_price": 1.4941949756652806e-243, "daily_visitors": 0, "new_customers": 34445707631133517176542624038278048630522150629967753595502477043991815412728959936895702269952, "churned_customers": 7984899760349660421071553015325440189832324169175455849013442010498474420104182324526416134144}, "generation": 0, "timestamp": "2025-11-14T04:53:40.012632"}