{"key": "daily_snapshot", "value": {"day": 0, "customers": 1910218195645994082870100, "mrr": 2.71785334326201e-27, "total_revenue": 7.997332640408474, "conversion_rate": 2.5858041645871008e+17, "churn_rate": 0.05, "average_price": 1.4227973272670515e-51, "daily_visitors": 0, "new_customers": 217196937863546481410048, "churned_customers": 69949083870744755044352}, "generation": 0, "timestamp": "2025-11-15T16:04:34.778228"}