{"key": "daily_snapshot", "value": {"day": 0, "customers": 807829674510661693013522923049449286839836635211647530479960904512954136259432000, "mrr": 2.1601939507650328e-120, "total_revenue": 4.61627280770732, "conversion_rate": 1.0449569654791707e+74, "churn_rate": 0.05, "average_price": 2.6740710559729785e-201, "daily_visitors": 0, "new_customers": 101264358544586605675798038183673621789766531742806060060866869375592227496001536, "churned_customers": 18848050883596002023081961639112147322625526328068023934452346551566672802611200}, "generation": 0, "timestamp": "2025-11-15T17:31:58.089997"}