{"key": "daily_snapshot", "value": {"day": 0, "customers": 172725260817627486347991221570341689473577098990084178720088734486269834864810530827239844067143029776617885056580531415869547463, "mrr": 1.7067523507791776e-195, "total_revenue": 4.928703564447977, "conversion_rate": 2.2610685243216027e+121, "churn_rate": 0.05, "average_price": 1e-323, "daily_visitors": 0, "new_customers": 26827234880831692466720192830298990184155210061713848186015108796570532751857683096541909582344368522018515393770431314248335360, "churned_customers": 6633205933605755576203244114910221090670725720295914289282708768236137834383993959520370990260449371125916796368967742001250304}, "generation": 0, "timestamp": "2025-11-15T06:59:05.258320"}