{"key": "daily_snapshot", "value": {"day": 0, "customers": 633841149805267368333522553129496744755144022612632099859243087225868367251090590769358016064, "mrr": 1.4188584413397132e-140, "total_revenue": 4.61627280770732, "conversion_rate": 9.465274484650962e+85, "churn_rate": 0.05, "average_price": 2.238507931799038e-233, "daily_visitors": 0, "new_customers": 97196492386309809430034632878172589853842577491167895832388283048400721692403778893671038976, "churned_customers": 38089389320708815981928312956995925216178786807475048933935236418055838800561436564798832640}, "generation": 0, "timestamp": "2025-11-15T17:37:30.772283"}