{"key": "daily_snapshot", "value": {"day": 0, "customers": 4236539924458452882673021234163055792204913124418353963997089110838617843948630911131, "mrr": 6.432981975254736e-131, "total_revenue": 13.18914372001125, "conversion_rate": 5.070510861165876e+77, "churn_rate": 0.05, "average_price": 1.518451871093142e-215, "daily_visitors": 0, "new_customers": 555849999447173251106854733502056912713979550280055446727099255756808825764334010368, "churned_customers": 108661823100490030457898507888880431713993384822118801450507276331907550944830685184}, "generation": 0, "timestamp": "2025-11-13T18:24:55.290547"}