{"key": "daily_snapshot", "value": {"day": 0, "customers": 36591333674161372931629549410531800443634111092175216120290655713891143255017666413369314840781376041067238233, "mrr": 7.531306014562781e-173, "total_revenue": 4.2636659399133805, "conversion_rate": 5.777501730647817e+102, "churn_rate": 0.05, "average_price": 2.0582212393862383e-282, "daily_visitors": 0, "new_customers": 5208443190918214844331299812124195799981688810515456155779994412716527558985420727158567224969687626592288768, "churned_customers": 1543612051536850033182010427097607646509449221401744521826444627630389751835645071009866313882028764613836800}, "generation": 0, "timestamp": "2025-11-15T15:43:19.323414"}