{"key": "daily_snapshot", "value": {"day": 0, "customers": 476902170959708535804584959721567845640071623063690075922029764661754251008400242539698936156939684038008318492556973443985435356935, "mrr": 4.71241958196602e-192, "total_revenue": 7.42566689692798, "conversion_rate": 6.186656841645204e+124, "churn_rate": 0.05, "average_price": 1e-323, "daily_visitors": 0, "new_customers": 57626452371851845582223007759010613738019945837534545612439302384354965298345147645200638976021291104088898761134475884494185299968, "churned_customers": 30906894001641550587894436420654036999120908936178580905606329436308888627446436461791909107867106031836391151988217383238697484288}, "generation": 0, "timestamp": "2025-11-15T14:51:43.069920"}