{"key": "daily_snapshot", "value": {"day": 0, "customers": 3666288458967927365557927691196814322076742387836116909655056178687157075710373203096263082470661, "mrr": 4.256892477269509e-156, "total_revenue": 1.5620171583249602, "conversion_rate": 4.9452806577755536e+89, "churn_rate": 0.05, "average_price": 1.1610904392579734e-252, "daily_visitors": 0, "new_customers": 500397835180736992217287015628777911589765822556526207419480537606164902617830678224239947939840, "churned_customers": 247405291343890038739572176410887356200364867687438708229975806400683746314280995535106902851584}, "generation": 0, "timestamp": "2025-11-13T21:37:45.967525"}