{"key": "daily_snapshot", "value": {"day": 0, "customers": 14347627623626052402583177425920325585975663461049112803604183399287827559062357, "mrr": 8.723549342497965e-121, "total_revenue": 7.593310615949716, "conversion_rate": 2.094862563817063e+72, "churn_rate": 0.05, "average_price": 6.080133643929404e-200, "daily_visitors": 0, "new_customers": 1749110127113858434957237703169579572937338643140482340425023792288552886206464, "churned_customers": 638348682208746640370749051094837242397746956230396753502546380944183721459712}, "generation": 0, "timestamp": "2025-11-14T19:04:07.192704"}