{"key": "daily_snapshot", "value": {"day": 0, "customers": 1164500961471188013162021820802585515026144366491456359597340437272485579695886, "mrr": 7.14929767349265e-119, "total_revenue": 5.934471667464104, "conversion_rate": 1.4917126604067997e+71, "churn_rate": 0.05, "average_price": 6.139366054675032e-197, "daily_visitors": 0, "new_customers": 120628019606066851901611354841192993198317438503302674150635516700938244980736, "churned_customers": 29066313692827629708898355692833353079129522536311537551935258788851649347584}, "generation": 0, "timestamp": "2025-11-14T18:02:30.458952"}