{"key": "daily_snapshot", "value": {"day": 0, "customers": 311111447470221156816481413033894458556321973132796173663717574998808648001948281048786729603229140612691107425686019271169797043011, "mrr": 3.0741895644595974e-192, "total_revenue": 3.6902796439842023, "conversion_rate": 3.8815195397904915e+124, "churn_rate": 0.05, "average_price": 1e-323, "daily_visitors": 0, "new_customers": 35900720593929962639072185231410301134433978219213838022710758481388973471358927528686880941154884273890778945707560450822819020800, "churned_customers": 13658106022852543485019321177209980030055619344311957118847602228393834020110010704381391031024732657464193101623561329727164645376}, "generation": 0, "timestamp": "2025-11-14T02:07:07.451814"}