{"key": "daily_snapshot", "value": {"day": 0, "customers": 327532993262296442205099726808654266949607102753, "mrr": 1.9654409069459243e-64, "total_revenue": 9.426328809042326, "conversion_rate": 4.836503603945562e+40, "churn_rate": 0.05, "average_price": 6.000741749311195e-112, "daily_visitors": 0, "new_customers": 41073855336009459204938528923441557361873911808, "churned_customers": 14152041974625001416346731368074998666634461184}, "generation": 0, "timestamp": "2025-11-15T12:09:54.709066"}