{"key": "daily_snapshot", "value": {"day": 0, "customers": 558128599081392225170165183787412096032138586455963556749680453769118113228189024911581642607210423466440, "mrr": 3.644332636301519e-165, "total_revenue": 4.843910136547377, "conversion_rate": 7.424311718218391e+97, "churn_rate": 0.05, "average_price": 6.529557242362461e-270, "daily_visitors": 0, "new_customers": 78878809876419323546775645060767105778518350565243201086354194532454630445457539174474194141478347866112, "churned_customers": 27917855993689481907516440645274679163937492738053238809960581962671505412730475255116914596033241022464}, "generation": 0, "timestamp": "2025-11-14T07:18:40.643676"}