{"key": "daily_snapshot", "value": {"day": 0, "customers": 3404773203355140362676779921546210259280639207359361475273848899589837661919592118193027471131515733, "mrr": 1.603628558836933e-156, "total_revenue": 7.593310615949716, "conversion_rate": 4.585762233027695e+92, "churn_rate": 0.05, "average_price": 4.7099423751828205e-256, "daily_visitors": 0, "new_customers": 498296345252039447483118615750835491612742884857772116014429552462278510727108944616142629138071552, "churned_customers": 129093192301409601892278616817407016782265330437888085880519671010592705817323406423320544793329664}, "generation": 0, "timestamp": "2025-11-14T19:13:49.238482"}