{"key": "daily_snapshot", "value": {"day": 0, "customers": 945264773014886531473669970831658984403414656652607418802781, "mrr": 6.777093135164125e-89, "total_revenue": 7.058512489256422, "conversion_rate": 1.2992340632073568e+53, "churn_rate": 0.05, "average_price": 7.169518349392035e-149, "daily_visitors": 0, "new_customers": 98097446414078778145782233038703391448030380730345039331328, "churned_customers": 31337302094623874444439708845361360869054508600076487622656}, "generation": 0, "timestamp": "2025-11-15T09:37:14.041888"}