{"key": "daily_snapshot", "value": {"day": 0, "customers": 4600789554210845087444788709335924480013500235, "mrr": 5.392216788622628e-66, "total_revenue": 5.241512577835226, "conversion_rate": 6.340904021417537e+38, "churn_rate": 0.05, "average_price": 1.1720198729123426e-111, "daily_visitors": 0, "new_customers": 503027437092303757221427052512279578091192320, "churned_customers": 279792714272424760772754341363840784594370560}, "generation": 0, "timestamp": "2025-11-13T19:08:07.126521"}