{"key": "daily_snapshot", "value": {"day": 0, "customers": 80618289269881436386455217640438012375773002809, "mrr": 1.7186946414676067e-63, "total_revenue": 8.82569014329087, "conversion_rate": 1.0407110501612632e+40, "churn_rate": 0.05, "average_price": 2.131891729572711e-110, "daily_visitors": 0, "new_customers": 11357210644191064800056268423544737003443585024, "churned_customers": 2168533224475768712309672774122899445207007232}, "generation": 0, "timestamp": "2025-11-13T11:53:28.382484"}