{"key": "daily_snapshot", "value": {"day": 0, "customers": 55855882944502922095486047254589600505141649555621663600, "mrr": 4.513472369036165e-79, "total_revenue": 7.626819946521412, "conversion_rate": 8.871874555648301e+48, "churn_rate": 0.05, "average_price": 8.08056758053694e-135, "daily_visitors": 0, "new_customers": 9515419022469210000656729868803708667650932995358982144, "churned_customers": 2221355402949669984713773639833822631005892730995867648}, "generation": 0, "timestamp": "2025-11-15T01:46:40.075711"}