{"key": "daily_snapshot", "value": {"day": 0, "customers": 3920544043279880, "mrr": 2.846638321674383e-14, "total_revenue": 4.058738603221895, "conversion_rate": 481861300.7091207, "churn_rate": 0.05, "average_price": 7.260824748426801e-30, "daily_visitors": 0, "new_customers": 359428525331377, "churned_customers": 84541859222049}, "generation": 0, "timestamp": "2025-11-14T14:59:04.972991"}