{"key": "daily_snapshot", "value": {"day": 0, "customers": 172097677890493978401861576781061, "mrr": 1.3505632536839254e-42, "total_revenue": 1.5620171583249602, "conversion_rate": 2.4106595023495085e+25, "churn_rate": 0.05, "average_price": 7.847655298076078e-75, "daily_visitors": 0, "new_customers": 21560216275961098949552035069952, "churned_customers": 7908661310403509885961360113664}, "generation": 0, "timestamp": "2025-11-13T21:07:03.224710"}