{"key": "daily_snapshot", "value": {"day": 0, "customers": 5123784962359126198567971063764998978519488959704217422039954, "mrr": 1.2037347837861145e-88, "total_revenue": 5.414632391501176, "conversion_rate": 7.728420259275802e+53, "churn_rate": 0.05, "average_price": 2.349307772728782e-149, "daily_visitors": 0, "new_customers": 735547761753792074735784459862535469297433266056251538669568, "churned_customers": 319899901571143082679402626220613271965660073249654863560704}, "generation": 0, "timestamp": "2025-11-13T22:21:02.686615"}