{"key": "daily_snapshot", "value": {"day": 0, "customers": 116948394963836440531899889168826029794580166359457974079123422472628708957725969648711362006531129, "mrr": 5.230350535750855e-151, "total_revenue": 8.82569014329087, "conversion_rate": 1.7792186753594032e+91, "churn_rate": 0.05, "average_price": 4.472357690217312e-249, "daily_visitors": 0, "new_customers": 14469690663404501420576820677635532358274682695811398981127913421906975857802798395272887017668608, "churned_customers": 6185878429227554047555998513523971671044037678448986796146529948410115063016677355099851887476736}, "generation": 0, "timestamp": "2025-11-13T12:17:23.748266"}