{"key": "daily_snapshot", "value": {"day": 0, "customers": 75791718971958315694490713028274368046677770632006961701831108553913341169287225992804162809913710701752290557346, "mrr": 8.330142556807224e-180, "total_revenue": 8.401501509864964, "conversion_rate": 9.612755090580533e+105, "churn_rate": 0.05, "average_price": 1.0990834710965243e-292, "daily_visitors": 0, "new_customers": 10352160205500662428597918233912665936438332035227450414562014033173398251800145804819281223993540291474801819648, "churned_customers": 2976037383226551664313809889256934204682307980776121988106817305773430918821505691000979519559054295514979762176}, "generation": 0, "timestamp": "2025-11-14T13:42:13.576620"}