{"key": "daily_snapshot", "value": {"day": 0, "customers": 2635819957295861231367, "mrr": 6.477536790465133e-22, "total_revenue": 7.42566689692798, "conversion_rate": 394493952711426.2, "churn_rate": 0.05, "average_price": 2.457503507603214e-43, "daily_visitors": 0, "new_customers": 371158704589375668224, "churned_customers": 137127225979274854400}, "generation": 0, "timestamp": "2025-11-15T14:00:32.498748"}