{"key": "daily_snapshot", "value": {"day": 0, "customers": 569, "mrr": 0.08121039371496931, "total_revenue": 2.2925860520596193, "conversion_rate": 1.4171783452410163, "churn_rate": 0.05, "average_price": 0.00014272476927059633, "daily_visitors": 28, "new_customers": 99, "churned_customers": 29}, "generation": 0, "timestamp": "2025-11-14T04:12:22.101541"}