{"key": "daily_snapshot", "value": {"day": 0, "customers": 310818469911893756885929183354015516196111430069892193486405198758384879942526687079685, "mrr": 1.8777448842528167e-138, "total_revenue": 1.5620171583249602, "conversion_rate": 4.0340633670006096e+79, "churn_rate": 0.05, "average_price": 6.041291190916332e-225, "daily_visitors": 0, "new_customers": 37702095246218433192464823265867872579182727003679769627188717054233882032370888998912, "churned_customers": 20353002253157003254546443252639554782501201910937209990610112206930346783132755165184}, "generation": 0, "timestamp": "2025-11-13T21:32:58.532618"}