{"key": "daily_snapshot", "value": {"day": 0, "customers": 184, "mrr": 0.24457795122442502, "total_revenue": 3.067062965261732, "conversion_rate": 0.5423689584385418, "churn_rate": 0.05, "average_price": 0.0013292279957849186, "daily_visitors": 38, "new_customers": 24, "churned_customers": 6}, "generation": 0, "timestamp": "2025-11-15T20:01:38.391570"}