{"key": "daily_snapshot", "value": {"day": 0, "customers": 405904854736467234756952077363930877076299662259972864202713876940739395961966957971700718, "mrr": 1.7919394285770219e-140, "total_revenue": 4.058738603221899, "conversion_rate": 5.916690642603288e+82, "churn_rate": 0.05, "average_price": 4.414678483558503e-230, "daily_visitors": 0, "new_customers": 59087970583118395701160137243699189763513302797370377615207962227718118708718416682811392, "churned_customers": 20679472820228338050425393689253774847771948295379394277910729102292254174898548755136512}, "generation": 0, "timestamp": "2025-11-14T15:33:40.078480"}