{"key": "daily_snapshot", "value": {"day": 0, "customers": 190929210119502603335300274147593763099959401564777718033234281053440091375725298113047939746993901970706244230970529, "mrr": 1.2267677489032428e-181, "total_revenue": 4.323965768575599, "conversion_rate": 2.7905900562297987e+109, "churn_rate": 0.05, "average_price": 6.42524917028363e-298, "daily_visitors": 0, "new_customers": 29813564246924384209948208615842194507337348518137271599989572488259390603210667434826959211070732833616418159198208, "churned_customers": 8941522420792677771270984231856917126742930379994703952309712678431811916084830303495948105300660995248554961272832}, "generation": 0, "timestamp": "2025-11-14T14:44:16.100317"}