{"key": "daily_snapshot", "value": {"day": 0, "customers": 34795329969946230563150289365, "mrr": 1.248424574709155e-35, "total_revenue": 5.250998821828405, "conversion_rate": 4.765490068303136e+21, "churn_rate": 0.05, "average_price": 3.5879084227321785e-64, "daily_visitors": 0, "new_customers": 4371933665364100912720642048, "churned_customers": 931782826580391606626549760}, "generation": 0, "timestamp": "2025-11-14T21:55:56.972523"}