{"key": "daily_snapshot", "value": {"day": 0, "customers": 13910787803878909, "mrr": 1.0845199623580462e-14, "total_revenue": 5.414632391501176, "conversion_rate": 1897846266.0216448, "churn_rate": 0.05, "average_price": 7.796251209120139e-31, "daily_visitors": 0, "new_customers": 1825559775755824, "churned_customers": 346079878291633}, "generation": 0, "timestamp": "2025-11-13T22:00:33.349790"}