{"key": "daily_snapshot", "value": {"day": 0, "customers": 31045802670484650490570246966534296445793676175097727000744137349412639725287409044718714079807323193, "mrr": 4.462400560585926e-155, "total_revenue": 8.82569014329087, "conversion_rate": 4.529715396052946e+93, "churn_rate": 0.05, "average_price": 1.4373603439888977e-255, "daily_visitors": 0, "new_customers": 3416279106530826436512096914441158590046399096079867105298585117590350572400780764121897857816985600, "churned_customers": 1917042367214057211171546336536494203584438887478367025715052123162860715975041379930488375483564032}, "generation": 0, "timestamp": "2025-11-13T12:18:30.982104"}