{"key": "daily_snapshot", "value": {"day": 0, "customers": 17578673154906190702897190631862138450261912326237900338278408210769403695063143904551764, "mrr": 3.4798922392774957e-137, "total_revenue": 7.997332640408474, "conversion_rate": 2.705528006790816e+81, "churn_rate": 0.05, "average_price": 1.9796102974394638e-225, "daily_visitors": 0, "new_customers": 2003453312163167667535534659517725393321768623130587311576096638111631663463383569530880, "churned_customers": 510264413645539427158070446888890467863895840336707222411218297716036559038800331800576}, "generation": 0, "timestamp": "2025-11-15T16:34:48.131063"}