{"key": "daily_snapshot", "value": {"day": 0, "customers": 41730020000807913467148763742861398005192170809698247244166640822021095731238692798025600058642835891832044335049806333202710, "mrr": 4.1234738565334596e-199, "total_revenue": 6.2331957973706755, "conversion_rate": 6.06367342881483e+117, "churn_rate": 0.05, "average_price": 1e-323, "daily_visitors": 0, "new_customers": 6012924074103061606149758065510121096181091598047758613515011688562091984534900724280891319859482021034074530455486178787328, "churned_customers": 2373978624647032043204533253178859801367766762340422757732899604381437398301964528349151975156072553450331000383378234015744}, "generation": 0, "timestamp": "2025-11-14T08:29:18.163463"}