{"key": "daily_snapshot", "value": {"day": 0, "customers": 465191869781498998437992991536572971927011603925593843170620456819701337600212550856144480089490183619085903687868, "mrr": 1.4391384760788189e-180, "total_revenue": 7.827191553977371, "conversion_rate": 7.182657479249375e+106, "churn_rate": 0.05, "average_price": 3.0936449442996142e-294, "daily_visitors": 0, "new_customers": 58943316010853512164901051976093748959329003719172713903462680788250424255232449383204494135359594393385614442496, "churned_customers": 27998401818498535428277497204413414481596228617285281075173011683598454955526780358440954142802729993007859236864}, "generation": 0, "timestamp": "2025-11-15T05:50:23.187966"}