{"key": "daily_snapshot", "value": {"day": 0, "customers": 287501507858522374631606194594590317020481233609487109280981521215836496724, "mrr": 1.2487477221436003e-114, "total_revenue": 7.997332640408474, "conversion_rate": 3.5526138212833403e+67, "churn_rate": 0.05, "average_price": 4.34344755770151e-189, "daily_visitors": 0, "new_customers": 33854047850864277143083398473460355014084878273694154844302306834441568256, "churned_customers": 13852025587250086583049891497929768882626297264400279614631291214628913152}, "generation": 0, "timestamp": "2025-11-15T16:28:31.101049"}