{"key": "daily_snapshot", "value": {"day": 0, "customers": 40278174518393970961402740026293131365795505955836285936304725874170370540298644621981214776510816684119104191952357633, "mrr": 1.4983340456699846e-187, "total_revenue": 6.966800923949336, "conversion_rate": 5.528151756247204e+111, "churn_rate": 0.05, "average_price": 3.7199651264873867e-306, "daily_visitors": 0, "new_customers": 4383136552260806775305214150207162874686758758408760089293757207983111318738987720825423637821946952606221562028228608, "churned_customers": 1695823092817964749213662976333464003414721695105859123828028070321314278121979193350211489810854280996794044336046080}, "generation": 0, "timestamp": "2025-11-14T05:04:29.546626"}