{"key": "daily_snapshot", "value": {"day": 0, "customers": 13633529876482639984825143480550838310746593504604458334623913114407523184, "mrr": 2.681229099012545e-108, "total_revenue": 7.626819946521412, "conversion_rate": 1.5180422285008102e+66, "churn_rate": 0.05, "average_price": 1.9666433589129187e-181, "daily_visitors": 0, "new_customers": 1615101395387639465924314196300805440410031694371098028693039476780302336, "churned_customers": 538021318605513614186331140914119487102313926219316187062030708368211968}, "generation": 0, "timestamp": "2025-11-15T01:54:43.625092"}