{"key": "daily_snapshot", "value": {"day": 0, "customers": 1097815985691262, "mrr": 9.369923631661658e-11, "total_revenue": 14.069439877311341, "conversion_rate": 150881540.39949626, "churn_rate": 0.05, "average_price": 8.535058474086344e-26, "daily_visitors": 0, "new_customers": 120472710490250, "churned_customers": 62743502931245}, "generation": 0, "timestamp": "2025-11-15T12:56:13.056314"}