{"key": "daily_snapshot", "value": {"day": 0, "customers": 217532077729271701217585041897307612055766665703673763502782938730905470708299735289216592887729215, "mrr": 3.984921643833174e-151, "total_revenue": 2.4762944740981485, "conversion_rate": 3.647977169802751e+91, "churn_rate": 0.05, "average_price": 1.8318777099130113e-249, "daily_visitors": 0, "new_customers": 28468361487901667785814988699855008668901108679987397006054110265492426590251335369943291002880000, "churned_customers": 11652652700890819625845885924460059308182779523446668235118700705806460662952243997159076092968960}, "generation": 0, "timestamp": "2025-11-13T16:28:19.584959"}