{"key": "daily_snapshot", "value": {"day": 0, "customers": 15581868960701948601326709398323727943704512450735221869210604096557080974914930586178393, "mrr": 1.695778336466837e-138, "total_revenue": 4.2636659399133805, "conversion_rate": 2.2348125004941135e+81, "churn_rate": 0.05, "average_price": 1.0883022702498993e-226, "daily_visitors": 0, "new_customers": 2313706199486131841707729442337760648679065694018885673634180026379982017927783338999808, "churned_customers": 406499993577336434836636379521319167647627995548886902271735063282557405915740347826176}, "generation": 0, "timestamp": "2025-11-15T15:33:41.517981"}