{"key": "daily_snapshot", "value": {"day": 0, "customers": 7313190276031441154864780044645410132932572306900565703016654893158803383776488411335599299293468027827011, "mrr": 2.8187743278715444e-166, "total_revenue": 3.6902796439842023, "conversion_rate": 9.904486858324921e+98, "churn_rate": 0.05, "average_price": 3.8543702836639085e-272, "daily_visitors": 0, "new_customers": 979463427560313364257589578234837063801635835773006445375037628090719283564820346632037748011184188030976, "churned_customers": 322693026773849342962261196740926387040496193661856021376958526066471899345549023214274688844144293445632}, "generation": 0, "timestamp": "2025-11-14T01:55:15.302482"}