{"key": "daily_snapshot", "value": {"day": 0, "customers": 99093374907593669045525574667322287227379789734555575384974304706363665681655632724873436217564115682054857871426972881173922, "mrr": 9.791726454461807e-199, "total_revenue": 8.401501509864964, "conversion_rate": 1.3766164046250881e+118, "churn_rate": 0.05, "average_price": 1e-323, "daily_visitors": 0, "new_customers": 10270185321464616161344630466706934711632033229857256309239139362639148174158108290361839177362497793017127124870769112252416, "churned_customers": 6126385370034424878180109516798160308118519612486047599567970683922417442611114492627461191511502775811953682843108657594368}, "generation": 0, "timestamp": "2025-11-14T13:47:52.224802"}