{"key": "daily_snapshot", "value": {"day": 0, "customers": 1181974438732170014891581414883335281851989200844990658092978986017735, "mrr": 5.388832480448097e-105, "total_revenue": 4.928703564447977, "conversion_rate": 1.580465482423855e+62, "churn_rate": 0.05, "average_price": 4.5591785269302105e-174, "daily_visitors": 0, "new_customers": 127620978848706159920061125702374115553120839763096828934636869517312, "churned_customers": 59873316373925480672157325211666492243650441831741840476569534988288}, "generation": 0, "timestamp": "2025-11-15T06:30:45.166292"}