{"key": "daily_snapshot", "value": {"day": 0, "customers": 362924132849329038226710597591822215136625443772926749236883870218777541646725501197499831161838318413725467334386862, "mrr": 5.693061483071427e-181, "total_revenue": 14.069439877331755, "conversion_rate": 4.628760124360722e+109, "churn_rate": 0.05, "average_price": 1.5686643482137764e-297, "daily_visitors": 0, "new_customers": 44756685402278919299149380475854745676955314772694304199845889262851031614656060406303485784944027668015342101200896, "churned_customers": 12330193159301483445009410254099954827740907366471127178219461280756375391733359867217486186506367973600724441366528}, "generation": 0, "timestamp": "2025-11-15T13:43:14.489519"}