{"key": "daily_snapshot", "value": {"day": 0, "customers": 163563041594222363785038848034499201768799792983542412387723452412087354510811337209900562318904124807711224739600247546358997, "mrr": 1.4149985049654525e-195, "total_revenue": 5.438023679800494, "conversion_rate": 2.2084969093378693e+118, "churn_rate": 0.05, "average_price": 8.65e-321, "daily_visitors": 0, "new_customers": 20351330213997032909457571733719573983262412116397190572569356430667510326267162449945886219105006624020204089480700504309760, "churned_customers": 5771929342223335676315565486369745877749321017655662960923291595221352197167787109200951351611596146602470316496958101913600}, "generation": 0, "timestamp": "2025-11-14T20:26:09.070495"}