{"key": "daily_snapshot", "value": {"day": 0, "customers": 114951651470061271196728681036607745529900601292575705864560801782129004393229175366721874220796012299969593261955361, "mrr": 9.91322748103272e-183, "total_revenue": 9.426328809042326, "conversion_rate": 1.49947892429088e+109, "churn_rate": 0.05, "average_price": 8.623823454693544e-299, "daily_visitors": 0, "new_customers": 15736071486680311682415590565608759103318159248794002220435065787659660697066549042177853580482142518696328143306752, "churned_customers": 3622398629169731959775079624243218747441938513053270357345466844895509214399703159783585733589906588906384212885504}, "generation": 0, "timestamp": "2025-11-15T12:42:15.218140"}