{"key": "daily_snapshot", "value": {"day": 0, "customers": 11050114515329527706674685071787084485529346733742933, "mrr": 2.0699966096045038e-75, "total_revenue": 7.593310615949716, "conversion_rate": 1.57781838604853e+45, "churn_rate": 0.05, "average_price": 1.873280685673305e-127, "daily_visitors": 0, "new_customers": 1652278219861406669133836111835406648044507103232000, "churned_customers": 755227662995651295439023686815056470651568421601280}, "generation": 0, "timestamp": "2025-11-14T18:51:36.115362"}