{"key": "daily_snapshot", "value": {"day": 0, "customers": 39590038971996277046803198579001239194922044070741, "mrr": 1.846076284428073e-71, "total_revenue": 7.593310615949716, "conversion_rate": 4.65220847627941e+42, "churn_rate": 0.05, "average_price": 4.662981730666851e-121, "daily_visitors": 0, "new_customers": 3657502054278109334987121729096686939428129603584, "churned_customers": 2202049300866461740057797169627356137022432477184}, "generation": 0, "timestamp": "2025-11-14T18:50:29.807277"}