{"key": "daily_snapshot", "value": {"day": 0, "customers": 888997402312055004602969688356200009972998253186762502918786944404393591648853691113358003016398695120034261, "mrr": 2.858989586246663e-174, "total_revenue": 5.250998821828405, "conversion_rate": 1.2234051929465825e+101, "churn_rate": 0.05, "average_price": 3.2159706865409973e-282, "daily_visitors": 0, "new_customers": 116296306889432992576367872907728093018720977254578699853456737162949972810794010956306127768678642323816448, "churned_customers": 49787458976630218111255849826462155348643882152092668005405637610991278612446094261264304050299452107259904}, "generation": 0, "timestamp": "2025-11-14T23:08:43.664697"}