{"key": "daily_snapshot", "value": {"day": 0, "customers": 22330682654469388423855064685298401993, "mrr": 1.5700028312886095e-48, "total_revenue": 3.6905216285399813, "conversion_rate": 2.811660307395093e+30, "churn_rate": 0.05, "average_price": 7.030697876915914e-86, "daily_visitors": 0, "new_customers": 2882798701405017262884562054127026176, "churned_customers": 1034359504556172863099766966228877312}, "generation": 0, "timestamp": "2025-11-15T03:59:12.049802"}