{"key": "daily_snapshot", "value": {"day": 0, "customers": 85370632823203496244494263822956055540547, "mrr": 2.753185125871291e-56, "total_revenue": 3.6902796439842023, "conversion_rate": 1.0739719563883698e+34, "churn_rate": 0.05, "average_price": 3.2249791700302154e-97, "daily_visitors": 0, "new_customers": 10509137032046356016698305926964719910912, "churned_customers": 1854665718027049551175637431475054313472}, "generation": 0, "timestamp": "2025-11-14T01:19:28.442855"}