{"key": "daily_snapshot", "value": {"day": 0, "customers": 4690956375277554519964402708183205780097046650779649987150665940548051879902071775339583516903553480, "mrr": 9.049757373257221e-157, "total_revenue": 4.843910136547377, "conversion_rate": 6.525512045712482e+92, "churn_rate": 0.05, "average_price": 1.9291923968748836e-256, "daily_visitors": 0, "new_customers": 527941482784787049707655417114771281369235477363515327141353954333874944370061739363231719504216064, "churned_customers": 238718479750529351859687253692748509043114415886028986236993741667381661762912559369360834673246208}, "generation": 0, "timestamp": "2025-11-14T07:16:20.943195"}