{"key": "daily_snapshot", "value": {"day": 0, "customers": 950960197391098199102954636504362688728669212950, "mrr": 1.2725845670321564e-68, "total_revenue": 6.2331957973706755, "conversion_rate": 1.3681225008072616e+41, "churn_rate": 0.05, "average_price": 1.3382101275357425e-116, "daily_visitors": 0, "new_customers": 145531934445856383798180429886775085322224009216, "churned_customers": 58053518121896928266938337036516701820392833024}, "generation": 0, "timestamp": "2025-11-14T07:53:18.000249"}