{"key": "daily_snapshot", "value": {"day": 0, "customers": 2159739026490126538783695538589905187070222025524816955347597884070911228815558405895, "mrr": 3.854986428501904e-127, "total_revenue": 7.42566689692798, "conversion_rate": 3.081975543683168e+77, "churn_rate": 0.05, "average_price": 1.7849315964655174e-211, "daily_visitors": 0, "new_customers": 297840658195186417993028734810565174745774783363787569680372151727922809581667876864, "churned_customers": 70219980546921477703896221696701676496310176180913261230003802916495567530236051456}, "generation": 0, "timestamp": "2025-11-15T14:29:38.002794"}