{"key": "daily_snapshot", "value": {"day": 0, "customers": 430913329493010078998252648584183554758120646471417588492379963335245816216693200456217932917706018866515989, "mrr": 1.3032044168530463e-170, "total_revenue": 6.513341788556554, "conversion_rate": 5.040373830083345e+100, "churn_rate": 0.05, "average_price": 3.024284299551207e-278, "daily_visitors": 0, "new_customers": 46023364445949920886592210697658355242187301242393581344340797126512545666495290175309419508629310273486848, "churned_customers": 19314419062052525941794801145308688165807166972226444363664368778752002926039437676802235784766258036080640}, "generation": 0, "timestamp": "2025-11-15T01:10:19.066606"}