{"key": "daily_snapshot", "value": {"day": 0, "customers": 2817092819147288239127893626501613093900768581413333980051479701262, "mrr": 8.462505010634852e-99, "total_revenue": 5.934471667464104, "conversion_rate": 3.4161283362403336e+59, "churn_rate": 0.05, "average_price": 3.0039851555890107e-165, "daily_visitors": 0, "new_customers": 353196361576294517234173965066549897378912142525593701609405153280, "churned_customers": 62649622439168707522990375273608677440776984551550714557841276928}, "generation": 0, "timestamp": "2025-11-14T17:57:02.167449"}