{"key": "daily_snapshot", "value": {"day": 0, "customers": 8600594073, "mrr": 0.007106842558873413, "total_revenue": 4.5948111365168405, "conversion_rate": 1360.9212468735027, "churn_rate": 0.05, "average_price": 8.263199609878173e-13, "daily_visitors": 0, "new_customers": 1135249183, "churned_customers": 451098286}, "generation": 0, "timestamp": "2025-11-14T11:52:36.621724"}