{"key": "daily_snapshot", "value": {"day": 0, "customers": 3543891996331563548272484553421895, "mrr": 1.641686010619326e-43, "total_revenue": 8.531929138055917, "conversion_rate": 4.144310775266482e+26, "churn_rate": 0.05, "average_price": 4.632438043593615e-77, "daily_visitors": 0, "new_customers": 337641869804310396620788371292160, "churned_customers": 191050026642811171150903380017152}, "generation": 0, "timestamp": "2025-11-13T11:17:37.405047"}