{"key": "daily_snapshot", "value": {"day": 0, "customers": 457539974954742897122529313748937691011597311049953229850785861670378, "mrr": 7.339482637854128e-107, "total_revenue": 5.620306961549841, "conversion_rate": 6.755531109423716e+61, "churn_rate": 0.05, "average_price": 1.604118337109256e-175, "daily_visitors": 0, "new_customers": 56806509451350617075509141295390989750339974201497892819182628634624, "churned_customers": 20999711162122540169517382044446461483053298743255872971210936549376}, "generation": 0, "timestamp": "2025-11-15T03:13:32.747781"}