{"key": "daily_snapshot", "value": {"day": 0, "customers": 1487891613049727175195324086519381049, "mrr": 4.029398430004859e-46, "total_revenue": 8.82569014329087, "conversion_rate": 2.2876748597643795e+29, "churn_rate": 0.05, "average_price": 2.708126314218421e-82, "daily_visitors": 0, "new_customers": 208416056655709891323944288294797312, "churned_customers": 76028096389229925001370371081895936}, "generation": 0, "timestamp": "2025-11-13T11:48:37.556270"}