{"key": "daily_snapshot", "value": {"day": 0, "customers": 1130454502710914748568893873095335384135899349263821852234992387814743153913149840468632909253783346295, "mrr": 2.870897625653738e-161, "total_revenue": 3.0646080228541357, "conversion_rate": 1.4737947816562204e+95, "churn_rate": 0.05, "average_price": 2.5395959048056425e-263, "daily_visitors": 0, "new_customers": 126816945187345377039215470489651719263024593280563417080679256008969107281067527615987617374689820672, "churned_customers": 51114383486496090640526821778733530915843400428900873719677631249163365531907500459944782588410855424}, "generation": 0, "timestamp": "2025-11-14T21:29:13.258503"}