{"key": "daily_snapshot", "value": {"day": 0, "customers": 1648834699680749711965577942504210025019507041965709597588079641092136653998156718080529752264195871158020586913754887, "mrr": 7.81712050015303e-183, "total_revenue": 7.42566689692798, "conversion_rate": 2.2520430474990505e+110, "churn_rate": 0.05, "average_price": 4.7409970821614776e-300, "daily_visitors": 0, "new_customers": 199832441534739888586964029136474485742248400028163971878425481289213760921019905274261448390063646824887455861178368, "churned_customers": 85001748767862630672048310275092416104413771701831586903930204495400106210688053311697471934232451414332161543634944}, "generation": 0, "timestamp": "2025-11-15T14:45:04.171577"}