{"key": "daily_snapshot", "value": {"day": 0, "customers": 378802277331751009113902430470895281326, "mrr": 9.280052192195452e-52, "total_revenue": 14.069439877331755, "conversion_rate": 5.386627472090648e+31, "churn_rate": 0.05, "average_price": 2.44984065501488e-90, "daily_visitors": 0, "new_customers": 40511008115193135338933659275184046080, "churned_customers": 23526332437589440879313199817732128768}, "generation": 0, "timestamp": "2025-11-15T13:07:22.433256"}