{"key": "daily_snapshot", "value": {"day": 0, "customers": 137986731923110246301709611197131393348351473428796515502, "mrr": 6.129838416587664e-80, "total_revenue": 14.069439877331755, "conversion_rate": 2.1263038757480778e+49, "churn_rate": 0.05, "average_price": 4.442339006915076e-136, "daily_visitors": 0, "new_customers": 22733231715242608137416661919991944526229390057755639808, "churned_customers": 8842768218279654477493386869656511500387228423527858176}, "generation": 0, "timestamp": "2025-11-15T13:15:17.035043"}