{"key": "daily_snapshot", "value": {"day": 0, "customers": 79453867198499466616648266117965501482612143444392143306482840464735857370954666028645844859336, "mrr": 1.1871956916517435e-148, "total_revenue": 4.843910136547377, "conversion_rate": 9.94076405602687e+87, "churn_rate": 0.05, "average_price": 1.4941949756652806e-243, "daily_visitors": 0, "new_customers": 9451779392380664140019458865577944517028927404071005905485410172194263279482747396988912795648, "churned_customers": 1800331882346182430410045314797001121863124381990308332262777188551304667477505917935379546112}, "generation": 0, "timestamp": "2025-11-14T07:14:07.288822"}