{"key": "daily_snapshot", "value": {"day": 0, "customers": 110160414672632161198518, "mrr": 179520582284862.75, "total_revenue": 6806904358168.268, "conversion_rate": 107.55758778345485, "churn_rate": 0.05, "average_price": 1.6296287810675986e-09, "daily_visitors": 0, "new_customers": 102281835769963502108672, "churned_customers": 2399485585180595847168}, "generation": 0, "timestamp": "2025-11-13T10:39:49.411834"}