{"key": "daily_snapshot", "value": {"day": 0, "customers": 1990663963369713897651214401542815, "mrr": 2.8142173693617878e-43, "total_revenue": 3.5615064647863135, "conversion_rate": 2.9825271075703383e+26, "churn_rate": 0.05, "average_price": 1.4137078990459025e-76, "daily_visitors": 0, "new_customers": 258870984906884682531636816904192, "churned_customers": 119403058733889648541392391110656}, "generation": 0, "timestamp": "2025-11-13T11:48:32.016119"}