{"key": "daily_snapshot", "value": {"day": 0, "customers": 969873567101804246785999311923195788272250402087085802601613731957720049421454334830518971308145146217639, "mrr": 3.242416626813696e-165, "total_revenue": 7.010218214998832, "conversion_rate": 1.4485499437755585e+98, "churn_rate": 0.05, "average_price": 3.34313330808958e-270, "daily_visitors": 0, "new_customers": 115805194435246024569265056665489689162072500002135017491426577191952859537451425808332860109192924495872, "churned_customers": 29733242239091084609150703711233566371390127462895532048196087630337296330459638077818305146832681959424}, "generation": 0, "timestamp": "2025-11-15T00:07:47.560836"}