{"key": "daily_snapshot", "value": {"day": 0, "customers": 27704944231476366989558690156664873609971654, "mrr": 7.527542992319405e-61, "total_revenue": 3.6346456800791516, "conversion_rate": 3.5747326196424763e+36, "churn_rate": 0.05, "average_price": 2.7170395758339593e-104, "daily_visitors": 0, "new_customers": 3519356049234168137208952211228521947725824, "churned_customers": 1815315580755282544288000255256731574075392}, "generation": 0, "timestamp": "2025-11-13T14:59:55.087741"}