{"key": "daily_snapshot", "value": {"day": 0, "customers": 1777999459144425477145920540150035848362237141379980527306095191737950048424600471407043838362791, "mrr": 5.517704039716676e-151, "total_revenue": 7.010218214998832, "conversion_rate": 2.7576130765183273e+89, "churn_rate": 0.05, "average_price": 3.103321551274149e-247, "daily_visitors": 0, "new_customers": 222638321828886434824595057492605763787273220977221749115588223728641685171643879133360351608832, "churned_customers": 101037079844826800609373285977572774187625130410684052144867904802051148698976802944415269126144}, "generation": 0, "timestamp": "2025-11-15T00:03:49.336896"}