{"key": "daily_snapshot", "value": {"day": 0, "customers": 18199347855453025460555870287568950881935558785839233424790984288833655537483, "mrr": 9.691245934309505e-119, "total_revenue": 5.241512577835226, "conversion_rate": 2.712273588821703e+69, "churn_rate": 0.05, "average_price": 5.3250512113299384e-195, "daily_visitors": 0, "new_customers": 2468839056389040698207047206395506585783411368861094606842805669769684975616, "churned_customers": 587144177465323993318844232804589117690795117352574414917011520889565478912}, "generation": 0, "timestamp": "2025-11-13T19:25:14.885510"}