{"key": "daily_snapshot", "value": {"day": 0, "customers": 657719991701832839967668234127044408703858000689936345632918597380003505522181377600, "mrr": 1.5910466233561656e-125, "total_revenue": 4.61627280770732, "conversion_rate": 8.691010481802506e+76, "churn_rate": 0.05, "average_price": 2.4190333932824137e-209, "daily_visitors": 0, "new_customers": 71579083251248183496627635947875729479674458285880575145522771035652276628205076480, "churned_customers": 26794984017870607557300552724384870733466674881926149632574219216019433207984291840}, "generation": 0, "timestamp": "2025-11-15T17:33:21.493214"}