{"key": "daily_snapshot", "value": {"day": 0, "customers": 23988924560567404368260929245605976116558135004089538310356862143607193549224879278719774074513547148168832406330284162779581258017, "mrr": 2.370420701210735e-193, "total_revenue": 9.426328809042326, "conversion_rate": 2.8911613627651265e+123, "churn_rate": 0.05, "average_price": 1e-323, "daily_visitors": 0, "new_customers": 3246177790817353131965850296080943086339700085315271849929472800627372439715818170742361181266578137135743970178231811665135927296, "churned_customers": 520759191256111605959037260434711317348295867771716040102623091706639585415177916429907033964177273936049331317224697358297595904}, "generation": 0, "timestamp": "2025-11-15T12:48:57.739150"}