{"key": "daily_snapshot", "value": {"day": 0, "customers": 1584765863754498327675815263412216106419559329860030958073692050372413154108617809206584628714484099524844894599570548548744003, "mrr": 1.5659567399660542e-197, "total_revenue": 3.6902796439842023, "conversion_rate": 2.1434909048198854e+119, "churn_rate": 0.05, "average_price": 1e-323, "daily_visitors": 0, "new_customers": 171841186038226497369592612832899105898335177438660948368454759903066089361336127317602409037438632738071067397773517312229376, "churned_customers": 70197917281278781727065602665437871993479508904720713772702212827624154573691674696891602332350692959027520795916713769041920}, "generation": 0, "timestamp": "2025-11-14T02:04:37.566570"}