{"key": "daily_snapshot", "value": {"day": 0, "customers": 1137066081770916898668169940034, "mrr": 3.010279134664618e-36, "total_revenue": 7.574353924996814, "conversion_rate": 1.4907865254357633e+23, "churn_rate": 0.05, "average_price": 2.6474091373618993e-66, "daily_visitors": 0, "new_customers": 153907733272420663526493782016, "churned_customers": 40974856113162775497722036224}, "generation": 0, "timestamp": "2025-11-14T10:18:28.731807"}