{"key": "daily_snapshot", "value": {"day": 0, "customers": 23038534451664211186155423869045540880985888832275689987332982401865488640597778133335458, "mrr": 2.918868482459413e-137, "total_revenue": 8.401501509864964, "conversion_rate": 3.1576003683132326e+81, "churn_rate": 0.05, "average_price": 1.266950590361257e-225, "daily_visitors": 0, "new_customers": 3297873869531083098478757498399270163950198867815030912104341876943689718377112418648064, "churned_customers": 1226640530550389619594030983142261704344084241102052498515510802309097216148990309957632}, "generation": 0, "timestamp": "2025-11-14T13:30:37.280746"}