{"key": "daily_snapshot", "value": {"day": 0, "customers": 20804506019898058075302301362158186851417099642098112181355048572973165540385093514051896424765909672911040728127, "mrr": 8.80761994692668e-177, "total_revenue": 2.4762944740981485, "conversion_rate": 2.842617297639579e+105, "churn_rate": 0.05, "average_price": 4.233515536731709e-289, "daily_visitors": 0, "new_customers": 2226397952594572348268487099123398780440833265837385418512809220163243228510463789360257686611760007566076149760, "churned_customers": 960877125949471647483185955875831997371845160980592618409186508305410265562092309260863769408690555316655357952}, "generation": 0, "timestamp": "2025-11-13T16:35:10.351101"}