{"key": "daily_snapshot", "value": {"day": 0, "customers": 2933788473837785374688572279746351486489305013951135, "mrr": 7.997455081045743e-75, "total_revenue": 3.5615064647863135, "conversion_rate": 4.534185614795781e+44, "churn_rate": 0.05, "average_price": 2.7259821736854837e-126, "daily_visitors": 0, "new_customers": 399550485043791876930876306096126541447660537118720, "churned_customers": 181646999533429721252941646232828012204608219774976}, "generation": 0, "timestamp": "2025-11-13T11:57:08.121121"}