{"key": "daily_snapshot", "value": {"day": 0, "customers": 30525569977463007397858111707605, "mrr": 1.935103020811214e-40, "total_revenue": 5.250998821828405, "conversion_rate": 3.973088493870628e+24, "churn_rate": 0.05, "average_price": 6.33928546539802e-72, "daily_visitors": 0, "new_customers": 3750445544980495007328159924224, "churned_customers": 1910497989728525931520414711808}, "generation": 0, "timestamp": "2025-11-14T21:57:17.282210"}