{"key": "daily_snapshot", "value": {"day": 0, "customers": 13311848908928298501763614158617181312162884941004768607319406206416239324054597239083286837218082456239108, "mrr": 1.5658201554930736e-165, "total_revenue": 4.445436838349596, "conversion_rate": 1.9936140949772725e+99, "churn_rate": 0.05, "average_price": 1.176260462543917e-271, "daily_visitors": 0, "new_customers": 1797079959419473301481447852591280594249333837826686620940670210357407018894738146511601143021700187684864, "churned_customers": 360309821141510189479552732471839005637150429195229424701402230069122871558520355715098050248343348576256}, "generation": 0, "timestamp": "2025-11-15T18:45:20.563455"}