{"key": "daily_snapshot", "value": {"day": 0, "customers": 4770530008931654878586444450962162, "mrr": 1.3172140539574608e-42, "total_revenue": 10.298721371422412, "conversion_rate": 6.375905643678694e+26, "churn_rate": 0.05, "average_price": 2.761148240324028e-76, "daily_visitors": 0, "new_customers": 684744234883860508953901067665408, "churned_customers": 215469858867326109843794983649280}, "generation": 0, "timestamp": "2025-11-14T03:23:38.553244"}