{"key": "daily_snapshot", "value": {"day": 0, "customers": 244113529537691624140411880734341567013506242057432325, "mrr": 1.0197978242068209e-78, "total_revenue": 1.5620171583249602, "conversion_rate": 3.3385331191555794e+46, "churn_rate": 0.05, "average_price": 4.17755552565292e-132, "daily_visitors": 0, "new_customers": 29509840754697562208840461109514942726984339678035968, "churned_customers": 12846558851769372720340892348442362831628911255748608}, "generation": 0, "timestamp": "2025-11-13T21:16:56.449728"}