{"key": "daily_snapshot", "value": {"day": 0, "customers": 1479214963962740390807870793278597939634858835805412970333908181, "mrr": 7.74980156986223e-91, "total_revenue": 5.438023679800494, "conversion_rate": 2.0428330501998514e+56, "churn_rate": 0.05, "average_price": 5.239131403255219e-154, "daily_visitors": 0, "new_customers": 154231512885754231255843191115667638430076431102239848456519680, "churned_customers": 40629384797409379188952266754992267634087146091243492903747584}, "generation": 0, "timestamp": "2025-11-14T19:57:18.649640"}