{"key": "daily_snapshot", "value": {"day": 0, "customers": 129038366191057591597167519913691090347086704, "mrr": 3.5060234774205825e-60, "total_revenue": 7.626819946521412, "conversion_rate": 1.5891606622443192e+37, "churn_rate": 0.05, "average_price": 2.7170395758339593e-104, "daily_visitors": 0, "new_customers": 18852603352261964083396143398703708380332032, "churned_customers": 5004810832609746223199188129365666757083136}, "generation": 0, "timestamp": "2025-11-15T01:41:23.561004"}