{"key": "daily_snapshot", "value": {"day": 0, "customers": 117984241723899614, "mrr": 1.779219238435637e-16, "total_revenue": 5.414632391501176, "conversion_rate": 19508621294.9481, "churn_rate": 0.05, "average_price": 1.5080143012651387e-33, "daily_visitors": 0, "new_customers": 15529334428446582, "churned_customers": 3748088401475405}, "generation": 0, "timestamp": "2025-11-13T22:01:01.451916"}