{"key": "daily_snapshot", "value": {"day": 0, "customers": 5963254630199206665893187203379349986181422120949454310712521526796529628189302840833861796233878075411366776169160339207, "mrr": 8.99853411130441e-189, "total_revenue": 7.42566689692798, "conversion_rate": 9.656527648030914e+113, "churn_rate": 0.05, "average_price": 1.50899712813434e-309, "daily_visitors": 0, "new_customers": 658111431040742608495643955139643274584761838768798937963626358928934209862802518022860757799000208888600874648378277888, "churned_customers": 365090536126998557561166132857377115212125435793659845051650428488592263412830796707184153002200788619678817627538456576}, "generation": 0, "timestamp": "2025-11-15T14:46:42.718858"}