{"key": "daily_snapshot", "value": {"day": 0, "customers": 7279639993611386793144827758573635966175779373509812264911474419062874886461429333212382945689919476495100917094519, "mrr": 7.923739252103473e-181, "total_revenue": 8.055065502431749, "conversion_rate": 1.0456341438591393e+108, "churn_rate": 0.05, "average_price": 1.0884795483097168e-295, "daily_visitors": 0, "new_customers": 1042214385506396289822367960143213506645048370845537423916339079447387025034652102409206181410035498072753557209088, "churned_customers": 343659192935619453872704612749166142039275148610088399421532788398450448456901853794791270975355575345052255256576}, "generation": 0, "timestamp": "2025-11-13T17:37:35.374494"}