{"key": "daily_snapshot", "value": {"day": 0, "customers": 6255384495322166748383773897381876760395189404847170, "mrr": 2.690341742547464e-71, "total_revenue": 7.574353924996814, "conversion_rate": 8.221481623414502e+44, "churn_rate": 0.05, "average_price": 4.3008415302997375e-123, "daily_visitors": 0, "new_customers": 900561789427078821742223846446247776146563679649792, "churned_customers": 240557808240529455061373829555889299859079224623104}, "generation": 0, "timestamp": "2025-11-14T10:43:45.456938"}