{"key": "daily_snapshot", "value": {"day": 0, "customers": 37563465756138511511502714918153194053496905110583568885272984086154763466944486227955990, "mrr": 1.6744613912928216e-138, "total_revenue": 6.2331957973706755, "conversion_rate": 4.6718255946472745e+81, "churn_rate": 0.05, "average_price": 4.457686098943589e-227, "daily_visitors": 0, "new_customers": 4558582830811050435002371393317061782524511972277241084182970694602102846029954107310080, "churned_customers": 974458526372243431728130756480594773107588720294628587407193583145462820836035618930688}, "generation": 0, "timestamp": "2025-11-14T08:12:23.511942"}