{"key": "daily_snapshot", "value": {"day": 0, "customers": 23851114625724044085659357847202916018072582856827527936631876120191908892262572330025776393726365576584761548616233456000397063, "mrr": 2.35680327031839e-196, "total_revenue": 7.42566689692798, "conversion_rate": 3.061574697462916e+120, "churn_rate": 0.05, "average_price": 1e-323, "daily_visitors": 0, "new_customers": 2382906590001224848521135607728763748955387948180590973069131106075798084309762142251842538632569272607915485845542350341799936, "churned_customers": 740432581996855541364585944221098094862579743345493382925428256729766158006813284000624078163787331362294758763838056374992896}, "generation": 0, "timestamp": "2025-11-15T14:49:43.502654"}