{"key": "daily_snapshot", "value": {"day": 0, "customers": 41999980899070044487755514569885984343935958399463872966483049454, "mrr": 1.5924554495771986e-97, "total_revenue": 4.058738603221899, "conversion_rate": 4.898112118437425e+57, "churn_rate": 0.05, "average_price": 3.7915623185734794e-162, "daily_visitors": 0, "new_customers": 4413847413283438537839568332557797177938382856754468860981149696, "churned_customers": 1004209071889125512289105926490124433061340664371228778268983296}, "generation": 0, "timestamp": "2025-11-14T15:21:56.123201"}