{"key": "daily_snapshot", "value": {"day": 0, "customers": 74537797870052465385679767512254747525119938958352853868106718221082427066775527827255334274743705882350163802143375808981, "mrr": 1.4663601748956168e-197, "total_revenue": 5.250998821828405, "conversion_rate": 9.763246169021595e+114, "churn_rate": 0.05, "average_price": 1.96727e-319, "daily_visitors": 0, "new_customers": 8306171227043957571956201801148326423766177415126331270682831744863664997916496188645255426042039197716415428467252789248, "churned_customers": 3770585689592178394632246557324316561260568470942155869324608061152642859293921184239994590552115140242769219704634474496}, "generation": 0, "timestamp": "2025-11-14T23:15:10.109611"}