{"key": "daily_snapshot", "value": {"day": 0, "customers": 953722104165815811386306825411141504422097293987869075117386053322107832589138444416922484334430645796509550245671100, "mrr": 2.865900492163602e-186, "total_revenue": 7.827191553977371, "conversion_rate": 1.2689311123726833e+110, "churn_rate": 0.05, "average_price": 3.0049638984411454e-303, "daily_visitors": 0, "new_customers": 139751770868611018092533417547512200079338655730459573262434273788397889582864986467886473420293117827939335535591424, "churned_customers": 44988748059987130637958862740192263523138696074922370412181641254304784202638229190451262466779908730833690605649920}, "generation": 0, "timestamp": "2025-11-15T05:51:56.692310"}