{"key": "daily_snapshot", "value": {"day": 0, "customers": 30473973, "mrr": 4.307427979774878, "total_revenue": 1.35745440143576, "conversion_rate": 16.933711635109148, "churn_rate": 0.05, "average_price": 1.4134776518227138e-07, "daily_visitors": 0, "new_customers": 19871489, "churned_customers": 1212343}, "generation": 0, "timestamp": "2025-11-13T13:42:04.786890"}