{"key": "daily_snapshot", "value": {"day": 0, "customers": 107889884376051934280037009574131680921655737380859674483649609320081086769705946205652950851643003104118500172549100, "mrr": 2.2715412973788354e-182, "total_revenue": 3.8452002827692775, "conversion_rate": 1.3904278395886066e+109, "churn_rate": 0.05, "average_price": 2.1054256481185404e-298, "daily_visitors": 0, "new_customers": 14387923624004480916370916614143234011854536625534320414107281231119073358513184840198292039589745216493027774693376, "churned_customers": 5419233004790303806553216607061934547314183018100091428647193679449215698840666009119075025735071806246759493009408}, "generation": 0, "timestamp": "2025-11-13T14:32:20.587568"}