{"key": "daily_snapshot", "value": {"day": 0, "customers": 49129735752491823302486117657070575933064857504123677856720831561629224183590042452455612, "mrr": 6.683500369526811e-138, "total_revenue": 7.827191553977371, "conversion_rate": 6.827457183924725e+81, "churn_rate": 0.05, "average_price": 1.3603778378123739e-226, "daily_visitors": 0, "new_customers": 5762929840189922267917590937255854441660169041662753622491272220018310966859913733603328, "churned_customers": 2349080180964689257081679829035039570749853675504878433030863105415603653472789509177344}, "generation": 0, "timestamp": "2025-11-15T05:38:41.417596"}