{"key": "daily_snapshot", "value": {"day": 0, "customers": 22272792666534107055769797428001218378160289810440931206714368605, "mrr": 1.9201407077123434e-96, "total_revenue": 7.058512489256422, "conversion_rate": 3.1106463106302573e+57, "churn_rate": 0.05, "average_price": 8.621014600461138e-161, "daily_visitors": 0, "new_customers": 2927015721164242548476612569983102917039461495719757505915518976, "churned_customers": 709700349353536375024126703500898099843263474098313764062363648}, "generation": 0, "timestamp": "2025-11-15T09:58:15.878606"}