{"key": "daily_snapshot", "value": {"day": 0, "customers": 27812893638625089170964299, "mrr": 2.154510640663383e-30, "total_revenue": 5.241512577835226, "conversion_rate": 3.1957982413577477e+18, "churn_rate": 0.05, "average_price": 7.746445474739498e-56, "daily_visitors": 0, "new_customers": 3519366904433484484313088, "churned_customers": 1818610190768462194802688}, "generation": 0, "timestamp": "2025-11-13T18:58:27.435015"}