{"key": "daily_snapshot", "value": {"day": 0, "customers": 49013987951561496500202712855478033568886729980903031288403887050698744153272259857863881803372056547792776821245457791982, "mrr": 2.3541224135981725e-197, "total_revenue": 4.058738603221899, "conversion_rate": 6.772847093215282e+114, "churn_rate": 0.05, "average_price": 4.80296e-319, "daily_visitors": 0, "new_customers": 7186722198140225925878294204819721905437650758961837186620547201984237904413653161039546228444304256201212123677577969664, "churned_customers": 2812828542050339502473734682054052833290364307365605676397664835961016850427269834277055138904513566351180320129876492288}, "generation": 0, "timestamp": "2025-11-14T15:50:44.274171"}