{"key": "daily_snapshot", "value": {"day": 0, "customers": 11978566971100006242884626293901857398380591539026101576276766154087392124332577283857244042032240859277594263973540934866823990794709, "mrr": 1.1836396853658297e-190, "total_revenue": 5.250998821828405, "conversion_rate": 1.8243416186117453e+126, "churn_rate": 0.05, "average_price": 1e-323, "daily_visitors": 0, "new_customers": 1318741675866362501795070578872191566976237116388848036102966945579290899020876299894093700609902666721547600767294380704940953698304, "churned_customers": 783098973161348857725983430854708913693026999817821295772074446531546258840186773323526707633754269679272132830215841538606282833920}, "generation": 0, "timestamp": "2025-11-14T23:20:38.063988"}