{"key": "daily_snapshot", "value": {"day": 0, "customers": 285673044110514873363685569264855311858153985406170389781940480249013076, "mrr": 2.6789521933573774e-109, "total_revenue": 7.997332640408474, "conversion_rate": 3.9775994211636916e+64, "churn_rate": 0.05, "average_price": 9.377686304630841e-181, "daily_visitors": 0, "new_customers": 34283231739631644724154904170891519747426046351440252876785080567070720, "churned_customers": 6152722763261478694590187470832682965169844328578739084249433110478848}, "generation": 0, "timestamp": "2025-11-15T16:27:03.158480"}