{"key": "daily_snapshot", "value": {"day": 0, "customers": 7190572175590751177943343349418511427035684766074256205592963450211992533023176, "mrr": 7.334938404324292e-122, "total_revenue": 4.843910136547377, "conversion_rate": 1.0837009388401175e+72, "churn_rate": 0.05, "average_price": 1.0200771545307074e-200, "daily_visitors": 0, "new_customers": 811767797814694507102248359591982575431368847182713878959013310256770998861824, "churned_customers": 476979210312993745292205395190485679802043714636314723158026214931726988214272}, "generation": 0, "timestamp": "2025-11-14T07:06:43.109164"}