{"key": "daily_snapshot", "value": {"day": 0, "customers": 88237519189781030070168267987712002610489119221789327269109180806701535374372003411232, "mrr": 2.7827476592243223e-133, "total_revenue": 2.640852054669741, "conversion_rate": 1.3960073281312777e+79, "churn_rate": 0.05, "average_price": 3.153701152045306e-219, "daily_visitors": 0, "new_customers": 10761566284900818573211294063185247489230176522429564004559973779754635985099289526272, "churned_customers": 3295942690234012716868527654516643125753234142821805197727703933510944429270550708224}, "generation": 0, "timestamp": "2025-11-14T02:47:14.223301"}