{"key": "daily_snapshot", "value": {"day": 0, "customers": 4233559576325196077256778920770477538178055805674264325763980576042490796418103517228465156, "mrr": 2.920281932885296e-139, "total_revenue": 4.445436838349596, "conversion_rate": 5.916959009933803e+83, "churn_rate": 0.05, "average_price": 6.897935130560161e-230, "daily_visitors": 0, "new_customers": 527323815312727204862954146344163623812448009357450511444732564852346951706659474643091456, "churned_customers": 216731173444095157729153189481363894024404594806701536976881971493033646741031515118895104}, "generation": 0, "timestamp": "2025-11-15T18:38:07.347549"}