{"key": "daily_snapshot", "value": {"day": 0, "customers": 4857979618216658246101, "mrr": 8.809059605009776e-24, "total_revenue": 5.250998821828405, "conversion_rate": 648128483545951.0, "churn_rate": 0.05, "average_price": 1.813317530600003e-45, "daily_visitors": 0, "new_customers": 614258197943787847680, "churned_customers": 183690789381393645568}, "generation": 0, "timestamp": "2025-11-14T21:52:43.124651"}