{"key": "daily_snapshot", "value": {"day": 0, "customers": 9990306893088322477752736904158378971666094632639165355592699925, "mrr": 1.682159796648476e-96, "total_revenue": 6.513341788556554, "conversion_rate": 1.4861379600093963e+57, "churn_rate": 0.05, "average_price": 1.6837919141525657e-160, "daily_visitors": 0, "new_customers": 1550388220879797141702406094285821024559848060929083587835199488, "churned_customers": 411545829429608709778616920056449835175949477630794334002479104}, "generation": 0, "timestamp": "2025-11-15T00:49:57.789846"}