{"key": "daily_snapshot", "value": {"day": 0, "customers": 97819749433132853785417051857296091324191208895148437874050468969055924396176142712225364049340135435375379817148223399763478464942960, "mrr": 9.66587553594194e-190, "total_revenue": 7.626819946521412, "conversion_rate": 1.2261999086433816e+127, "churn_rate": 0.05, "average_price": 1e-323, "daily_visitors": 0, "new_customers": 12544872303545491220535816593717552147796821252575430242607346697058280061408432933232982818792229750064601283499347565106033556717568, "churned_customers": 5173772577068145752251134604252884456566233926006697265676098417169709870989287215266456490412154141025905185551015566373331289505792}, "generation": 0, "timestamp": "2025-11-15T02:23:03.509819"}