{"key": "daily_snapshot", "value": {"day": 0, "customers": 734822783671077563406242776981876539648026364949456460724854891543643197184470289541410814637778, "mrr": 4.453889415886165e-151, "total_revenue": 7.180499208388138, "conversion_rate": 9.478654242630829e+88, "churn_rate": 0.05, "average_price": 6.061174904832321e-247, "daily_visitors": 0, "new_customers": 68862769827314694589190158472092978305617974459946200924185206281885771588680449829284561813504, "churned_customers": 29310776919166527158418388322797610703979924414863730847711583071113422809267431522082985345024}, "generation": 0, "timestamp": "2025-11-15T19:42:29.068578"}