{"key": "daily_snapshot", "value": {"day": 0, "customers": 70814541226986201584697119463245584247448253465551981008351094173498417775923869050248246408057702116047908201974760086175, "mrr": 2.720941482237836e-197, "total_revenue": 3.5615064647863135, "conversion_rate": 9.239944299457912e+114, "churn_rate": 0.05, "average_price": 3.84235e-319, "daily_visitors": 0, "new_customers": 6829167192344633607381856132781383895129629255194445636521572739550273879996123288698127929690580703370789036788748910592, "churned_customers": 1769774928718313261209106835458667423704668372364255505246288665421055092592015587418671099265553287611782966186709352448}, "generation": 0, "timestamp": "2025-11-13T12:30:25.776198"}