{"key": "daily_snapshot", "value": {"day": 0, "customers": 24614977437669045615607006649284503496823649737141566882, "mrr": 4.478897128476333e-81, "total_revenue": 8.401501509864964, "conversion_rate": 3.281806434835385e+48, "churn_rate": 0.05, "average_price": 1.8195820572324154e-136, "daily_visitors": 0, "new_customers": 2649218307336450643080637198364912455710301668985798656, "churned_customers": 1013741559678327827920030070999364364039058686987993088}, "generation": 0, "timestamp": "2025-11-14T13:15:12.639259"}