{"key": "daily_snapshot", "value": {"day": 0, "customers": 27686766968746856736178629482959448734724660602820484658770408406132962103928970951971593443280766649750985587565149, "mrr": 7.823877418834778e-184, "total_revenue": 7.058512489256422, "conversion_rate": 3.880997221255466e+108, "churn_rate": 0.05, "average_price": 2.825854469633981e-299, "daily_visitors": 0, "new_customers": 3307453255329037738415839155151622904490031542247233300940624319941093447019710547746372212372295112384706938667008, "churned_customers": 1030254617526232450284356508304119180914533350721409397077729386891141073733945991296847630431687154543309300432896}, "generation": 0, "timestamp": "2025-11-15T11:41:09.428891"}