{"key": "daily_snapshot", "value": {"day": 0, "customers": 413, "mrr": 0.030180008810883223, "total_revenue": 2.0160600841353786, "conversion_rate": 1.1583153034774463, "churn_rate": 0.05, "average_price": 7.307508186654534e-05, "daily_visitors": 25, "new_customers": 62, "churned_customers": 18}, "generation": 0, "timestamp": "2025-11-14T20:44:33.281131"}