{"key": "daily_snapshot", "value": {"day": 0, "customers": 91157072947272894139696690408933295681259641657092699370307, "mrr": 4.534930120122657e-88, "total_revenue": 3.6902796439842023, "conversion_rate": 1.278446975254344e+52, "churn_rate": 0.05, "average_price": 4.974852716854734e-147, "daily_visitors": 0, "new_customers": 10107007215025733283477244842834242589778760743743995772928, "churned_customers": 3134552383340289067068378464602725169461664823627380424704}, "generation": 0, "timestamp": "2025-11-14T01:28:04.599396"}