{"key": "daily_snapshot", "value": {"day": 0, "customers": 3514211338285156035888342680707443192309169627022950410477220991319777098116492797102075855228075830350492832590366235464610627, "mrr": 3.472502188944974e-197, "total_revenue": 3.6902796439842023, "conversion_rate": 4.587746926229969e+119, "churn_rate": 0.05, "average_price": 1e-323, "daily_visitors": 0, "new_customers": 493038172733460281755284211886292413230852899332051908828738819638086153030254011564883913528802988469530898638121038356938752, "churned_customers": 167500407831429323929684186873955363012264593501909524366041534612762175430065796543354391466002491511844687221672444721889280}, "generation": 0, "timestamp": "2025-11-14T02:04:46.642615"}