{"key": "daily_snapshot", "value": {"day": 0, "customers": 50209570689848687810992102094161681626550841209066115929, "mrr": 4.3143745104480675e-83, "total_revenue": 4.2636659399133805, "conversion_rate": 7.058519505953253e+48, "churn_rate": 0.05, "average_price": 8.592733319905369e-139, "daily_visitors": 0, "new_customers": 6398165771637189589273302002651390032408847927818059776, "churned_customers": 2575740779677956710812912465061511568270683890501287936}, "generation": 0, "timestamp": "2025-11-15T15:18:29.756320"}