{"key": "daily_snapshot", "value": {"day": 0, "customers": 138848821999559146493870711633267277330206467567213785443985927308947703385004356238395720629532877382599, "mrr": 4.9842034786645324e-167, "total_revenue": 4.928703564447977, "conversion_rate": 1.6623409562578821e+97, "churn_rate": 0.05, "average_price": 3.589662056103261e-271, "daily_visitors": 0, "new_customers": 16433253815145278973078963786333142096989794418566581423496413507144536364094791822879788104297104801792, "churned_customers": 5861686288273240590651222934387857172392557315752170057439556346973202675674107282555135395532636160000}, "generation": 0, "timestamp": "2025-11-15T06:47:32.905573"}