{"key": "daily_snapshot", "value": {"day": 0, "customers": 1248269617305424590612855016873886410182627116711819373628772853840317372994441922743303765808660386658343238682070079, "mrr": 1.665780906778266e-184, "total_revenue": 2.4762944740981485, "conversion_rate": 1.706984843684532e+110, "churn_rate": 0.05, "average_price": 1.3344720432866911e-301, "daily_visitors": 0, "new_customers": 165240738343864366849050168736996595797746764992925447729229691894429581512319119904064436175461109864403278225211392, "churned_customers": 50461758558191302042464427280801792469134930100800652398506494993039639445489645433364540319953323526008939913150464}, "generation": 0, "timestamp": "2025-11-13T16:37:19.905607"}