{"key": "daily_snapshot", "value": {"day": 0, "customers": 82554999251147894373250336, "mrr": 1.3411450625535297e-30, "total_revenue": 2.640852054669741, "conversion_rate": 1.0921557924227228e+19, "churn_rate": 0.05, "average_price": 1.6245473620240894e-56, "daily_visitors": 0, "new_customers": 12048428928641421342146560, "churned_customers": 4055164713255403966693376}, "generation": 0, "timestamp": "2025-11-14T02:19:07.898353"}