{"key": "daily_snapshot", "value": {"day": 0, "customers": 55990937883096521840666709148361, "mrr": 1.0831986655161044e-39, "total_revenue": 3.6905216285399813, "conversion_rate": 7.529199296349897e+24, "churn_rate": 0.05, "average_price": 1.93459639446961e-71, "daily_visitors": 0, "new_customers": 6510018433484153178604028559360, "churned_customers": 2180008080900564626147261808640}, "generation": 0, "timestamp": "2025-11-15T03:56:42.285841"}