{"key": "daily_snapshot", "value": {"day": 0, "customers": 16916236073379213062502977781092231224878276040364948938971021611533151528622834, "mrr": 3.923529666076857e-120, "total_revenue": 10.298721371422412, "conversion_rate": 2.649575659789643e+72, "churn_rate": 0.05, "average_price": 2.319386918613206e-199, "daily_visitors": 0, "new_customers": 2602439193192852839984324207740244457778881040054736312261728455885692816326656, "churned_customers": 765582682149725756190467052269446892390304274259860811683024082542692323557376}, "generation": 0, "timestamp": "2025-11-14T03:44:53.619597"}