{"key": "daily_snapshot", "value": {"day": 0, "customers": 120197995650900417302768702886513155423650, "mrr": 8.728787452062024e-58, "total_revenue": 8.401501509864964, "conversion_rate": 1.7386034545272704e+34, "churn_rate": 0.05, "average_price": 7.262007494212851e-99, "daily_visitors": 0, "new_customers": 18219227524025627143730654892422856704000, "churned_customers": 8211608114491435224170376466965974745088}, "generation": 0, "timestamp": "2025-11-14T13:08:42.961544"}