{"key": "daily_snapshot", "value": {"day": 0, "customers": 304549801178061973835071500966478186715255970144809736988695535583670893772845460876912128628409350126809876456442712921, "mrr": 1.4024803935289945e-189, "total_revenue": 4.2636659399133805, "conversion_rate": 4.446449000155587e+112, "churn_rate": 0.05, "average_price": 4.605093774824047e-309, "daily_visitors": 0, "new_customers": 38797020948187896643056563428517051790243163661377795585336319056308015709231478803664680276767640070648791275065573376, "churned_customers": 18208220870748972013400168025634313915870768812513865590366251255686471132296166527733096828566459076822129144198332416}, "generation": 0, "timestamp": "2025-11-15T15:47:55.968083"}