{"key": "daily_snapshot", "value": {"day": 0, "customers": 432621415541891192042521373830530475720471356738163092187018970413041767844754, "mrr": 5.187541470904976e-119, "total_revenue": 5.414632391501176, "conversion_rate": 5.372003031598088e+70, "churn_rate": 0.05, "average_price": 1.199094932553717e-196, "daily_visitors": 0, "new_customers": 43389080670701720502914395893273857509723247526978984752150219579925133787136, "churned_customers": 26324942492608014544240403210965511707257660083581596171200424576111884632064}, "generation": 0, "timestamp": "2025-11-13T22:29:15.428919"}