{"key": "daily_snapshot", "value": {"day": 0, "customers": 10528473377182523309686392783027931607646499590086998329936962, "mrr": 8.787503823264918e-87, "total_revenue": 7.574353924996814, "conversion_rate": 1.3677384395858323e+54, "churn_rate": 0.05, "average_price": 8.346417859885876e-148, "daily_visitors": 0, "new_customers": 1282609074660263223715813698475648230362701670720093938515968, "churned_customers": 538747275949829209873335172896339524620500838166308639997952}, "generation": 0, "timestamp": "2025-11-14T10:48:01.506271"}