{"key": "daily_snapshot", "value": {"day": 0, "customers": 1210836213802689, "mrr": 3.6361493008199993e-12, "total_revenue": 2.963987135954743, "conversion_rate": 173687569.54081887, "churn_rate": 0.05, "average_price": 3.003006731521928e-27, "daily_visitors": 0, "new_customers": 130738157054104, "churned_customers": 45146108210790}, "generation": 0, "timestamp": "2025-11-14T00:16:18.815213"}