{"key": "daily_snapshot", "value": {"day": 0, "customers": 2124213002709504423740146266534823906786104, "mrr": 6.784448865907615e-58, "total_revenue": 8.385937104373125, "conversion_rate": 2.902582183930595e+35, "churn_rate": 0.05, "average_price": 3.1938646723533957e-100, "daily_visitors": 0, "new_customers": 216952582351319058509197993887246088929280, "churned_customers": 79543202794427971320455175936790056927232}, "generation": 0, "timestamp": "2025-11-13T12:53:43.857404"}