{"key": "daily_snapshot", "value": {"day": 0, "customers": 137131999040038275305174859037873270338293355353, "mrr": 1.591707928001388e-67, "total_revenue": 4.2636659399133805, "conversion_rate": 2.0349028050572931e+40, "churn_rate": 0.05, "average_price": 1.1607122620130834e-114, "daily_visitors": 0, "new_customers": 18036807008601450111367953154346188943948513280, "churned_customers": 7134598738556131707279204228104571714434760704}, "generation": 0, "timestamp": "2025-11-15T15:14:19.708189"}