{"key": "daily_snapshot", "value": {"day": 0, "customers": 127181135496095195124829786557485390257361398847277863686135618152474624613415746281529177376, "mrr": 2.625856946316199e-143, "total_revenue": 2.640852054669741, "conversion_rate": 1.9206605004943035e+85, "churn_rate": 0.05, "average_price": 2.0646591462432884e-235, "daily_visitors": 0, "new_customers": 13949564007456819116936839762187077880710235297205919592533362094104550667959201125653020672, "churned_customers": 5207066340549434439866016092360558992734429147582372554165071615108954621135081842371723264}, "generation": 0, "timestamp": "2025-11-14T02:50:01.986342"}