{"key": "daily_snapshot", "value": {"day": 0, "customers": 151910130294070035610785, "mrr": 7.15138427388673e-26, "total_revenue": 4.323965768575599, "conversion_rate": 1.6946340238652312e+16, "churn_rate": 0.05, "average_price": 4.707641458830275e-49, "daily_visitors": 0, "new_customers": 16132465330928582918144, "churned_customers": 6988969022389165752320}, "generation": 0, "timestamp": "2025-11-14T14:01:15.783634"}