{"key": "daily_snapshot", "value": {"day": 0, "customers": 254246044626453007681047636549935268777339875734426429801249963401640529499081529360326517005820697330, "mrr": 4.857573085985844e-158, "total_revenue": 10.298721371422412, "conversion_rate": 3.2663034396405664e+94, "churn_rate": 0.05, "average_price": 1.910579609261083e-259, "daily_visitors": 0, "new_customers": 30737574399160185152373533875668097540630909627087171302793581948379162138203770193324895072965099520, "churned_customers": 10085965438253661567252312706070636952754290106320444215555419067196154842917821003310754468003315712}, "generation": 0, "timestamp": "2025-11-14T03:55:16.369298"}