{"key": "daily_snapshot", "value": {"day": 0, "customers": 142492567755301, "mrr": 4.63936766782457e-11, "total_revenue": 2.640852054657997, "conversion_rate": 23191612.138528664, "churn_rate": 0.05, "average_price": 3.2558664223046655e-25, "daily_visitors": 0, "new_customers": 22052246347504, "churned_customers": 7379233654953}, "generation": 0, "timestamp": "2025-11-14T02:13:43.525720"}