{"key": "daily_snapshot", "value": {"day": 0, "customers": 7011732974, "mrr": 0.0345345432611267, "total_revenue": 11.367864292986923, "conversion_rate": 1004.6091046125823, "churn_rate": 0.05, "average_price": 4.925250774549347e-12, "daily_visitors": 0, "new_customers": 787844889, "churned_customers": 263615033}, "generation": 0, "timestamp": "2025-11-14T05:14:48.119438"}