{"key": "daily_snapshot", "value": {"day": 0, "customers": 91214400924655457909684982211722283402297230787269779462672662, "mrr": 4.104994298120879e-93, "total_revenue": 6.2331957973706755, "conversion_rate": 1.3105142065339517e+55, "churn_rate": 0.05, "average_price": 4.5003796072855526e-155, "daily_visitors": 0, "new_customers": 12419826649416761429031273845979401836810541966539401358999552, "churned_customers": 3733374447624534217188082147707821728101151834243541829156864}, "generation": 0, "timestamp": "2025-11-14T07:59:57.020772"}