{"key": "daily_snapshot", "value": {"day": 0, "customers": 11550673836674376532181410967748563046403878658933760544841100024624677491683972127384519, "mrr": 1.687200667899488e-139, "total_revenue": 4.928703564447977, "conversion_rate": 1.518980236365805e+81, "churn_rate": 0.05, "average_price": 1.4606945809018358e-227, "daily_visitors": 0, "new_customers": 1641194851776365911378665402789238876787882580932353019504156051326215884982291145949184, "churned_customers": 650734678207425494364328264532704455113295009281172799206646378034448955665600296779776}, "generation": 0, "timestamp": "2025-11-15T06:40:00.258560"}