{"key": "daily_snapshot", "value": {"day": 0, "customers": 352506988954935, "mrr": 1.3361168896850356e-09, "total_revenue": 7.42566689664922, "conversion_rate": 46586745.942441955, "churn_rate": 0.05, "average_price": 3.790327373781082e-24, "daily_visitors": 0, "new_customers": 38154276207771, "churned_customers": 24495412685272}, "generation": 0, "timestamp": "2025-11-15T13:57:13.051602"}