{"key": "daily_snapshot", "value": {"day": 0, "customers": 711118577119025760304179885306015606175471470132334639389276988690434644453201388947192264, "mrr": 7.664452836098879e-140, "total_revenue": 4.843910136547377, "conversion_rate": 1.066879813586979e+83, "churn_rate": 0.05, "average_price": 1.0778023641500251e-229, "daily_visitors": 0, "new_customers": 92444543428246414347937299080434518426870088532789459467864224324937187365156024070701056, "churned_customers": 45489127980900502414092331892265014613101864021938422285067827639382475945599443736199168}, "generation": 0, "timestamp": "2025-11-14T07:11:43.565629"}