{"key": "daily_snapshot", "value": {"day": 0, "customers": 1391541963633565141478099574531983923732162315066883, "mrr": 5.091306023005198e-76, "total_revenue": 11.37579680016544, "conversion_rate": 1.9274014959326016e+44, "churn_rate": 0.05, "average_price": 3.6587513392056727e-127, "daily_visitors": 0, "new_customers": 181914772975795571151487968627036514888154097909760, "churned_customers": 89185149383120112389042671380769979648871931838464}, "generation": 0, "timestamp": "2025-11-14T05:34:42.140905"}