{"key": "daily_snapshot", "value": {"day": 0, "customers": 6779060782437423105938751015280825010666516377514438318167932239251589341315, "mrr": 1.2060465151585451e-113, "total_revenue": 4.596591164332845, "conversion_rate": 8.910829036397346e+68, "churn_rate": 0.05, "average_price": 1.7790761196345389e-189, "daily_visitors": 0, "new_customers": 905177636155228987899631928338683391506952583409315042576280616074884415488, "churned_customers": 210130985438520723556887999420905294906133881492620671154014356060197879808}, "generation": 0, "timestamp": "2025-11-14T12:23:08.664752"}