{"key": "daily_snapshot", "value": {"day": 0, "customers": 3504014396948359036758603474, "mrr": 4.159753250102123e-34, "total_revenue": 7.180499208388138, "conversion_rate": 4.1180665975139376e+20, "churn_rate": 0.05, "average_price": 1.1871393147599067e-61, "daily_visitors": 0, "new_customers": 451083027498534736270196736, "churned_customers": 168557388200299885475397632}, "generation": 0, "timestamp": "2025-11-15T19:10:11.658489"}