{"key": "daily_snapshot", "value": {"day": 0, "customers": 12108238765836812727291595696214225159283174995123311918192758843253333128479851209, "mrr": 5.7764801087780756e-124, "total_revenue": 3.6905216285399813, "conversion_rate": 1.653514544057485e+75, "churn_rate": 0.05, "average_price": 4.770702180961541e-206, "daily_visitors": 0, "new_customers": 1495542786558960457817244432706612763716079572894754655249089324733974323035897856, "churned_customers": 569674579855870320870230829839186640076064293590585168356839463246590235495104512}, "generation": 0, "timestamp": "2025-11-15T04:19:58.616279"}