{"key": "daily_snapshot", "value": {"day": 0, "customers": 122010306590247465438248827011031048655181851494131705743587202683204679, "mrr": 2.793394485193295e-109, "total_revenue": 8.531929138055917, "conversion_rate": 1.4969654756235195e+64, "churn_rate": 0.05, "average_price": 2.2894741954665135e-180, "daily_visitors": 0, "new_customers": 14304828937951994793112810817123618086218320444018451745225181677748224, "churned_customers": 5380767973794041234525186908739700063903698691035114628505560258969600}, "generation": 0, "timestamp": "2025-11-13T11:35:26.809145"}