{"key": "daily_snapshot", "value": {"day": 0, "customers": 5148473249908289697887271038577749495958246367246690070144299310200390365845760516570828807683, "mrr": 1.2137134413812492e-146, "total_revenue": 11.37579680016544, "conversion_rate": 8.050789026963797e+86, "churn_rate": 0.05, "average_price": 2.3574240021599981e-240, "daily_visitors": 0, "new_customers": 716668285119474898007663073696791227869772777451859850168696231093706964096046352115416694784, "churned_customers": 339697734239604807567949096309468857192479581565554548509865250095935420857635096701396058112}, "generation": 0, "timestamp": "2025-11-14T06:12:27.169325"}