{"key": "daily_snapshot", "value": {"day": 0, "customers": 11212693235631038280342251509341182924237877733216328145742874977080717737114513346718264517313429323, "mrr": 6.537702350127055e-159, "total_revenue": 5.241512577835226, "conversion_rate": 1.5289849690067537e+93, "churn_rate": 0.05, "average_price": 5.830626248965707e-259, "daily_visitors": 0, "new_customers": 1423129152490939844905863671089485704783935079593515074760573609884172678675033412801710019907158016, "churned_customers": 609696672403259187902634548810578070787587678832572634077269067074658902999674138684625889100038144}, "generation": 0, "timestamp": "2025-11-13T20:37:46.542223"}