{"key": "daily_snapshot", "value": {"day": 0, "customers": 538677217715714394854159233028776058845472326058977649700983037324092513978290761443020955990160723463148, "mrr": 1.9525068940713923e-163, "total_revenue": 3.8452002827692775, "conversion_rate": 8.004399991322997e+97, "churn_rate": 0.05, "average_price": 3.624632395539369e-268, "daily_visitors": 0, "new_customers": 67336338374078573006003060310456114372332326719509012833506704598018492329216466811246692281304897028096, "churned_customers": 24864667648375230317534255542272616688303654407956888241295809538972561538889242947783730485237943107584}, "generation": 0, "timestamp": "2025-11-13T14:27:07.008952"}