{"key": "daily_snapshot", "value": {"day": 0, "customers": 14995502602690230383738456447858201739475869064144533376661826954396680858321866822201727615109368773724102116764676960102555, "mrr": 1.4817525356224484e-199, "total_revenue": 13.18914372001125, "conversion_rate": 2.1541297369541906e+117, "churn_rate": 0.05, "average_price": 1e-323, "daily_visitors": 0, "new_customers": 1540135823431955040299244858355927425807240076357726747573423960770260674711982813532611781399434286433555277777661086138368, "churned_customers": 644832944732988477359313530579906711590765821162414905136013642232893005994948489966394607034387224812369352296700307308544}, "generation": 0, "timestamp": "2025-11-13T18:43:37.150688"}