{"key": "daily_snapshot", "value": {"day": 0, "customers": 582808037984604772450404407616750977574334841237443270993055953768768594673501387483839470, "mrr": 1.0538639791454547e-140, "total_revenue": 4.058738603221899, "conversion_rate": 7.378210273139228e+82, "churn_rate": 0.05, "average_price": 1.8082523068655636e-230, "daily_visitors": 0, "new_customers": 78924638945543900477269868387941286139205872782554836548898454889842971796534815690326016, "churned_customers": 33099205432416772478992218488894921123644335695260846445587574744410220665950170148503552}, "generation": 0, "timestamp": "2025-11-14T15:33:44.098781"}