{"key": "daily_snapshot", "value": {"day": 0, "customers": 376586070367478103120650509942496317282064254100542205671, "mrr": 1.9287488905542225e-81, "total_revenue": 3.180859164035811, "conversion_rate": 5.090122863324909e+49, "churn_rate": 0.05, "average_price": 5.1216681718262215e-138, "daily_visitors": 0, "new_customers": 48505840914458265964887140343689934823064194833794990080, "churned_customers": 24355493122968619163983590085422929640994323457923612672}, "generation": 0, "timestamp": "2025-11-14T09:02:18.836686"}