{"key": "daily_snapshot", "value": {"day": 0, "customers": 594042420524396214954241460145292652254508055422647059345108825781551391416590014593382374117708876507056160325694702737514185895, "mrr": 5.869919043069664e-195, "total_revenue": 7.010218214998832, "conversion_rate": 7.536803645821974e+121, "churn_rate": 0.05, "average_price": 1e-323, "daily_visitors": 0, "new_customers": 73685965921491241779883053501313777814031666013663416145491296375941776793480008704814960281201178072612628889318189014039134208, "churned_customers": 25836636291142465940724553357709873499110390583512562790462849061898138997464017957929160684209429174048365422730114549613068288}, "generation": 0, "timestamp": "2025-11-15T00:18:55.170281"}