{"key": "daily_snapshot", "value": {"day": 0, "customers": 49947343369132815379401167168695511641409408212466637782047555313550702290, "mrr": 8.972579750157612e-113, "total_revenue": 7.180499208388138, "conversion_rate": 7.312904649133775e+66, "churn_rate": 0.05, "average_price": 1.796407805685741e-186, "daily_visitors": 0, "new_customers": 7736085663610426704730359848576680958012101694865625557841050782715084800, "churned_customers": 2037573477506861735795080530955273444785820222228772535539384284977561600}, "generation": 0, "timestamp": "2025-11-15T19:31:57.821818"}