{"key": "daily_snapshot", "value": {"day": 0, "customers": 6966279394894169381254522533752445971537559027531, "mrr": 7.930574596951275e-72, "total_revenue": 5.241512577835226, "conversion_rate": 9.22096766388741e+41, "churn_rate": 0.05, "average_price": 1.1384232740885862e-120, "daily_visitors": 0, "new_customers": 896901273425208656124511871837066386435546808320, "churned_customers": 246571826110138404624997252450386135916998557696}, "generation": 0, "timestamp": "2025-11-13T19:09:40.577582"}