{"key": "daily_snapshot", "value": {"day": 0, "customers": 445239598212014561574907009463849580228149262080063391199731897818051266516599676588095403595107692361954024224211374700071080214, "mrr": 4.399551792894322e-195, "total_revenue": 6.2331957973706755, "conversion_rate": 6.438717099195984e+121, "churn_rate": 0.05, "average_price": 1e-323, "daily_visitors": 0, "new_customers": 68568876962176246145462557131788384207285069676653804029115750302688394332517228703509023872472178581170310115726434517469102080, "churned_customers": 17367321735492922898245608904643811421681141063990326297730732814808597631387670990004341065483441870710446989869400582676021248}, "generation": 0, "timestamp": "2025-11-14T08:31:09.702655"}