{"key": "daily_snapshot", "value": {"day": 0, "customers": 829150606619991892053341759586406499760549132775261360780389501940845548, "mrr": 5.793209588659293e-108, "total_revenue": 3.8452002827692775, "conversion_rate": 1.0059008279367396e+65, "churn_rate": 0.05, "average_price": 6.986920762532083e-180, "daily_visitors": 0, "new_customers": 103352393720002205680429413197695890220560691151648298376434639651733504, "churned_customers": 46383080759214351037811909806342924117595002058528455543027358005985280}, "generation": 0, "timestamp": "2025-11-13T14:11:50.571664"}