{"key": "daily_snapshot", "value": {"day": 0, "customers": 3826432605788854752755725387139240504115698374441001267014729909407888195, "mrr": 8.675997502443583e-111, "total_revenue": 3.6902796439842023, "conversion_rate": 5.328733112516487e+65, "churn_rate": 0.05, "average_price": 2.267385420382948e-183, "daily_visitors": 0, "new_customers": 513499439834304457271763652716954751596695164989665219512690285362544640, "churned_customers": 106909100503757407434772862255849350625532075927234598978651731370442752}, "generation": 0, "timestamp": "2025-11-14T01:34:21.623530"}