{"key": "daily_snapshot", "value": {"day": 0, "customers": 411512448064367822845650, "mrr": 1.7868005714206047e-27, "total_revenue": 7.180499208388138, "conversion_rate": 5.236590118102031e+16, "churn_rate": 0.05, "average_price": 4.3420328590913427e-51, "daily_visitors": 0, "new_customers": 48013498822509662830592, "churned_customers": 19875340578951255818240}, "generation": 0, "timestamp": "2025-11-15T19:08:21.707199"}