{"key": "daily_snapshot", "value": {"day": 0, "customers": 1005885399672896178099452228639573, "mrr": 1.2334127946875588e-41, "total_revenue": 7.593310615949716, "conversion_rate": 1.4626469910316631e+26, "churn_rate": 0.05, "average_price": 1.2261961403243871e-74, "daily_visitors": 0, "new_customers": 142058282874064585549369890045952, "churned_customers": 61267375649939691214554248773632}, "generation": 0, "timestamp": "2025-11-14T18:42:28.736255"}