{"key": "daily_snapshot", "value": {"day": 0, "customers": 286038943734129885978938721677603560046437062588523438557165256523, "mrr": 4.399394513396155e-100, "total_revenue": 5.241512577835226, "conversion_rate": 4.078562781387306e+58, "churn_rate": 0.05, "average_price": 1.5380403996615738e-165, "daily_visitors": 0, "new_customers": 30710206974279276392008600238877820500968872009500075187979157504, "churned_customers": 12684843423732564024259898824915986166555543131672913464891801600}, "generation": 0, "timestamp": "2025-11-13T19:17:25.530705"}