{"key": "daily_snapshot", "value": {"day": 0, "customers": 219709409384647953617905749420667138176731780795422608493867947670359887737591362729391720989323875545391927510511715885661, "mrr": 4.025467943989131e-196, "total_revenue": 7.058512489256422, "conversion_rate": 3.002785453646952e+115, "churn_rate": 0.05, "average_price": 1.83218e-318, "daily_visitors": 0, "new_customers": 27086486790231290418670424764564336242778753363760735338893760783010018262880634095259625552838333506298791945340001976320, "churned_customers": 9529259341280451620266798961174197751268777661592558870594819828504369143215874737010350753064092019548135954939394392064}, "generation": 0, "timestamp": "2025-11-15T11:44:28.603858"}