{"key": "daily_snapshot", "value": {"day": 0, "customers": 20883581117108715725272063098713721699330708178067535579173233318863939722656350212325118529616573266782289937640025930756821447751, "mrr": 2.0635719984204758e-193, "total_revenue": 8.531929138055917, "conversion_rate": 3.323272534872454e+123, "churn_rate": 0.05, "average_price": 1e-323, "daily_visitors": 0, "new_customers": 2818085643657822311023957812969161911163137690423806498131512595272614333232872094728666951458960619858036780420212920195267690496, "churned_customers": 1000671542915626982402852683407253945923069159847549528648072409041278048809700423792263255002853810651125454964662284827960016896}, "generation": 0, "timestamp": "2025-11-13T12:03:19.103244"}