{"key": "daily_snapshot", "value": {"day": 0, "customers": 10218690016505255733828894446673259977460328339815052797477814415785257893421183711632243112159622228477241248831, "mrr": 5.036241252664499e-176, "total_revenue": 2.4762944740981485, "conversion_rate": 1.3029048945458593e+105, "churn_rate": 0.05, "average_price": 4.928460736679504e-288, "daily_visitors": 0, "new_customers": 1264070843903548597678967368282376575971534542110898158994885185324649998732855913516186118343983369214901616640, "churned_customers": 490707872610639996187295038703066577188394495941236006307708085362448845726700833805281978294321212373885517824}, "generation": 0, "timestamp": "2025-11-13T16:34:59.304009"}