{"key": "daily_snapshot", "value": {"day": 0, "customers": 9896491618920420655420979660251697224695927049517010969559530609311, "mrr": 6.17445385327487e-102, "total_revenue": 3.5615064647863135, "conversion_rate": 1.490414549556215e+60, "churn_rate": 0.05, "average_price": 6.239033074580042e-169, "daily_visitors": 0, "new_customers": 1140000920665006976434705780844210065690091501355257798722098036736, "churned_customers": 479301313826203394340605886324044122715886221583739564415680249856}, "generation": 0, "timestamp": "2025-11-13T12:04:29.616949"}