{"key": "daily_snapshot", "value": {"day": 0, "customers": 199251976951431466336030112691519414404970279069535213959174160630154613970746808080083427131316301177313145572136103423605937619657, "mrr": 1.9688711335530833e-192, "total_revenue": 3.6905216285399813, "conversion_rate": 2.865119311864611e+124, "churn_rate": 0.05, "average_price": 1e-323, "daily_visitors": 0, "new_customers": 22309431088106239333550924503776238745938888356767347084083103001974219873628645441450629035249003858002257587938623449164503056384, "churned_customers": 13610574752028616486063749707352310401938749933747433311501385983742283085614784645018019793709890037182160291066684428954321813504}, "generation": 0, "timestamp": "2025-11-15T04:42:54.403570"}