{"key": "daily_snapshot", "value": {"day": 0, "customers": 318235667617410325973, "mrr": 1.4225684379457304e-21, "total_revenue": 5.250998821828405, "conversion_rate": 40860155998710.15, "churn_rate": 0.05, "average_price": 4.470172839507017e-42, "daily_visitors": 0, "new_customers": 34559163377316290560, "churned_customers": 15596407655418324992}, "generation": 0, "timestamp": "2025-11-14T21:52:07.954214"}