{"key": "daily_snapshot", "value": {"day": 0, "customers": 139247572370238752534, "mrr": 1.1322494464852363e-20, "total_revenue": 8.73321624443256, "conversion_rate": 17980103761139.33, "churn_rate": 0.05, "average_price": 8.131197027081751e-41, "daily_visitors": 0, "new_customers": 20163762821938401280, "churned_customers": 5549332064230811648}, "generation": 0, "timestamp": "2025-11-14T16:03:46.494187"}