{"key": "daily_snapshot", "value": {"day": 0, "customers": 15386461104530404409498579742276066192234289175024464060, "mrr": 2.085933726288972e-80, "total_revenue": 7.827191553977371, "conversion_rate": 2.130947965660451e+48, "churn_rate": 0.05, "average_price": 1.3556942770126572e-135, "daily_visitors": 0, "new_customers": 1845920034539815708079490868598906059303522956505776128, "churned_customers": 946289715381661841354123317451957900448941831599685632}, "generation": 0, "timestamp": "2025-11-15T05:08:57.762270"}