{"key": "daily_snapshot", "value": {"day": 0, "customers": 1023725426388292634909029422638046803768453117046485620210442745833125925871495328036058232012404143988867, "mrr": 7.781751654185668e-164, "total_revenue": 4.596591164332845, "conversion_rate": 1.1965803971547054e+98, "churn_rate": 0.05, "average_price": 7.601405077570183e-269, "daily_visitors": 0, "new_customers": 129242976303832818454643401613124770059090331100586269119662370601644989002092440888041221406832700948480, "churned_customers": 51281557200004365072718988008544841121866756448260586995032591183732336832147417473470843391208272691200}, "generation": 0, "timestamp": "2025-11-14T12:36:53.056030"}