{"key": "daily_snapshot", "value": {"day": 0, "customers": 1360219108988251980559784918729665122969763160808542031515599270400937435984792652595422180822094806211401847, "mrr": 2.4519498916046032e-169, "total_revenue": 8.055065502431749, "conversion_rate": 1.8178975608772567e+101, "churn_rate": 0.05, "average_price": 1.8026139137454068e-277, "daily_visitors": 0, "new_customers": 186242886625516938966322613000816503925387897369875042256161114689428081044224055037150039344671069418029056, "churned_customers": 56409675551517587929403138735960905171073072276067582831974519319660416608349698082406272524518756546772992}, "generation": 0, "timestamp": "2025-11-13T17:34:23.901207"}