{"key": "daily_snapshot", "value": {"day": 0, "customers": 70552030, "mrr": 9.972371769572566, "total_revenue": 4.870752392015445, "conversion_rate": 18.234444997670003, "churn_rate": 0.05, "average_price": 1.4134776518227138e-07, "daily_visitors": 0, "new_customers": 15586431, "churned_customers": 3893353}, "generation": 0, "timestamp": "2025-11-13T16:47:39.373016"}