{"key": "daily_snapshot", "value": {"day": 0, "customers": 1073958394, "mrr": 0.06157805225674842, "total_revenue": 3.676408053298408, "conversion_rate": 150.2658887650761, "churn_rate": 0.05, "average_price": 5.7337465399752185e-11, "daily_visitors": 0, "new_customers": 133296983, "churned_customers": 36903356}, "generation": 0, "timestamp": "2025-11-14T01:04:34.555976"}