{"key": "daily_snapshot", "value": {"day": 0, "customers": 1407612416760556722610258349962728630697540404321568738367, "mrr": 5.3195419792696106e-83, "total_revenue": 2.4762944740981485, "conversion_rate": 1.907241399377854e+50, "churn_rate": 0.05, "average_price": 3.779124079845693e-140, "daily_visitors": 0, "new_customers": 155093170246938244096770142865314696140823013608975761408, "churned_customers": 57415843041780733618370857114139341757814838474521444352}, "generation": 0, "timestamp": "2025-11-13T16:09:26.778911"}