{"key": "daily_snapshot", "value": {"day": 0, "customers": 187770617832301563036694750828694437131552, "mrr": 6.981589165522696e-58, "total_revenue": 2.640852054669741, "conversion_rate": 2.5038289381412215e+34, "churn_rate": 0.05, "average_price": 3.71814783703698e-99, "daily_visitors": 0, "new_customers": 25387598066542913206831668175121497980928, "churned_customers": 12362686673661422970708207999213851639808}, "generation": 0, "timestamp": "2025-11-14T02:26:29.850382"}