{"key": "daily_snapshot", "value": {"day": 0, "customers": 11548237465419641650631807745579903413780831339907986325516148233956441798653986916847871700299098373357274397707580767876748778, "mrr": 1.1411174803361271e-196, "total_revenue": 5.620306961549841, "conversion_rate": 1.5764388384430512e+120, "churn_rate": 0.05, "average_price": 1e-323, "daily_visitors": 0, "new_customers": 1429265010865395945401682387916788737286076998645318554842271324979593881300000327410996253709742879860888116305317177549914112, "churned_customers": 343386471749137820202614030387590871235080205126192446815028965079416817803520956598550203527590559030930646884914273529626624}, "generation": 0, "timestamp": "2025-11-15T03:40:21.353827"}