{"key": "daily_snapshot", "value": {"day": 0, "customers": 8835967836868067717009508996832375652068900375309405782131121560405, "mrr": 8.61373368439771e-102, "total_revenue": 7.593310615949716, "conversion_rate": 1.2509392706584342e+60, "churn_rate": 0.05, "average_price": 9.748489179031315e-169, "daily_visitors": 0, "new_customers": 1248105944662259689136653677250434107064359544822065078134372302848, "churned_customers": 398733617543871546587649017364190939587519205923057584181673459712}, "generation": 0, "timestamp": "2025-11-14T18:58:43.794514"}