{"key": "daily_snapshot", "value": {"day": 0, "customers": 14907377908259419227430160042305145531993244886621888533755503113607237653, "mrr": 7.088535518645064e-111, "total_revenue": 6.513341788556554, "conversion_rate": 2.0886206853430017e+66, "churn_rate": 0.05, "average_price": 4.755051869126942e-184, "daily_visitors": 0, "new_customers": 1952440430095268335255915517501137413499872987025633730615534861561102336, "churned_customers": 970942913766247359162320593801824594388247416184508816055474365399040000}, "generation": 0, "timestamp": "2025-11-15T00:54:02.042157"}