{"key": "daily_snapshot", "value": {"day": 0, "customers": 1924720981504156073827386878290102855742357737843138020293529761010300189444082550171785835130741816103823801326, "mrr": 5.5994939849480106e-179, "total_revenue": 4.058738603221899, "conversion_rate": 3.151701090117601e+104, "churn_rate": 0.05, "average_price": 2.909249724379294e-290, "daily_visitors": 0, "new_customers": 239046042389382156839465157714840415461195676018864963699116573490478114069208882690901083213351486779425816576, "churned_customers": 124914266744967737820313621140376396058339466457755472497649355999881175944102948101863974392612114651880095744}, "generation": 0, "timestamp": "2025-11-14T15:45:45.461676"}