{"key": "daily_snapshot", "value": {"day": 0, "customers": 31711616608387561791216085, "mrr": 1.2577398219403149e-30, "total_revenue": 5.250998821828405, "conversion_rate": 4.3858828618194985e+18, "churn_rate": 0.05, "average_price": 3.9661800830666233e-56, "daily_visitors": 0, "new_customers": 4129942624557707804278784, "churned_customers": 1796564694501739070488576}, "generation": 0, "timestamp": "2025-11-14T21:54:33.613937"}