{"key": "daily_snapshot", "value": {"day": 0, "customers": 9986934694258005867560117015280276655478509015473671203388464512062635642875864993444815871679184785031958, "mrr": 1.8177967898518379e-168, "total_revenue": 8.73321624443256, "conversion_rate": 1.217710288559886e+99, "churn_rate": 0.05, "average_price": 1.820174904014323e-274, "daily_visitors": 0, "new_customers": 1122492223256250405184148771647298015486806512601764793134445704451837582551741488901212884295208849637376, "churned_customers": 660859880540499413915190854868995610748595286367093054641604412692587565666428135153657471732669520805888}, "generation": 0, "timestamp": "2025-11-14T16:44:41.907422"}