{"key": "daily_snapshot", "value": {"day": 0, "customers": 92891809689857131770035260689214060462567298351425182165, "mrr": 8.570548701645079e-84, "total_revenue": 5.250998821828405, "conversion_rate": 1.2595708714985069e+49, "churn_rate": 0.05, "average_price": 9.226377148060771e-140, "daily_visitors": 0, "new_customers": 10897348326123607315887597829813650008609284450070560768, "churned_customers": 3675520922731931684707637135399419246632952861932126208}, "generation": 0, "timestamp": "2025-11-14T22:09:00.659962"}