{"key": "daily_snapshot", "value": {"day": 0, "customers": 403268724632958158752613326984439659360368747831928970927313431765, "mrr": 3.476585562970074e-95, "total_revenue": 5.438023679800494, "conversion_rate": 5.339541813722674e+58, "churn_rate": 0.05, "average_price": 8.621014600461138e-161, "daily_visitors": 0, "new_customers": 60343445121252369175699021745062552912921554198482887227696218112, "churned_customers": 23468197449636837724064772510651452107682184843436037470412603392}, "generation": 0, "timestamp": "2025-11-14T19:58:28.970073"}