{"key": "daily_snapshot", "value": {"day": 0, "customers": 26483874904210387337230085543298964829001331003710235682230474649082526801513553808331208439009191956310173264182254, "mrr": 5.52218604024543e-186, "total_revenue": 4.058738603221899, "conversion_rate": 3.7167826769675974e+108, "churn_rate": 0.05, "average_price": 2.0851125676354546e-301, "daily_visitors": 0, "new_customers": 3117134538331573470199594211832748234534476103811738989543725902231007862255476610100110584232848474805111823007744, "churned_customers": 689445156381482686337577338484236778215050792265399080849148244789373092625927715845397106928033038562229483470848}, "generation": 0, "timestamp": "2025-11-14T15:47:41.335734"}