{"key": "daily_snapshot", "value": {"day": 0, "customers": 85247551290102650159195326114774616907686745343152347390980302493183729457925432570927415510579023093019989918788930623, "mrr": 8.313055947459836e-188, "total_revenue": 2.4762944740981485, "conversion_rate": 1.138757919076134e+112, "churn_rate": 0.05, "average_price": 9.751665381179099e-307, "daily_visitors": 0, "new_customers": 11122220432505566761072403411717315998553126154841763588323601133805067095334527316556723692493619727740781190585516032, "churned_customers": 5738544766651393635582984405279249449529343273479325469084308495580272075116201534009548152222911773931316576532824064}, "generation": 0, "timestamp": "2025-11-13T16:38:13.184420"}