{"key": "daily_snapshot", "value": {"day": 0, "customers": 960352329798865331727113353322711503705, "mrr": 1.7359937033042426e-53, "total_revenue": 4.2636659399133805, "conversion_rate": 1.3045169761301613e+32, "churn_rate": 0.05, "average_price": 1.80766334337714e-92, "daily_visitors": 0, "new_customers": 100537857522240731378411758677397602304, "churned_customers": 53665517453272391676348631790221524992}, "generation": 0, "timestamp": "2025-11-15T15:10:29.623249"}