{"key": "daily_snapshot", "value": {"day": 0, "customers": 336230750060882830964409680661, "mrr": 1.8667596361985722e-37, "total_revenue": 2.963987135955569, "conversion_rate": 4.209541667835434e+22, "churn_rate": 0.05, "average_price": 5.552019367236785e-67, "daily_visitors": 0, "new_customers": 35322264427729595311524413440, "churned_customers": 7864546556545586611447922688}, "generation": 0, "timestamp": "2025-11-14T00:23:10.462183"}