{"key": "daily_snapshot", "value": {"day": 0, "customers": 848379346317723853846622715638572614875079171352744669965405659546828271864826433897339867536691849366669042208702497518247005247, "mrr": 8.383101793136816e-195, "total_revenue": 2.4762944740981485, "conversion_rate": 1.0853209373376229e+122, "churn_rate": 0.05, "average_price": 1e-323, "daily_visitors": 0, "new_customers": 113655588816298671377169709504583459543130114217200810586665152696633849302418725022596626078523088050508917530904736459500027904, "churned_customers": 45712787174045222379419262313035501078165963285321685706903354581602316756880261066738319878614741664370376254537571357777985536}, "generation": 0, "timestamp": "2025-11-13T16:42:51.529302"}