{"key": "daily_snapshot", "value": {"day": 0, "customers": 17725967609563235867115140526870510139680601471326830481807840858921138133158695256492855041539, "mrr": 2.8716234838171795e-147, "total_revenue": 11.37579680016544, "conversion_rate": 2.862189318922163e+87, "churn_rate": 0.05, "average_price": 1.620009438733221e-241, "daily_visitors": 0, "new_customers": 2561775774472372841113002724576461248694110531017436035046569566262176810937337942759874494464, "churned_customers": 764379742328755236017141926623961141256471882996968105032445985882104853874217721739545149440}, "generation": 0, "timestamp": "2025-11-14T06:12:39.233888"}