{"key": "daily_snapshot", "value": {"day": 0, "customers": 1003290698289110, "mrr": 1.0703930970505592e-10, "total_revenue": 7.574353924972781, "conversion_rate": 152177742.3810528, "churn_rate": 0.05, "average_price": 1.066882309260793e-25, "daily_visitors": 0, "new_customers": 132463590843962, "churned_customers": 62784891542626}, "generation": 0, "timestamp": "2025-11-14T09:49:06.746846"}