{"key": "daily_snapshot", "value": {"day": 0, "customers": 1240904105530752223489100660924710457195320, "mrr": 1.8898390695729053e-57, "total_revenue": 8.385937104373125, "conversion_rate": 1.6124008086438355e+35, "churn_rate": 0.05, "average_price": 1.5229533540503474e-99, "daily_visitors": 0, "new_customers": 136730120228547188827388019738334654889984, "churned_customers": 41025765561055229691420901714134587932672}, "generation": 0, "timestamp": "2025-11-13T12:53:36.828328"}