{"key": "daily_snapshot", "value": {"day": 0, "customers": 64555713043396515523839154764977361887775254798998258, "mrr": 1.5116371299257866e-74, "total_revenue": 10.298721371422412, "conversion_rate": 9.927151495637985e+45, "churn_rate": 0.05, "average_price": 2.341600857091631e-127, "daily_visitors": 0, "new_customers": 8969606637184256626456706019072857697754052942626816, "churned_customers": 3621776001881404799599390328862372749860726800121856}, "generation": 0, "timestamp": "2025-11-14T03:32:27.514477"}