{"key": "daily_snapshot", "value": {"day": 0, "customers": 32297848420635455602314270728068636990265747842673792790602032626226324746740098613900533503230735756011452053105397714462875, "mrr": 3.191451467844788e-199, "total_revenue": 13.18914372001125, "conversion_rate": 5.156027972679736e+117, "churn_rate": 0.05, "average_price": 1e-323, "daily_visitors": 0, "new_customers": 4390639102844942081568947194268762013397953512140447125085504510870477760481050339942409930978898311825319228080867002810368, "churned_customers": 1505527771184839337240030177086338883285896356191998813431864583470917392616335507803790086095314186408282628710891375296512}, "generation": 0, "timestamp": "2025-11-13T18:43:46.207322"}