{"key": "daily_snapshot", "value": {"day": 0, "customers": 103750417599372032684160299445369672146842742640223272241036573628938926181053964747529293130227998964816620320032, "mrr": 2.5927504135059196e-178, "total_revenue": 2.640852054669741, "conversion_rate": 1.5064749147705925e+106, "churn_rate": 0.05, "average_price": 2.499026484421218e-291, "daily_visitors": 0, "new_customers": 13749015347747809005476773588483087876569916928611883379182417705766471606064235996971959700656580855316590100480, "churned_customers": 2315242467761139536228513628660751608818556341721891959387841573881570894544517328005378941270119180248102731776}, "generation": 0, "timestamp": "2025-11-14T02:59:41.559369"}