{"key": "daily_snapshot", "value": {"day": 0, "customers": 1484136400368098807, "mrr": 3.0039255164990995e-16, "total_revenue": 3.180859164035811, "conversion_rate": 223918947819.16354, "churn_rate": 0.05, "average_price": 2.0240225330731455e-34, "daily_visitors": 0, "new_customers": 214263530480258080, "churned_customers": 82415843289798416}, "generation": 0, "timestamp": "2025-11-14T08:40:13.175768"}