{"key": "daily_snapshot", "value": {"day": 0, "customers": 18405011837752, "mrr": 1.8465588290440245e-08, "total_revenue": 8.385937100462176, "conversion_rate": 2336103.223528686, "churn_rate": 0.05, "average_price": 1.0032913020226366e-21, "daily_visitors": 0, "new_customers": 1768731965038, "churned_customers": 1125819644398}, "generation": 0, "timestamp": "2025-11-13T12:40:09.411458"}