{"key": "daily_snapshot", "value": {"day": 0, "customers": 2041605758411969019748922161693152755380467645772332609539492546420249387780214770501187739259401437217482656593976768669851, "mrr": 5.78986491592652e-198, "total_revenue": 13.18914372001125, "conversion_rate": 2.720532510561849e+116, "churn_rate": 0.05, "average_price": 2.836e-321, "daily_visitors": 0, "new_customers": 208182427313595551571658732728997865783690906752893910494605812758318166558378999260800505959155528862170374781951256035328, "churned_customers": 97696668163932684002639706162708101484869108824368750347655951407706985185171154763318326644048091004490320551351074947072}, "generation": 0, "timestamp": "2025-11-13T18:43:12.009285"}