{"key": "daily_snapshot", "value": {"day": 0, "customers": 405161219784364974011422296435872670301324141962208701360409137399777745629140587802607143822970859239936030481672269236481, "mrr": 5.150926192787126e-194, "total_revenue": 6.966800923949336, "conversion_rate": 5.521181061047782e+115, "churn_rate": 0.05, "average_price": 1.27132755e-316, "daily_visitors": 0, "new_customers": 57298239573874115460866863527034149239893365659311826931381342214142882183444669356932174570368885929890685706808533712896, "churned_customers": 22399463574893272191481165875697613583844757407813198641562949442262293508350672503137073737338303642629027362881419608064}, "generation": 0, "timestamp": "2025-11-14T05:06:18.170180"}