{"key": "daily_snapshot", "value": {"day": 0, "customers": 113386232059006940277690250802724077079034436751137048497392530, "mrr": 3.540786320430795e-91, "total_revenue": 5.414632391501176, "conversion_rate": 1.3963068209101135e+55, "churn_rate": 0.05, "average_price": 3.1227656622262095e-153, "daily_visitors": 0, "new_customers": 14195427564516601652382704029084543459750151792496195460399104, "churned_customers": 6869852334589761376488605230781118302051274339755086057570304}, "generation": 0, "timestamp": "2025-11-13T22:21:42.877445"}