{"key": "daily_snapshot", "value": {"day": 0, "customers": 2534599079109613966438669007911871523895657437076406521882734156878678196085545655376546318659867504, "mrr": 1.4032834806948833e-152, "total_revenue": 7.626819946521412, "conversion_rate": 2.790118968269397e+92, "churn_rate": 0.05, "average_price": 5.536510654725901e-252, "daily_visitors": 0, "new_customers": 221617413633438853675812454012237866958311937763024332806961830681715016296474027322452554169712640, "churned_customers": 69906686600393013053231772922396585585198491136398832281759289374516800648020267439822249708748800}, "generation": 0, "timestamp": "2025-11-15T02:06:55.760222"}