{"key": "daily_snapshot", "value": {"day": 0, "customers": 162164117244922965800305268214580412483032860292393503615984920597793187952609182839431305970, "mrr": 6.0902244124408574e-142, "total_revenue": 10.298721371422412, "conversion_rate": 2.143283081248025e+85, "churn_rate": 0.05, "average_price": 3.7555931089505747e-234, "daily_visitors": 0, "new_customers": 20302945784933280478463584682877601919523352686070824873970231251843820930041244332224151552, "churned_customers": 6576498339582414697377820435917865500064624430213657199282110597410467248503316601722896384}, "generation": 0, "timestamp": "2025-11-14T03:50:54.193499"}