{"key": "daily_snapshot", "value": {"day": 0, "customers": 903160519671064149346599787121018057300206892700703963134016112569532189158613, "mrr": 9.393312537694875e-117, "total_revenue": 5.438023679800494, "conversion_rate": 1.0900119067677044e+71, "churn_rate": 0.05, "average_price": 1.0400490647128784e-194, "daily_visitors": 0, "new_customers": 103319150961082271815335340395779331246537083601774299517849293456529019633664, "churned_customers": 53172369764047309879116159721527160062381693104909458466335062760428167757824}, "generation": 0, "timestamp": "2025-11-14T20:04:21.029941"}