{"key": "daily_snapshot", "value": {"day": 0, "customers": 50629110170022067925238750187731431938247347467596043790038986955663903260367868229748070006396464644425152952172543819, "mrr": 1.7203566344778178e-192, "total_revenue": 5.241512577835226, "conversion_rate": 6.784622194452134e+111, "churn_rate": 0.05, "average_price": 3.3979594519843e-311, "daily_visitors": 0, "new_customers": 6208598918561452451471647983136055326259009412739793299246920358017418654361062608460963289742054343389918590754881536, "churned_customers": 1921097234525346878729974330361867653204217886847607254161547406786667668122898301968167837568190825897407504223043584}, "generation": 0, "timestamp": "2025-11-13T20:46:47.620795"}