{"key": "daily_snapshot", "value": {"day": 0, "customers": 8446588734296538815569194541431452192125912531892149279299703, "mrr": 1.4642019409376562e-90, "total_revenue": 8.055065502431749, "conversion_rate": 1.0767595921764635e+54, "churn_rate": 0.05, "average_price": 1.733483169356179e-151, "daily_visitors": 0, "new_customers": 1058937508132848078478315675421967431781758864823046375473152, "churned_customers": 228996529794791467023514317773662294399981430520845164347392}, "generation": 0, "timestamp": "2025-11-13T17:12:33.751559"}