{"key": "daily_snapshot", "value": {"day": 0, "customers": 746520378883782247062175, "mrr": 4.7168811071528757e-26, "total_revenue": 3.5615064647863135, "conversion_rate": 9.734558353361187e+16, "churn_rate": 0.05, "average_price": 6.318489408428053e-50, "daily_visitors": 0, "new_customers": 81625906765640243347456, "churned_customers": 37295395252380178055168}, "generation": 0, "timestamp": "2025-11-13T11:43:56.107197"}