{"key": "daily_snapshot", "value": {"day": 0, "customers": 5187652513517421411458305457170841659533980272728533870305263975124428773603241221, "mrr": 1.1574506103576256e-129, "total_revenue": 1.5620171583249602, "conversion_rate": 6.771251751125858e+74, "churn_rate": 0.05, "average_price": 2.2311644955818966e-211, "daily_visitors": 0, "new_customers": 739275399471313073912876969961436570413071435079294193856974515497569111481778176, "churned_customers": 137718007604098772118011496362862477021533761618150213337535526699195276814450688}, "generation": 0, "timestamp": "2025-11-13T21:30:37.953190"}