{"key": "daily_snapshot", "value": {"day": 0, "customers": 39432111649587369913530006631493634091153129864292423416370450447909446051799990701578577906027583, "mrr": 3.207869809148899e-150, "total_revenue": 2.4762944740981485, "conversion_rate": 5.817412774579591e+90, "churn_rate": 0.05, "average_price": 8.135171247372108e-248, "daily_visitors": 0, "new_customers": 5067116284089264896099530342593931658935570118440184203678959453274997143752694220355802327154688, "churned_customers": 1817794155638947219684178551355676778785251379302030202238734756334351282218462545032292125900800}, "generation": 0, "timestamp": "2025-11-13T16:28:02.528269"}