{"key": "daily_snapshot", "value": {"day": 0, "customers": 6809037744544932555269526657860456424029, "mrr": 1.1352539449601417e-54, "total_revenue": 7.058512489256422, "conversion_rate": 9.729333301159939e+32, "churn_rate": 0.05, "average_price": 1.667275153335215e-94, "daily_visitors": 0, "new_customers": 973285585995205555411657759014525075456, "churned_customers": 259729170690235150708416293450421370880}, "generation": 0, "timestamp": "2025-11-15T07:44:35.911056"}