{"key": "daily_snapshot", "value": {"day": 0, "customers": 1281124598547598148040748789692780035262620321766035312109550700641527769037020800597290267329385619257897886548, "mrr": 6.845622465955763e-175, "total_revenue": 7.997332640408474, "conversion_rate": 1.990721904016896e+104, "churn_rate": 0.05, "average_price": 5.343447837717421e-286, "daily_visitors": 0, "new_customers": 174866908757992897298599287877817041425813815172559683371522716880335685017222542410037338403430633470966104064, "churned_customers": 87997266107916081341066654325851982831542724163951856574643126016797832796731974571107353264249555235624714240}, "generation": 0, "timestamp": "2025-11-15T16:45:21.204048"}