{"key": "daily_snapshot", "value": {"day": 0, "customers": 709664923703935017536549845818359820687543133247020383218107471544972116620996549671113956075260084204919447536843443054104752999404, "mrr": 7.012421177213272e-192, "total_revenue": 3.8452002827692775, "conversion_rate": 1.0785470456483397e+125, "churn_rate": 0.05, "average_price": 1e-323, "daily_visitors": 0, "new_customers": 95586201078939851951271453733342832510616954848545721804385801985337231539845126675650146211146589986221128067677120497522764152832, "churned_customers": 29974866366790346075838752491876264977259278743309607186469302761605111225946258169478681814362627414275188355107737873063736246272}, "generation": 0, "timestamp": "2025-11-13T14:39:38.866122"}