{"key": "daily_snapshot", "value": {"day": 0, "customers": 2731997203966851055571654318523173796482998799062209256030801903616894786170605167730996948682436198747217948860, "mrr": 8.617306209580038e-177, "total_revenue": 7.827191553977371, "conversion_rate": 3.749405981318329e+104, "churn_rate": 0.05, "average_price": 3.1542148714748825e-288, "daily_visitors": 0, "new_customers": 305472252310067882248667173710920245539264603306227787199282297024799305631423592888176068504833474833175019520, "churned_customers": 150398077736635681252657001280545847483839171161374005872673749261939256761185922527316910324476451485143531520}, "generation": 0, "timestamp": "2025-11-15T05:49:20.834318"}