{"key": "daily_snapshot", "value": {"day": 0, "customers": 131128608919251012750684029574634285759330548270239987455215975431172, "mrr": 2.680801617742656e-101, "total_revenue": 4.445436838349596, "conversion_rate": 1.7553874210315528e+61, "churn_rate": 0.05, "average_price": 2.044406357878389e-169, "daily_visitors": 0, "new_customers": 18296320072958885688399967020513161954762747324792753277376927891456, "churned_customers": 7727613467517590683557739811047070334142542104436780926988661555200}, "generation": 0, "timestamp": "2025-11-15T18:27:38.912011"}