{"key": "daily_snapshot", "value": {"day": 0, "customers": 87113818385994064902139436140081249262, "mrr": 1.987581829499369e-51, "total_revenue": 4.058738603221899, "conversion_rate": 1.2887529069053205e+31, "churn_rate": 0.05, "average_price": 2.2815919062261277e-89, "daily_visitors": 0, "new_customers": 11079512374242233869703919636431503360, "churned_customers": 3747293283669958646100081280852951040}, "generation": 0, "timestamp": "2025-11-14T15:09:21.904027"}