{"key": "daily_snapshot", "value": {"day": 0, "customers": 104829296765388336513095840619229485201504837826154276469592586241858947807000824551463394890809171650726728439726507046108164, "mrr": 1.1337390116454139e-195, "total_revenue": 4.445436838349596, "conversion_rate": 1.413312085941997e+118, "churn_rate": 0.05, "average_price": 1.0815e-320, "daily_visitors": 0, "new_customers": 15158091223949658164005262909334540012056649404290124879470881923284449140508591336436965192565441836804138518962873684721664, "churned_customers": 6730274796575186443096048999593398140255262170351839899212456742646780628474504054742392640527741538955364993710016998408192}, "generation": 0, "timestamp": "2025-11-15T18:53:49.085008"}