{"key": "daily_snapshot", "value": {"day": 0, "customers": 67450156517526006347124682032020937057721318005614248637007442906590777882851765509, "mrr": 1.4904044855147744e-131, "total_revenue": 1.5620171583249602, "conversion_rate": 8.660509579242073e+75, "churn_rate": 0.05, "average_price": 2.2096382906502417e-214, "daily_visitors": 0, "new_customers": 9700583528626766991191617015236088906008225509992494945003932384935055962610335744, "churned_customers": 1761507250569576658562631415294512885148090469257570391462227215237535050137337856}, "generation": 0, "timestamp": "2025-11-13T21:31:09.080231"}