{"key": "daily_snapshot", "value": {"day": 0, "customers": 124112711881179178764545, "mrr": 2.075772968693795e-24, "total_revenue": 6.966800923949336, "conversion_rate": 1.8242245141572804e+16, "churn_rate": 0.05, "average_price": 1.6724902205674643e-47, "daily_visitors": 0, "new_customers": 17194730661172167573504, "churned_customers": 8299016015753157541888}, "generation": 0, "timestamp": "2025-11-14T04:19:46.865209"}