{"key": "daily_snapshot", "value": {"day": 0, "customers": 32658109274431460638591721470569294542241594163790431598290, "mrr": 2.3642392429063916e-87, "total_revenue": 7.180499208388138, "conversion_rate": 4.818445953187257e+51, "churn_rate": 0.05, "average_price": 7.239363500928055e-146, "daily_visitors": 0, "new_customers": 4038717738762091678623711743414688431658571075775216222208, "churned_customers": 1555388964679705514119614253886390340128084577342831198208}, "generation": 0, "timestamp": "2025-11-15T19:24:51.295271"}