{"key": "daily_snapshot", "value": {"day": 0, "customers": 9659468029209581198165854090420906380003585, "mrr": 3.556882018311035e-59, "total_revenue": 6.966800923949336, "conversion_rate": 1.4124592927404746e+36, "churn_rate": 0.05, "average_price": 3.682275263560336e-102, "daily_visitors": 0, "new_customers": 1057925306462754138607978644788803111223296, "churned_customers": 256235016347133533503209508181434251083776}, "generation": 0, "timestamp": "2025-11-14T04:29:13.429484"}