{"key": "daily_snapshot", "value": {"day": 0, "customers": 9730310948901296190599831815784262186627854576628372958469, "mrr": 2.0020609649735832e-86, "total_revenue": 1.5620171583249602, "conversion_rate": 1.1910852462693822e+51, "churn_rate": 0.05, "average_price": 2.0575508588444928e-144, "daily_visitors": 0, "new_customers": 1079005667196168716282743964404147778877152151400068677632, "churned_customers": 312282522910289479531661032099765081220069892169782001664}, "generation": 0, "timestamp": "2025-11-13T21:19:04.066510"}