{"key": "daily_snapshot", "value": {"day": 0, "customers": 4169655654289773943894416155847218610011997150835275824806521241524934634149045207710801766427770272825, "mrr": 5.878209266054752e-159, "total_revenue": 8.82569014329087, "conversion_rate": 5.395125955694773e+95, "churn_rate": 0.05, "average_price": 1.4097589233794894e-261, "daily_visitors": 0, "new_customers": 414672683965439966317563720306364024003998104882616666975948309271736473298588612764692865069604667392, "churned_customers": 128337624105182400638029650809047559778954702151909250357100473272451405397554309746162329959920566272}, "generation": 0, "timestamp": "2025-11-13T12:19:33.207120"}