{"key": "daily_snapshot", "value": {"day": 0, "customers": 10470766264884879025761638488614317139451968594617924767101037573547182, "mrr": 5.557445426863659e-103, "total_revenue": 14.069439877331755, "conversion_rate": 1.4661342104286888e+63, "churn_rate": 0.05, "average_price": 5.307582354790307e-173, "daily_visitors": 0, "new_customers": 1267475937384229367868778405405417777480629889569425177164270605959168, "churned_customers": 446550807585742602744876142669690273842286171347689722050108412919808}, "generation": 0, "timestamp": "2025-11-15T13:21:40.038684"}