{"key": "daily_snapshot", "value": {"day": 0, "customers": 209457634534253554088977684300007491085140, "mrr": 3.713581327411732e-57, "total_revenue": 7.997332640408474, "conversion_rate": 2.9495697239096255e+34, "churn_rate": 0.05, "average_price": 1.772951048391809e-98, "daily_visitors": 0, "new_customers": 26097558411672845097790798782492693233664, "churned_customers": 9965750624621911597363521598810432208896}, "generation": 0, "timestamp": "2025-11-15T16:12:40.516419"}