{"key": "daily_snapshot", "value": {"day": 0, "customers": 49, "mrr": 1.4809341290279228, "total_revenue": 1.960493854729049, "conversion_rate": 0.17871559554371694, "churn_rate": 0.05, "average_price": 0.030223145490365772, "daily_visitors": 55, "new_customers": 5, "churned_customers": 2}, "generation": 0, "timestamp": "2025-11-14T04:11:58.000313"}