{"key": "daily_snapshot", "value": {"day": 0, "customers": 25255829255916463799185986822036509693917087518979138246774049755384038324043742411555534225959887199195157, "mrr": 3.677602127335191e-168, "total_revenue": 6.513341788556554, "conversion_rate": 3.3878603258519063e+99, "churn_rate": 0.05, "average_price": 1.4561399232114585e-274, "daily_visitors": 0, "new_customers": 2699433430189879668448738931040780518519380182456401393142721700689258362251519374883538396348511445581824, "churned_customers": 1246367348967980913213402812589850792997125494463597165657663639677663115430909745421920241848871892811776}, "generation": 0, "timestamp": "2025-11-15T01:09:40.860735"}