{"key": "daily_snapshot", "value": {"day": 0, "customers": 121485627468301683496205285742964651118510734725781920058947750075634468672674200782278609934132030902631049574030066, "mrr": 2.5577895594953663e-182, "total_revenue": 10.298721371422412, "conversion_rate": 1.6105003839493112e+109, "churn_rate": 0.05, "average_price": 2.1054256481185404e-298, "daily_visitors": 0, "new_customers": 16497186847422417782413995815531790578209198394897495285107055255192656380723695321354625628322599705778409892216832, "churned_customers": 6458002847205238645677817229437528151263169562972782905980029997020027291921022239555257335841037486984519433060352}, "generation": 0, "timestamp": "2025-11-14T04:02:00.423906"}