{"key": "daily_snapshot", "value": {"day": 0, "customers": 41443261886973029263393430364718169188156307718951115085885748381049688905609300328304905569534260035, "mrr": 2.8130618226824427e-157, "total_revenue": 3.6902796439842023, "conversion_rate": 4.969918558769405e+93, "churn_rate": 0.05, "average_price": 6.787742312259161e-258, "daily_visitors": 0, "new_customers": 5230135660609285368996593897145391492034797664459584613766293778190866312995341859681888317101572096, "churned_customers": 2010943394616998346820969249367833499675333846605684163650204307415819594865153248613891030311239680}, "generation": 0, "timestamp": "2025-11-14T01:52:47.543328"}