{"key": "daily_snapshot", "value": {"day": 0, "customers": 54452348581347, "mrr": 4.031098191299785e-10, "total_revenue": 2.963987135864634, "conversion_rate": 8027093.22529356, "churn_rate": 0.05, "average_price": 7.402983151916175e-24, "daily_visitors": 0, "new_customers": 6564181219281, "churned_customers": 2408333660015}, "generation": 0, "timestamp": "2025-11-14T00:15:43.685977"}