{"key": "daily_snapshot", "value": {"day": 0, "customers": 54194769645090396990316768091376608086728185322, "mrr": 6.290453366403086e-68, "total_revenue": 5.620306961549841, "conversion_rate": 6.237966787542855e+39, "churn_rate": 0.05, "average_price": 1.1607122620130834e-114, "daily_visitors": 0, "new_customers": 5997850985198048476202359708625031341088440320, "churned_customers": 2885035583055041341048491099282215750380552192}, "generation": 0, "timestamp": "2025-11-15T03:03:01.538943"}