{"key": "daily_snapshot", "value": {"day": 0, "customers": 30546847758480055195560410560535275946743152422449881013933833855353622, "mrr": 1.2845254870371572e-105, "total_revenue": 8.73321624443256, "conversion_rate": 3.928942736805333e+63, "churn_rate": 0.05, "average_price": 4.20509997363169e-176, "daily_visitors": 0, "new_customers": 4245260704901395226172597347417779077141877642917889883641818973732864, "churned_customers": 1778185390799253302374529066835308046814018499632097685823209636626432}, "generation": 0, "timestamp": "2025-11-14T16:27:08.306518"}