{"key": "daily_snapshot", "value": {"day": 0, "customers": 33958559039910712043843625763396594215659912002648994417977326835831332270043120690451997742986058310039250, "mrr": 4.944841355274737e-168, "total_revenue": 7.180499208388138, "conversion_rate": 4.823850998749812e+99, "churn_rate": 0.05, "average_price": 1.4561399232114585e-274, "daily_visitors": 0, "new_customers": 4792617825427945975057939443068327935122409869740741369512670416172736985648773690539837857944737727643648, "churned_customers": 1449397709898313845969333033649581413213523872806686317582650752227418753132724239275715080270674892161024}, "generation": 0, "timestamp": "2025-11-15T19:47:15.749634"}