{"key": "daily_snapshot", "value": {"day": 0, "customers": 659636801335395113977746191224866225211769086919, "mrr": 8.221088424719012e-68, "total_revenue": 4.928703564447977, "conversion_rate": 1.0023354928605077e+41, "churn_rate": 0.05, "average_price": 1.2463053013530947e-115, "daily_visitors": 0, "new_customers": 76388316615027639419588170975103797945130024960, "churned_customers": 17893954197661047579509790775121232313836371968}, "generation": 0, "timestamp": "2025-11-15T06:20:38.976176"}