{"key": "daily_snapshot", "value": {"day": 0, "customers": 3520116769455510017040154855096356893385697424301935497754178142997, "mrr": 1.0574378521384295e-98, "total_revenue": 2.963987135955569, "conversion_rate": 5.272700458475042e+59, "churn_rate": 0.05, "average_price": 3.0039851555890107e-165, "daily_visitors": 0, "new_customers": 395766898104457215804912251267491397572917903034864174650741489664, "churned_customers": 131008095210162644287703923768039310114006851031892780468360183808}, "generation": 0, "timestamp": "2025-11-14T00:40:08.223811"}