{"key": "daily_snapshot", "value": {"day": 0, "customers": 25241978183921580591198837575875892732910507685230854727684764788475451602757214624324133037232067699655, "mrr": 9.823974458121079e-166, "total_revenue": 4.928703564447977, "conversion_rate": 3.5041821625752545e+96, "churn_rate": 0.05, "average_price": 3.8919193997159344e-269, "daily_visitors": 0, "new_customers": 2833808595813938902333344829069714207012462125382576672550104456739206265275086251204452125622843473920, "churned_customers": 997140681491015378246683775148265976832659456704386973795739943760176528355996939063213732974896873472}, "generation": 0, "timestamp": "2025-11-15T06:47:11.772203"}