{"key": "daily_snapshot", "value": {"day": 0, "customers": 407491814560225343204247801196489036690069948173813027340028227822077884939868644550414, "mrr": 2.6950655646684737e-133, "total_revenue": 5.934471667464104, "conversion_rate": 6.522109049040229e+79, "churn_rate": 0.05, "average_price": 6.61379067841412e-220, "daily_visitors": 0, "new_customers": 54956386451538909443109373059623067749713135503900377319692766196077735386832680517632, "churned_customers": 25860053898561475294101274970275158000621282841019654180460895628116081891670180757504}, "generation": 0, "timestamp": "2025-11-14T18:06:28.506869"}