{"key": "daily_snapshot", "value": {"day": 0, "customers": 248159612827202311982936489739778791202915517279637598638104043528688881770240717805715979425, "mrr": 4.771771043090861e-142, "total_revenue": 4.323965768575599, "conversion_rate": 3.4920175581093476e+85, "churn_rate": 0.05, "average_price": 1.9228636717826945e-234, "daily_visitors": 0, "new_customers": 37506630278350336731455422636012625303791616039604902805662883666799208135448934145419378688, "churned_customers": 7816432758606330504135906855996883861774577933263667067470283838735228308321095873489534976}, "generation": 0, "timestamp": "2025-11-14T14:33:17.996438"}