{"key": "daily_snapshot", "value": {"day": 0, "customers": 24193214504069243042505902, "mrr": 6.65819104790618e-29, "total_revenue": 14.069439877331755, "conversion_rate": 3.3934609083400074e+18, "churn_rate": 0.05, "average_price": 2.7520902800189234e-54, "daily_visitors": 0, "new_customers": 3043118421806168944934912, "churned_customers": 1095563815992937194455040}, "generation": 0, "timestamp": "2025-11-15T13:01:08.476286"}