{"key": "daily_snapshot", "value": {"day": 0, "customers": 2389618425933, "mrr": 1.663588282332652e-07, "total_revenue": 5.24151254085109, "conversion_rate": 357069.6091425666, "churn_rate": 0.05, "average_price": 6.961731899448015e-20, "daily_visitors": 0, "new_customers": 384378937771, "churned_customers": 160855336394}, "generation": 0, "timestamp": "2025-11-13T18:52:14.858437"}