{"key": "daily_snapshot", "value": {"day": 0, "customers": 147947186233091872910901948562533884996314902436511, "mrr": 1.9418255701973602e-72, "total_revenue": 3.5615064647863135, "conversion_rate": 1.7929307469165556e+43, "churn_rate": 0.05, "average_price": 1.3125126740416678e-122, "daily_visitors": 0, "new_customers": 16005444123318305492511230694023340863876210098176, "churned_customers": 6836097917342694782569727466593152188810205855744}, "generation": 0, "timestamp": "2025-11-13T11:56:29.989467"}