{"key": "daily_snapshot", "value": {"day": 0, "customers": 172454048781192229774419188512249882462719496426951433605737769322254594588313909175701926116508509060074736530, "mrr": 1.7998031524716332e-175, "total_revenue": 5.414632391501176, "conversion_rate": 2.3687911458182284e+103, "churn_rate": 0.05, "average_price": 1.0436421558041836e-285, "daily_visitors": 0, "new_customers": 27123406976965861344123775404888460879049718288382659749746608765742893777920882703579914756691877845524283392, "churned_customers": 10555937919629203464044423811604439686421010952328930921585202338696437656183407899266211655724893045937668096}, "generation": 0, "timestamp": "2025-11-13T22:52:10.863634"}