{"key": "daily_snapshot", "value": {"day": 0, "customers": 681309786012377157, "mrr": 6.064846144586269e-18, "total_revenue": 1.5620171583249602, "conversion_rate": 85555389623.3916, "churn_rate": 0.05, "average_price": 8.901745239978235e-36, "daily_visitors": 0, "new_customers": 75573776746077584, "churned_customers": 38056383147957888}, "generation": 0, "timestamp": "2025-11-13T21:00:18.671176"}