{"key": "daily_snapshot", "value": {"day": 0, "customers": 2902401181041098926190869218573337145772145775691790403254504554636975165545752157687653026169267189024, "mrr": 6.864709922554932e-160, "total_revenue": 2.640852054669741, "conversion_rate": 3.717825272050137e+95, "churn_rate": 0.05, "average_price": 2.3651829965465156e-262, "daily_visitors": 0, "new_customers": 398878556317362498344641195413818570609334268636858475132133213335534892407077824700177221536649838592, "churned_customers": 126269388126951629308109791479092101024412565887451407830955349488854353987331795635978290975691767808}, "generation": 0, "timestamp": "2025-11-14T02:54:41.240548"}