{"key": "daily_snapshot", "value": {"day": 0, "customers": 1936698205318626899568976628921163011469808847093223257306012777062131941009798760256345, "mrr": 3.5706047995772963e-137, "total_revenue": 4.2636659399133805, "conversion_rate": 2.816854967088224e+80, "churn_rate": 0.05, "average_price": 1.8436557589466336e-224, "daily_visitors": 0, "new_customers": 230681681617482817653470945701502855765006573303276238657322211643428765808698599669760, "churned_customers": 74003784447922910498090324239232618853699791578606721102669713636555254713481422700544}, "generation": 0, "timestamp": "2025-11-15T15:33:18.377922"}