{"key": "daily_snapshot", "value": {"day": 0, "customers": 346376108348542261550380121263119216483016945880730061901175897906922982893849508740268258125021487979741100354286275208387413, "mrr": 3.422650713504002e-198, "total_revenue": 7.593310615949716, "conversion_rate": 4.654544918784855e+118, "churn_rate": 0.05, "average_price": 1e-323, "daily_visitors": 0, "new_customers": 45199331811779641610307109745804556280705689533497185731009829321332206662744385940810011325219992967045263268050223188934656, "churned_customers": 11626124136395492334780857208186654783398845443995933369038871854480659828057908394160058841359540360460731859103236248043520}, "generation": 0, "timestamp": "2025-11-14T19:25:46.468603"}