{"key": "daily_snapshot", "value": {"day": 0, "customers": 117886567358947973, "mrr": 2.4092954940177676e-14, "total_revenue": 7.058512489256419, "conversion_rate": 16297389854.140701, "churn_rate": 0.05, "average_price": 2.0437404769635905e-31, "daily_visitors": 0, "new_customers": 15085207185918946, "churned_customers": 7669028629722754}, "generation": 0, "timestamp": "2025-11-15T07:07:16.044654"}