{"key": "daily_snapshot", "value": {"day": 0, "customers": 2931614337413449812316743168605966109396811192157172822234505987787805775733787358927795832477518577318940395512986144616218901304, "mrr": 2.8968198619432684e-194, "total_revenue": 8.385937104373125, "conversion_rate": 4.1119553598324216e+122, "churn_rate": 0.05, "average_price": 1e-323, "daily_visitors": 0, "new_customers": 382691308597718127001312456704783507815520099692624909544344625297089718537520477532470757117928625164032805170861886062941175808, "churned_customers": 172903825231842552406308832822969950946422751329952487586446127452884742065172819694696227772845442802839135815573103839071436800}, "generation": 0, "timestamp": "2025-11-13T13:35:05.108375"}