{"key": "daily_snapshot", "value": {"day": 0, "customers": 54958134573353327163691425502540807824903363454892979501598999236629, "mrr": 4.6021328789053304e-102, "total_revenue": 6.513341788556554, "conversion_rate": 7.217425125305233e+60, "churn_rate": 0.05, "average_price": 8.373888441869884e-170, "daily_visitors": 0, "new_customers": 7310890106167019753414611779532865773279774708219821082715908734976, "churned_customers": 2198682413861727489733349412779344850093997683376074556493575225344}, "generation": 0, "timestamp": "2025-11-15T00:51:34.294672"}