{"key": "daily_snapshot", "value": {"day": 0, "customers": 1727763714027117173969641176356165459358869789799264636721192055, "mrr": 8.964647902095433e-94, "total_revenue": 3.0646080228541357, "conversion_rate": 2.2494855535870576e+56, "churn_rate": 0.05, "average_price": 5.188584428133634e-157, "daily_visitors": 0, "new_customers": 232439191455300262616722154105890913920154006973309080358092800, "churned_customers": 51782123082289919968254914413940391242795070276723266851700736}, "generation": 0, "timestamp": "2025-11-14T21:10:50.551723"}