{"key": "daily_snapshot", "value": {"day": 0, "customers": 4205097388392825093656048501590578032, "mrr": 2.753433704450547e-48, "total_revenue": 7.626819946521412, "conversion_rate": 5.166555285372804e+29, "churn_rate": 0.05, "average_price": 6.547847648072904e-85, "daily_visitors": 0, "new_customers": 501557934811486172467659009379270656, "churned_customers": 149228014567471681148194323997655040}, "generation": 0, "timestamp": "2025-11-15T01:38:02.633781"}