{"key": "daily_snapshot", "value": {"day": 0, "customers": 5663604992671496749654397658106335650712173278803605357246764912424658, "mrr": 2.381602520534322e-106, "total_revenue": 7.180499208388138, "conversion_rate": 8.124202516438086e+62, "churn_rate": 0.05, "average_price": 4.20509997363169e-176, "daily_visitors": 0, "new_customers": 622967028923385065288503545080938558392791207268786218941141812772864, "churned_customers": 181406023480448393997028915532875473695695651339604444896881360764928}, "generation": 0, "timestamp": "2025-11-15T19:30:07.511114"}