{"key": "daily_snapshot", "value": {"day": 0, "customers": 15014870331915659452387467614591138437827985599396748551873417362311241200324771713891225487476806156526766, "mrr": 1.2255056914861641e-163, "total_revenue": 14.069439877331755, "conversion_rate": 1.906444251044089e+99, "churn_rate": 0.05, "average_price": 8.161946552953075e-270, "daily_visitors": 0, "new_customers": 1790566430524217382883139856451565842836762322143608191343710323576211923588510181663378368442658180825088, "churned_customers": 829664112371909324320890319169665966585634730130553431118124433176361021157104383229717153085582292811776}, "generation": 0, "timestamp": "2025-11-15T13:38:25.268179"}