{"key": "daily_snapshot", "value": {"day": 0, "customers": 17402260373872858196917629218747425001925261004710441148, "mrr": 1.509897266940389e-80, "total_revenue": 7.827191553977371, "conversion_rate": 2.47290108983092e+48, "churn_rate": 0.05, "average_price": 8.676443372881007e-136, "daily_visitors": 0, "new_customers": 1951519121852202015721143794188535202863321532619292672, "churned_customers": 1157590930866703900542276592336006299392797588957691904}, "generation": 0, "timestamp": "2025-11-15T05:08:59.772031"}