{"key": "daily_snapshot", "value": {"day": 0, "customers": 6174385195236394874391400479397425059676960576350494519828914868887558627377070596818460693233268459414356, "mrr": 7.262685185673075e-166, "total_revenue": 7.997332640408474, "conversion_rate": 8.593835093388018e+98, "churn_rate": 0.05, "average_price": 1.176260462543917e-271, "daily_visitors": 0, "new_customers": 712695436097548744552898588030841138175054311880145866548193362782742071376690755202318095682273252737024, "churned_customers": 141769508064980600731897061729175540729960005320272262130703841006540054288236542940028092339355167752192}, "generation": 0, "timestamp": "2025-11-15T16:42:50.025953"}