{"key": "daily_snapshot", "value": {"day": 0, "customers": 15928231443709568659081845108695301204637943191168519957720242675892839578415969150769424704856749680650209222, "mrr": 2.44258524949124e-172, "total_revenue": 3.6346456800791516, "conversion_rate": 2.0927115375534125e+102, "churn_rate": 0.05, "average_price": 1.5334943230347612e-281, "daily_visitors": 0, "new_customers": 2168489031368781281752308914996891360938228810255077866713098385869658081872149227703647906210246508303876096, "churned_customers": 773835348422320288630022420656504437791776254298084395322144272449730126707647196293926558186030277372936192}, "generation": 0, "timestamp": "2025-11-13T15:30:35.806900"}