{"key": "daily_snapshot", "value": {"day": 0, "customers": 30344363070289353704290992841, "mrr": 1.9803846197161756e-34, "total_revenue": 3.6905216285399813, "conversion_rate": 4.3331119160370345e+21, "churn_rate": 0.05, "average_price": 6.526367401842755e-63, "daily_visitors": 0, "new_customers": 3472522937556107283746783232, "churned_customers": 1521614381796171704239652864}, "generation": 0, "timestamp": "2025-11-15T03:55:13.832108"}