{"key": "daily_snapshot", "value": {"day": 0, "customers": 11452169954901330450020802862269672654060086346247291386708716805, "mrr": 1.3251225606354737e-97, "total_revenue": 1.5620171583249602, "conversion_rate": 1.6222207021053363e+57, "churn_rate": 0.05, "average_price": 1.1570929927287224e-161, "daily_visitors": 0, "new_customers": 1410498594035591328631700027623047995572582650914011146977542144, "churned_customers": 758466355632783780721508994513837037929580184072219648600309760}, "generation": 0, "timestamp": "2025-11-13T21:22:02.870699"}