{"key": "daily_snapshot", "value": {"day": 0, "customers": 68183641596183907903617255273914217688789311831834919014982849471028005557933225902216065394742762, "mrr": 9.216295365607524e-154, "total_revenue": 5.620306961549841, "conversion_rate": 1.0118083596167302e+91, "churn_rate": 0.05, "average_price": 1.3516871715639401e-251, "daily_visitors": 0, "new_customers": 7826885722643854465388339711208024015397932744290898049916762780735132164660488728736646423379968, "churned_customers": 2426577861015970106542869774667409727978816857936697890421188583878569248845820583778461170008064}, "generation": 0, "timestamp": "2025-11-15T03:26:41.428366"}