{"key": "daily_snapshot", "value": {"day": 0, "customers": 168518497390862, "mrr": 1.5594244962134765e-09, "total_revenue": 8.531929137718143, "conversion_rate": 24752997.581785493, "churn_rate": 0.05, "average_price": 9.253728939895218e-24, "daily_visitors": 0, "new_customers": 26594398930783, "churned_customers": 8404416736480}, "generation": 0, "timestamp": "2025-11-13T11:08:25.554253"}