{"key": "daily_snapshot", "value": {"day": 0, "customers": 186123332559543241623338265537841604540836381432311714968864, "mrr": 2.2605863443698743e-87, "total_revenue": 2.640852054669741, "conversion_rate": 2.7871383837412694e+52, "churn_rate": 0.05, "average_price": 1.2145636515758625e-146, "daily_visitors": 0, "new_customers": 27067497630555198911862983037714891452563728986079613681664, "churned_customers": 8170179012073843334171130248472542844929506524781791412224}, "generation": 0, "timestamp": "2025-11-14T02:34:41.958122"}