{"key": "daily_snapshot", "value": {"day": 0, "customers": 1870433063716928168, "mrr": 3048111553.693552, "total_revenue": 121566262.23893565, "conversion_rate": 68.89373482824101, "churn_rate": 0.05, "average_price": 1.6296287810675986e-09, "daily_visitors": 0, "new_customers": 1754166002772252416, "churned_customers": 122822408983218176}, "generation": 0, "timestamp": "2025-11-13T10:43:16.101243"}