{"key": "daily_snapshot", "value": {"day": 0, "customers": 11369221447989397686493403461119803669696608300293, "mrr": 4.93735744654017e-71, "total_revenue": 1.5620171583249602, "conversion_rate": 1.4885944701196034e+42, "churn_rate": 0.05, "average_price": 4.3427401507895885e-120, "daily_visitors": 0, "new_customers": 1175208499748708089083625039453382483495079641088, "churned_customers": 255463020956418501335780732578187085588996292608}, "generation": 0, "timestamp": "2025-11-13T21:14:51.922932"}