{"key": "daily_snapshot", "value": {"day": 0, "customers": 59, "mrr": 0.9129807789729694, "total_revenue": 2.1774385685912723, "conversion_rate": 0.2275853023860091, "churn_rate": 0.05, "average_price": 0.015474250491067277, "daily_visitors": 49, "new_customers": 8, "churned_customers": 3}, "generation": 0, "timestamp": "2025-11-14T19:31:09.454839"}