{"key": "daily_snapshot", "value": {"day": 0, "customers": 122770637037116512, "mrr": 2.5091132029536036e-14, "total_revenue": 7.425666896927977, "conversion_rate": 18153180004.240982, "churn_rate": 0.05, "average_price": 2.0437404769635905e-31, "daily_visitors": 0, "new_customers": 16920840851100494, "churned_customers": 7524343525038085}, "generation": 0, "timestamp": "2025-11-15T13:58:28.658066"}