{"key": "daily_snapshot", "value": {"day": 0, "customers": 5374208117939728229737081692736627907259232908122202098809891625754951482350, "mrr": 9.468879887931146e-117, "total_revenue": 4.058738603221899, "conversion_rate": 7.043086211520342e+68, "churn_rate": 0.05, "average_price": 1.7619116491456537e-192, "daily_visitors": 0, "new_customers": 689508229260731727489302896901557227043521153266414841826935590042820673536, "churned_customers": 233909584911800448442269307699891503896061687586285363748155322532343316480}, "generation": 0, "timestamp": "2025-11-14T15:27:10.396613"}