{"key": "daily_snapshot", "value": {"day": 0, "customers": 181921217565250639831259961347888740647663340685736515093562538448681298312018555109802471210902080546238925057, "mrr": 4.316931419596584e-174, "total_revenue": 6.966800923949336, "conversion_rate": 2.5213221843155662e+103, "churn_rate": 0.05, "average_price": 2.372967528126953e-284, "daily_visitors": 0, "new_customers": 24691282489565795963688702086238551206425914309703452043645746218111967160783470718269688967382339706849067008, "churned_customers": 4591178267523231000402655904302725223107888807755219409838705931958740479834816804671578822373638318768259072}, "generation": 0, "timestamp": "2025-11-14T05:00:43.292629"}