{"key": "daily_snapshot", "value": {"day": 0, "customers": 66539889794753051068810620840535333335702136388627371853716168513575625216084749017535024878240534, "mrr": 7.195289234627684e-154, "total_revenue": 8.73321624443256, "conversion_rate": 9.36444034371025e+90, "churn_rate": 0.05, "average_price": 1.0813497372511522e-251, "daily_visitors": 0, "new_customers": 7829329874622063680294292958881397433415522832126744343341369866890844544848164899595046996672512, "churned_customers": 4146160042389475253126838172269311188592130294787886078557612456780798935217853079932967726350336}, "generation": 0, "timestamp": "2025-11-14T16:40:11.614419"}