{"key": "daily_snapshot", "value": {"day": 0, "customers": 29796572551239205307682172114861010844421073440640373308420143205735079129923, "mrr": 2.308927283701729e-117, "total_revenue": 3.6902796439842023, "conversion_rate": 4.552691192844869e+69, "churn_rate": 0.05, "average_price": 7.748969381398543e-194, "daily_visitors": 0, "new_customers": 3369894998831988705048711309147012702948038085906193660542874413332202258432, "churned_customers": 1153462957710281817370175572970207500888232095993208294568248835245881688064}, "generation": 0, "timestamp": "2025-11-14T01:36:10.208040"}