{"key": "daily_snapshot", "value": {"day": 0, "customers": 15215452098166385519546851093602111789231089475630977657034151940205077153458198647, "mrr": 4.284862279816696e-126, "total_revenue": 8.055065502431749, "conversion_rate": 2.104950897201191e+75, "churn_rate": 0.05, "average_price": 2.816125509890741e-208, "daily_visitors": 0, "new_customers": 2069384605896511580140321711984937460479177476360465960060054081556129154909339648, "churned_customers": 784800633015019310150683429539896139118900799543946995137747374951423343528509440}, "generation": 0, "timestamp": "2025-11-13T17:22:23.567640"}