{"key": "daily_snapshot", "value": {"day": 0, "customers": 7695912484313385061625208896279047967754825649900585246365252849211523628036, "mrr": 6.021635571026176e-115, "total_revenue": 4.445436838349596, "conversion_rate": 1.0571522793069939e+69, "churn_rate": 0.05, "average_price": 7.824459520947132e-191, "daily_visitors": 0, "new_customers": 922533527328016376871754369084083972013988048617133796858956988588176179200, "churned_customers": 486174204558142809861752729425912417072036236505865319174648866780523528192}, "generation": 0, "timestamp": "2025-11-15T18:31:21.160933"}