{"key": "daily_snapshot", "value": {"day": 0, "customers": 29875104331344243532072020892282540803341081898946849306661559116158806687963281807342047961032318582300303000354181977, "mrr": 5.690078528653972e-188, "total_revenue": 4.2636659399133805, "conversion_rate": 3.9195894350801624e+111, "churn_rate": 0.05, "average_price": 1.9046221447615424e-306, "daily_visitors": 0, "new_customers": 4032206462994967153025862349783569004513987816392467228143272600900870057175526621964725298089622537065964103507378176, "churned_customers": 1711144003653639304932651095357406087674944221315691711607163649800336835415243138427682205541997285410691314540871680}, "generation": 0, "timestamp": "2025-11-15T15:47:28.803264"}