{"key": "daily_snapshot", "value": {"day": 0, "customers": 29794127659917684167033921519897273607867688073086289827295766923228345685194893256422072683410, "mrr": 1.0868709925239003e-148, "total_revenue": 5.414632391501176, "conversion_rate": 4.015870670582821e+87, "churn_rate": 0.05, "average_price": 3.6479369523078133e-243, "daily_visitors": 0, "new_customers": 3703300874471036437085569793973976419653011059929425873604529748820832425139679435746353086464, "churned_customers": 1828397421311192517650773510719724551779341505356309013541411983726801386013548558919810416640}, "generation": 0, "timestamp": "2025-11-13T22:37:20.123398"}