{"key": "daily_snapshot", "value": {"day": 0, "customers": 305712034184434500, "mrr": 6.708696595436545e-15, "total_revenue": 7.827191553977371, "conversion_rate": 40690564745.6422, "churn_rate": 0.05, "average_price": 2.1944496275175162e-32, "daily_visitors": 0, "new_customers": 41885805143469816, "churned_customers": 11570264816826655}, "generation": 0, "timestamp": "2025-11-15T04:51:06.913310"}