{"key": "daily_snapshot", "value": {"day": 0, "customers": 72193242132283115270332, "mrr": 2.9478147328442995e-24, "total_revenue": 7.827191553977371, "conversion_rate": 9846703433869928.0, "churn_rate": 0.05, "average_price": 4.083228077557285e-47, "daily_visitors": 0, "new_customers": 9764157916298092740608, "churned_customers": 4589337317123130654720}, "generation": 0, "timestamp": "2025-11-15T04:53:39.769378"}