{"key": "daily_snapshot", "value": {"day": 0, "customers": 7265221242753258205151066137577695054600729085420735129115085937206191293571266811070942304264270532238320719168570169547221, "mrr": 7.178992450960864e-200, "total_revenue": 5.250998821828405, "conversion_rate": 9.27216083568721e+116, "churn_rate": 0.05, "average_price": 1e-323, "daily_visitors": 0, "new_customers": 974414492643556660551820815741596800807387234502153018371432183947526467418917470181432178969196699684824744714025541042176, "churned_customers": 200614783126785568618213505869575934426649717372586650908344370447120157677262206413105586926598064651233206051063895949312}, "generation": 0, "timestamp": "2025-11-14T23:16:10.497886"}