{"key": "daily_snapshot", "value": {"day": 0, "customers": 14710785733642057231145909518773461, "mrr": 8.518350435459708e-43, "total_revenue": 5.438023679800494, "conversion_rate": 2.1224867941066993e+27, "churn_rate": 0.05, "average_price": 5.790547554492018e-77, "daily_visitors": 0, "new_customers": 1633022132954972777547666271764480, "churned_customers": 469885960709800338647117358694400}, "generation": 0, "timestamp": "2025-11-14T19:44:00.118959"}