{"key": "daily_snapshot", "value": {"day": 0, "customers": 22, "mrr": 3.9631676720860405, "total_revenue": 1.6271881160964625, "conversion_rate": 0.09376243671564567, "churn_rate": 0.05, "average_price": 0.18014398509482002, "daily_visitors": 71, "new_customers": 3, "churned_customers": 1}, "generation": 0, "timestamp": "2025-11-15T18:59:47.007513"}