{"key": "daily_snapshot", "value": {"day": 0, "customers": 333171066303395825364820963078155779341390143804781377432849589076, "mrr": 9.321057586438606e-99, "total_revenue": 7.997332640408474, "conversion_rate": 5.156102870310561e+58, "churn_rate": 0.05, "average_price": 2.797679189209835e-164, "daily_visitors": 0, "new_customers": 40451595851322047904123786290134016258667809167529919511644864512, "churned_customers": 12557849602385616233039974234076099090296903066607990760491974656}, "generation": 0, "timestamp": "2025-11-15T16:24:07.553521"}