{"key": "daily_snapshot", "value": {"day": 0, "customers": 555129265092797592023875, "mrr": 2.410389510076156e-27, "total_revenue": 3.6902796439842023, "conversion_rate": 7.931412574006045e+16, "churn_rate": 0.05, "average_price": 4.3420328590913427e-51, "daily_visitors": 0, "new_customers": 70283425764230981222400, "churned_customers": 28615723568760988106752}, "generation": 0, "timestamp": "2025-11-14T01:11:30.326872"}