{"key": "daily_snapshot", "value": {"day": 0, "customers": 1390, "mrr": 0.08125949103559842, "total_revenue": 2.7549427467681022, "conversion_rate": 2.0879655731077724, "churn_rate": 0.05, "average_price": 5.8460065493236274e-05, "daily_visitors": 24, "new_customers": 298, "churned_customers": 41}, "generation": 0, "timestamp": "2025-11-13T16:47:12.258044"}