{"key": "daily_snapshot", "value": {"day": 0, "customers": 17023667865506622823783815899441290090101987875105, "mrr": 6.952284163032755e-67, "total_revenue": 9.426328809042326, "conversion_rate": 2.384358903073507e+42, "churn_rate": 0.05, "average_price": 4.083893211473822e-116, "daily_visitors": 0, "new_customers": 2215035665034731800556531674811731919076816060416, "churned_customers": 709866458392152178500366614997580971770778746880}, "generation": 0, "timestamp": "2025-11-15T12:10:37.900899"}