{"key": "daily_snapshot", "value": {"day": 0, "customers": 163104535167619915455477340531235335355810, "mrr": 4.851574197155265e-58, "total_revenue": 8.401501509864964, "conversion_rate": 2.4942170865407813e+34, "churn_rate": 0.05, "average_price": 2.9745182696295845e-99, "daily_visitors": 0, "new_customers": 19260842021995778257566502003367439499264, "churned_customers": 10881179296295074084631742000446184620032}, "generation": 0, "timestamp": "2025-11-14T13:08:46.982525"}