{"key": "daily_snapshot", "value": {"day": 0, "customers": 386021821382669176952278257841370094516088964289933954896150, "mrr": 4.027374280367481e-88, "total_revenue": 6.2331957973706755, "conversion_rate": 5.105712750822619e+52, "churn_rate": 0.05, "average_price": 1.0433022324857343e-147, "daily_visitors": 0, "new_customers": 46967921413871737169741353902665272960455735685452476186624, "churned_customers": 24653841651645246276524247692075642695429735652857730826240}, "generation": 0, "timestamp": "2025-11-14T07:58:40.662470"}