{"key": "daily_snapshot", "value": {"day": 0, "customers": 1786096097284033144085095866487017141319, "mrr": 3.466747752938726e-54, "total_revenue": 8.531929138055917, "conversion_rate": 1.8791957125513096e+32, "churn_rate": 0.05, "average_price": 1.94096373549571e-93, "daily_visitors": 0, "new_customers": 198695102976555238933163655768532058112, "churned_customers": 42520951554508582299787156686920220672}, "generation": 0, "timestamp": "2025-11-13T11:20:26.947888"}