{"key": "daily_snapshot", "value": {"day": 0, "customers": 9327240587143165814608924820291832438881001022379365517053457035502658073077067476707505953484891322712200137731482936517460, "mrr": 1.576028047454423e-196, "total_revenue": 7.997332640408474, "conversion_rate": 1.270539922036472e+117, "churn_rate": 0.05, "average_price": 1.6897e-320, "daily_visitors": 0, "new_customers": 1030250820589192126838912245962632169801014375896508282953756930863309356513703352667357162722330353319404987015030548463616, "churned_customers": 396606985759622880225357562573235578490205850723652471957789698669572136108746653312457768075457669408241014797897348153344}, "generation": 0, "timestamp": "2025-11-15T16:51:22.409681"}