{"key": "daily_snapshot", "value": {"day": 0, "customers": 7584073472144037219576018881815660360637893404282164408038041313220762087547545582946246, "mrr": 7.158999415394689e-137, "total_revenue": 3.6346456800791516, "conversion_rate": 1.0202166255778235e+81, "churn_rate": 0.05, "average_price": 9.439517485806767e-225, "daily_visitors": 0, "new_customers": 773171077454100114044295889322049671824052745918911839047796421045398103969848436457472, "churned_customers": 288914143692877353119115412009063906738994417455887215545053439550089848564914128420864}, "generation": 0, "timestamp": "2025-11-13T15:20:46.956556"}