{"key": "daily_snapshot", "value": {"day": 0, "customers": 254970901687887130057776880257944328266923897396259289634282, "mrr": 4.792040969240155e-90, "total_revenue": 5.620306961549841, "conversion_rate": 3.101335153845249e+52, "churn_rate": 0.05, "average_price": 1.8794462181830257e-149, "daily_visitors": 0, "new_customers": 24896262314440271696518949616388383110333478330826038968320, "churned_customers": 16216275467384575566687988763279750479759824825980263858176}, "generation": 0, "timestamp": "2025-11-15T03:09:02.272528"}