{"key": "daily_snapshot", "value": {"day": 0, "customers": 26, "mrr": 5.85467951558165, "total_revenue": 2.097273134183876, "conversion_rate": 0.11279934127689256, "churn_rate": 0.05, "average_price": 0.22517998136852502, "daily_visitors": 73, "new_customers": 5, "churned_customers": 1}, "generation": 0, "timestamp": "2025-11-15T02:24:46.283199"}