{"key": "daily_snapshot", "value": {"day": 0, "customers": 24198576501398009000016486420818034457866756712626974871551817191678719129723296149227324109345619268942911434049831558679095966479171, "mrr": 2.391137065520404e-190, "total_revenue": 3.6902796439842023, "conversion_rate": 3.1451133198681003e+126, "churn_rate": 0.05, "average_price": 1e-323, "daily_visitors": 0, "new_customers": 2270139596794688640277200034779434360569305296847779334509730884194542306375749387821022974686030892279875846391931987543911062044672, "churned_customers": 801461882633892046621742397957918113841383715172457032442809772546519189187383789264061611796396281751311226715414649168298531356672}, "generation": 0, "timestamp": "2025-11-14T02:08:06.835974"}