{"key": "daily_snapshot", "value": {"day": 0, "customers": 318836643235880445052796214072787584209267453241350571240216934831235854553587030864824243836360768978871820996261031467328201671, "mrr": 3.1505246411638078e-195, "total_revenue": 4.928703564447977, "conversion_rate": 4.110802451712843e+121, "churn_rate": 0.05, "average_price": 1e-323, "daily_visitors": 0, "new_customers": 34403860488635656706741641550537979993106559334104918022434668346382563875089207937600518131573847112120951544528806310144114688, "churned_customers": 17857864799269699778528100219722472271180579622460281293233493953315501814987564503533324818821361159512679619352561892819206144}, "generation": 0, "timestamp": "2025-11-15T06:59:14.314350"}