{"key": "daily_snapshot", "value": {"day": 0, "customers": 2018088075741717945018667393173171130788211556966310806671292165618810659041165105024506429620950252891022386779033601565639, "mrr": 1.9941359770117008e-200, "total_revenue": 4.928703564447977, "conversion_rate": 2.555103875174615e+116, "churn_rate": 0.05, "average_price": 1e-323, "daily_visitors": 0, "new_customers": 211477566908800292215735582072267510948906336086420265760798887906087474864658763914568230130012058515770718123418747666432, "churned_customers": 81202733587026793801935302679589290368407724912619524338834165919473492594844353985708705195366584591107466425169222828032}, "generation": 0, "timestamp": "2025-11-15T06:56:46.400146"}