{"key": "daily_snapshot", "value": {"day": 0, "customers": 74106385937619636144874936975681783559571564635826857166028287692818058199862704707766035089768463862139474777, "mrr": 3.1987301091578985e-173, "total_revenue": 4.2636659399133805, "conversion_rate": 1.1838060562419768e+103, "churn_rate": 0.05, "average_price": 4.316402788621329e-283, "daily_visitors": 0, "new_customers": 9209567493189174000530038383472536005705378146753528981778509411516906113275397445253191327381682376711077888, "churned_customers": 2546345818779382762553489737947309948082750760714964080686481154912916815377623818251183705394204021092253696}, "generation": 0, "timestamp": "2025-11-15T15:43:26.363022"}