{"key": "daily_snapshot", "value": {"day": 0, "customers": 526280244622550876316029377865431144110127226121291457553595870465043998051010381072889509010486105191763789766, "mrr": 3.515188793952206e-175, "total_revenue": 3.6346456800791516, "conversion_rate": 7.993983608976266e+103, "churn_rate": 0.05, "average_price": 6.679309797146776e-286, "daily_visitors": 0, "new_customers": 63530944449264862944344329410630269816269036314737886032652915615766883376851023559735541959991180384412893184, "churned_customers": 34967628916361468292557688461261236707639335785592794840579628086583543683644708911606444412111545724273950720}, "generation": 0, "timestamp": "2025-11-13T15:31:20.989993"}