{"key": "daily_snapshot", "value": {"day": 0, "customers": 2154415446856686612746241762937922, "mrr": 2.641735905590909e-41, "total_revenue": 7.574353924996814, "conversion_rate": 3.1835792406134905e+26, "churn_rate": 0.05, "average_price": 1.2261961403243871e-74, "daily_visitors": 0, "new_customers": 285367186049853454686278213697536, "churned_customers": 48091565889292562577133806813184}, "generation": 0, "timestamp": "2025-11-14T10:19:55.147181"}