{"key": "daily_snapshot", "value": {"day": 0, "customers": 5979237554066932693163458091100279552193756346066, "mrr": 5.071538085381914e-71, "total_revenue": 7.180499208388138, "conversion_rate": 7.328505047012895e+41, "churn_rate": 0.05, "average_price": 8.481914357010915e-120, "daily_visitors": 0, "new_customers": 673240927500227410985854446441630348858911358976, "churned_customers": 150725887558991484650012025329399391051227070464}, "generation": 0, "timestamp": "2025-11-15T19:20:16.818621"}