{"key": "daily_snapshot", "value": {"day": 0, "customers": 1330081880624671416155991301, "mrr": 6.023378342969283e-34, "total_revenue": 1.5620171583249602, "conversion_rate": 1.5931188818129833e+20, "churn_rate": 0.05, "average_price": 4.52857709793055e-61, "daily_visitors": 0, "new_customers": 178380989498383958819209216, "churned_customers": 41102657190618765742571520}, "generation": 0, "timestamp": "2025-11-13T21:04:40.666373"}