{"key": "daily_snapshot", "value": {"day": 0, "customers": 18459323030224626454250975645592701857246758035747276999200895314482057059275747481658269777306376611556531466422624839625989, "mrr": 1.8240234709440252e-199, "total_revenue": 1.5620171583249602, "conversion_rate": 2.8659058916736855e+117, "churn_rate": 0.05, "average_price": 1e-323, "daily_visitors": 0, "new_customers": 2336689981750386364480629782311871546955212247209156123058583728896772182096396288079651245473580303088198363938583182573568, "churned_customers": 900561495651214215183196254640253739711727565789947074302893308851225884634342990589227024628889104374920743450159393800192}, "generation": 0, "timestamp": "2025-11-13T21:50:37.645177"}