{"key": "daily_snapshot", "value": {"day": 0, "customers": 13931126775458880958124397260150276248347283242506699275846150920863, "mrr": 3.5601105190197493e-102, "total_revenue": 3.5615064647863135, "conversion_rate": 1.8660786023809873e+60, "churn_rate": 0.05, "average_price": 2.555507947347986e-169, "daily_visitors": 0, "new_customers": 1811252225322135606453342150269710642232700096958044722124891881472, "churned_customers": 512149785398060261583777326042336766995998011106523696654972878848}, "generation": 0, "timestamp": "2025-11-13T12:04:33.650846"}