{"key": "daily_snapshot", "value": {"day": 0, "customers": 1335489282661600545571347437323977969309837669303773334595736737193033455623560552060394, "mrr": 5.5983548622647656e-136, "total_revenue": 5.620306961549841, "conversion_rate": 1.649395607560164e+80, "churn_rate": 0.05, "average_price": 4.191987861637772e-223, "daily_visitors": 0, "new_customers": 163281106949958020531333419776271187471173135494059069961051139409960298317599565938688, "churned_customers": 34640147037246706528216234452036764185841432433029632754335500607063810861085258416128}, "generation": 0, "timestamp": "2025-11-15T03:21:46.048539"}