{"key": "daily_snapshot", "value": {"day": 0, "customers": 256090500895445464417611198770622611557118268964592239305, "mrr": 9.77226024525789e-81, "total_revenue": 3.6905216285399813, "conversion_rate": 3.579444463224151e+49, "churn_rate": 0.05, "average_price": 3.815940150489076e-137, "daily_visitors": 0, "new_customers": 36443146566245127275603558904029755760140540965688442880, "churned_customers": 12605903717948243006080385318072996968420415936875462656}, "generation": 0, "timestamp": "2025-11-15T04:08:03.712558"}