{"key": "daily_snapshot", "value": {"day": 0, "customers": 3184610643724486916356792904296141114638914680224006680295, "mrr": 3.943641503705368e-83, "total_revenue": 3.180859164035811, "conversion_rate": 4.233876295797717e+50, "churn_rate": 0.05, "average_price": 1.2383433784838368e-140, "daily_visitors": 0, "new_customers": 389105265055943681617553812508806181247403686865882054656, "churned_customers": 179217662983579838151711452039721952774962014018936504320}, "generation": 0, "timestamp": "2025-11-14T09:07:50.189482"}