{"key": "daily_snapshot", "value": {"day": 0, "customers": 14733187432483, "mrr": 7.04845371345492e-08, "total_revenue": 3.84520026588684, "conversion_rate": 2193338.9117521644, "churn_rate": 0.05, "average_price": 4.784065733063871e-21, "daily_visitors": 0, "new_customers": 1762562833509, "churned_customers": 850257682914}, "generation": 0, "timestamp": "2025-11-13T13:44:24.301228"}