{"key": "daily_snapshot", "value": {"day": 0, "customers": 87728489794952235749863226115419477400453130839135373994832811505811958283274218795984538814799465718422097168478211648, "mrr": 4.119077260915529e-184, "total_revenue": 4.61627280770732, "conversion_rate": 1.2022775085610887e+112, "churn_rate": 0.05, "average_price": 4.695256091314289e-303, "daily_visitors": 0, "new_customers": 11413606235317820074629070095960487266616473172247725175252918586560706707853074558924395109379214201410761483471552512, "churned_customers": 2329509176482590190390711208451834428115169122379149912444961347454301610451939066793149824285423320456803047920631808}, "generation": 0, "timestamp": "2025-11-15T17:49:34.883177"}