{"key": "daily_snapshot", "value": {"day": 0, "customers": 10135, "mrr": 0.04071579269641232, "total_revenue": 2.1227920335072605, "conversion_rate": 4.16559163431154, "churn_rate": 0.05, "average_price": 4.017345110647491e-06, "daily_visitors": 12, "new_customers": 2930, "churned_customers": 350}, "generation": 0, "timestamp": "2025-11-15T16:58:10.643649"}