{"key": "daily_snapshot", "value": {"day": 0, "customers": 9702043387653071430394142570754254657714349782902317647707193, "mrr": 4.146038180254478e-87, "total_revenue": 8.82569014329087, "conversion_rate": 1.2741858352229619e+54, "churn_rate": 0.05, "average_price": 4.2733659442615696e-148, "daily_visitors": 0, "new_customers": 1088828040111819329926314470802919728078951673812697888063488, "churned_customers": 361402444550626219437852745146741733387383118796686587068416}, "generation": 0, "timestamp": "2025-11-13T11:59:58.527449"}