{"key": "daily_snapshot", "value": {"day": 0, "customers": 2398448166404633470476977747290635784903589986847877234802830235090756166040008, "mrr": 4.450343441704589e-121, "total_revenue": 4.843910136547377, "conversion_rate": 3.3442753610408325e+71, "churn_rate": 0.05, "average_price": 1.8555095348905647e-199, "daily_visitors": 0, "new_customers": 278986152694062278806049713054403785091110189897127134638040853302006501081088, "churned_customers": 130851903845598694990854386045846650471401851753053795085014243184581621579776}, "generation": 0, "timestamp": "2025-11-14T07:06:30.054212"}