{"key": "daily_snapshot", "value": {"day": 0, "customers": 10459843239518976422520833082259644198340337520620941918826628627618819666593943994882300953860142795786384455, "mrr": 2.3116235022132056e-174, "total_revenue": 8.531929138055917, "conversion_rate": 1.2233611909357808e+102, "churn_rate": 0.05, "average_price": 2.2099982277741207e-283, "daily_visitors": 0, "new_customers": 1248472840562722935352703299055121375428559536782041970763083760662376027976901551416752761212389591204495360, "churned_customers": 239165127819930564486301210906012373963672177738900504836067492433386427576478822053847200708805268460273664}, "generation": 0, "timestamp": "2025-11-13T11:53:13.070152"}