{"key": "daily_snapshot", "value": {"day": 0, "customers": 49996567083516336831227847110966145909358979500323519177948476034491566, "mrr": 5.97539618992668e-104, "total_revenue": 14.069439877331755, "conversion_rate": 6.822261952574398e+63, "churn_rate": 0.05, "average_price": 1.1951612957635934e-174, "daily_visitors": 0, "new_customers": 7341236270530338079242341278967724383855178627024462961743708389638144, "churned_customers": 1984893566199806120286590876231674457472882909198536094193869874266112}, "generation": 0, "timestamp": "2025-11-15T13:21:57.127753"}