{"key": "daily_snapshot", "value": {"day": 0, "customers": 15087252621588974670008944513432193861717659260887954088226751393294690354565106085270522597524705041697418960204227802120227730, "mrr": 1.4908186420910793e-196, "total_revenue": 5.414632391501176, "conversion_rate": 2.1123839998913716e+120, "churn_rate": 0.05, "average_price": 1e-323, "daily_visitors": 0, "new_customers": 1837931157165220425828155620169280142654574364219738306723581630589814628805240090088024414615700624584173137713115935201558528, "churned_customers": 839082090995018251955790499114209172069207416387175343238467122785713409988475896746289596323106161426832047636493917170434048}, "generation": 0, "timestamp": "2025-11-14T00:07:51.806824"}