{"key": "daily_snapshot", "value": {"day": 0, "customers": 17627802640628132556050834741591283649043230711946016799012912211646315433108350616432523683047198886189108870201, "mrr": 8.091138041417206e-175, "total_revenue": 8.82569014329087, "conversion_rate": 2.6876688945144e+105, "churn_rate": 0.05, "average_price": 4.589986742175651e-287, "daily_visitors": 0, "new_customers": 2028533935776746711670805225378780425678561524353734244776710975641538801766117898580149278284105060396382027776, "churned_customers": 1058471764142121055410128636838727904060361035757422754211126175028845718108275577472578885358753456216210407424}, "generation": 0, "timestamp": "2025-11-13T12:23:57.072156"}