{"key": "daily_snapshot", "value": {"day": 0, "customers": 145194124487913235, "mrr": 3.709238865415484e-14, "total_revenue": 8.825690143290867, "conversion_rate": 19698399416.954014, "churn_rate": 0.05, "average_price": 2.554675596204488e-31, "daily_visitors": 0, "new_customers": 15323018571174140, "churned_customers": 7657986637542186}, "generation": 0, "timestamp": "2025-11-13T11:39:50.075330"}