{"key": "daily_snapshot", "value": {"day": 0, "customers": 1106504817188467146895079, "mrr": 5.593151174223959e-26, "total_revenue": 3.180859164035811, "conversion_rate": 1.5652296379615875e+17, "churn_rate": 0.05, "average_price": 5.054791526742443e-50, "daily_visitors": 0, "new_customers": 143987546873508782931968, "churned_customers": 44569193941771875254272}, "generation": 0, "timestamp": "2025-11-14T08:42:54.917058"}