{"key": "daily_snapshot", "value": {"day": 0, "customers": 12776636133227940428688444396, "mrr": 3.7030388340177916e-33, "total_revenue": 3.8452002827692775, "conversion_rate": 1.711109847325575e+21, "churn_rate": 0.05, "average_price": 2.8982893426755526e-61, "daily_visitors": 0, "new_customers": 1738241683728158871731044352, "churned_customers": 848973861649531484273377280}, "generation": 0, "timestamp": "2025-11-13T13:51:21.011363"}