{"key": "daily_snapshot", "value": {"day": 0, "customers": 187139426647422347935626458761264289, "mrr": 1.8005053651806405e-45, "total_revenue": 4.323965768575599, "conversion_rate": 2.624348622079343e+28, "churn_rate": 0.05, "average_price": 9.62119740044336e-81, "daily_visitors": 0, "new_customers": 26954474011952143876408484841914368, "churned_customers": 7207892747161163671237411186147328}, "generation": 0, "timestamp": "2025-11-14T14:06:44.204509"}