{"key": "daily_snapshot", "value": {"day": 0, "customers": 3214070013950681929380265771533897670748343664571767109058054777511693927591, "mrr": 2.0118688577317676e-115, "total_revenue": 7.010218214998832, "conversion_rate": 4.484733727500847e+68, "churn_rate": 0.05, "average_price": 6.259567616757705e-191, "daily_visitors": 0, "new_customers": 380429589874550630727515298224478865264257828961169475260531820798094082048, "churned_customers": 161501817588309678207967184768449087168571047864997424352018200140149948416}, "generation": 0, "timestamp": "2025-11-14T23:54:05.541961"}