{"key": "daily_snapshot", "value": {"day": 0, "customers": 27434874303472809520635424958572494635081035298800523581578156194490958757680339444028844753946641997955, "mrr": 3.830340863676215e-161, "total_revenue": 4.596591164332845, "conversion_rate": 3.423915246447789e+96, "churn_rate": 0.05, "average_price": 1.3961576135930594e-264, "daily_visitors": 0, "new_customers": 3567760201141742076949189049027259563951257530207709844871725720264173451038959828872684787835321974784, "churned_customers": 1245687651872713118655497260267116532023007664408970653634684269818115118381299684699364366605543800832}, "generation": 0, "timestamp": "2025-11-14T12:36:08.837267"}