{"key": "daily_snapshot", "value": {"day": 0, "customers": 84163134661, "mrr": 0.00010761672442594467, "total_revenue": 5.414609469569681, "conversion_rate": 10891.218539736212, "churn_rate": 0.05, "average_price": 1.278668206209443e-15, "daily_visitors": 0, "new_customers": 11561782850, "churned_customers": 4291087840}, "generation": 0, "timestamp": "2025-11-13T21:57:55.787148"}