{"key": "daily_snapshot", "value": {"day": 0, "customers": 712561935014768140048638190922621404327, "mrr": 1.874391585897072e-52, "total_revenue": 7.010218214998832, "conversion_rate": 9.06351382775843e+31, "churn_rate": 0.05, "average_price": 2.6304963734250333e-91, "daily_visitors": 0, "new_customers": 76653948970277240922875940065066876928, "churned_customers": 44570012578771926670921928293300043776}, "generation": 0, "timestamp": "2025-11-14T23:36:52.750441"}