{"key": "daily_snapshot", "value": {"day": 0, "customers": 7143658186427548140507316074677281505718382975840147532297642761718320048173868789427799291240480787029720440840833377763180172121, "mrr": 7.058872191092869e-194, "total_revenue": 4.2636659399133805, "conversion_rate": 1.1382568129855914e+123, "churn_rate": 0.05, "average_price": 1e-323, "daily_visitors": 0, "new_customers": 854025973112159212449794201011913646889423601171468496942546058500455235896729738909792964828521268488015866838317671119721594880, "churned_customers": 476115025693969475959313046576996020915898795462965084762132546464708495320847484998159812538523470631841115267208371575984226304}, "generation": 0, "timestamp": "2025-11-15T15:52:48.766844"}