{"key": "daily_snapshot", "value": {"day": 0, "customers": 3389932932197328219726802524735471415646230817, "mrr": 2.2269820632703846e-61, "total_revenue": 9.426328809042326, "conversion_rate": 4.542716941877587e+38, "churn_rate": 0.05, "average_price": 6.569398592280917e-107, "daily_visitors": 0, "new_customers": 474630396248825328999873549090241613957955584, "churned_customers": 132776654191287009990252846052465916705243136}, "generation": 0, "timestamp": "2025-11-15T12:09:02.465783"}