{"key": "daily_snapshot", "value": {"day": 0, "customers": 34422470110639115715490048890299243692387817356995999555431531703293148677910036665952656876878429989874068598136382219656707, "mrr": 3.401391985332784e-199, "total_revenue": 11.37579680016544, "conversion_rate": 4.7022517743128963e+117, "churn_rate": 0.05, "average_price": 1e-323, "daily_visitors": 0, "new_customers": 4970344068070006883306951155131426150610436821022255451967071430683000339283571400863323195474858151357961492826766037745664, "churned_customers": 1413509207436547859117408369190458092459544172997339697661627128624412896797948353471903678811087330941025760189798997295104}, "generation": 0, "timestamp": "2025-11-14T06:26:58.265913"}