{"key": "daily_snapshot", "value": {"day": 0, "customers": 30570471624571088665941921734264065970699215570145254538903026315692859871216629583524591565434965738264181517865440315704740949292320, "mrr": 3.020763961373043e-190, "total_revenue": 2.640852054669741, "conversion_rate": 3.798034592966074e+126, "churn_rate": 0.05, "average_price": 1e-323, "daily_visitors": 0, "new_customers": 3899958197135454536530826193659728569585395790857265770998763744089916499617324342274945599050146533792289890803397877656777742352384, "churned_customers": 1780180683358636697555817184403724537133645336856653143922033148929041955531601022194166834662579484812306213070807642052054822682624}, "generation": 0, "timestamp": "2025-11-14T03:09:09.228218"}