{"key": "daily_snapshot", "value": {"day": 0, "customers": 155745669676528261962671562564832197058687127562499097779314825179704285769884342524322397, "mrr": 3.554638370241128e-138, "total_revenue": 7.058512489256422, "conversion_rate": 2.2565115113933677e+82, "churn_rate": 0.05, "average_price": 2.282335282659118e-227, "daily_visitors": 0, "new_customers": 23574683950136206142872288375900963987339331296647954422950779076328289251415306031595520, "churned_customers": 5843749691111693330894159083645680178114094331365531076254310711967607798280400995876864}, "generation": 0, "timestamp": "2025-11-15T11:23:32.984762"}