{"key": "daily_snapshot", "value": {"day": 0, "customers": 17404842162680847280102943183160670306164822236132040430337829592268400891060406432240301703031119770367272718, "mrr": 3.8839391563359994e-171, "total_revenue": 5.934471667464104, "conversion_rate": 2.3677080852734825e+102, "churn_rate": 0.05, "average_price": 2.2315279391983644e-280, "daily_visitors": 0, "new_customers": 2228539106500237736537483663091608528590574677777730374969552817125694785649587395025159273978639891233243136, "churned_customers": 435044166147866773192180668130119605419651301379829413852925832100594497029617300955486526220296619420549120}, "generation": 0, "timestamp": "2025-11-14T18:16:55.307106"}