{"key": "daily_snapshot", "value": {"day": 0, "customers": 6143199362758595120431893306355726802404141849630449196258431575822, "mrr": 1.981491719039449e-99, "total_revenue": 5.934471667464104, "conversion_rate": 7.852444141058883e+59, "churn_rate": 0.05, "average_price": 3.2255045002310697e-166, "daily_visitors": 0, "new_customers": 812051560357353016567411573744569547587607214820235188055155146752, "churned_customers": 229846593076048871446732293540229134923404502465113557837298008064}, "generation": 0, "timestamp": "2025-11-14T17:57:12.204488"}