{"key": "daily_snapshot", "value": {"day": 0, "customers": 6623438722755546694848554179413, "mrr": 4.239691290940546e-38, "total_revenue": 7.593310615949716, "conversion_rate": 9.273730129181132e+23, "churn_rate": 0.05, "average_price": 6.401042522480994e-69, "daily_visitors": 0, "new_customers": 772887485343900361929160392704, "churned_customers": 219986432060057140126870929408}, "generation": 0, "timestamp": "2025-11-14T18:41:29.509641"}