{"key": "daily_snapshot", "value": {"day": 0, "customers": 45293700397370933, "mrr": 2.1047655730755827e-13, "total_revenue": 7.827191553977329, "conversion_rate": 5524847842.026636, "churn_rate": 0.05, "average_price": 4.646927838993154e-30, "daily_visitors": 0, "new_customers": 5762187512020046, "churned_customers": 2151269504004991}, "generation": 0, "timestamp": "2025-11-15T04:50:42.808563"}