{"key": "daily_snapshot", "value": {"day": 0, "customers": 370486026190185732531043054794517013562346802613311842182809312605315728522769335343399805787387599519, "mrr": 5.172568861952654e-163, "total_revenue": 3.5615064647863135, "conversion_rate": 5.017579379572314e+94, "churn_rate": 0.05, "average_price": 1.3961576135930594e-264, "daily_visitors": 0, "new_customers": 38337835451666229886984852063331859934247433705475326420247634742122016208233805717697256480252624896, "churned_customers": 20433626560446298654757791466648516212002613217619276146183475587275106100047787201345609827073654784}, "generation": 0, "timestamp": "2025-11-13T12:21:00.588607"}