{"key": "daily_snapshot", "value": {"day": 0, "customers": 39643381245415865737399475029, "mrr": 1.0597469022572816e-34, "total_revenue": 7.593310615949716, "conversion_rate": 5.692509532916948e+21, "churn_rate": 0.05, "average_price": 2.673200087794793e-63, "daily_visitors": 0, "new_customers": 4085038361139990850489548800, "churned_customers": 1583689740153214460277817344}, "generation": 0, "timestamp": "2025-11-14T18:40:31.298377"}