{"key": "daily_snapshot", "value": {"day": 0, "customers": 689579468910674415283099349602646777193867708095681041194132287709269586447307719174414167805311324002389191414038, "mrr": 1.9676349041044242e-182, "total_revenue": 6.2331957973706755, "conversion_rate": 1.0145501689163096e+107, "churn_rate": 0.05, "average_price": 2.853383827121025e-296, "daily_visitors": 0, "new_customers": 85596670699496603376632800970364027784492699388142087653225022231749149795972068013422256836757094939265624702976, "churned_customers": 33234797169111756373276392121972048490604915207916200051398433364596419731496452029051310819954167749081219203072}, "generation": 0, "timestamp": "2025-11-14T08:24:20.758557"}