{"key": "daily_snapshot", "value": {"day": 0, "customers": 307858335973700887710209654281758624712154247356, "mrr": 2.8586795642209452e-67, "total_revenue": 7.827191553977371, "conversion_rate": 4.417335525279569e+40, "churn_rate": 0.05, "average_price": 9.285698096104667e-115, "daily_visitors": 0, "new_customers": 42844442004972849453888009482677981576140161024, "churned_customers": 10840445297587320052719741841730083955979321344}, "generation": 0, "timestamp": "2025-11-15T05:05:21.590590"}