{"key": "daily_snapshot", "value": {"day": 0, "customers": 2641574933978135460618265542391922666176041146093211968360269766, "mrr": 4.8223822010948875e-95, "total_revenue": 3.6346456800791516, "conversion_rate": 3.926821635234878e+56, "churn_rate": 0.05, "average_price": 1.8255708513377357e-158, "daily_visitors": 0, "new_customers": 285283889200339888996135933937477943330207257769728605079732224, "churned_customers": 82963474819385754436616954731040029979552317274510071804461056}, "generation": 0, "timestamp": "2025-11-13T15:09:16.447015"}