{"key": "daily_snapshot", "value": {"day": 0, "customers": 9737620436985782913, "mrr": 5.956729063723473e-18, "total_revenue": 4.323965768575599, "conversion_rate": 1141496901988.5854, "churn_rate": 0.05, "average_price": 6.1172327492848345e-37, "daily_visitors": 0, "new_customers": 937330700345839232, "churned_customers": 374837264187907104}, "generation": 0, "timestamp": "2025-11-14T13:59:10.197122"}