{"key": "daily_snapshot", "value": {"day": 0, "customers": 111273046682375810075170361585167430160726866651367737795778536472378947669791619896, "mrr": 4.5599716442739234e-124, "total_revenue": 8.385937104373125, "conversion_rate": 1.6507820415795664e+76, "churn_rate": 0.05, "average_price": 4.098001969237141e-207, "daily_visitors": 0, "new_customers": 15632467230549782252994896731371099137676085071757714307832103171007868331328798720, "churned_customers": 4569121290773797261368150541358788097761994562828302027877670698260624939551817728}, "generation": 0, "timestamp": "2025-11-13T13:12:13.350591"}