{"key": "daily_snapshot", "value": {"day": 0, "customers": 19721798968363186790292749839959419751703484817507805877597654082, "mrr": 1.023282190220312e-92, "total_revenue": 7.574353924996814, "conversion_rate": 2.6966872426698934e+57, "churn_rate": 0.05, "average_price": 5.188584428133634e-157, "daily_visitors": 0, "new_customers": 2945040142691805122179913588645560784415567097603096494496284672, "churned_customers": 1194045656357158472809733711918444831605771329710784595248545792}, "generation": 0, "timestamp": "2025-11-14T10:49:36.916613"}