{"key": "daily_snapshot", "value": {"day": 0, "customers": 5944743068442561540385281318594825720873137059989153824585379360487, "mrr": 7.853996244983375e-100, "total_revenue": 3.180859164035811, "conversion_rate": 6.84152128185234e+59, "churn_rate": 0.05, "average_price": 1.3211666432946463e-166, "daily_visitors": 0, "new_customers": 590511906036269228228962362342880632732119523836928027844373643264, "churned_customers": 148491817670913880564985222329792029273506280570178323077511774208}, "generation": 0, "timestamp": "2025-11-14T09:12:19.457725"}