{"key": "daily_snapshot", "value": {"day": 0, "customers": 165244749017538747217102454161578208534373862881004165682069565085903831698015027768327936289, "mrr": 1.8938966085831775e-141, "total_revenue": 9.426328809042326, "conversion_rate": 2.2009853223271525e+85, "churn_rate": 0.05, "average_price": 1.1461160610811077e-233, "daily_visitors": 0, "new_customers": 18183990215107305893256167771426756859411249150195098090884574807581616101252809944196972544, "churned_customers": 10617356186791173438062319330282006813259503097268109821926044313323408221335663328790315008}, "generation": 0, "timestamp": "2025-11-15T12:30:59.090334"}