{"key": "daily_snapshot", "value": {"day": 0, "customers": 551713467713975157024341684497368359671785510200263185555177493625710680494728310348998477383937, "mrr": 1.383059146768799e-148, "total_revenue": 6.966800923949336, "conversion_rate": 7.663771506577308e+88, "churn_rate": 0.05, "average_price": 2.5068431852851167e-244, "daily_visitors": 0, "new_customers": 75528601673604808134616289404534742868597355331417098676222830394515858716865305470469058592768, "churned_customers": 23423567054383678363065094220591957969656793240564929740211249258358027660400129258507844190208}, "generation": 0, "timestamp": "2025-11-14T04:53:48.051279"}