{"key": "daily_snapshot", "value": {"day": 0, "customers": 956656362147210702828114584360931831633183419321361287329825250060344550470578928622, "mrr": 6.926711287954282e-131, "total_revenue": 4.058738603221899, "conversion_rate": 1.442073229112935e+77, "churn_rate": 0.05, "average_price": 7.240542750802714e-215, "daily_visitors": 0, "new_customers": 146647977482635804457546848856193962443762583627922478212500219562881183454972608512, "churned_customers": 27219850289244109631047991032702650237680867878629654821795188355431120600360288256}, "generation": 0, "timestamp": "2025-11-14T15:31:02.353604"}