{"key": "daily_snapshot", "value": {"day": 0, "customers": 5985316946370924051129347638162421367261253439364851668799509, "mrr": 1.7407110182258987e-91, "total_revenue": 6.513341788556554, "conversion_rate": 8.395862174650217e+53, "churn_rate": 0.05, "average_price": 2.908302156465321e-152, "daily_visitors": 0, "new_customers": 841968200109198046926286843997747200674022269886276560748544, "churned_customers": 397177436633885032143720563664476533201272634365083788509184}, "generation": 0, "timestamp": "2025-11-15T00:48:32.346841"}