{"key": "daily_snapshot", "value": {"day": 0, "customers": 671989584273483880736450590435119703811198604051515649, "mrr": 5.482956642505665e-78, "total_revenue": 6.966800923949336, "conversion_rate": 9.985247004617178e+46, "churn_rate": 0.05, "average_price": 8.159288136040858e-132, "daily_visitors": 0, "new_customers": 72848018957403833145652401665836693781349234682888192, "churned_customers": 15510453362924001788469602986479395589869409369325568}, "generation": 0, "timestamp": "2025-11-14T04:34:21.056965"}