{"key": "daily_snapshot", "value": {"day": 0, "customers": 33625532056939657583904197739894760991137919326622774963639405218233359875, "mrr": 1.3602034662769018e-114, "total_revenue": 11.37579680016544, "conversion_rate": 5.395506102207285e+66, "churn_rate": 0.05, "average_price": 4.04515076214588e-188, "daily_visitors": 0, "new_customers": 4178404524068457564617787772446354341906059803490378712380145807713632256, "churned_customers": 2317129967111809413791057843381181511947408402737669978909655720542601216}, "generation": 0, "timestamp": "2025-11-14T06:03:25.357851"}