{"key": "daily_snapshot", "value": {"day": 0, "customers": 287713094363451495134313930576861618542711, "mrr": 1.5567054207999651e-56, "total_revenue": 8.055065502431749, "conversion_rate": 3.8061587774571725e+34, "churn_rate": 0.05, "average_price": 5.410617213109767e-98, "daily_visitors": 0, "new_customers": 36625678945964175876896308518648048254976, "churned_customers": 12720743725624510496605807910993281417216}, "generation": 0, "timestamp": "2025-11-13T17:03:16.264045"}