{"key": "daily_snapshot", "value": {"day": 0, "customers": 288014364323241771733033558145676711440820527784651579639176316350833849801852226605869151274742687705956075342738, "mrr": 1.8685921739654082e-181, "total_revenue": 5.414632391501176, "conversion_rate": 3.9391288928923965e+106, "churn_rate": 0.05, "average_price": 6.487843682227828e-295, "daily_visitors": 0, "new_customers": 32857010766282335823386913529547686338925724808810937685495782664728049058093071395008609561228990959215810969600, "churned_customers": 12083682523358329773910080686125409248143261617961408837306940433898899918204504261588034563323150842497104609280}, "generation": 0, "timestamp": "2025-11-13T23:10:11.901311"}