{"key": "daily_snapshot", "value": {"day": 0, "customers": 14581147945303257870604994817, "mrr": 5.282548211730995e-33, "total_revenue": 6.966800923949336, "conversion_rate": 2.2014377525343693e+21, "churn_rate": 0.05, "average_price": 3.6228616783444404e-61, "daily_visitors": 0, "new_customers": 2139772985940593772012240896, "churned_customers": 624089245585558446379368448}, "generation": 0, "timestamp": "2025-11-14T04:22:08.447519"}