{"key": "daily_snapshot", "value": {"day": 0, "customers": 11176921171954853189979485299253199634919368559225568179797929083403305994103724511245841506435, "mrr": 1.0051247497946406e-145, "total_revenue": 4.596591164332845, "conversion_rate": 1.544815555368114e+87, "churn_rate": 0.05, "average_price": 8.992858894958488e-240, "daily_visitors": 0, "new_customers": 1449768602814465001767244121140890253249422032010188566306417835514745376496574931334217072640, "churned_customers": 413687882845585382727372633067776713782823502195719841317324153957969462966762833336130863104}, "generation": 0, "timestamp": "2025-11-14T12:31:51.414162"}