{"key": "daily_snapshot", "value": {"day": 0, "customers": 2378426927124337101431156304299547499665653159948376714429551455595450373005655347187924540731145721353027621005129606991425096684, "mrr": 2.350198071671794e-194, "total_revenue": 3.8452002827692775, "conversion_rate": 3.574166000407074e+122, "churn_rate": 0.05, "average_price": 1e-323, "daily_visitors": 0, "new_customers": 376223358181113147329225615800347589792992091797011874468772592463622065872635022517962968516757170561526848294018768812118114304, "churned_customers": 87699307747640074385070616803302667338341304678823707762658236853993132131310351000346081927534175064038640690853884220302950400}, "generation": 0, "timestamp": "2025-11-13T14:38:30.520656"}