{"key": "daily_snapshot", "value": {"day": 0, "customers": 83966294492505125010047710356460780223113527207983234466, "mrr": 3.440379984067607e-82, "total_revenue": 8.401501509864964, "conversion_rate": 1.2335891164480002e+49, "churn_rate": 0.05, "average_price": 4.0973345374609774e-138, "daily_visitors": 0, "new_customers": 9405393291268196218090884005731483049477860422158647296, "churned_customers": 2908468034485852073994145032645337329878315442968199168}, "generation": 0, "timestamp": "2025-11-14T13:15:29.715597"}