{"key": "daily_snapshot", "value": {"day": 0, "customers": 1645371795986473287625778104153007045151345480201615176679335738949308696747045143644899712054393838, "mrr": 3.4083129147385347e-158, "total_revenue": 4.058738603221899, "conversion_rate": 2.498611496055318e+92, "churn_rate": 0.05, "average_price": 2.0714545630673704e-257, "daily_visitors": 0, "new_customers": 276030122347770696395760182686109021445851983175532258213948792051092165780003022034117059521019904, "churned_customers": 109769285762561723729490994276961459850264896798020078307465860409541584736639555646990274434957312}, "generation": 0, "timestamp": "2025-11-14T15:38:23.408664"}