{"key": "daily_snapshot", "value": {"day": 0, "customers": 635957539381062370016826343973737782346771041071632646844521607703066343263149411215170460837751329589509644480204059913427912961, "mrr": 6.284095448438291e-195, "total_revenue": 6.966800923949336, "conversion_rate": 9.220844659842609e+121, "churn_rate": 0.05, "average_price": 1e-323, "daily_visitors": 0, "new_customers": 88627598760381922358902169214496823407335899910504419976086944558280030370353792637893471661914413398343383946954417422173470720, "churned_customers": 25742990822552949680276525947494668789703948448218935834927838944136930355647126239672277010775160202126756805221880256310280192}, "generation": 0, "timestamp": "2025-11-14T05:09:05.152292"}