{"key": "daily_snapshot", "value": {"day": 0, "customers": 454, "mrr": 0.10124538320132927, "total_revenue": 1.8582818936572598, "conversion_rate": 1.1803342333604776, "churn_rate": 0.05, "average_price": 0.00022300745198530677, "daily_visitors": 30, "new_customers": 85, "churned_customers": 27}, "generation": 0, "timestamp": "2025-11-13T14:42:39.833650"}