{"key": "daily_snapshot", "value": {"day": 0, "customers": 51709833082179383917550, "mrr": 7.428935365199612e-26, "total_revenue": 4.058738603221899, "conversion_rate": 6277788674437695.0, "churn_rate": 0.05, "average_price": 1.4366581600434184e-48, "daily_visitors": 0, "new_customers": 5989462553522126979072, "churned_customers": 2029520958013390192640}, "generation": 0, "timestamp": "2025-11-14T15:02:18.848581"}