{"key": "daily_snapshot", "value": {"day": 0, "customers": 120894721918753642247287882685135986003807839364494856738758777101152381195672324017466666952345894888665167977591, "mrr": 1.1413737343031612e-180, "total_revenue": 3.0646080228541357, "conversion_rate": 1.4067671724003248e+106, "churn_rate": 0.05, "average_price": 9.441055127867471e-294, "daily_visitors": 0, "new_customers": 13648678434946006867744761917556651182861624645253442732724595237594740921209969089561718230388063193486227144704, "churned_customers": 4801138588791169437680304230604400574753771015488315926270842541079241131418024677529896703207317257221748817920}, "generation": 0, "timestamp": "2025-11-14T21:34:28.968385"}