{"key": "daily_snapshot", "value": {"day": 0, "customers": 74318469658377913645714114332320184245460542897562589362702676323891400126077436962556759667695092391543705452210733913453194501, "mrr": 7.343640541939914e-196, "total_revenue": 1.5620171583249602, "conversion_rate": 1.0356544580827747e+121, "churn_rate": 0.05, "average_price": 1e-323, "daily_visitors": 0, "new_customers": 10597509517229262572890057061475347739684485870898398564804845454773414655602341137083169444012200968251726183916791941713362944, "churned_customers": 2453680645735644687599469942800520636164544498770500633200954539690006154007176904679972035353695100269743934300136814055260160}, "generation": 0, "timestamp": "2025-11-13T21:52:13.108299"}