{"key": "daily_snapshot", "value": {"day": 0, "customers": 198433182767910643, "mrr": 7.844399086556111e-17, "total_revenue": 5.414632391501176, "conversion_rate": 30287702453.411415, "churn_rate": 0.05, "average_price": 3.9531690099084866e-34, "daily_visitors": 0, "new_customers": 31088645851454548, "churned_customers": 7374917627260181}, "generation": 0, "timestamp": "2025-11-13T22:01:07.475470"}