{"key": "daily_snapshot", "value": {"day": 0, "customers": 6946605836730682629600347919467699148145891146226807, "mrr": 5.778907372603567e-74, "total_revenue": 3.0646080228541357, "conversion_rate": 1.0008112431121444e+45, "churn_rate": 0.05, "average_price": 8.319037395280404e-126, "daily_visitors": 0, "new_customers": 780537118244395645148542707268343582179998778261504, "churned_customers": 353781111353603124387527343396114190443110629113856}, "generation": 0, "timestamp": "2025-11-14T21:05:26.875530"}