{"key": "daily_snapshot", "value": {"day": 0, "customers": 1463408941125227279468971708820616436118890360225103267640036672502243877883217693494285802, "mrr": 3.5516864212836577e-141, "total_revenue": 5.620306961549841, "conversion_rate": 1.7864009661609023e+83, "churn_rate": 0.05, "average_price": 2.4269951627825482e-231, "daily_visitors": 0, "new_customers": 193881257072890417964701927008305838416527969292745654394908021066636953193388424017477632, "churned_customers": 54512097565912944200229089757803580232424261946535897016948118609410447456995945899622400}, "generation": 0, "timestamp": "2025-11-15T03:23:11.434862"}