{"key": "daily_snapshot", "value": {"day": 0, "customers": 63220048506965962777640260533040264535696621746836549663722987164359077461369107373918665482514661453038660039474235259525239, "mrr": 6.559319360098905e-198, "total_revenue": 8.055065502431749, "conversion_rate": 9.304455815893152e+117, "churn_rate": 0.05, "average_price": 1.04e-322, "daily_visitors": 0, "new_customers": 7217327949197493741835547427676840758678373172776295154100855797303252701396213018534129536292521742149070704874707530809344, "churned_customers": 4058471504124703777268821099059673455851770764137460897206578372611923942590260056036801185726132856978049450100593933680640}, "generation": 0, "timestamp": "2025-11-13T17:42:16.655492"}