{"key": "daily_snapshot", "value": {"day": 0, "customers": 37930532847289920145643691812726649566402225753675685769920923585811406406776424908597936021447725356522, "mrr": 8.19469917645199e-164, "total_revenue": 5.620306961549841, "conversion_rate": 5.927117069425052e+96, "churn_rate": 0.05, "average_price": 2.160449263774972e-267, "daily_visitors": 0, "new_customers": 5036138596057614550621656618125622689464302168216465263245654044382831063261730319177604932088235032576, "churned_customers": 2556267535092256552329179819431210561391894346773744740379741640956785184328154243432920681830118588416}, "generation": 0, "timestamp": "2025-11-15T03:29:25.464301"}