{"key": "daily_snapshot", "value": {"day": 0, "customers": 38800180325627888534748336777072298718648193060847611278563497881319, "mrr": 1.5492838934480784e-101, "total_revenue": 3.180859164035811, "conversion_rate": 5.698608252641495e+60, "churn_rate": 0.05, "average_price": 3.9929811677312275e-169, "daily_visitors": 0, "new_customers": 5849921443432566390272099481378316068882024230688024403216980508672, "churned_customers": 1798650182059232323628014200857605592469173660983497552056039768064}, "generation": 0, "timestamp": "2025-11-14T09:12:45.587028"}