{"key": "daily_snapshot", "value": {"day": 0, "customers": 15824638855729284025861537447612619527036055720881644318636457465180593104909084893069400143047999339022164476796878568465641990090940, "mrr": 1.5636820832920748e-190, "total_revenue": 7.827191553977371, "conversion_rate": 2.3093615123394084e+126, "churn_rate": 0.05, "average_price": 1e-323, "daily_visitors": 0, "new_customers": 2511199828255627642551544916161842485370454384614329752273072528352025032915686614348806101995450647660198055188364538581762718040064, "churned_customers": 818069355642112709026312239124418735302756504148312716325763571870140580140832340310413301137997167083972136974530451016866278146048}, "generation": 0, "timestamp": "2025-11-15T05:59:42.186486"}