{"key": "daily_snapshot", "value": {"day": 0, "customers": 25947499949020336877235595498028014, "mrr": 2.3250097321115294e-45, "total_revenue": 4.058738603221899, "conversion_rate": 3.690449286982253e+27, "churn_rate": 0.05, "average_price": 8.960438333864653e-80, "daily_visitors": 0, "new_customers": 3062188051411812471701009659330560, "churned_customers": 1517419916843462016345489186750464}, "generation": 0, "timestamp": "2025-11-14T15:07:42.418217"}