{"key": "daily_snapshot", "value": {"day": 0, "customers": 45510672436813412819777367147182889714, "mrr": 2.7485367308797703e-49, "total_revenue": 10.298721371422412, "conversion_rate": 6.135185136902767e+30, "churn_rate": 0.05, "average_price": 6.0393234898821e-87, "daily_visitors": 0, "new_customers": 4528385049110083372683003273322430464, "churned_customers": 2116144794032704741247588924171223040}, "generation": 0, "timestamp": "2025-11-14T03:25:28.960770"}