{"key": "daily_snapshot", "value": {"day": 0, "customers": 4433500276012424077008098684215314753736448911148609447752775, "mrr": 1.0315166730733223e-91, "total_revenue": 8.531929138055917, "conversion_rate": 5.871369508864667e+53, "churn_rate": 0.05, "average_price": 2.326641725172257e-152, "daily_visitors": 0, "new_customers": 639456831740224297378500623167327857191488959711154165252096, "churned_customers": 136470206436979623904578526670027681788726890660651513937920}, "generation": 0, "timestamp": "2025-11-13T11:30:36.938955"}