{"key": "daily_snapshot", "value": {"day": 0, "customers": 60398080614202317826744873209818678566765409415269533489823, "mrr": 2.798359426077227e-87, "total_revenue": 3.5615064647863135, "conversion_rate": 7.62171127199481e+51, "churn_rate": 0.05, "average_price": 4.633192640593956e-146, "daily_visitors": 0, "new_customers": 7267531484631746745203691426722117249175443738006386638848, "churned_customers": 3021452333689136117144618243489987874082137583439136686080}, "generation": 0, "timestamp": "2025-11-13T12:00:32.794329"}