{"key": "daily_snapshot", "value": {"day": 0, "customers": 14263827087790594544255413304957237603695772282993543305941054303093157364033880721745585501852616812627564010, "mrr": 4.587204979222399e-173, "total_revenue": 5.620306961549841, "conversion_rate": 1.7188802899471073e+102, "churn_rate": 0.05, "average_price": 3.2159706865409973e-282, "daily_visitors": 0, "new_customers": 1719744669094706989341382187043358067843329811657676298158983529569737391753262768446671849185841385276702720, "churned_customers": 801697604841134907070976422036065816320478729191334281427614333147394931669633415745333623454369440008765440}, "generation": 0, "timestamp": "2025-11-15T03:31:59.447938"}