{"key": "daily_snapshot", "value": {"day": 0, "customers": 32553328829865748972528654270644496051968022639983779490900634746986425469491067780092468620033313630111263544861745996743, "mrr": 8.005231213453022e-198, "total_revenue": 4.928703564447977, "conversion_rate": 3.9304334522295515e+114, "churn_rate": 0.05, "average_price": 2.4591e-319, "daily_visitors": 0, "new_customers": 4112313344923532896344943489404440675377031662270155080152679117760607872809313557807289176510686569920848141489904025600, "churned_customers": 1297209320429198506097692664187819057072152734378850980197905649555392274616478874323331278426688317068413866933932261376}, "generation": 0, "timestamp": "2025-11-15T06:55:53.074866"}