{"key": "daily_snapshot", "value": {"day": 0, "customers": 666375795785210595270, "mrr": 2.383051986579139e-21, "total_revenue": 3.6346456800791516, "conversion_rate": 80934395513301.08, "churn_rate": 0.05, "average_price": 3.576138271605614e-42, "daily_visitors": 0, "new_customers": 91186368771366518784, "churned_customers": 20293031727262732288}, "generation": 0, "timestamp": "2025-11-13T14:49:11.439741"}