{"key": "daily_snapshot", "value": {"day": 0, "customers": 677067440100914976550059962839629959258399817588248906505109525148020227045381671169, "mrr": 4.252098452182963e-129, "total_revenue": 6.966800923949336, "conversion_rate": 8.735888621964217e+76, "churn_rate": 0.05, "average_price": 6.280169744315573e-213, "daily_visitors": 0, "new_customers": 81855474751169221510328345097196952639663526732730885884909170642063740782120009728, "churned_customers": 15184045085707953691430575667998197166014686507638309256396366478127816924792356864}, "generation": 0, "timestamp": "2025-11-14T04:48:22.283911"}