{"key": "daily_snapshot", "value": {"day": 0, "customers": 3778923111138755018944810123740705098260726771900, "mrr": 5.429905079443258e-69, "total_revenue": 7.827191553977371, "conversion_rate": 5.6114210314113216e+41, "churn_rate": 0.05, "average_price": 1.4368921832355014e-117, "daily_visitors": 0, "new_customers": 605533155810618157072486366232805780523239604224, "churned_customers": 242944974307110514765184738218377541481614278656}, "generation": 0, "timestamp": "2025-11-15T05:05:50.740985"}