{"key": "daily_snapshot", "value": {"day": 0, "customers": 25061022067833835750920147634413820099891028834842164781665503391562466341657429, "mrr": 3.99440251259175e-121, "total_revenue": 7.593310615949716, "conversion_rate": 3.535068797279742e+72, "churn_rate": 0.05, "average_price": 1.59387055395423e-200, "daily_visitors": 0, "new_customers": 3092926304777780516098334548437952050505809663457062593476136527133708971409408, "churned_customers": 727053953806322766807082309738090034212997875259933480492692410122318995521536}, "generation": 0, "timestamp": "2025-11-14T19:04:13.219485"}