{"key": "daily_snapshot", "value": {"day": 0, "customers": 5475566142167333243610021895000102368990783495546955294043865449760912247224073518062, "mrr": 5.713600940761777e-132, "total_revenue": 4.058738603221899, "conversion_rate": 7.325050529020636e+77, "churn_rate": 0.05, "average_price": 1.0434721803032089e-216, "daily_visitors": 0, "new_customers": 639918433274134839834505629077317853767900454668997233306650346158004018308890755072, "churned_customers": 202946418060251003322565447474222509599842461272807675260606496984572338725147639808}, "generation": 0, "timestamp": "2025-11-14T15:31:21.447748"}