{"key": "daily_snapshot", "value": {"day": 0, "customers": 41888228599279423495997078843136907540650723286701880131, "mrr": 2.145376071911103e-82, "total_revenue": 3.6902796439842023, "conversion_rate": 6.023016092281374e+48, "churn_rate": 0.05, "average_price": 5.1216681718262215e-138, "daily_visitors": 0, "new_customers": 5715360954393524463703231829113891885498822429752950784, "churned_customers": 2871694457423242503001234275355017642533636726256041984}, "generation": 0, "timestamp": "2025-11-14T01:26:31.292497"}