{"key": "daily_snapshot", "value": {"day": 0, "customers": 1147450497346246077222568023293771, "mrr": 5.315493337047164e-44, "total_revenue": 5.241512577835226, "conversion_rate": 1.7005482952609715e+26, "churn_rate": 0.05, "average_price": 4.632438043593615e-77, "daily_visitors": 0, "new_customers": 146894574962478778236414004822016, "churned_customers": 32607151758951875973079539646464}, "generation": 0, "timestamp": "2025-11-13T19:02:07.452682"}