{"key": "daily_snapshot", "value": {"day": 0, "customers": 7913194086107893127816201105040322973935200026284187541665310240318345939444742039707, "mrr": 2.0159174526839503e-131, "total_revenue": 13.18914372001125, "conversion_rate": 9.495317319378036e+77, "churn_rate": 0.05, "average_price": 2.5475395026933806e-216, "daily_visitors": 0, "new_customers": 936710241570334651718026528450752233669572568357070690012074688241581045858378448896, "churned_customers": 213263911875255336285943908824523806611952839137434104334510700269862421877927968768}, "generation": 0, "timestamp": "2025-11-13T18:25:03.334993"}