{"key": "daily_snapshot", "value": {"day": 0, "customers": 12492073769204932959814624572487, "mrr": 1.8005908186251103e-39, "total_revenue": 8.531929138055917, "conversion_rate": 1.8149272530082101e+24, "churn_rate": 0.05, "average_price": 1.4413866359514065e-70, "daily_visitors": 0, "new_customers": 1550616061682821714164928479232, "churned_customers": 503772739408116595744357482496}, "generation": 0, "timestamp": "2025-11-13T11:16:30.149757"}