{"key": "daily_snapshot", "value": {"day": 0, "customers": 12987130274844827860929865940477137776, "mrr": 3.7399998157038366e-49, "total_revenue": 7.626819946521412, "conversion_rate": 1.741071176913681e+30, "churn_rate": 0.05, "average_price": 2.879773850384759e-86, "daily_visitors": 0, "new_customers": 1490363250590311299945120720442359808, "churned_customers": 341214811027345272923147002057850880}, "generation": 0, "timestamp": "2025-11-15T01:38:16.695580"}