{"key": "daily_snapshot", "value": {"day": 0, "customers": 29187197569662295845804510766295798908000641558800016944051143333241248168669705287, "mrr": 3.105232188366161e-128, "total_revenue": 8.531929138055917, "conversion_rate": 4.127296463977833e+75, "churn_rate": 0.05, "average_price": 1.06390213755698e-210, "daily_visitors": 0, "new_customers": 3744463623939440940566076189454020052283707221805823305745328258948058833269817344, "churned_customers": 1195985129897537895592911464327447234279131912333300628860058379264655179376492544}, "generation": 0, "timestamp": "2025-11-13T11:40:40.669514"}