{"key": "daily_snapshot", "value": {"day": 0, "customers": 15617981669178754508019363842857779511758805282764465337195536231317251070071, "mrr": 3.4396879798836653e-116, "total_revenue": 8.055065502431749, "conversion_rate": 2.1288792211370854e+69, "churn_rate": 0.05, "average_price": 2.202389561432067e-192, "daily_visitors": 0, "new_customers": 1731242385281986385015604192282173104909419368566577741343544802937107644416, "churned_customers": 374505956406532977062536907530051607570095393285715128984876168466827051008}, "generation": 0, "timestamp": "2025-11-13T17:19:38.875521"}