{"key": "daily_snapshot", "value": {"day": 0, "customers": 18213797906711521, "mrr": 4.333476072780442e-14, "total_revenue": 8.733216244432555, "conversion_rate": 2273136701.7579203, "churn_rate": 0.05, "average_price": 2.3792270535644952e-30, "daily_visitors": 0, "new_customers": 1880992929939623, "churned_customers": 759868690281574}, "generation": 0, "timestamp": "2025-11-14T16:01:58.137758"}