{"key": "daily_snapshot", "value": {"day": 0, "customers": 569701010, "mrr": 2.266604400633007, "total_revenue": 8.20530228842222, "conversion_rate": 81.51768273269404, "churn_rate": 0.05, "average_price": 3.978585891278316e-09, "daily_visitors": 0, "new_customers": 76075750, "churned_customers": 21071827}, "generation": 0, "timestamp": "2025-11-14T15:58:18.417644"}