{"key": "daily_snapshot", "value": {"day": 0, "customers": 21315942667071948067211952679952324910746134647350577538453464704939420682059203824812747474711633411910758234132197279746871574, "mrr": 2.106294996104377e-196, "total_revenue": 6.2331957973706755, "conversion_rate": 2.8188970844265846e+120, "churn_rate": 0.05, "average_price": 1e-323, "daily_visitors": 0, "new_customers": 2825967457441387669541633958552555964186323446057336981726491380504812226279134670521700319685036066748278621238327571856228352, "churned_customers": 1073934475029095497737782154790695052216882625369144376591564376744417849734462395913601770658009159508894517526357380410900480}, "generation": 0, "timestamp": "2025-11-14T08:30:31.516515"}