{"key": "daily_snapshot", "value": {"day": 0, "customers": 38895977583133872409656584632958520159272701088142709212146819676360450901867575752, "mrr": 1.2628635770588531e-127, "total_revenue": 4.843910136547377, "conversion_rate": 5.5475930906262126e+75, "churn_rate": 0.05, "average_price": 3.246771660024963e-210, "daily_visitors": 0, "new_customers": 5142098378177638086333977298351034166712059038170109760192024184939510730349084672, "churned_customers": 1967381546903744612783083778130464025462606451115671081383670945368461195949899776}, "generation": 0, "timestamp": "2025-11-14T07:08:21.577724"}