{"key": "daily_snapshot", "value": {"day": 0, "customers": 14124751297587371327725509003913045908130694594512264021, "mrr": 4.0158037537437903e-81, "total_revenue": 7.593310615949716, "conversion_rate": 2.094488515013955e+48, "churn_rate": 0.05, "average_price": 2.8430969644256488e-136, "daily_visitors": 0, "new_customers": 2078219937899036355431277905643277356281784388483547136, "churned_customers": 727634631596746876811922854397616497577515524210819072}, "generation": 0, "timestamp": "2025-11-14T18:53:07.547646"}