{"key": "daily_snapshot", "value": {"day": 0, "customers": 1590677147229101885313639355340980277634255378860576368659844375401856868465855928837640849968278857102147, "mrr": 2.7227370256990847e-165, "total_revenue": 3.6902796439842023, "conversion_rate": 2.3102482117122142e+98, "churn_rate": 0.05, "average_price": 1.7116842537418653e-270, "daily_visitors": 0, "new_customers": 181627735348157555736861887744794812996955182641546462713275998993194544232233413932345536480924787539968, "churned_customers": 43176820936844977368207387683458294426080514810336199273228374000798966928800311590629449377854234034176}, "generation": 0, "timestamp": "2025-11-14T01:54:58.220926"}