{"key": "daily_snapshot", "value": {"day": 0, "customers": 25698585206977009429837352465568298376342006198232837969167020706624426002223147094854772711489198044370156297970799960574695688134, "mrr": 2.5393576194982803e-193, "total_revenue": 3.6346456800791516, "conversion_rate": 3.789939722649257e+123, "churn_rate": 0.05, "average_price": 1e-323, "daily_visitors": 0, "new_customers": 2895416713803643932062754809038340898909545158794028034562312500535081699139389480470798501746364364889956813722981574282580066304, "churned_customers": 1425361250500354090027426773804171716643484344067548909859363787396126974280796835580762913627668675500315220676845690217555820544}, "generation": 0, "timestamp": "2025-11-13T15:40:22.733967"}