{"key": "daily_snapshot", "value": {"day": 0, "customers": 698100336516869528665121409661540334267798107611880246338, "mrr": 8.129605417433646e-80, "total_revenue": 7.574353924996814, "conversion_rate": 9.921550328086688e+49, "churn_rate": 0.05, "average_price": 1.164532516628746e-136, "daily_visitors": 0, "new_customers": 85823033733696379454994397659110508615081486891727454208, "churned_customers": 43177342103630903339426293260306614332331033374444486656}, "generation": 0, "timestamp": "2025-11-14T10:46:06.033205"}