{"key": "daily_snapshot", "value": {"day": 0, "customers": 148654081330820769824303550530450734555069601, "mrr": 1.3234963155683914e-60, "total_revenue": 4.323965768575599, "conversion_rate": 2.120886590147479e+37, "churn_rate": 0.05, "average_price": 8.903195282092722e-105, "daily_visitors": 0, "new_customers": 19355282668975826688134978977501644171771904, "churned_customers": 10186840337298617572020013527685676543246336}, "generation": 0, "timestamp": "2025-11-14T14:10:53.348995"}