{"key": "daily_snapshot", "value": {"day": 0, "customers": 13423625879975650061389454316439809, "mrr": 3.1838266987195916e-43, "total_revenue": 6.966800923949336, "conversion_rate": 1.7239177436545123e+27, "churn_rate": 0.05, "average_price": 2.3718082783199313e-77, "daily_visitors": 0, "new_customers": 1697158016246755702312785523245056, "churned_customers": 688004805397925323572283489386496}, "generation": 0, "timestamp": "2025-11-14T04:24:56.210992"}