{"key": "daily_snapshot", "value": {"day": 0, "customers": 329609059668148811982167651940822973091160709702955566169281627556142340076818486369164117, "mrr": 2.6468442660242118e-139, "total_revenue": 7.593310615949716, "conversion_rate": 4.6605872886603796e+82, "churn_rate": 0.05, "average_price": 8.030253381654803e-229, "daily_visitors": 0, "new_customers": 41453712707685885048033074528643028785433663068337374179504748749150029787278310067142656, "churned_customers": 13201904834047354918755505902386644101603225774698570178892503394924716592551175800225792}, "generation": 0, "timestamp": "2025-11-14T19:09:06.789151"}