{"key": "daily_snapshot", "value": {"day": 0, "customers": 13389119694804331596297087548995900595591668162845997429392896606217039273826101703401162817986194388297787847102741561, "mrr": 1.5347984815519077e-184, "total_revenue": 8.82569014329087, "conversion_rate": 1.6612845195740012e+111, "churn_rate": 0.05, "average_price": 1.1463027566685275e-302, "daily_visitors": 0, "new_customers": 1450281640079079556389262409024510222081839983951115893237967484944472925753263018204556694091365486740790331247165440, "churned_customers": 643040166661113489389052849855764534837694187465011356538996472694150789517050559993776040131669664544649705133441024}, "generation": 0, "timestamp": "2025-11-13T12:26:38.612453"}