{"key": "daily_snapshot", "value": {"day": 0, "customers": 3471514666002061776053457975160217493038588615391082189636401314117568779977873332118109, "mrr": 2.273835522090335e-135, "total_revenue": 7.058512489256422, "conversion_rate": 4.790635083699845e+80, "churn_rate": 0.05, "average_price": 6.549981033809018e-223, "daily_visitors": 0, "new_customers": 461171203407288254899013892118025066153877857302376082289069212679601905815132953378816, "churned_customers": 208845825764289476617206511831139305579866898715640345212187763288432801851323438858240}, "generation": 0, "timestamp": "2025-11-15T11:22:26.504272"}