{"key": "daily_snapshot", "value": {"day": 0, "customers": 34195770773733482897797009887597344880659244099350016509521109, "mrr": 5.141528964683763e-88, "total_revenue": 5.438023679800494, "conversion_rate": 4.69979274505118e+54, "churn_rate": 0.05, "average_price": 1.5035569745464206e-149, "daily_visitors": 0, "new_customers": 4986951018981021431544562120028077187386135866573027062841344, "churned_customers": 1807795288771075631088154339111275515127070195295044574904320}, "generation": 0, "timestamp": "2025-11-14T19:56:32.429160"}