{"key": "daily_snapshot", "value": {"day": 0, "customers": 7001687718705666273828242971333747489572083581015403298528467063, "mrr": 1.715581335327867e-95, "total_revenue": 8.055065502431749, "conversion_rate": 1.1231061614528684e+57, "churn_rate": 0.05, "average_price": 2.450239719695768e-159, "daily_visitors": 0, "new_customers": 943394317479864318947900772235519612671074998977269736249753600, "churned_customers": 268722638439072357172957047214172570138603724108129215577063424}, "generation": 0, "timestamp": "2025-11-13T17:13:55.974821"}