{"key": "daily_snapshot", "value": {"day": 0, "customers": 26288766764, "mrr": 0.00012822956177361409, "total_revenue": 4.058709743954677, "conversion_rate": 3532.8811738301, "churn_rate": 0.05, "average_price": 4.877732109868784e-15, "daily_visitors": 0, "new_customers": 3312163511, "churned_customers": 645119784}, "generation": 0, "timestamp": "2025-11-14T14:56:31.254999"}