{"key": "daily_snapshot", "value": {"day": 0, "customers": 354634224046841498630203544803124783636460953763026102693963859677205, "mrr": 2.1912278024896132e-103, "total_revenue": 6.513341788556554, "conversion_rate": 4.8027446456084754e+61, "churn_rate": 0.05, "average_price": 6.178839079558737e-172, "daily_visitors": 0, "new_customers": 45753573934648369286444329837945255539757111568171060866883442966528, "churned_customers": 19576314989020822933020750701934009723727589938438745131466163748864}, "generation": 0, "timestamp": "2025-11-15T00:51:56.403356"}