{"key": "daily_snapshot", "value": {"day": 0, "customers": 13947305246947438507958372153581704237077, "mrr": 1.5980024023839183e-55, "total_revenue": 6.513341788556554, "conversion_rate": 1.6486438639563657e+33, "churn_rate": 0.05, "average_price": 1.145742761121302e-95, "daily_visitors": 0, "new_customers": 1708495074476154055981667877507691446272, "churned_customers": 551609668496873222887610022363018559488}, "generation": 0, "timestamp": "2025-11-15T00:38:45.450690"}