{"key": "daily_snapshot", "value": {"day": 0, "customers": 57993301574403806394311837765628575304853022394973368542006298957813066339279361203115502756131261506, "mrr": 1.6439323241954257e-151, "total_revenue": 7.574353924996814, "conversion_rate": 6.9558831097368815e+93, "churn_rate": 0.05, "average_price": 2.8346934552196614e-252, "daily_visitors": 0, "new_customers": 7416207922005878549398791789448166408721259297617113107597782834892922875190514881153925335721443328, "churned_customers": 1425538572337529869493125836186623151295821647473325094364494630795475803704396456686375975841169408}, "generation": 0, "timestamp": "2025-11-14T11:27:14.498888"}