{"key": "daily_snapshot", "value": {"day": 0, "customers": 837862950250420759262967546645, "mrr": 4.994865853864996e-38, "total_revenue": 2.963987135955569, "conversion_rate": 1.1835632653080005e+23, "churn_rate": 0.05, "average_price": 5.961435402260153e-68, "daily_visitors": 0, "new_customers": 116508939044734738968866717696, "churned_customers": 23111130382469037295967141888}, "generation": 0, "timestamp": "2025-11-14T00:23:20.495197"}