{"key": "daily_snapshot", "value": {"day": 0, "customers": 7625520214, "mrr": 0.009845499321475456, "total_revenue": 2.473993011047965, "conversion_rate": 1110.1147363268672, "churn_rate": 0.05, "average_price": 1.2911249390434644e-12, "daily_visitors": 0, "new_customers": 1008747763, "churned_customers": 497806130}, "generation": 0, "timestamp": "2025-11-13T15:47:25.724229"}