{"key": "daily_snapshot", "value": {"day": 0, "customers": 379117528825288760793637705033206036481897306530554440137129947017089876555602234371293897, "mrr": 4.803231769615004e-136, "total_revenue": 3.6905216285399813, "conversion_rate": 4.846909385651335e+82, "churn_rate": 0.05, "average_price": 1.266950590361257e-225, "daily_visitors": 0, "new_customers": 48222472823946952741667227316413460956807635183322833334742254567325106387879775470354432, "churned_customers": 13971970025592668819770186947698884744537868195776738891931784622568455920723285157871616}, "generation": 0, "timestamp": "2025-11-15T04:23:21.713282"}