{"key": "daily_snapshot", "value": {"day": 0, "customers": 8425494068601584543923797814403247235363337308307380316315, "mrr": 4.927154167558103e-85, "total_revenue": 13.18914372001125, "conversion_rate": 1.267354694584219e+51, "churn_rate": 0.05, "average_price": 5.847911264835635e-143, "daily_visitors": 0, "new_customers": 1111688335706020654199132545865383692406824015368885895168, "churned_customers": 529240538779028689207533008028178097437629250378238263296}, "generation": 0, "timestamp": "2025-11-13T18:12:22.798817"}