{"key": "daily_snapshot", "value": {"day": 0, "customers": 75954585957957372451669, "mrr": 4.162627247208354e-25, "total_revenue": 7.593310615949716, "conversion_rate": 9590818250095024.0, "churn_rate": 0.05, "average_price": 5.48041595475547e-48, "daily_visitors": 0, "new_customers": 8263199401706553081856, "churned_customers": 1745673376449280999424}, "generation": 0, "timestamp": "2025-11-14T18:37:52.716745"}