{"key": "daily_snapshot", "value": {"day": 0, "customers": 22056655150157211450601081147432875117714748986943824866064652194294615663226578556180497819049665117, "mrr": 9.581753051496389e-158, "total_revenue": 7.058512489256422, "conversion_rate": 3.2549794899091055e+93, "churn_rate": 0.05, "average_price": 4.344155079845864e-258, "daily_visitors": 0, "new_customers": 3082131882933328198510251346515315823910327578488220851522408791061272011648586089743621462303965184, "churned_customers": 997428055786438589784728042508635488033937808064513453752127527621058001541756012791708914156568576}, "generation": 0, "timestamp": "2025-11-15T11:33:34.732388"}