{"key": "daily_snapshot", "value": {"day": 0, "customers": 926858668113648028966168314128032186189709700948557750016553630870016300697192714703389462, "mrr": 9.989704637258332e-140, "total_revenue": 8.73321624443256, "conversion_rate": 1.219255912566783e+83, "churn_rate": 0.05, "average_price": 1.0778023641500251e-229, "daily_visitors": 0, "new_customers": 97876556969726139390020079141781954147917704864828560057904640285629572763766053132042240, "churned_customers": 37066291487998666731150419650023336470487485626759404220452864190338981794634036240449536}, "generation": 0, "timestamp": "2025-11-14T16:36:23.620350"}