{"key": "daily_snapshot", "value": {"day": 0, "customers": 4663867282015250136966094372302627373609101977652988695738958833032964469558224066167469344, "mrr": 9.055346666648643e-141, "total_revenue": 2.640852054669741, "conversion_rate": 5.765559098081739e+83, "churn_rate": 0.05, "average_price": 1.9415961302260386e-231, "daily_visitors": 0, "new_customers": 573503656900684463282665977037026655198022024554925264410187994243161170885621519612903424, "churned_customers": 226960718382816970137131320554922194542898249127896873098379047472539939749458930149883904}, "generation": 0, "timestamp": "2025-11-14T02:49:20.795379"}