{"key": "daily_snapshot", "value": {"day": 0, "customers": 76080941960429842396715132468663145506742692799781889571213908726004536, "mrr": 2.047538989002737e-105, "total_revenue": 8.385937104373125, "conversion_rate": 1.0929579720332488e+64, "churn_rate": 0.05, "average_price": 2.6912639831242817e-176, "daily_visitors": 0, "new_customers": 11284333772488067101342409307610456393511936661490930806852337509859328, "churned_customers": 3488022189589947342756641684990528203347361319030915885057653319139328}, "generation": 0, "timestamp": "2025-11-13T13:06:53.008301"}