{"key": "daily_snapshot", "value": {"day": 0, "customers": 266042934954784185095610005105587972433233955595199986592900039, "mrr": 2.510907924299976e-93, "total_revenue": 4.928703564447977, "conversion_rate": 3.854738570352694e+55, "churn_rate": 0.05, "average_price": 9.437980094178114e-156, "daily_visitors": 0, "new_customers": 30222644598585622303171625483481875438874105468472731495301120, "churned_customers": 16661390838286847526575325462427624251863401701521980267692032}, "generation": 0, "timestamp": "2025-11-15T06:27:35.168496"}