{"key": "daily_snapshot", "value": {"day": 0, "customers": 14763511107846523290053273693520714197, "mrr": 1.4958837480324288e-50, "total_revenue": 5.250998821828405, "conversion_rate": 1.8781716918128722e+30, "churn_rate": 0.05, "average_price": 1.0132303468362585e-87, "daily_visitors": 0, "new_customers": 1836230657606294293488763858296242176, "churned_customers": 561421385708208439091797365291483136}, "generation": 0, "timestamp": "2025-11-14T22:00:00.999118"}