{"key": "daily_snapshot", "value": {"day": 0, "customers": 12774695881793131951599851816877649652422351762136645874656938623109182186275979893116480, "mrr": 5.806051177227815e-133, "total_revenue": 4.61627280770732, "conversion_rate": 1.7800550128664767e+81, "churn_rate": 0.05, "average_price": 4.544962346620531e-221, "daily_visitors": 0, "new_customers": 1948137600883919768224334921849723210259526376199270828550175117774995264290995658817536, "churned_customers": 560344110447669576065338526893065040157295357003619661586770136037762858740566076686336}, "generation": 0, "timestamp": "2025-11-15T17:35:23.134075"}