{"key": "daily_snapshot", "value": {"day": 0, "customers": 5076362747669558881766152380252711536690280804930412558637386815, "mrr": 2.8281432687262816e-94, "total_revenue": 2.4762944740981485, "conversion_rate": 6.656480630364364e+56, "churn_rate": 0.05, "average_price": 5.571200107842209e-158, "daily_visitors": 0, "new_customers": 608226879911189676726976235852926252853719248262454732272959488, "churned_customers": 292228506534064457853562031052594943112626182564676852726628352}, "generation": 0, "timestamp": "2025-11-13T16:12:31.461126"}