{"key": "daily_snapshot", "value": {"day": 0, "customers": 183534520330505523783270541416103250129691476, "mrr": 2.3549051161995625e-62, "total_revenue": 7.997332640408474, "conversion_rate": 2.519590688470983e+37, "churn_rate": 0.05, "average_price": 1.2830856625548663e-106, "daily_visitors": 0, "new_customers": 19262372392041068940724051688634917115133952, "churned_customers": 12690002106118385251926178001175958064726016}, "generation": 0, "timestamp": "2025-11-15T16:14:04.837706"}