{"key": "daily_snapshot", "value": {"day": 0, "customers": 64693361803336602486184816759031226288615683644297503254399950525299793474815474081875651124276766768110, "mrr": 1.2891205111564678e-165, "total_revenue": 4.058738603221899, "conversion_rate": 8.654126805769693e+96, "churn_rate": 0.05, "average_price": 1.992662732654559e-269, "daily_visitors": 0, "new_customers": 8375566648938491493678484572605421917712247214179791989489189348515394608014950967843684487665400414208, "churned_customers": 2530270431051351508746773881903207837508682431572542990176973927248758687024794999013186352651901599744}, "generation": 0, "timestamp": "2025-11-14T15:40:28.022783"}