{"key": "daily_snapshot", "value": {"day": 0, "customers": 1686652112397791435770276295003844790251457107534361637776786764588452518991577711458239524027198800823508230292376756829748146717773845, "mrr": 1.6666337304426353e-188, "total_revenue": 6.513341788556554, "conversion_rate": 2.4999290764310755e+128, "churn_rate": 0.05, "average_price": 1e-323, "daily_visitors": 0, "new_customers": 186463892647642614481681090864165613243895197553619931349417154393412825505507565824605599799783528430321178954118057459231791383576576, "churned_customers": 82507647622674029749144335428273824700159566485431246286550354962019096396149887171051834872477039031786665456046414429076773528403968}, "generation": 0, "timestamp": "2025-11-15T01:23:14.447839"}