{"key": "daily_snapshot", "value": {"day": 0, "customers": 457167221237786513420803076056143397883074117439296828704893083, "mrr": 4.314735133752951e-93, "total_revenue": 13.18914372001125, "conversion_rate": 6.454966619411155e+55, "churn_rate": 0.05, "average_price": 9.437980094178114e-156, "daily_visitors": 0, "new_customers": 58245220099048111289529858366545551506980953848450069567635456, "churned_customers": 25354385017466308250769694287991395960234122367743257168838656}, "generation": 0, "timestamp": "2025-11-13T18:14:35.388087"}