{"key": "daily_snapshot", "value": {"day": 0, "customers": 126712720914850644807214423400824586139813757255943421536467773919300896855279558, "mrr": 2.5001891936460925e-123, "total_revenue": 3.6346456800791516, "conversion_rate": 1.6770548639019107e+73, "churn_rate": 0.05, "average_price": 1.9731161761779138e-203, "daily_visitors": 0, "new_customers": 15596796594796852084664730244427268076029270809128118128769529476112053727920128, "churned_customers": 4745356996603351461599981117139766462664285374414072197781768128794747687927808}, "generation": 0, "timestamp": "2025-11-13T15:17:05.911698"}