{"key": "daily_snapshot", "value": {"day": 0, "customers": 312711921540779721409291772591932215791861678599241592776448808992349903955401557, "mrr": 3.159126788484052e-123, "total_revenue": 7.593310615949716, "conversion_rate": 4.538140059985902e+73, "churn_rate": 0.05, "average_price": 1.0102354822030921e-203, "daily_visitors": 0, "new_customers": 33289347620022934750185936949008558367300109574663939661820487472125414073171968, "churned_customers": 19677832226154898042021067783661489285331259193345742734113767481086501980209152}, "generation": 0, "timestamp": "2025-11-14T19:04:46.397435"}