{"key": "daily_snapshot", "value": {"day": 0, "customers": 6521202367835077323540581624448694928394978832969318004675412188965057628417, "mrr": 7.97263811797346e-115, "total_revenue": 6.966800923949336, "conversion_rate": 7.539233853442659e+68, "churn_rate": 0.05, "average_price": 1.2225718001479892e-190, "daily_visitors": 0, "new_customers": 683796960943782091363319755618731117306697330003462645124589360296748908544, "churned_customers": 141327631454216500259909112725158765325885542698087729893844381715706937344}, "generation": 0, "timestamp": "2025-11-14T04:44:31.010034"}