{"key": "daily_snapshot", "value": {"day": 0, "customers": 59099223326012130115879842871976650163211619150236930069, "mrr": 3.2500727389052998e-83, "total_revenue": 6.513341788556554, "conversion_rate": 8.646816416018392e+48, "churn_rate": 0.05, "average_price": 5.499349324739436e-139, "daily_visitors": 0, "new_customers": 6569859613215321120807366100589401030369587695852716032, "churned_customers": 1873398752611897461083520544138964467101583078414352384}, "generation": 0, "timestamp": "2025-11-15T00:46:14.504392"}