{"key": "daily_snapshot", "value": {"day": 0, "customers": 22655645844252346179538826834298381435061921469112924032353336142411531089234202059263888278319357334918220637369415, "mrr": 1.93493286411258e-186, "total_revenue": 8.531929138055917, "conversion_rate": 2.960362135990635e+108, "churn_rate": 0.05, "average_price": 8.540621077034824e-302, "daily_visitors": 0, "new_customers": 2954207336692861033996555584539133591824392491882284933031383934115071403616363675777084925714619772336645230034944, "churned_customers": 678922341559836558258497019333338049495843755688619300450915368510792469162919335961869180734134169176275387678720}, "generation": 0, "timestamp": "2025-11-13T11:56:23.645925"}