{"key": "daily_snapshot", "value": {"day": 0, "customers": 6758170804978767112446557, "mrr": 5.28618107383912e-28, "total_revenue": 7.058512489256422, "conversion_rate": 8.476914475737219e+17, "churn_rate": 0.05, "average_price": 7.821911026493697e-53, "daily_visitors": 0, "new_customers": 875078721543837073801216, "churned_customers": 250734040726307994599424}, "generation": 0, "timestamp": "2025-11-15T07:10:58.142033"}