{"key": "daily_snapshot", "value": {"day": 0, "customers": 29387767963112378297554250833172142685803057656258111514165602516905208298219736640, "mrr": 4.278573264014035e-123, "total_revenue": 4.61627280770732, "conversion_rate": 4.07241508088296e+75, "churn_rate": 0.05, "average_price": 1.4559027651860168e-205, "daily_visitors": 0, "new_customers": 3536009481630353680848153287947016486033347619255633033153124068314218649125650432, "churned_customers": 1480494653854935349772515234834142339662732912297656921553084031647697029365235712}, "generation": 0, "timestamp": "2025-11-15T17:32:42.285307"}