{"key": "daily_snapshot", "value": {"day": 0, "customers": 4881385733184950414779548842470733728160294220076230001831, "mrr": 2.854591061710023e-85, "total_revenue": 7.010218214998832, "conversion_rate": 5.594436683600552e+50, "churn_rate": 0.05, "average_price": 5.847911264835635e-143, "daily_visitors": 0, "new_customers": 617451218000316718373217604669202411022676436865893007360, "churned_customers": 192691409743826447209011453824620714794150240421284937728}, "generation": 0, "timestamp": "2025-11-14T23:45:48.248544"}