{"key": "daily_snapshot", "value": {"day": 0, "customers": 22198239379307934886048657159, "mrr": 8.635155312026585e-34, "total_revenue": 7.42566689692798, "conversion_rate": 2.6479065318174113e+21, "churn_rate": 0.05, "average_price": 3.890018106605264e-62, "daily_visitors": 0, "new_customers": 2357386778880843848825700352, "churned_customers": 884365265927143360380796928}, "generation": 0, "timestamp": "2025-11-15T14:03:47.459456"}