{"key": "daily_snapshot", "value": {"day": 0, "customers": 3960420509189599584310507400977981368965388700238502731066358660800750615276491071537344148728416667315943, "mrr": 1.7770714035063827e-165, "total_revenue": 3.180859164035811, "conversion_rate": 5.479793898217925e+98, "churn_rate": 0.05, "average_price": 4.487077570129076e-271, "daily_visitors": 0, "new_customers": 538181099837079748634244984534014909723804672887650818052994223178064340649855451977816827901478342492160, "churned_customers": 113001502393885269064158043233222896203334530762816995116354444345022666940699083132417015716375731109888}, "generation": 0, "timestamp": "2025-11-14T09:30:23.088567"}