{"key": "daily_snapshot", "value": {"day": 0, "customers": 2350807442, "mrr": 0.32907553800574924, "total_revenue": 7.500683978426866, "conversion_rate": 300.32362682677604, "churn_rate": 0.05, "average_price": 1.3998404638611368e-10, "daily_visitors": 0, "new_customers": 329016880, "churned_customers": 52557726}, "generation": 0, "timestamp": "2025-11-14T09:46:30.177521"}