{"key": "daily_snapshot", "value": {"day": 0, "customers": 2857550672412909159318452152899530255100744155051232540370, "mrr": 1.0694849770906942e-85, "total_revenue": 7.180499208388138, "conversion_rate": 3.991729784634273e+50, "churn_rate": 0.05, "average_price": 3.7426632094948065e-143, "daily_visitors": 0, "new_customers": 304445878854521379677719210282461551843484060495068004352, "churned_customers": 87297427802138920395915548179808857400051566454555803648}, "generation": 0, "timestamp": "2025-11-15T19:24:22.930863"}