{"key": "daily_snapshot", "value": {"day": 0, "customers": 7871452204608214321789319082673102277844595542059860518329643585212883796, "mrr": 9.811830641332243e-112, "total_revenue": 7.997332640408474, "conversion_rate": 9.772271978473786e+65, "churn_rate": 0.05, "average_price": 1.2465083171804138e-184, "daily_visitors": 0, "new_customers": 1011085568876191343068910712783411421550618146776863000031277943281942528, "churned_customers": 384544923130773861349694106225726616646101095008930332582791747924393984}, "generation": 0, "timestamp": "2025-11-15T16:27:44.850667"}