{"key": "daily_snapshot", "value": {"day": 0, "customers": 43821845624924779317814181011831056294597415470832481348240522225025407960013289447061860404043249209194089962417895, "mrr": 6.874176690474737e-182, "total_revenue": 3.180859164035811, "conversion_rate": 5.309424260679786e+108, "churn_rate": 0.05, "average_price": 1.5686643482137764e-297, "daily_visitors": 0, "new_customers": 5608724154142369484053413349513285103951483013515148950071904372912366815562517997220291663802934084097723789737984, "churned_customers": 1082011429295026552080723558744557768080700393964588376805487443876866046092178191635209288201019783850212479467520}, "generation": 0, "timestamp": "2025-11-14T09:34:57.459628"}