{"key": "daily_snapshot", "value": {"day": 0, "customers": 1859895009487009730471347888468326700997904249857461808642709374951711896641838301986216046343, "mrr": 6.000076941233754e-142, "total_revenue": 7.42566689692798, "conversion_rate": 2.664417818532468e+86, "churn_rate": 0.05, "average_price": 3.226029916005138e-235, "daily_visitors": 0, "new_customers": 227190074927945911134655122273077255303325843567614015411919004635876838967451913257280864256, "churned_customers": 83319048431592948301751956284819640578769592001116778474000491994627955496673648093897424896}, "generation": 0, "timestamp": "2025-11-15T14:33:44.233390"}