{"key": "daily_snapshot", "value": {"day": 0, "customers": 3450032335935867529148020730796197841928465753866132613704882017441561996607380472945257269237718203564887162470887175, "mrr": 2.7441809777864762e-183, "total_revenue": 7.42566689692798, "conversion_rate": 4.573291666795176e+110, "churn_rate": 0.05, "average_price": 7.95407321027929e-301, "daily_visitors": 0, "new_customers": 515359629462385897622533109442522501528389336232960065211715189477993759282596198364080320074829429051182884870684672, "churned_customers": 75224015435066476932698536730108796342719994592742874238695889371449810167586243034464097487201144022256713216294912}, "generation": 0, "timestamp": "2025-11-15T14:45:12.213979"}