{"key": "daily_snapshot", "value": {"day": 0, "customers": 78486847325994833491870290912257710842486654259177744977011180047788177758657047328864227145010447696579570397913201620812918279918425, "mrr": 7.75553098283219e-190, "total_revenue": 4.2636659399133805, "conversion_rate": 9.0385321612676e+126, "churn_rate": 0.05, "average_price": 1e-323, "daily_visitors": 0, "new_customers": 10331066535286302099973857967105320246605187885795564987905169225650249475787382543953650894535415140660885759106968929724859689205760, "churned_customers": 3664773814628351938838217221115234067800456294297910132016889610188992983177622046688032478394995817957441215051833983432576833945600}, "generation": 0, "timestamp": "2025-11-15T15:54:38.547727"}