{"key": "daily_snapshot", "value": {"day": 0, "customers": 2070659515734543595816241565980403470, "mrr": 6.465131301909546e-48, "total_revenue": 5.934471667464104, "conversion_rate": 2.8365599389087013e+29, "churn_rate": 0.05, "average_price": 3.1222570648540988e-84, "daily_visitors": 0, "new_customers": 229037899618621280699118065773707264, "churned_customers": 114961234214795883151714722020065280}, "generation": 0, "timestamp": "2025-11-14T17:28:27.863847"}