{"key": "daily_snapshot", "value": {"day": 0, "customers": 1646015801863507602247210317160030201125598683823050790779563681445283325241531122, "mrr": 4.3590970698877897e-123, "total_revenue": 10.298721371422412, "conversion_rate": 2.266950605208891e+74, "churn_rate": 0.05, "average_price": 2.648271702466474e-204, "daily_visitors": 0, "new_customers": 215565304062935022741422540063726741942203009241541873049630845272185599785172992, "churned_customers": 53482235090177414901526113416696984090129129297247112555048508701835206202490880}, "generation": 0, "timestamp": "2025-11-14T03:45:44.843223"}