{"key": "daily_snapshot", "value": {"day": 0, "customers": 14830003016198805944787304360534952211464227047546909046763983889117026339630894146, "mrr": 8.929845838631929e-121, "total_revenue": 7.574353924996814, "conversion_rate": 2.2345500899138915e+75, "churn_rate": 0.05, "average_price": 6.021472705621073e-203, "daily_visitors": 0, "new_customers": 1851078374268868845793876001553651108162901680821508786582652315769885569545404416, "churned_customers": 487339597987978283214767447478304090643271091561013141188214931366637859783049216}, "generation": 0, "timestamp": "2025-11-14T10:59:40.769118"}