{"key": "daily_snapshot", "value": {"day": 0, "customers": 546647462460790160916563473376665010428745121448414853850730222714526045643773210124531608222724, "mrr": 2.676483332076627e-148, "total_revenue": 4.445436838349596, "conversion_rate": 8.186039927526781e+88, "churn_rate": 0.05, "average_price": 4.896178096259993e-244, "daily_visitors": 0, "new_customers": 68582895318484913723842240060662284820746657584336436693781327317819629217159993837373135781888, "churned_customers": 31813763586132263604942779667555517144010805574174074042107090680150249679657789943984641015808}, "generation": 0, "timestamp": "2025-11-15T18:40:34.138332"}