{"key": "daily_snapshot", "value": {"day": 0, "customers": 1554385328938857880967021135010312677714393167282313215049914196186365124611582140612167148555327, "mrr": 6.088437920558656e-148, "total_revenue": 2.4762944740981485, "conversion_rate": 1.9998315940819042e+89, "churn_rate": 0.05, "average_price": 3.9169424770079944e-244, "daily_visitors": 0, "new_customers": 203356682915235038075546162934389725335139420851849794473614982094969145229760057984141840351232, "churned_customers": 61819110588217063493705558122622147149621762448652579858511045910471443998963663555445538160640}, "generation": 0, "timestamp": "2025-11-13T16:27:24.386145"}