{"key": "daily_snapshot", "value": {"day": 0, "customers": 1408203670435504787732597336714862130337395359513355530582368093322578539977241095768046089351844904064798692690148466670738947, "mrr": 1.391490111819463e-197, "total_revenue": 11.37579680016544, "conversion_rate": 2.0398867628616585e+119, "churn_rate": 0.05, "average_price": 1e-323, "daily_visitors": 0, "new_customers": 157838231768197753781951893089235833442694198997041690182582314890445557855291801715671081203798067417114253968666037344796672, "churned_customers": 86136918947250550418471293460321860262004780652703575469103161791258655293548841841376031253646365963425931333848549818368000}, "generation": 0, "timestamp": "2025-11-14T06:27:44.531774"}