{"key": "daily_snapshot", "value": {"day": 0, "customers": 143686588190257493274539861600622838222633934816516949, "mrr": 1.3648302693955554e-77, "total_revenue": 7.593310615949716, "conversion_rate": 1.690681314647535e+46, "churn_rate": 0.05, "average_price": 9.498661542358872e-131, "daily_visitors": 0, "new_customers": 14976930199802931221219681995778571385533987247095808, "churned_customers": 6753406243760747847930931329983320884116195175825408}, "generation": 0, "timestamp": "2025-11-14T18:52:10.284235"}