{"key": "daily_snapshot", "value": {"day": 0, "customers": 238418037125165504869383347867394710296332268767531368095891606594, "mrr": 1.5313963436106868e-94, "total_revenue": 7.574353924996814, "conversion_rate": 3.3045986620545254e+58, "churn_rate": 0.05, "average_price": 6.423156410799276e-160, "daily_visitors": 0, "new_customers": 35021009104659464136707458322529894889951714920300526658264236032, "churned_customers": 9728443373754010821987068388277724281270990634859351724125061120}, "generation": 0, "timestamp": "2025-11-14T10:50:07.045654"}