{"key": "daily_snapshot", "value": {"day": 0, "customers": 1564451216118588276936295676827084807683699937727191590090119477496973661290763080038812432971572370034952449, "mrr": 3.028060960205593e-170, "total_revenue": 6.966800923949336, "conversion_rate": 2.1407090618895892e+101, "churn_rate": 0.05, "average_price": 1.9355419517127725e-278, "daily_visitors": 0, "new_customers": 228382356088755060672653900876102604016424883915841572868206680999876412899313341951464122992639743300206592, "churned_customers": 36463245894877359701081716315205283143103298440462344441951074586676179121937727885783335816044273110876160}, "generation": 0, "timestamp": "2025-11-14T04:59:41.937901"}