{"key": "daily_snapshot", "value": {"day": 0, "customers": 88038047340474153994206458651866060991618233037552926725217011346961139083281104535006370964220336047374568770467456842105953374229, "mrr": 8.69931494357472e-193, "total_revenue": 6.513341788556554, "conversion_rate": 1.1533465975964103e+124, "churn_rate": 0.05, "average_price": 1e-323, "daily_visitors": 0, "new_customers": 10233908380994225683857404529200543259870485635395891642772320697850901272291672040893909645743853111399142020012640782792897069056, "churned_customers": 3901705229517651259853735439462679051054857046824947017300413139782528968054264023299055802460492842397392386345769257680668459008}, "generation": 0, "timestamp": "2025-11-15T01:21:12.761900"}