{"key": "daily_snapshot", "value": {"day": 0, "customers": 54067338548888109050580425788230376749475049629894140730646854177444368955155421602201269047218932023115, "mrr": 5.516184093705552e-166, "total_revenue": 5.241512577835226, "conversion_rate": 8.03360684202685e+96, "churn_rate": 0.05, "average_price": 1.0202433191191344e-269, "daily_visitors": 0, "new_customers": 7824190922018614414272853545642328904646318715752553988807172766971548634564854308574589500952143724544, "churned_customers": 3601698289207455649941893180274640189232683849807186597482015944074641088162896662168686248079873015808}, "generation": 0, "timestamp": "2025-11-13T20:39:37.946559"}