{"key": "daily_snapshot", "value": {"day": 0, "customers": 3994797046444238723064160816990315938635503160228601493742197722092, "mrr": 3.1458095338905457e-99, "total_revenue": 3.8452002827692775, "conversion_rate": 5.279243934940833e+59, "churn_rate": 0.05, "average_price": 7.874766846267258e-166, "daily_visitors": 0, "new_customers": 489734373895045038574126956248128143227990330090263757953525874688, "churned_customers": 122918193569846261914839667682206103943363985803995505982735122432}, "generation": 0, "timestamp": "2025-11-13T14:09:24.936899"}