{"key": "daily_snapshot", "value": {"day": 0, "customers": 107836959142595712586845740521813733222809602252348275708449547310741106913529266021667777800463033172, "mrr": 2.060310952625639e-158, "total_revenue": 7.997332640408474, "conversion_rate": 1.3449493609494237e+94, "churn_rate": 0.05, "average_price": 1.910579609261083e-259, "daily_visitors": 0, "new_customers": 14344166764168066726171347630837881093279313171582942698855226302177727084670829438783328300684017664, "churned_customers": 3962681284022826610033545871848591103745783870982768588454787070053475773667974022028272948660404224}, "generation": 0, "timestamp": "2025-11-15T16:40:42.520475"}