{"key": "daily_snapshot", "value": {"day": 0, "customers": 22623514465847659749308359038680087552608424141818422215, "mrr": 4.1165340993594393e-81, "total_revenue": 4.928703564447977, "conversion_rate": 3.282887003269103e+48, "churn_rate": 0.05, "average_price": 1.8195820572324154e-136, "daily_visitors": 0, "new_customers": 2989832940919446632617595763506668083887296174289321984, "churned_customers": 869571599616485809864566296746816563674143101942759424}, "generation": 0, "timestamp": "2025-11-15T06:24:15.083646"}