{"key": "daily_snapshot", "value": {"day": 0, "customers": 13562433367922845948425793390671798392075292272490192437685964390955746523846425237973, "mrr": 6.683103396399371e-134, "total_revenue": 5.250998821828405, "conversion_rate": 2.1006289027918257e+78, "churn_rate": 0.05, "average_price": 4.9276580500707904e-219, "daily_visitors": 0, "new_customers": 2017351869497797846140559497426544772560112208787677394849387648336776114439454720000, "churned_customers": 546634027171873226715477078728389794556082470430618723838878433033427474957522173952}, "generation": 0, "timestamp": "2025-11-14T22:22:43.047232"}