{"key": "daily_snapshot", "value": {"day": 0, "customers": 601142438918028522137667811024883659580475433927, "mrr": 9.365087606148347e-68, "total_revenue": 4.928703564447977, "conversion_rate": 9.368940950256612e+40, "churn_rate": 0.05, "average_price": 1.5578816266913681e-115, "daily_visitors": 0, "new_customers": 66076600888277716262553934657265387893027766272, "churned_customers": 38409072504784246522557294462763760463774744576}, "generation": 0, "timestamp": "2025-11-15T06:20:37.970108"}