{"key": "daily_snapshot", "value": {"day": 0, "customers": 1822501606423085679, "mrr": 7.73594140998334e-17, "total_revenue": 2.4762944740981485, "conversion_rate": 243831494280.90555, "churn_rate": 0.05, "average_price": 4.244682903279415e-35, "daily_visitors": 0, "new_customers": 250581435619875712, "churned_customers": 115024700419332512}, "generation": 0, "timestamp": "2025-11-13T15:51:18.632030"}