{"key": "daily_snapshot", "value": {"day": 0, "customers": 4064445634744131270905511312077236541371941180551253443759678292, "mrr": 1.5560728332490853e-95, "total_revenue": 7.997332640408474, "conversion_rate": 5.314848079693773e+56, "churn_rate": 0.05, "average_price": 3.8284995620246366e-159, "daily_visitors": 0, "new_customers": 408816328377067380893644782794602673016846711621559892859420672, "churned_customers": 204246732120036548278858379841611807422657932983308413197877248}, "generation": 0, "timestamp": "2025-11-15T16:23:13.152010"}