{"key": "daily_snapshot", "value": {"day": 0, "customers": 3385, "mrr": 0.03319998339731873, "total_revenue": 1.7941880201002869, "conversion_rate": 2.859955722089759, "churn_rate": 0.05, "average_price": 9.807971461541723e-06, "daily_visitors": 16, "new_customers": 895, "churned_customers": 227}, "generation": 0, "timestamp": "2025-11-14T13:53:46.180483"}