{"key": "daily_snapshot", "value": {"day": 0, "customers": 63755564488859975721008591036, "mrr": 2.130392257362839e-34, "total_revenue": 7.827191553977371, "conversion_rate": 9.797631157860039e+21, "churn_rate": 0.05, "average_price": 3.3415001097434917e-63, "daily_visitors": 0, "new_customers": 7210026005434483894038560768, "churned_customers": 4102502156491977447090159616}, "generation": 0, "timestamp": "2025-11-15T04:56:26.712817"}