{"key": "daily_snapshot", "value": {"day": 0, "customers": 1312105864343066623445778332245671491936641457099743107420828483, "mrr": 9.811321732358177e-96, "total_revenue": 3.6902796439842023, "conversion_rate": 1.6903548903002482e+56, "churn_rate": 0.05, "average_price": 7.477538207079367e-159, "daily_visitors": 0, "new_customers": 151310679117179819023677538230265320788529188128968325386469376, "churned_customers": 42385585710261301050142474025338047493418297269637416132542464}, "generation": 0, "timestamp": "2025-11-14T01:30:07.240110"}