{"key": "daily_snapshot", "value": {"day": 0, "customers": 275473942121976900222058424231748361707042357579852175114059, "mrr": 4.141907669832953e-90, "total_revenue": 5.241512577835226, "conversion_rate": 3.443314621681227e+52, "churn_rate": 0.05, "average_price": 1.5035569745464206e-149, "daily_visitors": 0, "new_customers": 28181221611217672765672687060409509932688860972351955664896, "churned_customers": 7219748371246724117088428972087428474467013638103530209280}, "generation": 0, "timestamp": "2025-11-13T19:14:39.801532"}