{"key": "daily_snapshot", "value": {"day": 0, "customers": 491, "mrr": 0.0700778617118628, "total_revenue": 2.8920830610107515, "conversion_rate": 1.1271682226345194, "churn_rate": 0.05, "average_price": 0.00014272476927059633, "daily_visitors": 28, "new_customers": 83, "churned_customers": 32}, "generation": 0, "timestamp": "2025-11-14T11:51:11.285190"}