{"key": "daily_snapshot", "value": {"day": 0, "customers": 57471628589653962857280183952767889370422237165372384965739467534400891141947754045189131072182578981145971174366325679174810866723680007, "mrr": 5.678951459339127e-187, "total_revenue": 7.42566689692798, "conversion_rate": 8.137112691060882e+129, "churn_rate": 0.05, "average_price": 1e-323, "daily_visitors": 0, "new_customers": 6524684785130556616560355792048637292917050798063990419002562554037931170750726762133763721013801149200432457081091596122180558423851008, "churned_customers": 1843980156136976832689585682552724262583981172920471520267635732958939098130911044138521233269808733587509359578400362848408853087780864}, "generation": 0, "timestamp": "2025-11-15T14:54:03.731551"}