{"key": "daily_snapshot", "value": {"day": 0, "customers": 3439852705027238439314106567399250103713979840693005431141156806, "mrr": 3.215203753570811e-95, "total_revenue": 3.6346456800791516, "conversion_rate": 5.4455347790886505e+56, "churn_rate": 0.05, "average_price": 9.346922758849208e-159, "daily_visitors": 0, "new_customers": 409317382652684622287995013490054929170691517355066830629109760, "churned_customers": 196875520868297611988944541463578184049832913135814044591063040}, "generation": 0, "timestamp": "2025-11-13T15:09:19.459469"}