{"key": "daily_snapshot", "value": {"day": 0, "customers": 9166527966812152070203178770811451386218332950, "mrr": 4.098263909420246e-65, "total_revenue": 8.73321624443256, "conversion_rate": 1.404444329936544e+39, "churn_rate": 0.05, "average_price": 4.470901004456872e-111, "daily_visitors": 0, "new_customers": 1160790829229044850595950494506941373682286592, "churned_customers": 538951039212819885902505663839472657893425152}, "generation": 0, "timestamp": "2025-11-14T16:15:54.179540"}