{"key": "daily_snapshot", "value": {"day": 0, "customers": 592374273715270596462696302490517164053, "mrr": 6.382544399230188e-53, "total_revenue": 6.513341788556554, "conversion_rate": 7.545398005706306e+31, "churn_rate": 0.05, "average_price": 1.0774513145548938e-91, "daily_visitors": 0, "new_customers": 84298173677426072838451478796343181312, "churned_customers": 36361495050543921144091636435913801728}, "generation": 0, "timestamp": "2025-11-15T00:38:04.286860"}