{"key": "daily_snapshot", "value": {"day": 0, "customers": 137742908854099427098716519155401513094445340640636255756310793416956294142418425309839734972690871782290, "mrr": 2.744751611609976e-165, "total_revenue": 5.414632391501176, "conversion_rate": 1.966114891271629e+97, "churn_rate": 0.05, "average_price": 1.992662732654559e-269, "daily_visitors": 0, "new_customers": 15099654014990486438070526481688816049011407527504276425757157334150854065252153804403989329088501252096, "churned_customers": 3324786346932006072016429904832973606122917905193883768759344240678236957570652330836122011862709567488}, "generation": 0, "timestamp": "2025-11-13T22:41:53.930916"}