{"key": "daily_snapshot", "value": {"day": 0, "customers": 58884483693222531591398138554416284508246412817384982396576337606781746063508433290142790394259951387634336809735266387111, "mrr": 2.2845906489620517e-194, "total_revenue": 7.010218214998832, "conversion_rate": 8.257774754584757e+114, "churn_rate": 0.05, "average_price": 3.8797838e-316, "daily_visitors": 0, "new_customers": 7798682084007758871935062391577777798375144450129484532258062301658735471659087180610904382456977440235027418119936147456, "churned_customers": 1561893448311624511293394793304724388898562036611457640898289335475148627989445470109419078081076767530304053287959134208}, "generation": 0, "timestamp": "2025-11-15T00:15:44.103567"}