{"key": "daily_snapshot", "value": {"day": 0, "customers": 45338332733006257212700914245096210717024730000558994, "mrr": 8.493142302937041e-75, "total_revenue": 5.414632391501176, "conversion_rate": 6.095740010059645e+45, "churn_rate": 0.05, "average_price": 1.873280685673305e-127, "daily_visitors": 0, "new_customers": 6522659520484574581385427448599023916160998986219520, "churned_customers": 1174977772681846167855071452836869157911067208187904}, "generation": 0, "timestamp": "2025-11-13T22:17:13.917619"}