{"key": "daily_snapshot", "value": {"day": 0, "customers": 497746362288727787883278730400137368935685651707973939668777552183770622272786720726131508377700990735511576184054650999, "mrr": 3.5815135537767738e-189, "total_revenue": 8.055065502431749, "conversion_rate": 5.936663359447993e+112, "churn_rate": 0.05, "average_price": 7.195459023162573e-309, "daily_visitors": 0, "new_customers": 64047205088889793083083094207439480925631948308424769088874337842464348855292673423011364279812738960380634793567584256, "churned_customers": 13924580722963756880204431846547507951695617708830339212835474786634642090294292340282418773625935034841541617945411584}, "generation": 0, "timestamp": "2025-11-13T17:39:53.061924"}