{"key": "daily_snapshot", "value": {"day": 0, "customers": 43231536071482877, "mrr": 8.83540401506011e-15, "total_revenue": 8.73321624443256, "conversion_rate": 5970437626.831947, "churn_rate": 0.05, "average_price": 2.0437404769635905e-31, "daily_visitors": 0, "new_customers": 5804913463246935, "churned_customers": 1858247618866432}, "generation": 0, "timestamp": "2025-11-14T16:02:09.178874"}