{"key": "daily_snapshot", "value": {"day": 0, "customers": 170979686594554399272643638411157570769740230434201061396247068526394736695312494103592464054513526535795072542478, "mrr": 1.0431708132271261e-177, "total_revenue": 5.934471667464104, "conversion_rate": 2.2881593066266878e+106, "churn_rate": 0.05, "average_price": 6.1011388779814885e-291, "daily_visitors": 0, "new_customers": 19439367140668067330538324554337888328776976197180980013360515365483987652979297123142358747355681569733206867968, "churned_customers": 8914890270972124500611119846260062175795582507737728847754216917749338451450367003906648706709288442582345449472}, "generation": 0, "timestamp": "2025-11-14T18:18:44.844026"}