{"key": "daily_snapshot", "value": {"day": 0, "customers": 5323499178956335489526740050770817295653987242087445541595400931585, "mrr": 5.626583632674839e-100, "total_revenue": 6.966800923949336, "conversion_rate": 8.149992378456904e+59, "churn_rate": 0.05, "average_price": 1.0569333146357171e-166, "daily_visitors": 0, "new_customers": 584907521987866946611199668954260626921812735091411223497001664512, "churned_customers": 293484532749458847378641947879990666299964419349271272323519873024}, "generation": 0, "timestamp": "2025-11-14T04:40:22.855497"}