{"key": "daily_snapshot", "value": {"day": 0, "customers": 42077244673916406592803702132376372341785650291652071289241126341633294318253436653410975, "mrr": 8.249290437827971e-140, "total_revenue": 3.5615064647863135, "conversion_rate": 5.2692050373808384e+81, "churn_rate": 0.05, "average_price": 1.9605110795055667e-228, "daily_visitors": 0, "new_customers": 4740312448364639482101523198694808945872286075849135673330966282415780683610440184365056, "churned_customers": 1779818632449969857978931617078422226205973682150005694162120707359668683936103223263232}, "generation": 0, "timestamp": "2025-11-13T12:14:46.185421"}