{"key": "daily_snapshot", "value": {"day": 0, "customers": 81130898587773615030605463490553650267224872426, "mrr": 2.468600317711976e-68, "total_revenue": 5.620306961549841, "conversion_rate": 9.69122387470083e+39, "churn_rate": 0.05, "average_price": 3.0427375521315782e-115, "daily_visitors": 0, "new_customers": 8464316605036193428224812165343750232859475968, "churned_customers": 4520199840214266889664709512966125551051866112}, "generation": 0, "timestamp": "2025-11-15T03:03:07.582490"}