{"key": "daily_snapshot", "value": {"day": 0, "customers": 1631821745877282477746340353884938994169444429966146604547373390949522656425362110878391026, "mrr": 1.3103942093088893e-138, "total_revenue": 10.298721371422412, "conversion_rate": 2.158118301551317e+83, "churn_rate": 0.05, "average_price": 8.030253381654803e-229, "daily_visitors": 0, "new_customers": 217346769083707022458636504408162167300640738527422213792287327961722476360059492589633536, "churned_customers": 35089311703936515322586522727421665795370226076409432041408524293628392716524709950259200}, "generation": 0, "timestamp": "2025-11-14T03:49:58.939909"}