{"key": "daily_snapshot", "value": {"day": 0, "customers": 54198151303, "mrr": 0.0015757326060901263, "total_revenue": 10.298382466723977, "conversion_rate": 6886.785818681643, "churn_rate": 0.05, "average_price": 2.9073548971824534e-14, "daily_visitors": 0, "new_customers": 6757387708, "churned_customers": 2950074736}, "generation": 0, "timestamp": "2025-11-14T03:12:56.274393"}