{"key": "daily_snapshot", "value": {"day": 0, "customers": 2808423766246343019876292059343221285275227589275218876023715608274, "mrr": 3.9840071542693223e-101, "total_revenue": 7.180499208388138, "conversion_rate": 3.7410021645466595e+59, "churn_rate": 0.05, "average_price": 1.4185918813791517e-167, "daily_visitors": 0, "new_customers": 340536254663455641393523349977926180048570631909426330591035392000, "churned_customers": 195141723721901303348352446835408174963678894491321524283529756672}, "generation": 0, "timestamp": "2025-11-15T19:28:36.974066"}