{"key": "daily_snapshot", "value": {"day": 0, "customers": 3871275757683875771035817689470033801160140946962121353065535886930464670331360355260219989199979330135694091201602562699585950255007686, "mrr": 3.82532871489929e-188, "total_revenue": 3.6346456800791516, "conversion_rate": 6.073055343952305e+128, "churn_rate": 0.05, "average_price": 1e-323, "daily_visitors": 0, "new_customers": 501727570216738061427025135855961599061849245671086903430842641982424085535873782391712541224256610680082104056084868355055933043245056, "churned_customers": 151176460531588142481094996591376547855828442463433562817996419124876055633314941954054210980882186860205074929985878956180137020751872}, "generation": 0, "timestamp": "2025-11-13T15:45:00.969304"}