{"key": "daily_snapshot", "value": {"day": 0, "customers": 1782878847260262324, "mrr": 1.015726930691643e-17, "total_revenue": 7.997332640408474, "conversion_rate": 243211235050.2267, "churn_rate": 0.05, "average_price": 5.6971169535860704e-36, "daily_visitors": 0, "new_customers": 242148586611104064, "churned_customers": 104341720210076304}, "generation": 0, "timestamp": "2025-11-15T16:01:52.976528"}