{"key": "daily_snapshot", "value": {"day": 0, "customers": 374906206574630562581487378525942492627707553498806997891227593814702827244438217, "mrr": 1.6819592491217494e-121, "total_revenue": 3.6905216285399813, "conversion_rate": 4.9324656506042235e+73, "churn_rate": 0.05, "average_price": 4.486346770540677e-202, "daily_visitors": 0, "new_customers": 41288665096514265769668971512679418936309282369036330748432786402943729494130688, "churned_customers": 14825969523620691431955713594975962998658819485013882405225890985222570019651584}, "generation": 0, "timestamp": "2025-11-15T04:19:17.393604"}