{"key": "daily_snapshot", "value": {"day": 0, "customers": 105887758822523345557477433375503203078508663021340720640031185759477580276564, "mrr": 7.567970456096995e-119, "total_revenue": 7.997332640408474, "conversion_rate": 1.4443486101267775e+70, "churn_rate": 0.05, "average_price": 7.147162750683525e-196, "daily_visitors": 0, "new_customers": 12849398045445978973670298723784749289159577473060474604423590344562355208192, "churned_customers": 4764624144851783308582501008474890740786476336942238328993374198343202242560}, "generation": 0, "timestamp": "2025-11-15T16:29:41.428835"}