{"key": "daily_snapshot", "value": {"day": 0, "customers": 83029327686675220718237906205193673098916510202368481182179060561331092788778334969105469870193911886012, "mrr": 1.1480361591834138e-163, "total_revenue": 7.827191553977371, "conversion_rate": 1.1993789599274144e+97, "churn_rate": 0.05, "average_price": 1.3826875288159824e-267, "daily_visitors": 0, "new_customers": 10954618607825939290206237503554865977740570800030313207514820326718867893631386927390331088798207705088, "churned_customers": 3874516441586222669753373305962649909801351243323819242643413865533288950032801378585892056669402169344}, "generation": 0, "timestamp": "2025-11-15T05:45:46.669185"}