{"key": "daily_snapshot", "value": {"day": 0, "customers": 2043863487345184327100785436970113689874820384720603894847360871630316818542550244836723384252928661623, "mrr": 2.4750649177759207e-160, "total_revenue": 8.055065502431749, "conversion_rate": 3.266296179263514e+95, "churn_rate": 0.05, "average_price": 1.2109736942318161e-262, "daily_visitors": 0, "new_customers": 341276740827897340150443849416239950999409363122523228110129561566181708498044460149524810942589698048, "churned_customers": 98596923821363628927058225983475134308422841873133047274358468611629058891526719439419902523913273344}, "generation": 0, "timestamp": "2025-11-13T17:31:50.267331"}