{"key": "daily_snapshot", "value": {"day": 0, "customers": 31478707101190935015388505624358719646864101856966524997361658601697945878037537920188146402456697835016213, "mrr": 2.3468749896255576e-168, "total_revenue": 6.513341788556554, "conversion_rate": 4.600630802516289e+99, "churn_rate": 0.05, "average_price": 7.455436406842669e-275, "daily_visitors": 0, "new_customers": 3894308573809977547785035655713874676088771917101875729834890592250067870561539152305702880432589186793472, "churned_customers": 1738277932477132211790377553823076117490190309844924044590848676867513727157867757966646575264962489352192}, "generation": 0, "timestamp": "2025-11-15T01:09:43.877208"}