{"key": "daily_snapshot", "value": {"day": 0, "customers": 2769061567047059805, "mrr": 1.8365294205894937e-16, "total_revenue": 5.438023679800494, "conversion_rate": 401375396271.8777, "churn_rate": 0.05, "average_price": 6.632317036374085e-35, "daily_visitors": 0, "new_customers": 369573075960068224, "churned_customers": 191947670246961632}, "generation": 0, "timestamp": "2025-11-14T19:36:44.772641"}