{"key": "daily_snapshot", "value": {"day": 0, "customers": 27054095358675207875158905251301821993776303738612903781569341566695, "mrr": 2.637365558525266e-101, "total_revenue": 3.180859164035811, "conversion_rate": 4.057555525813985e+60, "churn_rate": 0.05, "average_price": 9.748489179031315e-169, "daily_visitors": 0, "new_customers": 3794238234851679762835061090365550760340687680203705932239647801344, "churned_customers": 1790921388365238796277267578995413037191603250009371205137680302080}, "generation": 0, "timestamp": "2025-11-14T09:12:41.564832"}