{"key": "daily_snapshot", "value": {"day": 0, "customers": 116314961809137703029752497574209840915492482624129070115585867, "mrr": 7.543874995023128e-95, "total_revenue": 5.241512577835226, "conversion_rate": 1.5975986810750676e+55, "churn_rate": 0.05, "average_price": 6.485730535167043e-157, "daily_visitors": 0, "new_customers": 13586281406466566903199003737357288993882173905140473808289792, "churned_customers": 7916978960504426902364861691194205084548572620447764321402880}, "generation": 0, "timestamp": "2025-11-13T19:15:56.078308"}