{"key": "daily_snapshot", "value": {"day": 0, "customers": 2551960471292548679298309, "mrr": 4.186168675444562e-29, "total_revenue": 1.5620171583249602, "conversion_rate": 3.3699134947947437e+17, "churn_rate": 0.05, "average_price": 1.6403736353033317e-53, "daily_visitors": 0, "new_customers": 354085581555388798468096, "churned_customers": 109725547498434369421312}, "generation": 0, "timestamp": "2025-11-13T21:03:22.370135"}