{"key": "daily_snapshot", "value": {"day": 0, "customers": 467669873418849098666581472067, "mrr": 2.0772097557557007e-37, "total_revenue": 3.6902796439842023, "conversion_rate": 6.104672080748768e+22, "churn_rate": 0.05, "average_price": 4.441615493789428e-67, "daily_visitors": 0, "new_customers": 54669185516383311804002992128, "churned_customers": 23576848531329160552294383616}, "generation": 0, "timestamp": "2025-11-14T01:14:16.042621"}