{"key": "daily_snapshot", "value": {"day": 0, "customers": 145061470, "mrr": 2.20161254085576, "total_revenue": 5.074546982691175, "conversion_rate": 24.2745596730786, "churn_rate": 0.05, "average_price": 1.5177100720513588e-08, "daily_visitors": 0, "new_customers": 18803656, "churned_customers": 4762247}, "generation": 0, "timestamp": "2025-11-15T02:26:00.632716"}