{"key": "daily_snapshot", "value": {"day": 0, "customers": 3904978752051241534162722582522420565996236489281557, "mrr": 1.2272736968315066e-76, "total_revenue": 6.513341788556554, "conversion_rate": 5.195047266789189e+44, "churn_rate": 0.05, "average_price": 3.1428434692169157e-128, "daily_visitors": 0, "new_customers": 512242204270605023137849793117341686391144211021824, "churned_customers": 120024888000800459077893553565782845730432760152064}, "generation": 0, "timestamp": "2025-11-15T00:44:22.938905"}