{"key": "daily_snapshot", "value": {"day": 0, "customers": 9190347523073663664102792280131245561682674, "mrr": 4.924570289984276e-58, "total_revenue": 10.298721371422412, "conversion_rate": 1.23484861058786e+36, "churn_rate": 0.05, "average_price": 5.358415748284216e-101, "daily_visitors": 0, "new_customers": 1240225720278698743967361180241758659805184, "churned_customers": 501390643697281833914421222226964126892032}, "generation": 0, "timestamp": "2025-11-14T03:27:54.481091"}