{"key": "daily_snapshot", "value": {"day": 0, "customers": 79469330873993334, "mrr": 6.652505628032718e-15, "total_revenue": 4.816594378793726, "conversion_rate": 11411044917.094765, "churn_rate": 0.05, "average_price": 8.371160993642867e-32, "daily_visitors": 0, "new_customers": 11236374070835380, "churned_customers": 3087607761554787}, "generation": 0, "timestamp": "2025-11-15T20:06:31.011653"}