{"key": "daily_snapshot", "value": {"day": 0, "customers": 120264791282348405102362314100974131661894578330197697209518, "mrr": 9.439503654165252e-85, "total_revenue": 14.069439877331755, "conversion_rate": 1.63927108185813e+52, "churn_rate": 0.05, "average_price": 7.848933635118456e-144, "daily_visitors": 0, "new_customers": 13968131491212144620781489812683721182308257354440056504320, "churned_customers": 5899396652283026504614916432794516386911079366054570360832}, "generation": 0, "timestamp": "2025-11-15T13:16:37.467543"}