{"key": "daily_snapshot", "value": {"day": 0, "customers": 15969891715373183455434492516227212165530504032470356683417428712907460356972112331465, "mrr": 1.0768946603951006e-128, "total_revenue": 3.6905216285399813, "conversion_rate": 2.0428262416374124e+78, "churn_rate": 0.05, "average_price": 6.7432809162910205e-214, "daily_visitors": 0, "new_customers": 2276796886148526074641087372586413777425304131483237936103520245749159705596454240256, "churned_customers": 852202636223913325195667437617384999102303006129734198103347371801325472602552008704}, "generation": 0, "timestamp": "2025-11-15T04:21:20.058598"}