{"key": "daily_snapshot", "value": {"day": 0, "customers": 3765192299268262, "mrr": 7.2364146049133556e-12, "total_revenue": 4.59659116433115, "conversion_rate": 529504209.4732085, "churn_rate": 0.05, "average_price": 1.9219243081740343e-27, "daily_visitors": 0, "new_customers": 502609524634752, "churned_customers": 155145672309416}, "generation": 0, "timestamp": "2025-11-14T11:55:08.322435"}