{"key": "daily_snapshot", "value": {"day": 0, "customers": 1258947165210800505314595107742894, "mrr": 6.323061370281216e-42, "total_revenue": 14.069439877331755, "conversion_rate": 1.6167570156966595e+26, "churn_rate": 0.05, "average_price": 5.022499390768691e-75, "daily_visitors": 0, "new_customers": 172431378933676875075639111057408, "churned_customers": 50686460478086218937214621974528}, "generation": 0, "timestamp": "2025-11-15T13:04:43.563535"}