{"key": "daily_snapshot", "value": {"day": 0, "customers": 1226077909778420079915544268696593534143950179454199443894254226014670459862045159183159517890048188, "mrr": 1.6412844566221326e-155, "total_revenue": 7.827191553977371, "conversion_rate": 1.6818229093219063e+92, "churn_rate": 0.05, "average_price": 1.3386461362139292e-254, "daily_visitors": 0, "new_customers": 129465953483280480930699565174383646019686707768531697912031106143512341346485758777188337944887296, "churned_customers": 54976468000295775449307138352454857801695178556752519343002163895480255544899862385387855056732160}, "generation": 0, "timestamp": "2025-11-15T05:43:31.971563"}