{"key": "daily_snapshot", "value": {"day": 0, "customers": 229922750876368098638533396858143432172763998964872180698807786234892745018403477389515839914365808, "mrr": 1.285370978797305e-150, "total_revenue": 7.626819946521412, "conversion_rate": 3.0015588772883773e+91, "churn_rate": 0.05, "average_price": 5.59044711277164e-249, "daily_visitors": 0, "new_customers": 30041370096536697755448085795712586246517799494717873317531865911619170016808691981598564752031744, "churned_customers": 13885546107517438703764461115942436534778710427327328249425282596231646739968827674504202003939328}, "generation": 0, "timestamp": "2025-11-15T02:06:24.595368"}