{"key": "daily_snapshot", "value": {"day": 0, "customers": 13145238521230964177633387348, "mrr": 1.5605229450449657e-33, "total_revenue": 7.997332640408474, "conversion_rate": 1.7526168887913488e+21, "churn_rate": 0.05, "average_price": 1.1871393147599067e-61, "daily_visitors": 0, "new_customers": 1859447628324515846897532928, "churned_customers": 494393105026946559960416256}, "generation": 0, "timestamp": "2025-11-15T16:06:19.136303"}