{"key": "daily_snapshot", "value": {"day": 0, "customers": 125136495794143405543921347733889583554233725331703728009404, "mrr": 5.797814913831418e-87, "total_revenue": 7.827191553977371, "conversion_rate": 1.6442183874664397e+52, "churn_rate": 0.05, "average_price": 4.633192640593956e-146, "daily_visitors": 0, "new_customers": 15226422083825141852031264700508981889464647070294562832384, "churned_customers": 7029140600439633671827197807528185790114516519470835433472}, "generation": 0, "timestamp": "2025-11-15T05:10:46.351453"}