{"key": "daily_snapshot", "value": {"day": 0, "customers": 21916945609297539019680899518480693747402804055318516060182457633858, "mrr": 1.2859019387926084e-97, "total_revenue": 7.574353924996814, "conversion_rate": 3.056671360176794e+60, "churn_rate": 0.05, "average_price": 5.867158507009786e-165, "daily_visitors": 0, "new_customers": 2909127099461912660228204025053019866242060187629124907598467825664, "churned_customers": 1288667984842223325552980743487678407358758046981137001771553521664}, "generation": 0, "timestamp": "2025-11-14T10:50:59.270973"}