{"key": "daily_snapshot", "value": {"day": 0, "customers": 285624261906213870595277469999206425403318539766428632838218006704920738865839273875100505, "mrr": 3.0784650474112326e-140, "total_revenue": 4.2636659399133805, "conversion_rate": 4.1942792269649296e+82, "churn_rate": 0.05, "average_price": 1.0778023641500251e-229, "daily_visitors": 0, "new_customers": 42790954500459169727762562921051113151505125835792158498257731687506573751522436124246016, "churned_customers": 11429009132945812283280542819964539383001125090414486161544096912845577632336959636504576}, "generation": 0, "timestamp": "2025-11-15T15:34:12.655225"}