{"key": "daily_snapshot", "value": {"day": 0, "customers": 102410071831039102308194346975410414709925577876654111664945431221613441985575779801941, "mrr": 2.06701287369338e-133, "total_revenue": 7.593310615949716, "conversion_rate": 1.2840558783000945e+79, "churn_rate": 0.05, "average_price": 2.0183687373089962e-219, "daily_visitors": 0, "new_customers": 13222813270263400641262162009965902922746985410648687406641578778193834871661510262784, "churned_customers": 6033704463811067097575916497261410537969099015928379603584487020475001235995990425600}, "generation": 0, "timestamp": "2025-11-14T19:07:29.234268"}