{"key": "daily_snapshot", "value": {"day": 0, "customers": 101057641851572619653611516520905514232764173181535557119118406560597485079085431792974232558, "mrr": 3.758696764860813e-145, "total_revenue": 4.058738603221899, "conversion_rate": 1.3056303379272317e+85, "churn_rate": 0.05, "average_price": 3.719359264667348e-237, "daily_visitors": 0, "new_customers": 13396644560200824516338741679730352711125962408737251908946369513758826215649753287897382912, "churned_customers": 3695770122490922911244322401768731194193683186878376060720717198805053867252408618235985920}, "generation": 0, "timestamp": "2025-11-14T15:34:53.464708"}