{"key": "daily_snapshot", "value": {"day": 0, "customers": 55641187038152534150218213762025681828864308973753916040351545329261046616706524969013962186608661, "mrr": 5.603542829309444e-153, "total_revenue": 6.513341788556554, "conversion_rate": 7.76814998458611e+90, "churn_rate": 0.05, "average_price": 1.0070854213565139e-250, "daily_visitors": 0, "new_customers": 5844624434715000715122034025407543103555652182659522706241975091825102383581574953617901756612608, "churned_customers": 3265992153884235595782861480197218359173314730520373786142924831593253756979012233369267677954048}, "generation": 0, "timestamp": "2025-11-15T01:05:33.532051"}