{"key": "daily_snapshot", "value": {"day": 0, "customers": 569267429978877833828903579642359946361686945723755733, "mrr": 2.4013141006563975e-75, "total_revenue": 5.438023679800494, "conversion_rate": 7.738201231889135e+46, "churn_rate": 0.05, "average_price": 4.218253098979325e-129, "daily_visitors": 0, "new_customers": 79905436368073840895740682416284178210458705864949760, "churned_customers": 26191626714342259526314283434786770704034746052116480}, "generation": 0, "timestamp": "2025-11-14T19:53:00.419614"}