{"key": "daily_snapshot", "value": {"day": 0, "customers": 18, "mrr": 6.333186975989765, "total_revenue": 2.3389898420169395, "conversion_rate": 0.07421794491111046, "churn_rate": 0.05, "average_price": 0.3518437208883203, "daily_visitors": 77, "new_customers": 2, "churned_customers": 0}, "generation": 0, "timestamp": "2025-11-15T12:51:57.880444"}