{"key": "daily_snapshot", "value": {"day": 0, "customers": 223093537448425218, "mrr": 4.205353062400687e-16, "total_revenue": 8.401501509864964, "conversion_rate": 32420446146.21086, "churn_rate": 0.05, "average_price": 1.8850178765814233e-33, "daily_visitors": 0, "new_customers": 27399845983214728, "churned_customers": 4873541971637237}, "generation": 0, "timestamp": "2025-11-14T12:57:24.584776"}