{"key": "daily_snapshot", "value": {"day": 0, "customers": 424162791497250666726701810887899767540582352468233597095977444079034257066723207197533448385409012684961412438789736592047265, "mrr": 5.448670851595794e-197, "total_revenue": 4.323965768575599, "conversion_rate": 5.893748310227285e+118, "churn_rate": 0.05, "average_price": 1.3e-322, "daily_visitors": 0, "new_customers": 59472614587242507993260173964540663215816778612980479696976623026813641619114667398682582941977412501181394092461679131492352, "churned_customers": 16722055427411608280901675765583285240324333867994886908979251465543014560388940270635376776143705134274376096047919578218496}, "generation": 0, "timestamp": "2025-11-14T14:48:32.421851"}