{"key": "daily_snapshot", "value": {"day": 0, "customers": 11456185645817898604433874417601900985316697826557935529252464681708707793873928952246818335317272472044423944946, "mrr": 2.1538299998292856e-175, "total_revenue": 10.298721371422412, "conversion_rate": 1.3794533838631383e+105, "churn_rate": 0.05, "average_price": 1.8800585695951472e-287, "daily_visitors": 0, "new_customers": 1281803442747290781900921791432202256198444026503007363023773960940715631489168403917826540289711009670275006464, "churned_customers": 464824451968050513904998773103372104424157018482708057102854191579634040784732481948587968837182757826459598848}, "generation": 0, "timestamp": "2025-11-14T04:00:06.801197"}