{"key": "daily_snapshot", "value": {"day": 0, "customers": 729744202876159476751554691569252117450776535044093290918971015292912543376508828566059160747699415195, "mrr": 6.584085771450358e-160, "total_revenue": 13.18914372001125, "conversion_rate": 1.1042478593050619e+95, "churn_rate": 0.05, "average_price": 9.022457109628734e-262, "daily_visitors": 0, "new_customers": 105732028595649623735320069658984585346037213110386118239030563120364662722708648303851433836924633088, "churned_customers": 47623448097370321447207266627902433752253851082527463674767979743420407248593029096366890539953422336}, "generation": 0, "timestamp": "2025-11-13T18:32:54.632163"}