{"key": "daily_snapshot", "value": {"day": 0, "customers": 113693438125778661, "mrr": 3.898351921035949e-15, "total_revenue": 7.180499208388138, "conversion_rate": 13948550263.54414, "churn_rate": 0.05, "average_price": 3.428827542996119e-32, "daily_visitors": 0, "new_customers": 12249184769354194, "churned_customers": 4492081873350663}, "generation": 0, "timestamp": "2025-11-15T19:05:05.604423"}