{"key": "daily_snapshot", "value": {"day": 0, "customers": 910700382043707780362526668945317878336369018185572427645392451988354795098671258610265537938418269065690419824959866276146522412030241, "mrr": 8.99891544844589e-189, "total_revenue": 9.426328809042326, "conversion_rate": 1.589772136603342e+128, "churn_rate": 0.05, "average_price": 1e-323, "daily_visitors": 0, "new_customers": 119365188209610492447104371622231304821865424787111467214578061698818580941125257213568926851646745000389706863832421527181660690317312, "churned_customers": 61425132054537332715667314473499518929661328985682650175003632222844350209602064149522939200981467394435068347164239285204651150934016}, "generation": 0, "timestamp": "2025-11-15T12:51:06.455240"}