{"key": "daily_snapshot", "value": {"day": 0, "customers": 14946711633568911988, "mrr": 5.026555609436207e-19, "total_revenue": 7.997332640408474, "conversion_rate": 1898149471547.882, "churn_rate": 0.05, "average_price": 3.3629842688254154e-38, "daily_visitors": 0, "new_customers": 1543085029514808832, "churned_customers": 650644116877187968}, "generation": 0, "timestamp": "2025-11-15T16:02:16.045804"}