{"key": "daily_snapshot", "value": {"day": 0, "customers": 404197578625197, "mrr": 3.212923154840402e-10, "total_revenue": 6.966800923872978, "conversion_rate": 60842660.44875201, "churn_rate": 0.05, "average_price": 7.948892632579748e-25, "daily_visitors": 0, "new_customers": 56620549728716, "churned_customers": 17481304823086}, "generation": 0, "timestamp": "2025-11-14T04:15:51.846600"}