{"key": "daily_snapshot", "value": {"day": 0, "customers": 7572257436402909895867548573704542871146082238042257714602878148484610812359161444791144075115221308821866725885076191954886, "mrr": 1.0235902025528515e-196, "total_revenue": 3.6346456800791516, "conversion_rate": 1.086061430019384e+117, "churn_rate": 0.05, "average_price": 1.352e-320, "daily_visitors": 0, "new_customers": 990444052437602145853494604406477183093132376502810297299410976338488721803352181922900177397551810423244264718881620230144, "churned_customers": 400490698335775217760457618644406602631675089384980445356911291665234958131228446993132728620508140455968036143889047879680}, "generation": 0, "timestamp": "2025-11-13T15:37:20.961573"}