{"key": "daily_snapshot", "value": {"day": 0, "customers": 81814980458513244658132937115193405394202896725223840510140, "mrr": 1.4460165609387274e-86, "total_revenue": 7.827191553977371, "conversion_rate": 1.0069522906388839e+52, "churn_rate": 0.05, "average_price": 1.767422729718763e-145, "daily_visitors": 0, "new_customers": 10270665673690199600875360379372115118571663675422616322048, "churned_customers": 5173581252082110101296212898280341522722309888248043798528}, "generation": 0, "timestamp": "2025-11-15T05:10:40.321448"}