{"key": "daily_snapshot", "value": {"day": 0, "customers": 110176088879341608168753192295977875850270864259902149705021077659149920763604477654758411222928821824, "mrr": 4.832847320891167e-154, "total_revenue": 4.61627280770732, "conversion_rate": 1.6078577909611297e+94, "churn_rate": 0.05, "average_price": 4.386475659145805e-255, "daily_visitors": 0, "new_customers": 14693378437124652436067450282923054874213954392567033614311763639306359929246690131663664655592587264, "churned_customers": 6158386999621573693691827329259422021219666587850162420384831958594807762024438071834949391629680640}, "generation": 0, "timestamp": "2025-11-15T17:41:16.123989"}