{"key": "daily_snapshot", "value": {"day": 0, "customers": 241763410549944540130856932182281305490740616882309243319610144542024385271696192782202228842681200, "mrr": 1.0812524483862098e-150, "total_revenue": 7.626819946521412, "conversion_rate": 3.1873489388004695e+91, "churn_rate": 0.05, "average_price": 4.472357690217312e-249, "daily_visitors": 0, "new_customers": 24296285894004760467816160558381142839360202585056334287200859788288425591618156985619981650624512, "churned_customers": 12455626220428318975492625234243269521383584667619271666398501481156785338325441592933592722309120}, "generation": 0, "timestamp": "2025-11-15T02:06:25.600677"}