{"key": "daily_snapshot", "value": {"day": 0, "customers": 3137715065876454093963762119996376488128222053486336511320957246362398483765721781205175872, "mrr": 1.3986948831603338e-136, "total_revenue": 4.61627280770732, "conversion_rate": 3.9802135854074414e+83, "churn_rate": 0.05, "average_price": 4.457686098943589e-227, "daily_visitors": 0, "new_customers": 352921476625509096084832686324247627454206022965848114074191971058278361728860919412293632, "churned_customers": 151771551900679152248515267477156848309294778657793936254493133860788574560976496568041472}, "generation": 0, "timestamp": "2025-11-15T17:36:25.451198"}