{"key": "daily_snapshot", "value": {"day": 0, "customers": 322820854699535238797146594684517556232156316852386206043873885, "mrr": 2.437421440511823e-93, "total_revenue": 7.058512489256422, "conversion_rate": 4.5750112174409287e+55, "churn_rate": 0.05, "average_price": 7.550384075342491e-156, "daily_visitors": 0, "new_customers": 37331276311784094108991958309709481710299787452398352952459264, "churned_customers": 12500297143999579875376067001685174265694866756255580732522496}, "generation": 0, "timestamp": "2025-11-15T09:54:37.415277"}