{"key": "daily_snapshot", "value": {"day": 0, "customers": 3169451446601, "mrr": 3.701871107981826e-08, "total_revenue": 3.690279636135963, "conversion_rate": 397661.29182774515, "churn_rate": 0.05, "average_price": 1.1679847981112966e-20, "daily_visitors": 0, "new_customers": 459769275054, "churned_customers": 171951471140}, "generation": 0, "timestamp": "2025-11-14T01:06:14.999923"}