{"key": "daily_snapshot", "value": {"day": 0, "customers": 19991552901683096541859658710643483963143, "mrr": 5.208034285869178e-54, "total_revenue": 7.42566689692798, "conversion_rate": 2.700569869988745e+33, "churn_rate": 0.05, "average_price": 2.605117427086273e-94, "daily_visitors": 0, "new_customers": 2287196253014330411096345508563958890496, "churned_customers": 534825280060627958003470400032040026112}, "generation": 0, "timestamp": "2025-11-15T14:09:21.207713"}