{"key": "daily_snapshot", "value": {"day": 0, "customers": 5643622757432316120850902847808245562487393193496744442552381740870291666693690130685762374551082836701326456210121, "mrr": 9.691894515309449e-178, "total_revenue": 3.6905216285399813, "conversion_rate": 7.232560036245147e+107, "churn_rate": 0.05, "average_price": 1.717317923588319e-292, "daily_visitors": 0, "new_customers": 685861349980637931317058712719121036040564230547972061882583285379830838615389982391440947260752885561650634031104, "churned_customers": 210504181337022836375929718148904560827255807260116938807581190106789955179253524874241808275222505362781221421056}, "generation": 0, "timestamp": "2025-11-15T04:34:55.614909"}