{"key": "daily_snapshot", "value": {"day": 0, "customers": 19256196202154579564630455978176291895035258310241653192962883, "mrr": 2.4630308161609354e-92, "total_revenue": 3.6902796439842023, "conversion_rate": 2.4707830254967327e+54, "churn_rate": 0.05, "average_price": 1.2790848152478558e-153, "daily_visitors": 0, "new_customers": 2211230023141645819105472038985712079702782054678816375177216, "churned_customers": 716198830923243731993780682854200194514740730482988494618624}, "generation": 0, "timestamp": "2025-11-14T01:29:12.893200"}