{"key": "daily_snapshot", "value": {"day": 0, "customers": 1688374238524309159142180806670034, "mrr": 1.2220764147442827e-43, "total_revenue": 7.180499208388138, "conversion_rate": 2.1062136018538327e+26, "churn_rate": 0.05, "average_price": 7.238184443115022e-77, "daily_visitors": 0, "new_customers": 229570910063409425458694392381440, "churned_customers": 56350901584635205976053430353920}, "generation": 0, "timestamp": "2025-11-15T19:12:49.521013"}