{"key": "daily_snapshot", "value": {"day": 0, "customers": 434895903103789663115951978286922259456087482380372805554068667128777328800318645674747389307698808130858067912420452931422360317671, "mrr": 4.29734250481372e-192, "total_revenue": 3.180859164035811, "conversion_rate": 5.339561026862487e+124, "churn_rate": 0.05, "average_price": 1e-323, "daily_visitors": 0, "new_customers": 45197796509292640120556222090187165654169533152507766684740178696194217327811477076824641175679525989453818683818770429498181550080, "churned_customers": 13541792502188448729980176721932042388183873949171832676801595850155814579508920631631842514852508245623756327059704527029526331392}, "generation": 0, "timestamp": "2025-11-14T09:42:32.824840"}