{"key": "daily_snapshot", "value": {"day": 0, "customers": 7678946469135546219533001292303062144336665247, "mrr": 3.433180948202866e-65, "total_revenue": 3.5615064647863135, "conversion_rate": 1.1393672602847333e+39, "churn_rate": 0.05, "average_price": 4.470901004456872e-111, "daily_visitors": 0, "new_customers": 1079272397318224381949381550671739803985248256, "churned_customers": 408339623769190967233475860360239214663565312}, "generation": 0, "timestamp": "2025-11-13T11:54:30.491633"}