{"key": "daily_snapshot", "value": {"day": 0, "customers": 301565558214161431220257596588607105048564393759172551443807534062, "mrr": 4.319660474358818e-99, "total_revenue": 4.058738603221899, "conversion_rate": 4.3811191998583724e+58, "churn_rate": 0.05, "average_price": 1.4324117448754358e-164, "daily_visitors": 0, "new_customers": 33315921410374071133183747220052072938803265071663762684430516224, "churned_customers": 10829314912182860996923277320894967564625004087687579878580813824}, "generation": 0, "timestamp": "2025-11-14T15:22:21.238095"}