{"key": "daily_snapshot", "value": {"day": 0, "customers": 358918456415448396653891910198997326816820007464796986635219564558464836551, "mrr": 6.385432547048143e-115, "total_revenue": 4.928703564447977, "conversion_rate": 4.734194775815591e+67, "churn_rate": 0.05, "average_price": 1.7790761196345389e-189, "daily_visitors": 0, "new_customers": 46289774920670916587563274381608072934608876557515799802329994608481665024, "churned_customers": 9405159032678363320308773217830671613630434393445514948966756944405594112}, "generation": 0, "timestamp": "2025-11-15T06:33:25.012291"}