{"key": "daily_snapshot", "value": {"day": 0, "customers": 65478691448808058171433520867565517053595615014359300841572475054006512989505232133566183, "mrr": 2.718376486081331e-137, "total_revenue": 3.180859164035811, "conversion_rate": 7.646342227469755e+81, "churn_rate": 0.05, "average_price": 4.151543694495769e-226, "daily_visitors": 0, "new_customers": 6720230632441227752577298937060436814806418182639359619092758609587465702147058357501952, "churned_customers": 1680630659999832631896092978508038179807155523282456552016697600287009961477157897109504}, "generation": 0, "timestamp": "2025-11-14T09:22:36.903086"}