{"key": "daily_snapshot", "value": {"day": 0, "customers": 193834198264011021650498193960157562206281093384260674, "mrr": 4.538823247886773e-74, "total_revenue": 7.574353924996814, "conversion_rate": 2.71497843915656e+46, "churn_rate": 0.05, "average_price": 2.341600857091631e-127, "daily_visitors": 0, "new_customers": 23508115617712378470105239335819696834824712516272128, "churned_customers": 7779581866382863581227134609362381924211321592610816}, "generation": 0, "timestamp": "2025-11-14T10:44:29.640337"}