{"key": "daily_snapshot", "value": {"day": 0, "customers": 141163080966763117543308755405030878112127051059962151902803265844225232650278991403574183773743330404450588428139502, "mrr": 2.714815757426225e-187, "total_revenue": 4.058738603221899, "conversion_rate": 2.01698560374491e+109, "churn_rate": 0.05, "average_price": 1.9231768950023333e-303, "daily_visitors": 0, "new_customers": 17205003781123035034129266769363911164012169550374202807011588025790274822087286197198770471153769197893880593252352, "churned_customers": 6760277710531030022085427868177142420893933198664020790934290806874121927343746689152486175826463466517777661034496}, "generation": 0, "timestamp": "2025-11-14T15:48:02.464299"}