{"key": "daily_snapshot", "value": {"day": 0, "customers": 8157238897734294370382219733516122179068068241001908367548, "mrr": 9.316954929690585e-85, "total_revenue": 7.827191553977371, "conversion_rate": 1.1374203027156242e+51, "churn_rate": 0.05, "average_price": 1.1421701689132099e-142, "daily_visitors": 0, "new_customers": 1031962232843543421912006330409615391112271412593361420288, "churned_customers": 308075040241659664372114973885401903694779567159281451008}, "generation": 0, "timestamp": "2025-11-15T05:10:11.161277"}