{"key": "daily_snapshot", "value": {"day": 0, "customers": 250743471577305658936540210111487526397213160780088188390174936974933601311061315362218141293043287748971669082390, "mrr": 1.0411420466769254e-181, "total_revenue": 6.2331957973706755, "conversion_rate": 3.186472787658152e+106, "churn_rate": 0.05, "average_price": 4.152219956625811e-295, "daily_visitors": 0, "new_customers": 31987570887933684990817106489109532599388058283755315796232395078166168176851377396362703208638900071822488764416, "churned_customers": 12330531709400148889021443156767305645288381900326830601127916055354183181548482135364191966910916437152869908480}, "generation": 0, "timestamp": "2025-11-14T08:24:08.710227"}