{"key": "daily_snapshot", "value": {"day": 0, "customers": 6157295329285121829467197176994448669734241365979907005441030491453090949384679478105, "mrr": 6.898755122168743e-133, "total_revenue": 4.2636659399133805, "conversion_rate": 8.533540793416307e+77, "churn_rate": 0.05, "average_price": 1.120419722172025e-217, "daily_visitors": 0, "new_customers": 896587559846775660387680084900962173879803353917763975233019966079085546468947263488, "churned_customers": 351039302166516594516697818585125364779433102697866129114942988339009660850983141376}, "generation": 0, "timestamp": "2025-11-15T15:32:07.774289"}