{"key": "daily_snapshot", "value": {"day": 0, "customers": 9670085302922728011072776669329118914157146542611402546100592029772690300550200165816231483705672777122, "mrr": 2.8313572018266927e-162, "total_revenue": 8.401501509864964, "conversion_rate": 1.2227349093064868e+96, "churn_rate": 0.05, "average_price": 2.927954731661913e-265, "daily_visitors": 0, "new_customers": 982935333996571040407846370421022075529130146784572793649478437730768460300707174947291777675361779712, "churned_customers": 301615929994819634953490683836057574792906684523623539792357358897373624460135541481740327482401226752}, "generation": 0, "timestamp": "2025-11-14T13:37:29.124184"}