{"key": "daily_snapshot", "value": {"day": 0, "customers": 97123237866665640731648821183942770649807734471017639, "mrr": 6.87346431906126e-77, "total_revenue": 7.010218214998832, "conversion_rate": 1.2812327736147533e+46, "churn_rate": 0.05, "average_price": 7.077054338424553e-130, "daily_visitors": 0, "new_customers": 13366678431161738827600960300744960021822465160249344, "churned_customers": 6666157094754215094548471246680398326959736325406720}, "generation": 0, "timestamp": "2025-11-14T23:43:32.587146"}