{"key": "daily_snapshot", "value": {"day": 0, "customers": 9182369093723969773594845893862574, "mrr": 2.1778819031083594e-43, "total_revenue": 14.069439877331755, "conversion_rate": 1.1975087119625017e+27, "churn_rate": 0.05, "average_price": 2.3718082783199313e-77, "daily_visitors": 0, "new_customers": 1201153791690690762570530358820864, "churned_customers": 534576799207882305291177150119936}, "generation": 0, "timestamp": "2025-11-15T13:05:07.706866"}