{"key": "daily_snapshot", "value": {"day": 0, "customers": 59438987148519850859727762, "mrr": 1.2070181221688958e-30, "total_revenue": 5.414632391501176, "conversion_rate": 7.42075372172311e+18, "churn_rate": 0.05, "average_price": 2.0306842025301115e-56, "daily_visitors": 0, "new_customers": 7522808752762709084209152, "churned_customers": 2866936868207226502774784}, "generation": 0, "timestamp": "2025-11-13T22:04:58.317287"}