{"key": "daily_snapshot", "value": {"day": 0, "customers": 632534511623841727764683472121815312803441995683301378959415754081097465681782656026184797250, "mrr": 1.4297274872698678e-137, "total_revenue": 7.574353924996814, "conversion_rate": 8.132446974137709e+85, "churn_rate": 0.05, "average_price": 2.2603153835819544e-230, "daily_visitors": 0, "new_customers": 89908280287439792350037293248636698376013024850012001943148457556732164654939536135934705664, "churned_customers": 24703606310721339279869116139104824985335148410248369189404222819802708029466466580749615104}, "generation": 0, "timestamp": "2025-11-14T11:08:15.195253"}