{"key": "daily_snapshot", "value": {"day": 0, "customers": 14, "mrr": 7.6965813944320045, "total_revenue": 2.067022636646401, "conversion_rate": 0.07002969974187023, "churn_rate": 0.05, "average_price": 0.5497558138880003, "daily_visitors": 81, "new_customers": 3, "churned_customers": 0}, "generation": 0, "timestamp": "2025-11-14T18:29:45.761670"}