{"key": "daily_snapshot", "value": {"day": 0, "customers": 917592720928290039008496530, "mrr": 6.046887401642205e-33, "total_revenue": 5.414632391501176, "conversion_rate": 1.2301933281498222e+20, "churn_rate": 0.05, "average_price": 6.58994700342089e-60, "daily_visitors": 0, "new_customers": 134557029472050141923901440, "churned_customers": 54704855250493065889054720}, "generation": 0, "timestamp": "2025-11-13T22:05:34.427851"}