{"key": "daily_snapshot", "value": {"day": 0, "customers": 89147657927540298426116628602397993772884284239818207426965891335597795537773666512342587571272501962697315753151183672, "mrr": 4.4943727911191746e-185, "total_revenue": 8.385937104373125, "conversion_rate": 1.3225932956295195e+112, "churn_rate": 0.05, "average_price": 5.041492839634918e-304, "daily_visitors": 0, "new_customers": 11391099854974877260932751588780268895291291492601136162789328158486797500468578024370913144680787496964816814278180864, "churned_customers": 4791615759054245478398365524888808870198918015482425678331981376908466405174263574560595378054108463975861482403397632}, "generation": 0, "timestamp": "2025-11-13T13:30:09.808339"}