{"key": "daily_snapshot", "value": {"day": 0, "customers": 9822212731420359873, "mrr": 1.4669131198995864e-17, "total_revenue": 6.966800923949336, "conversion_rate": 1328468218715.9114, "churn_rate": 0.05, "average_price": 1.4934650266808674e-36, "daily_visitors": 0, "new_customers": 1280090756931696640, "churned_customers": 525255364579741120}, "generation": 0, "timestamp": "2025-11-14T04:17:53.371975"}