{"key": "daily_snapshot", "value": {"day": 0, "customers": 301991311516610975379582509305000426819552683601161539841089729531695826404037133406183639341996899110288366, "mrr": 6.276201913547459e-172, "total_revenue": 4.058738603221899, "conversion_rate": 4.127788980184322e+100, "churn_rate": 0.05, "average_price": 2.0782723456605925e-279, "daily_visitors": 0, "new_customers": 41112849285848741340714784009531696384215853792607923259284903426912308617694588063922313129784091435073536, "churned_customers": 9817375968707671874076123278479451474582497735223731091077597335413358735202064838764375618204595495370752}, "generation": 0, "timestamp": "2025-11-14T15:42:11.573920"}