{"key": "daily_snapshot", "value": {"day": 0, "customers": 28808864570998431407268258737159296177697186759, "mrr": 3.376456179325047e-65, "total_revenue": 4.928703564447977, "conversion_rate": 3.5112000209265256e+39, "churn_rate": 0.05, "average_price": 1.1720198729123426e-111, "daily_visitors": 0, "new_customers": 3226767045420840559526106667954380917402763264, "churned_customers": 1044861980434656575861193604835704671811141632}, "generation": 0, "timestamp": "2025-11-15T06:19:57.777272"}