{"key": "daily_snapshot", "value": {"day": 0, "customers": 4652512503831487525211535973424487028082202880165373985219413361854625702251622789305177, "mrr": 9.210161661550677e-138, "total_revenue": 4.2636659399133805, "conversion_rate": 6.74334868147146e+80, "churn_rate": 0.05, "average_price": 1.9796102974394638e-225, "daily_visitors": 0, "new_customers": 498760950425514974709511678728771665570096904149583872177324378722632792538432162234368, "churned_customers": 158631147742260604576750091872927527705986096825014455712174952738399043721899118952448}, "generation": 0, "timestamp": "2025-11-15T15:33:28.460391"}