{"key": "daily_snapshot", "value": {"day": 0, "customers": 25246007299324343132217891736374791829805656158667226229523032196401184349555704157075294389508763762162912259532097519884577, "mrr": 5.725191869675359e-197, "total_revenue": 9.426328809042326, "conversion_rate": 3.55245560281264e+117, "churn_rate": 0.05, "average_price": 2.27e-321, "daily_visitors": 0, "new_customers": 3434280067702722425178034275619295963861756848951331691713988149841749830063942458967905492469519210881257965440315848392704, "churned_customers": 1625981189147241248463312130070935816188286987607292996333503879075676241220667622037020254708722434911467582414591245680640}, "generation": 0, "timestamp": "2025-11-15T12:46:09.702850"}