{"key": "daily_snapshot", "value": {"day": 0, "customers": 8785527969283728402174133483125951622813818312622131410208, "mrr": 6.422123497387857e-85, "total_revenue": 2.640852054669741, "conversion_rate": 1.1823752724816833e+51, "churn_rate": 0.05, "average_price": 7.3098890810445435e-143, "daily_visitors": 0, "new_customers": 1138326229537070283203415229439327422849956404799817646080, "churned_customers": 528433847727189148825835566879829766149433892186162724864}, "generation": 0, "timestamp": "2025-11-14T02:34:02.796559"}