{"key": "daily_snapshot", "value": {"day": 0, "customers": 2649715678667058505223058, "mrr": 1.3264537781785023e-28, "total_revenue": 5.414632391501176, "conversion_rate": 3.707483872814817e+17, "churn_rate": 0.05, "average_price": 5.006023056955967e-53, "daily_visitors": 0, "new_customers": 363416574517745817747456, "churned_customers": 177173967760046891728896}, "generation": 0, "timestamp": "2025-11-13T22:04:23.194377"}