{"key": "daily_snapshot", "value": {"day": 0, "customers": 37898048829330884874876657535200544145385438394824, "mrr": 1.9159794120085368e-69, "total_revenue": 4.843910136547377, "conversion_rate": 5.84486413017079e+42, "churn_rate": 0.05, "average_price": 5.055614922649211e-119, "daily_visitors": 0, "new_customers": 4286996238623611433131555823321929525211953102848, "churned_customers": 1182289246466803157293616555164177628607148982272}, "generation": 0, "timestamp": "2025-11-14T06:52:36.085278"}