{"key": "daily_snapshot", "value": {"day": 0, "customers": 7603409069225725667899942284734582909596376579, "mrr": 1.1960606848134468e-66, "total_revenue": 11.37579680016544, "conversion_rate": 9.587046083732202e+38, "churn_rate": 0.05, "average_price": 1.5730584451314345e-112, "daily_visitors": 0, "new_customers": 774630216371309403846422039169471626986127360, "churned_customers": 217465962818852217288934650094587446156066816}, "generation": 0, "timestamp": "2025-11-14T05:32:10.342821"}