{"key": "daily_snapshot", "value": {"day": 0, "customers": 116386325082, "mrr": 0.0007096266437526225, "total_revenue": 13.188987830601135, "conversion_rate": 15168.255703307006, "churn_rate": 0.05, "average_price": 6.097165137335979e-15, "daily_visitors": 0, "new_customers": 13733775859, "churned_customers": 5948821474}, "generation": 0, "timestamp": "2025-11-13T17:50:14.061188"}