{"key": "daily_snapshot", "value": {"day": 0, "customers": 10885422102364031673442891833382729205060288919762528950469891445616, "mrr": 1.247392517388232e-97, "total_revenue": 7.626819946521412, "conversion_rate": 1.4625634656700339e+60, "churn_rate": 0.05, "average_price": 1.1459293959003487e-164, "daily_visitors": 0, "new_customers": 1190261069841464126331584201268345608618357238161566614158269480960, "churned_customers": 405823871859450286559142613937360727532738824215692184633890308096}, "generation": 0, "timestamp": "2025-11-15T01:51:49.681315"}