{"key": "daily_snapshot", "value": {"day": 0, "customers": 4758105390502358941443882596890847227409983845791964019792503748316326996151390417983819064148, "mrr": 1.752636226933927e-146, "total_revenue": 7.997332640408474, "conversion_rate": 6.878598565415373e+86, "churn_rate": 0.05, "average_price": 3.683475003374997e-240, "daily_visitors": 0, "new_customers": 750941242824074389043037709137903442341580859955811235152049137593525175749984763764925267968, "churned_customers": 271722003288400711070905901958608197991574239734856972999280607370807530833211789964841320448}, "generation": 0, "timestamp": "2025-11-15T16:37:20.960177"}