{"key": "daily_snapshot", "value": {"day": 0, "customers": 5502527335182387526951413794240238730040, "mrr": 2.607472170694057e-53, "total_revenue": 8.385937104373125, "conversion_rate": 7.703603371178822e+32, "churn_rate": 0.05, "average_price": 4.738680994862572e-93, "daily_visitors": 0, "new_customers": 684089940369133924858888307630585937920, "churned_customers": 366704158340192110846339161089592262656}, "generation": 0, "timestamp": "2025-11-13T12:52:29.382204"}