{"key": "daily_snapshot", "value": {"day": 0, "customers": 1661403335083636933902137405787101011510677847754934196895, "mrr": 2.209103349439622e-84, "total_revenue": 3.5615064647863135, "conversion_rate": 2.271643876611096e+50, "churn_rate": 0.05, "average_price": 1.3296610779515578e-141, "daily_visitors": 0, "new_customers": 210921452752187412758945379703974993269471783131486879744, "churned_customers": 35840715272651905434197985721425478600262678610918244352}, "generation": 0, "timestamp": "2025-11-13T11:59:46.637625"}