{"key": "daily_snapshot", "value": {"day": 0, "customers": 13529668757709743649663885826517, "mrr": 6.39024619068198e-40, "total_revenue": 5.250998821828405, "conversion_rate": 2.1292985741588048e+24, "churn_rate": 0.05, "average_price": 4.723135728685571e-71, "daily_visitors": 0, "new_customers": 1598352602305545900627580682240, "churned_customers": 700470406413029349864838791168}, "generation": 0, "timestamp": "2025-11-14T21:57:08.250630"}