{"key": "daily_snapshot", "value": {"day": 0, "customers": 11603739245649773619089407192929770, "mrr": 2.180505192688831e-46, "total_revenue": 5.620306961549841, "conversion_rate": 1.6982986576090436e+27, "churn_rate": 0.05, "average_price": 1.879140117274093e-80, "daily_visitors": 0, "new_customers": 1567998049734905663275746323333120, "churned_customers": 777211314919957904950219635687424}, "generation": 0, "timestamp": "2025-11-15T02:38:26.433764"}