{"key": "daily_snapshot", "value": {"day": 0, "customers": 611437385253419, "mrr": 8.15414661934436e-11, "total_revenue": 9.426328809024676, "conversion_rate": 77713042.08997296, "churn_rate": 0.05, "average_price": 1.3336028865759913e-25, "daily_visitors": 0, "new_customers": 61643803964184, "churned_customers": 30707394437567}, "generation": 0, "timestamp": "2025-11-15T11:54:59.783370"}