{"key": "daily_snapshot", "value": {"day": 0, "customers": 316136529791389205674218266956426948502488506449327460841966920775110353127474294021, "mrr": 1.0067128723599583e-132, "total_revenue": 1.5620171583249602, "conversion_rate": 4.26105991070232e+76, "churn_rate": 0.05, "average_price": 3.184424378366726e-216, "daily_visitors": 0, "new_customers": 34971170597295696128225732789038064715049199936866474294719715148528438028563120128, "churned_customers": 8066731613111709880613875361819756532497382568417408607338462752274851397793480704}, "generation": 0, "timestamp": "2025-11-13T21:31:28.155378"}