{"key": "daily_snapshot", "value": {"day": 0, "customers": 29205159364175094301268325782946099841035072343337001430722610876257278981833604562482666099023788289237, "mrr": 8.041451957493336e-158, "total_revenue": 5.438023679800494, "conversion_rate": 4.0482444391090955e+96, "churn_rate": 0.05, "average_price": 2.7534353972255646e-261, "daily_visitors": 0, "new_customers": 4254314748105063244008672016180758021223861563946952976563457819191501256838415614298418883632457318400, "churned_customers": 782601532562313138480746510460820386686254173755788575091661095729086826918440241398915476849086693376}, "generation": 0, "timestamp": "2025-11-14T20:15:51.455791"}