{"key": "daily_snapshot", "value": {"day": 0, "customers": 12756999249797928779731548729423007407137477042015513368022047328545167771190398123809234764226119693383, "mrr": 5.0132893442794354e-163, "total_revenue": 8.531929138055917, "conversion_rate": 1.9104700777342457e+96, "churn_rate": 0.05, "average_price": 3.929834317705118e-266, "daily_visitors": 0, "new_customers": 1714784210055053517406345152944753423025961301629541858814844518242980243049735866805139207015989510144, "churned_customers": 581774511677011748862435309189248080769480002083426112664198177383453983040691414305822848577672577024}, "generation": 0, "timestamp": "2025-11-13T11:50:14.461070"}