{"key": "daily_snapshot", "value": {"day": 0, "customers": 337580020218543786030487598048664158396429664626522026840599825365975312558619012309, "mrr": 1.2759645965837652e-125, "total_revenue": 5.438023679800494, "conversion_rate": 4.827041023531626e+76, "churn_rate": 0.05, "average_price": 3.779739677003771e-209, "daily_visitors": 0, "new_customers": 47697472015608538687214706186472341093071509480048908755614024312518988952047190016, "churned_customers": 20445613290442123493122400872066169594128860912398455784992704256252963516061843456}, "generation": 0, "timestamp": "2025-11-14T20:06:50.831876"}