{"key": "daily_snapshot", "value": {"day": 0, "customers": 248874627480291678038661698305104123491397922757034145499073533810005546043858677422086202891300180599389, "mrr": 9.685999907876236e-165, "total_revenue": 7.058512489256422, "conversion_rate": 3.1279390737048316e+97, "churn_rate": 0.05, "average_price": 3.8919193997159344e-269, "daily_visitors": 0, "new_customers": 25003602382701459930621032415991648314763090533883585022861009273336334762349606487042536609787135655936, "churned_customers": 14643550552658605299797091354408630846955376787892089075204275783847055633034821131549779100190004740096}, "generation": 0, "timestamp": "2025-11-15T11:35:56.494562"}