{"key": "daily_snapshot", "value": {"day": 0, "customers": 472459823960728184893400428557615467769561943339802060768222848129883696336316153671112733481413845, "mrr": 1.2594517034348722e-149, "total_revenue": 5.438023679800494, "conversion_rate": 6.746873075831597e+91, "churn_rate": 0.05, "average_price": 2.665732914338893e-248, "daily_visitors": 0, "new_customers": 67971238030421232723979680784894477417437729211857761445468417094002724350202117912278060811419648, "churned_customers": 14630084640946818704225158283583216919853517654837343912764469763199146715206752279370959918465024}, "generation": 0, "timestamp": "2025-11-14T20:13:36.799069"}