{"key": "daily_snapshot", "value": {"day": 0, "customers": 1331021651245882195006503085110479892969542841454180904551113, "mrr": 8.277045847366313e-87, "total_revenue": 3.6905216285399813, "conversion_rate": 1.6745297345550707e+53, "churn_rate": 0.05, "average_price": 6.218565896068417e-147, "daily_visitors": 0, "new_customers": 167907043471112723957320938066375714190953705225483523719168, "churned_customers": 69336477171699079823524778234126567084071093243204195057664}, "generation": 0, "timestamp": "2025-11-15T04:09:45.280973"}