{"key": "daily_snapshot", "value": {"day": 0, "customers": 18162287234348398895528331034169619196637050849971602084978818085736469, "mrr": 2.5026308856299406e-106, "total_revenue": 6.513341788556554, "conversion_rate": 2.5190316430909517e+63, "churn_rate": 0.05, "average_price": 1.3779271593596324e-176, "daily_visitors": 0, "new_customers": 2555121775827927928945825243342396534567470554016658051825883177549824, "churned_customers": 876371031181206342148015135080954735644282826622720311924328885125120}, "generation": 0, "timestamp": "2025-11-15T00:52:44.638948"}