{"key": "daily_snapshot", "value": {"day": 0, "customers": 44101521158817017406361515591808292158594493404672421281762618353275838510228501181819985429150890920889750373289026, "mrr": 2.311289451402159e-176, "total_revenue": 7.574353924996814, "conversion_rate": 6.109534102069059e+108, "churn_rate": 0.05, "average_price": 5.240838389856929e-292, "daily_visitors": 0, "new_customers": 5659021732280491746178669423368770788360994288302595466812327406790266887782353712351997273466296243549991293943808, "churned_customers": 964651793522036949040274510535720635995572834512766061702578706669428293910182294066441176368318934087746308800512}, "generation": 0, "timestamp": "2025-11-14T11:38:03.791920"}