{"key": "daily_snapshot", "value": {"day": 0, "customers": 6413072650310808948608883033186689245281543627472857587662444046983121369198257272264809450172269027817416574080904894583, "mrr": 2.924786940414286e-191, "total_revenue": 8.055065502431749, "conversion_rate": 8.545473695584684e+113, "churn_rate": 0.05, "average_price": 4.560663974815e-312, "daily_visitors": 0, "new_customers": 923828540319857953018117608974823160953101960204814219249819875569961296179696085681901089219790876373218238814958387200, "churned_customers": 367750269963733266245749506675580146133983058619491979375870618131126892458681027937564134688018314461390860639107284992}, "generation": 0, "timestamp": "2025-11-13T17:40:26.180444"}