{"key": "daily_snapshot", "value": {"day": 0, "customers": 360458301470823663146878432894800432418213553812191547915751522542828035286614548665200, "mrr": 7.346254096565464e-130, "total_revenue": 7.626819946521412, "conversion_rate": 4.650930138738759e+79, "churn_rate": 0.05, "average_price": 2.0380316021547047e-216, "daily_visitors": 0, "new_customers": 46923135918285423333554451896111155609190259559839815627611600574922295223811926130688, "churned_customers": 20593949161523386919245964767440857597470858958482989599986467946715038939319413768192}, "generation": 0, "timestamp": "2025-11-15T02:00:46.636393"}