{"key": "daily_snapshot", "value": {"day": 0, "customers": 54651877844189007663844390644133647326072433834123534304185822920769302251771370, "mrr": 2.2614534622096904e-124, "total_revenue": 5.620306961549841, "conversion_rate": 7.292296208989797e+72, "churn_rate": 0.05, "average_price": 4.1379245351038656e-204, "daily_visitors": 0, "new_customers": 6148959367907276090841073992809810339305858680871057578939195963367465209036800, "churned_customers": 1371958629523351215716649254812601003057706864440875395063132119098934232612864}, "generation": 0, "timestamp": "2025-11-15T03:18:29.124889"}