{"key": "daily_snapshot", "value": {"day": 0, "customers": 38997141347317110861143686584187638445832154414679909152656037990018261, "mrr": 9.103100387448345e-104, "total_revenue": 5.438023679800494, "conversion_rate": 5.086631622855344e+63, "churn_rate": 0.05, "average_price": 2.3342994057882682e-174, "daily_visitors": 0, "new_customers": 4932175038335912679519925010627521969609088964143440419670130792857600, "churned_customers": 1463922859971714001725578657075634229689123324033411635817359580594176}, "generation": 0, "timestamp": "2025-11-14T20:00:49.811845"}