{"key": "daily_snapshot", "value": {"day": 0, "customers": 45641630980485624029179095451831648999253342556230696601694158561997651812560485297706275035409838061561234256645197571409862, "mrr": 4.73549199640051e-198, "total_revenue": 3.6346456800791516, "conversion_rate": 6.568504617565832e+117, "churn_rate": 0.05, "average_price": 1.04e-322, "daily_visitors": 0, "new_customers": 6051645958431938787097158880774501906529530687566656468140114563715579536227910273695520881695959322430010297181724378923008, "churned_customers": 2499089271330758810848521941500430717030628547059919984276189672281809448809269884830415902893444361861906391289440057163776}, "generation": 0, "timestamp": "2025-11-13T15:37:43.053822"}