{"key": "daily_snapshot", "value": {"day": 0, "customers": 65298400224041911, "mrr": 1.6681622952355357e-14, "total_revenue": 9.426328809042326, "conversion_rate": 9863014437.952936, "churn_rate": 0.05, "average_price": 2.554675596204488e-31, "daily_visitors": 0, "new_customers": 7868302874087701, "churned_customers": 3725517819278056}, "generation": 0, "timestamp": "2025-11-15T11:55:59.041740"}