{"key": "daily_snapshot", "value": {"day": 0, "customers": 81576945664367478106729841959976704671, "mrr": 1.3867415410464214e-50, "total_revenue": 3.5615064647863135, "conversion_rate": 1.0563048576625694e+31, "churn_rate": 0.05, "average_price": 1.6999184386626835e-88, "daily_visitors": 0, "new_customers": 8450067441552154859051893048316264448, "churned_customers": 3630283240305253133295564281715097600}, "generation": 0, "timestamp": "2025-11-13T11:50:35.536953"}