{"key": "daily_snapshot", "value": {"day": 0, "customers": 781486431, "mrr": 0.6520487833453559, "total_revenue": 7.038399869392658, "conversion_rate": 96.30531249746417, "churn_rate": 0.05, "average_price": 8.343699359066106e-10, "daily_visitors": 0, "new_customers": 95824526, "churned_customers": 32333030}, "generation": 0, "timestamp": "2025-11-15T19:01:13.495390"}