{"key": "daily_snapshot", "value": {"day": 0, "customers": 1817683703972134696263100319029786677177790677214180640203534947164615573683045106137252790964112364, "mrr": 1.1602569900423625e-154, "total_revenue": 3.8452002827692775, "conversion_rate": 2.2654515556612822e+92, "churn_rate": 0.05, "average_price": 6.383162194318432e-254, "daily_visitors": 0, "new_customers": 174784537263013137193553520948782629144545155762223364430756641253657638568708885359098895487991808, "churned_customers": 47493215187371253753770131811122834867477003138987010855841418283896074413495102628691179739283456}, "generation": 0, "timestamp": "2025-11-13T14:24:39.371924"}