{"key": "daily_snapshot", "value": {"day": 0, "customers": 50595996236768033728206500214650489251820698115008922651861729229256, "mrr": 2.1692683678308563e-102, "total_revenue": 4.843910136547377, "conversion_rate": 7.574229956032606e+60, "churn_rate": 0.05, "average_price": 4.287430882237382e-170, "daily_visitors": 0, "new_customers": 5413730561213346614741170537921795449089923960104541404029937254400, "churned_customers": 3361270896915525144675190138553508008959497611107414116134025166848}, "generation": 0, "timestamp": "2025-11-14T07:01:25.547455"}