{"key": "daily_snapshot", "value": {"day": 0, "customers": 18014520174106, "mrr": 1.940660722011826e-09, "total_revenue": 1.5620171578958868, "conversion_rate": 2303977.9176350706, "churn_rate": 0.05, "average_price": 1.0772758326371213e-22, "daily_visitors": 0, "new_customers": 2100746016525, "churned_customers": 539290977012}, "generation": 0, "timestamp": "2025-11-13T20:58:03.264073"}