{"key": "daily_snapshot", "value": {"day": 0, "customers": 333741659125180427589356973154120883439222633569689517898752697689427958019707097636844161949232598148450087883609, "mrr": 7.692562017252884e-180, "total_revenue": 4.2636659399133805, "conversion_rate": 4.541407479569643e+106, "churn_rate": 0.05, "average_price": 2.304945099577019e-293, "daily_visitors": 0, "new_customers": 42329517627117275674284122339473445006050543291939109686683153924314752789068766022638012101083050470833553145856, "churned_customers": 10995473473824261209307064800770402740638042821883618112100392840149880019300764818022493745554080964666414071808}, "generation": 0, "timestamp": "2025-11-15T15:45:12.970352"}