{"key": "daily_snapshot", "value": {"day": 0, "customers": 439416373851380379991544657012313093393376681397850790919614468934609224421677476466254450652896030067747555953068937236501, "mrr": 1.6883908571183646e-196, "total_revenue": 6.513341788556554, "conversion_rate": 5.878851608396189e+115, "churn_rate": 0.05, "average_price": 3.84235e-319, "daily_visitors": 0, "new_customers": 64857447528137621783820568984562175176274199736344334135415343868198828570126021406130984124773219846335755631437618872320, "churned_customers": 9649071174420172567102025110893995627761113997092547836298132690874375048285492183117562883825709129771886376883836682240}, "generation": 0, "timestamp": "2025-11-15T01:17:23.389236"}