{"key": "daily_snapshot", "value": {"day": 0, "customers": 297162766557954061367868383714358571215537582252019161367722275025054997745390572974057718290615631141412390854, "mrr": 1.1830581295596255e-174, "total_revenue": 3.6346456800791516, "conversion_rate": 3.966864573565133e+103, "churn_rate": 0.05, "average_price": 3.981178878037198e-285, "daily_visitors": 0, "new_customers": 41746749911703350705268623192246207090953213834717059537338606023178496049706930805975717895460072546151432192, "churned_customers": 12993722552854693421987185083298027335974480103941554600497396359413173690589951052633827690326727339152506880}, "generation": 0, "timestamp": "2025-11-13T15:31:12.957164"}