{"key": "daily_snapshot", "value": {"day": 0, "customers": 12589209423646155058593373652699223142142786574221117233506147376105581437371918387649074723264371541, "mrr": 2.0862380244818055e-157, "total_revenue": 7.593310615949716, "conversion_rate": 1.8035347090630155e+93, "churn_rate": 0.05, "average_price": 1.6571636504538963e-257, "daily_visitors": 0, "new_customers": 1743195423849330028674891601824605643318015324816904998938327064673574181311408034494541659258224640, "churned_customers": 470538367522120389609448490643458903005657990319522547755070158557606213759774550449914026624286720}, "generation": 0, "timestamp": "2025-11-14T19:14:04.320249"}