{"key": "daily_snapshot", "value": {"day": 0, "customers": 130955645911611398957181315622328077053210180923340292222644614478301910717079322172839498751211615175418812543049375833132054752999, "mrr": 1.2940137154775576e-192, "total_revenue": 3.180859164035811, "conversion_rate": 1.6108268361395376e+124, "churn_rate": 0.05, "average_price": 1e-323, "daily_visitors": 0, "new_customers": 14386349006680978406634822522328356952567219912610432966056009502408441615378781468749452025805603883922178009401044750895115403264, "churned_customers": 7337360499331626717064305621293356246286645809250598421698016482797499875753833246009374259320194774617710280296522666809957023744}, "generation": 0, "timestamp": "2025-11-14T09:42:15.735212"}