{"key": "daily_snapshot", "value": {"day": 0, "customers": 2865683264728249764709049518245584387, "mrr": 5.72633588411644e-48, "total_revenue": 11.37579680016544, "conversion_rate": 3.560999876883072e+29, "churn_rate": 0.05, "average_price": 1.9982445215066235e-84, "daily_visitors": 0, "new_customers": 331605640573742838028151595840045056, "churned_customers": 110340993997545974443410075397652480}, "generation": 0, "timestamp": "2025-11-14T05:27:18.883641"}