{"key": "daily_snapshot", "value": {"day": 0, "customers": 3820007951768049503343742785253614928630940019842047404720445114217239977064127930660311601159826748068313912920862908, "mrr": 1.6542962244108374e-187, "total_revenue": 7.827191553977371, "conversion_rate": 4.605585501343364e+110, "churn_rate": 0.05, "average_price": 4.3306093738500313e-305, "daily_visitors": 0, "new_customers": 407376996193719923236054654271202741101794867426890241162958608251174907928949047670217914774402032912450332204728320, "churned_customers": 251439367916426224944281061501986907062283860534780617307989263013230155719549691008875438190159372575044376499060736}, "generation": 0, "timestamp": "2025-11-15T05:52:15.798414"}