{"key": "daily_snapshot", "value": {"day": 0, "customers": 25286898335888785762261662040069721800769700379191997299629764749448878379890523099837333517034379922156264261305374768132, "mrr": 1.6782002971054937e-189, "total_revenue": 4.445436838349596, "conversion_rate": 3.58937073919534e+114, "churn_rate": 0.05, "average_price": 6.636639554657e-311, "daily_visitors": 0, "new_customers": 3801457923502315859448824255970279107985388839781776369239797312377552931469509576389263774170049508872913901586732810240, "churned_customers": 1025764838568410957348457498996779759457276438293408764652325104754965067895604688190769552602626718349533834667110694912}, "generation": 0, "timestamp": "2025-11-15T18:52:07.681797"}